
#if defined(LV_LVGL_H_INCLUDE_SIMPLE)
#include "lvgl.h"
#elif defined(LV_BUILD_TEST)
#include "../lvgl.h"
#else
#include "lvgl/lvgl.h"
#endif


#ifndef LV_ATTRIBUTE_MEM_ALIGN
#define LV_ATTRIBUTE_MEM_ALIGN
#endif

#ifndef LV_ATTRIBUTE_ST_300X300_RLE_RGB565
#define LV_ATTRIBUTE_ST_300X300_RLE_RGB565
#endif

static const
LV_ATTRIBUTE_MEM_ALIGN LV_ATTRIBUTE_LARGE_CONST LV_ATTRIBUTE_ST_300X300_RLE_RGB565
uint8_t st_300x300_rle_rgb565_map[] = {

    0x01,0x00,0x00,0x00,0x82,0xa6,0x02,0x00,0x20,0xbf,0x02,0x00,0xff,0xff,0xff,0xff,
    0xff,0xff,0xff,0xff,0xff,0xff,0xff,0xff,0xff,0xff,0xff,0xff,0xff,0xff,0xff,0xff,
    0xff,0xdf,0xff,0x79,0xce,0x30,0x7c,0xcf,0x73,0xcf,0x73,0xcf,0x73,0xcf,0x73,0xcf,
    0x73,0xcf,0x73,0xcf,0x73,0xef,0x73,0xef,0x73,0xef,0x73,0xef,0x73,0xef,0x73,0xef,
    0x73,0xef,0x73,0xef,0x73,0x8e,0x6b,0x28,0x3a,0x04,0x21,0x04,0x21,0x25,0x21,0xc7,
    0x31,0x4d,0x63,0xcf,0x73,0xef,0x73,0xef,0x73,0x0f,0x74,0x0f,0x74,0x0f,0x74,0x0f,
    0x74,0x10,0x74,0x0f,0x74,0x10,0x74,0xcf,0x73,0x8a,0x4a,0x45,0x21,0xc4,0x10,0xc4,
    0x10,0xc4,0x10,0xc4,0x10,0xc4,0x10,0xc4,0x10,0xc4,0x10,0xc4,0x10,0xc4,0x10,0xc4,
    0x10,0xc4,0x10,0xc4,0x10,0xc4,0x10,0xa4,0x10,0xc4,0x10,0xc4,0x10,0xc4,0x10,0xc4,
    0x18,0xc4,0x18,0xc4,0x18,0xc4,0x18,0xe5,0x18,0xe5,0x18,0xc5,0x18,0xc5,0x10,0xc5,
    0x10,0xc9,0x29,0xee,0x4a,0xef,0x4a,0xee,0x4a,0xef,0x4a,0xef,0x4a,0xef,0x4a,0xef,
    0x4a,0xef,0x4a,0xef,0x4a,0xef,0x4a,0xef,0x4a,0xef,0x4a,0xef,0x4a,0xef,0x4a,0xef,
    0x42,0xef,0x4a,0xef,0x4a,0xef,0x42,0xef,0x42,0xef,0x42,0x0f,0x4b,0x32,0x74,0x18,
    0xbe,0x39,0xc6,0xd5,0x94,0x30,0x4b,0x10,0x4b,0x10,0x4b,0x10,0x4b,0x10,0x43,0x10,
    0x43,0x10,0x43,0x11,0x43,0x11,0x43,0x11,0x43,0x11,0x43,0x11,0x43,0x11,0x4b,0x11,
    0x43,0x11,0x4b,0x11,0x43,0xf1,0x42,0xf1,0x42,0xf3,0x6b,0xd8,0xb5,0x9a,0xd6,0x19,
    0xbe,0xb3,0x63,0xf1,0x42,0xf1,0x42,0x32,0x4b,0x32,0x4b,0x86,0x12,0x43,0x12,0x43,
    0x12,0x43,0x32,0x4b,0xb8,0xb5,0xdb,0xde,0x11,0xdb,0xde,0x8e,0x59,0xce,0x69,0x4a,
    0xc4,0x18,0xa7,0x29,0xe7,0x31,0x2f,0x7c,0x9a,0xd6,0xdb,0xde,0xdb,0xde,0xdb,0xde,
    0xdb,0xde,0xdb,0xde,0xba,0xd6,0xdb,0xde,0x19,0xdb,0xde,0xe6,0xf7,0xbd,0x86,0x31,
    0x83,0x10,0x83,0x10,0x83,0x18,0xa7,0x39,0xb6,0xb5,0xdb,0xde,0xdb,0xde,0xdb,0xde,
    0xdb,0xde,0xbb,0xd6,0x37,0x9d,0x92,0x22,0xb2,0x2a,0xb3,0x2a,0xb2,0x2a,0xd3,0x32,
    0xb3,0x2a,0x5a,0xce,0xb4,0x63,0xf3,0x3a,0x13,0x43,0x34,0x4b,0x74,0x53,0xb4,0x63,
    0x74,0x53,0xf7,0x94,0x9a,0xce,0x9a,0xd6,0x98,0xad,0x56,0x7c,0x75,0x53,0xb4,0x1a,
    0xb4,0x1a,0xb3,0x1a,0xb3,0x1a,0xb3,0x1a,0xb3,0x1a,0xb3,0x1a,0x93,0x12,0x93,0x12,
    0x93,0x0a,0x93,0x0a,0x93,0x0a,0x72,0x02,0x72,0x02,0x72,0x02,0x72,0x02,0x72,0x02,
    0x72,0x02,0x72,0x02,0x72,0x02,0x72,0x02,0x72,0x02,0x72,0x02,0x72,0x02,0x72,0x02,
    0x72,0x0a,0x93,0x12,0x93,0x1a,0x72,0x0a,0x72,0x0a,0x93,0x1a,0xb3,0x2a,0xd3,0x32,
    0xb3,0x2a,0xd3,0x2a,0xb3,0x1a,0x72,0x0a,0x93,0x12,0xb3,0x1a,0xb3,0x22,0xd3,0x2a,
    0x14,0x3b,0xd3,0x32,0xd3,0x2a,0xd3,0x32,0xd3,0x2a,0xd3,0x2a,0xd3,0x32,0xf4,0x3a,
    0xf3,0x32,0xb3,0x22,0xd3,0x2a,0xf3,0x32,0xf3,0x32,0xf3,0x3a,0xf3,0x3a,0xf3,0x3a,
    0x13,0x3b,0x13,0x3b,0x14,0x3b,0x14,0x3b,0x14,0x3b,0x14,0x3b,0x14,0x43,0x14,0x43,
    0x95,0x5b,0x5b,0xc6,0xdf,0xff,0xff,0xff,0x12,0xff,0xff,0xfb,0xbe,0xf7,0x75,0xad,
    0xef,0x73,0xcf,0x73,0xcf,0x73,0xcf,0x73,0xcf,0x73,0xcf,0x73,0xcf,0x73,0xcf,0x73,
    0xef,0x73,0xef,0x73,0xef,0x73,0xef,0x73,0xef,0x73,0xef,0x73,0xef,0x73,0xef,0x73,
    0x4d,0x63,0xe7,0x39,0x04,0x21,0x04,0x21,0x25,0x21,0x28,0x3a,0x8e,0x63,0xef,0x73,
    0xef,0x73,0xef,0x73,0xef,0x73,0x0f,0x74,0x0f,0x74,0x0f,0x74,0x0f,0x74,0x0f,0x74,
    0x10,0x74,0xae,0x6b,0x49,0x42,0x05,0x21,0xc4,0x10,0xc4,0x10,0xc4,0x10,0xc4,0x10,
    0xc4,0x10,0xc4,0x10,0xc4,0x10,0xc4,0x10,0xc4,0x10,0xc4,0x10,0xc4,0x10,0xc4,0x10,
    0xc4,0x10,0xc4,0x10,0xa4,0x10,0xc4,0x10,0xc4,0x10,0xc4,0x10,0xc4,0x10,0xc4,0x18,
    0xc4,0x18,0xc4,0x18,0xe5,0x18,0xe5,0x18,0xe5,0x18,0xe5,0x18,0x2b,0x32,0xee,0x4a,
    0xee,0x4a,0xee,0x4a,0xee,0x4a,0xef,0x4a,0xef,0x4a,0xef,0x4a,0xef,0x4a,0xef,0x4a,
    0xef,0x4a,0xef,0x4a,0xef,0x4a,0xef,0x4a,0xef,0x42,0xef,0x42,0xef,0x42,0xef,0x42,
    0xef,0x42,0xef,0x42,0xef,0x42,0x0f,0x43,0x94,0x84,0x18,0xbe,0x18,0xbe,0x53,0x7c,
    0x10,0x4b,0xf0,0x42,0x10,0x4b,0x10,0x4b,0x10,0x43,0x10,0x43,0x10,0x43,0x11,0x43,
    0xf0,0x42,0x11,0x43,0x11,0x43,0x11,0x43,0x11,0x43,0x11,0x43,0x11,0x43,0xf1,0x42,
    0xd0,0x42,0x11,0x43,0x34,0x7c,0x19,0xc6,0x9a,0xd6,0xb8,0xb5,0x72,0x5b,0xf1,0x42,
    0x11,0x43,0x32,0x4b,0x32,0x4b,0x12,0x4b,0x12,0x43,0x12,0x43,0x52,0x53,0x19,0xc6,
    0xdb,0xde,0x13,0xdb,0xde,0x8c,0x59,0xce,0x8a,0x52,0x86,0x29,0xa7,0x31,0x0f,0x7c,
    0x99,0xd6,0xdb,0xde,0xdb,0xde,0xdb,0xde,0xdb,0xde,0x9a,0xd6,0xdb,0xde,0x19,0xdb,
    0xde,0xff,0x76,0xad,0x86,0x31,0xa3,0x10,0x83,0x10,0x83,0x18,0xa7,0x39,0xd7,0xbd,
    0xdb,0xde,0xdb,0xde,0xdb,0xde,0xdb,0xde,0xdb,0xde,0x96,0x8c,0xb2,0x2a,0xb3,0x2a,
    0xb3,0x2a,0xb2,0x2a,0xb3,0x32,0xd3,0x32,0xd3,0x32,0x74,0x53,0x13,0x3b,0x33,0x43,
    0x54,0x53,0x94,0x5b,0xf5,0x6b,0x96,0x84,0x58,0xa5,0xbb,0xd6,0xdb,0xde,0xdb,0xde,
    0xdb,0xde,0xdb,0xde,0x9a,0xd6,0x19,0xbe,0x96,0x84,0x14,0x3b,0xd4,0x22,0xb4,0x1a,
    0xb3,0x1a,0xb3,0x1a,0xb3,0x1a,0xb3,0x12,0x93,0x12,0x93,0x12,0x93,0x0a,0x93,0x0a,
    0x73,0x0a,0x73,0x0a,0x73,0x02,0x72,0x02,0x72,0x02,0x73,0x02,0x72,0x02,0x72,0x0a,
    0x72,0x02,0x72,0x0a,0x72,0x0a,0x72,0x0a,0x93,0x1a,0x93,0x1a,0x72,0x0a,0x72,0x0a,
    0x92,0x0a,0x93,0x12,0x93,0x1a,0xd3,0x2a,0xf4,0x32,0xb3,0x22,0xb3,0x2a,0xd3,0x32,
    0xb3,0x22,0xb3,0x22,0xd3,0x2a,0xf4,0x32,0xd3,0x2a,0x93,0x1a,0xb3,0x22,0xd3,0x2a,
    0xf3,0x32,0xf3,0x3a,0xf3,0x32,0xf3,0x32,0xb3,0x22,0xd3,0x2a,0xf3,0x32,0xf3,0x32,
    0xf3,0x3a,0xf3,0x3a,0xf4,0x3a,0x13,0x3b,0x14,0x3b,0x14,0x3b,0x14,0x3b,0x14,0x3b,
    0x14,0x43,0x14,0x43,0x34,0x43,0x14,0x43,0x34,0x43,0x54,0x4b,0x38,0x9d,0xbe,0xf7,
    0xff,0xff,0xff,0xff,0xff,0xff,0xff,0xff,0xff,0xff,0xff,0xff,0xff,0xff,0xff,0xff,
    0xff,0xff,0xff,0xff,0xff,0xff,0xff,0xff,0xff,0xff,0xff,0xff,0xff,0xff,0xff,0xff,
    0xff,0xff,0x3c,0xe7,0xf3,0x9c,0xcf,0x6b,0xcf,0x6b,0xcf,0x73,0xcf,0x73,0xcf,0x73,
    0xa0,0xcf,0x73,0xcf,0x73,0xcf,0x73,0xcf,0x73,0xcf,0x73,0xef,0x73,0xef,0x73,0xef,
    0x73,0xef,0x73,0xef,0x73,0xef,0x73,0x0b,0x53,0xa6,0x31,0xe3,0x18,0x04,0x21,0x45,
    0x21,0xaa,0x4a,0xae,0x6b,0xef,0x73,0xef,0x73,0xef,0x73,0xef,0x73,0x0f,0x74,0x0f,
    0x74,0x0f,0x74,0x0f,0x74,0x10,0x74,0x10,0x74,0x6d,0x63,0x08,0x3a,0xc4,0x18,0xc4,
    0x10,0x14,0xc4,0x10,0xdf,0xc4,0x18,0xc5,0x18,0xe5,0x18,0xe5,0x18,0x06,0x19,0x4c,
    0x3a,0xee,0x4a,0xee,0x4a,0xee,0x4a,0xee,0x4a,0xee,0x4a,0xee,0x42,0xee,0x42,0xee,
    0x42,0xef,0x42,0xef,0x4a,0xef,0x4a,0xef,0x42,0xef,0x42,0xef,0x42,0xef,0x42,0xef,
    0x42,0xef,0x42,0xef,0x42,0xef,0x42,0xef,0x42,0x0f,0x4b,0xf5,0x94,0x38,0xc6,0xd7,
    0xb5,0x12,0x74,0xf0,0x42,0xf0,0x42,0xf0,0x42,0xf0,0x42,0xf0,0x42,0x10,0x43,0x10,
    0x43,0x10,0x43,0xf0,0x42,0x11,0x43,0x11,0x43,0x11,0x43,0x11,0x43,0x11,0x43,0x11,
    0x43,0xf0,0x42,0xd0,0x42,0x11,0x4b,0xb5,0x8c,0x59,0xc6,0x9a,0xd6,0x57,0xa5,0x32,
    0x53,0xf1,0x42,0x11,0x43,0x32,0x4b,0x32,0x4b,0x12,0x43,0x12,0x43,0x12,0x43,0x12,
    0x43,0xf1,0x42,0x0f,0x53,0xb4,0x8c,0xb7,0xb5,0x9a,0xd6,0xfb,0xde,0xdb,0xde,0xdb,
    0xde,0xdb,0xde,0xdb,0xde,0xdb,0xde,0xdb,0xde,0xdb,0xde,0xdb,0xde,0xdb,0xde,0xdb,
    0xde,0xdb,0xde,0xdb,0xde,0xdb,0xde,0xdb,0xde,0xdb,0xde,0xdb,0xde,0xdb,0xde,0x9a,
    0xd6,0x71,0x8c,0xc7,0x31,0x30,0x84,0x99,0xd6,0xdb,0xde,0xdb,0xde,0xdb,0xde,0xba,
    0xd6,0xdb,0xde,0x19,0xdb,0xde,0xff,0x14,0xa5,0x65,0x29,0xe4,0x20,0xe4,0x20,0x42,
    0x10,0x6e,0x6b,0x38,0xc6,0xdb,0xde,0xdb,0xde,0xdb,0xde,0xdb,0xde,0xba,0xd6,0x35,
    0x74,0xb2,0x22,0xb3,0x2a,0xb3,0x2a,0xb3,0x2a,0xb3,0x32,0xd3,0x32,0xd3,0x32,0xf3,
    0x3a,0x13,0x43,0x34,0x4b,0x54,0x53,0xb4,0x63,0x15,0x74,0xb6,0x8c,0x57,0xa5,0x7a,
    0xce,0xdb,0xde,0x7a,0xce,0x76,0x7c,0x56,0x74,0x58,0xa5,0x3a,0xc6,0xdb,0xde,0xdb,
    0xde,0xbb,0xd6,0xb7,0x8c,0xb4,0x1a,0xb4,0x1a,0xb3,0x1a,0xb3,0x1a,0xb3,0x1a,0xb3,
    0x12,0xb3,0x12,0x93,0x12,0x93,0x12,0x93,0x0a,0x93,0x0a,0x93,0x0a,0x73,0x0a,0x73,
    0x0a,0x73,0x0a,0x72,0x0a,0x72,0x0a,0x72,0x0a,0x72,0x0a,0x93,0x12,0xb3,0x1a,0x93,
    0x1a,0x72,0x0a,0x72,0x0a,0x93,0x12,0x93,0x12,0xb3,0x1a,0xd3,0x22,0xd3,0x2a,0x93,
    0x1a,0x92,0x12,0xb3,0x1a,0xb3,0x22,0xd3,0x2a,0xf3,0x32,0xf3,0x32,0xd3,0x32,0xb3,
    0x22,0xb3,0x22,0xd3,0x2a,0xd3,0x2a,0xf4,0x32,0x14,0x43,0xf4,0x3a,0xd3,0x2a,0xf3,
    0x3a,0xf3,0x3a,0xf3,0x3a,0xf3,0x3a,0xf3,0x3a,0x14,0x3b,0x14,0x3b,0x14,0x3b,0x14,
    0x3b,0x14,0x3b,0x14,0x3b,0x14,0x43,0x14,0x43,0x34,0x43,0x34,0x43,0x34,0x43,0x34,
    0x43,0x34,0x43,0x34,0x4b,0x97,0x84,0x3d,0xe7,0xff,0xff,0xff,0xff,0xff,0xff,0xff,
    0xff,0xff,0xff,0xff,0xff,0xff,0xff,0xff,0xff,0xff,0xff,0xff,0xff,0xff,0xff,0xff,
    0xff,0xff,0xff,0xff,0xff,0xff,0xff,0xfb,0xde,0x51,0x84,0xcf,0x6b,0xcf,0x6b,0xcf,
    0x6b,0xcf,0x73,0xcf,0x73,0xa0,0xcf,0x73,0xcf,0x73,0xcf,0x73,0xcf,0x73,0xcf,0x73,
    0xef,0x73,0xef,0x73,0xef,0x73,0xef,0x73,0xef,0x73,0xce,0x6b,0xaa,0x4a,0x65,0x29,
    0x04,0x21,0x04,0x21,0x86,0x29,0xeb,0x52,0xcf,0x6b,0xef,0x73,0xef,0x73,0xef,0x73,
    0xef,0x73,0x0f,0x74,0x0f,0x74,0x0f,0x74,0x0f,0x74,0x0f,0x74,0xef,0x73,0x2c,0x5b,
    0xa6,0x31,0xc4,0x18,0xc4,0x10,0x16,0xc4,0x10,0xdd,0xc5,0x10,0xc5,0x18,0x27,0x21,
    0x8c,0x3a,0xce,0x42,0xce,0x42,0xce,0x42,0xee,0x42,0xee,0x42,0xee,0x42,0xce,0x42,
    0xce,0x42,0xef,0x42,0xef,0x42,0xef,0x42,0xef,0x42,0xef,0x42,0xef,0x42,0xef,0x42,
    0xef,0x42,0xef,0x42,0xef,0x42,0xef,0x42,0xef,0x42,0x50,0x53,0x76,0xa5,0x18,0xbe,
    0x96,0xad,0x71,0x5b,0xf0,0x42,0xf0,0x42,0xf0,0x42,0xf0,0x42,0xf0,0x42,0xf0,0x42,
    0xf0,0x42,0xf0,0x42,0xf0,0x42,0xf0,0x42,0x11,0x43,0x11,0x43,0x11,0x43,0x11,0x43,
    0x11,0x43,0xf1,0x42,0xd0,0x3a,0x52,0x53,0xf6,0x94,0x7a,0xce,0x7a,0xce,0xf6,0x94,
    0x11,0x4b,0xf1,0x3a,0x11,0x4b,0x32,0x4b,0x32,0x4b,0x12,0x43,0x12,0x43,0x12,0x43,
    0x12,0x43,0x12,0x4b,0xb3,0x63,0xef,0x42,0xae,0x3a,0x6e,0x32,0x4d,0x32,0xf1,0x73,
    0xd7,0xbd,0x9a,0xd6,0xdb,0xde,0xdb,0xde,0xdb,0xde,0xdb,0xde,0xdb,0xde,0xdb,0xde,
    0xdb,0xde,0xdb,0xde,0xdb,0xde,0xdb,0xde,0xdb,0xde,0xdb,0xde,0xdb,0xde,0xdb,0xde,
    0xdb,0xde,0xdb,0xde,0xdb,0xde,0xb6,0xb5,0x13,0x9d,0xba,0xd6,0xdb,0xde,0xba,0xd6,
    0xba,0xd6,0xdb,0xde,0x18,0xdb,0xde,0xff,0xba,0xd6,0x14,0x9d,0x28,0x3a,0xc7,0x31,
    0x86,0x29,0x8a,0x52,0x55,0xad,0xdb,0xde,0xdb,0xde,0xdb,0xde,0xdb,0xde,0xdb,0xde,
    0x7a,0xce,0x94,0x5b,0xb3,0x2a,0xb3,0x2a,0xb2,0x2a,0xb3,0x2a,0xb3,0x32,0xd3,0x32,
    0xd3,0x32,0xf3,0x3a,0x13,0x3b,0x34,0x4b,0x54,0x53,0xb4,0x63,0x15,0x74,0xb6,0x8c,
    0x78,0xad,0x19,0xbe,0xbb,0xd6,0x5a,0xce,0xd5,0x63,0xf4,0x2a,0xf4,0x2a,0xf4,0x2a,
    0xf4,0x2a,0xb7,0x84,0xdb,0xde,0xdb,0xde,0x5a,0xce,0x34,0x43,0xd4,0x22,0xb4,0x1a,
    0xb3,0x1a,0xb3,0x1a,0xb3,0x1a,0xb3,0x1a,0xb3,0x12,0xb3,0x12,0x93,0x12,0x93,0x12,
    0x93,0x12,0x93,0x12,0x93,0x12,0x93,0x12,0x93,0x12,0x93,0x12,0x93,0x12,0x93,0x12,
    0xb3,0x1a,0x93,0x1a,0x92,0x0a,0x93,0x0a,0x93,0x12,0x93,0x12,0xb3,0x1a,0xd3,0x2a,
    0xd3,0x2a,0x93,0x1a,0x93,0x12,0x93,0x1a,0xb3,0x22,0xb3,0x22,0xd3,0x2a,0x14,0x3b,
    0xd3,0x2a,0xb3,0x22,0xf3,0x32,0xf3,0x32,0xd3,0x32,0xf3,0x32,0x14,0x3b,0xd3,0x32,
    0xb3,0x22,0xf3,0x32,0xf4,0x32,0xf4,0x3a,0x14,0x3b,0x14,0x3b,0x14,0x3b,0xf3,0x32,
    0x14,0x3b,0x14,0x3b,0x14,0x3b,0x14,0x3b,0x14,0x43,0x14,0x43,0x34,0x43,0x34,0x43,
    0x34,0x43,0x34,0x43,0x34,0x43,0x34,0x4b,0x34,0x4b,0x34,0x4b,0xd5,0x63,0xfc,0xde,
    0xff,0xff,0xff,0xff,0xff,0xff,0xff,0xff,0xff,0xff,0xff,0xff,0xff,0xff,0xff,0xff,
    0xff,0xff,0xff,0xff,0xff,0xff,0xff,0xff,0xff,0xff,0xba,0xd6,0x10,0x7c,0xcf,0x6b,
    0xcf,0x6b,0xcf,0x6b,0xcf,0x73,0xff,0xcf,0x73,0xcf,0x73,0xcf,0x73,0xcf,0x73,0xcf,
    0x73,0xcf,0x73,0xcf,0x73,0xef,0x73,0xef,0x73,0xef,0x73,0xef,0x73,0x8e,0x63,0x69,
    0x42,0x24,0x21,0x04,0x21,0x24,0x21,0xc7,0x31,0x4d,0x5b,0xcf,0x73,0xef,0x73,0xef,
    0x73,0xef,0x73,0xef,0x73,0xef,0x73,0x0f,0x74,0x0f,0x74,0x0f,0x74,0x0f,0x74,0xef,
    0x73,0xcb,0x52,0x45,0x21,0xc4,0x18,0xc4,0x18,0xc4,0x18,0xc4,0x18,0xc4,0x10,0xc4,
    0x10,0xc4,0x10,0xc4,0x10,0xc4,0x10,0xc4,0x10,0xc4,0x10,0xc4,0x10,0xc4,0x10,0xc4,
    0x10,0xc4,0x10,0xc4,0x10,0xc4,0x10,0xc4,0x10,0xa4,0x10,0xa4,0x10,0xc4,0x10,0xc4,
    0x10,0xc4,0x10,0xc4,0x10,0xc4,0x10,0xc5,0x10,0x88,0x21,0xad,0x42,0xce,0x42,0xce,
    0x42,0xce,0x42,0xce,0x42,0xce,0x42,0xce,0x42,0xce,0x42,0xce,0x42,0xce,0x42,0xce,
    0x42,0xce,0x42,0xcf,0x42,0xcf,0x42,0xef,0x42,0xcf,0x42,0xcf,0x42,0xcf,0x42,0xef,
    0x42,0xef,0x42,0xef,0x42,0xb1,0x63,0x96,0xad,0x18,0xbe,0x15,0x9d,0x50,0x53,0xf0,
    0x42,0xf0,0x42,0xf0,0x42,0xf0,0x42,0xf0,0x42,0xf0,0x42,0xf0,0x42,0xf0,0x42,0xf0,
    0x42,0xf0,0x42,0xf0,0x42,0xf0,0x42,0xf0,0x42,0xf0,0x42,0xf1,0x42,0xf0,0x42,0xd0,
    0x3a,0x72,0x5b,0x77,0xad,0x9a,0xce,0x5a,0xc6,0x54,0x7c,0xf1,0x42,0xf1,0x42,0x12,
    0x4b,0x32,0x4b,0x12,0x4b,0x12,0x43,0x12,0x43,0x12,0x43,0x12,0x4b,0x12,0x4b,0xb5,
    0x8c,0x39,0xc6,0x30,0x53,0x4d,0x2a,0x0c,0x22,0xcc,0x11,0x6b,0x01,0x4a,0x01,0x6d,
    0x42,0xb0,0x73,0x55,0xa5,0xff,0x9a,0xd6,0xdb,0xde,0xdb,0xde,0xdb,0xde,0xdb,0xde,
    0xdb,0xde,0xdb,0xde,0xdb,0xde,0xdb,0xde,0xdb,0xde,0xdb,0xde,0xdb,0xde,0xdb,0xde,
    0xdb,0xde,0xdb,0xde,0xdb,0xde,0xdb,0xde,0xdb,0xde,0xba,0xd6,0xba,0xde,0xdb,0xde,
    0xdb,0xde,0xdb,0xde,0xdb,0xde,0xdb,0xde,0xdb,0xde,0xdb,0xde,0xdb,0xde,0xdb,0xde,
    0xdb,0xde,0xdb,0xde,0xdb,0xde,0xdb,0xde,0xdb,0xde,0xdb,0xde,0xba,0xd6,0xbb,0xd6,
    0xdb,0xde,0xdb,0xde,0xdb,0xde,0xdb,0xde,0xdb,0xde,0xdb,0xde,0xdb,0xde,0xdb,0xde,
    0xba,0xd6,0xd7,0xb5,0x33,0x9d,0xef,0x7b,0xae,0x73,0x55,0xad,0x9a,0xd6,0xdb,0xde,
    0xdb,0xde,0xdb,0xde,0xdb,0xde,0xdb,0xde,0x59,0xc6,0x74,0x53,0xb2,0x2a,0xb3,0x2a,
    0xb3,0x2a,0xb3,0x2a,0xb3,0x2a,0xb3,0x32,0xd3,0x32,0xd3,0x32,0xf3,0x3a,0x14,0x43,
    0x54,0x4b,0x94,0x63,0x35,0x74,0xd6,0x8c,0x78,0xad,0x19,0xbe,0x5a,0xc6,0x5a,0xc6,
    0xd6,0x63,0xf4,0x2a,0xf4,0x2a,0xf4,0x2a,0xf4,0x2a,0xf4,0x2a,0xb7,0x8c,0xdb,0xd6,
    0xdb,0xde,0xdb,0xd6,0x76,0x7c,0xd4,0x22,0xd4,0x22,0xd4,0x22,0xd4,0x1a,0xb4,0x1a,
    0xb3,0x1a,0xb3,0x1a,0xb3,0x1a,0xb3,0x12,0xb3,0x12,0xb3,0x12,0xb3,0x12,0x93,0x12,
    0x93,0x12,0x93,0x12,0x93,0x12,0xb3,0x1a,0xb3,0x22,0xb3,0x1a,0x93,0x12,0x93,0x12,
    0x93,0x12,0xb3,0x1a,0xb3,0x1a,0xd3,0x2a,0xd3,0x2a,0x93,0x1a,0x93,0x12,0xb3,0x1a,
    0xb3,0x22,0xb3,0x22,0xd3,0x2a,0xf4,0x32,0xd3,0x22,0xb3,0x1a,0xd3,0x22,0xd3,0x2a,
    0xf4,0x32,0x14,0x3b,0xff,0x14,0x43,0xf3,0x3a,0xd3,0x32,0xd3,0x32,0xf4,0x32,0xf4,
    0x3a,0xf4,0x3a,0x14,0x3b,0x14,0x43,0x75,0x53,0x14,0x43,0xd3,0x32,0x14,0x3b,0x14,
    0x3b,0x14,0x43,0x34,0x43,0x34,0x43,0x34,0x43,0x34,0x43,0x34,0x43,0x34,0x43,0x34,
    0x4b,0x34,0x4b,0x34,0x4b,0x34,0x4b,0x34,0x4b,0xb4,0x5b,0xbc,0xd6,0xff,0xff,0xff,
    0xff,0xff,0xff,0xff,0xff,0xff,0xff,0xff,0xff,0xff,0xff,0xff,0xff,0xff,0xff,0xff,
    0xff,0xff,0xff,0xba,0xd6,0xef,0x73,0xcf,0x6b,0xcf,0x6b,0xcf,0x6b,0xcf,0x6b,0xcf,
    0x73,0xcf,0x73,0xcf,0x73,0xcf,0x73,0xcf,0x73,0xcf,0x73,0xcf,0x73,0xef,0x73,0xef,
    0x73,0xef,0x73,0xef,0x73,0x6d,0x63,0x08,0x3a,0xe3,0x18,0x04,0x21,0x25,0x21,0x28,
    0x3a,0x6d,0x63,0xcf,0x73,0xef,0x73,0xef,0x73,0xef,0x73,0xef,0x73,0xef,0x73,0x0f,
    0x74,0x0f,0x74,0x0f,0x74,0x0f,0x74,0xae,0x6b,0x69,0x42,0x25,0x21,0xe5,0x18,0xe4,
    0x18,0xe4,0x18,0xc4,0x18,0xc4,0x18,0xc4,0x18,0xc4,0x10,0xc4,0x10,0xc4,0x10,0xc4,
    0x10,0xc4,0x10,0xc4,0x10,0xc4,0x10,0xc4,0x10,0xc4,0x10,0xc4,0x10,0xc4,0x10,0xc4,
    0x10,0xc4,0x10,0xa4,0x10,0xa4,0x10,0xa4,0x10,0xa4,0x10,0xc4,0x10,0xc4,0x10,0xc5,
    0x10,0xc9,0x29,0xad,0x42,0xce,0x42,0xce,0x42,0xce,0x42,0xce,0x42,0xce,0x42,0xce,
    0x42,0xce,0x42,0xce,0x42,0xce,0x42,0xce,0x42,0xce,0x42,0xce,0x42,0xce,0x42,0xce,
    0x42,0xce,0x42,0xcf,0x42,0xcf,0x42,0xcf,0x42,0xcf,0x42,0xcf,0x42,0xf2,0x73,0xb7,
    0xb5,0xf8,0xb5,0xb3,0xb4,0x8c,0x10,0x4b,0xf0,0x42,0xf0,0x42,0xf0,0x42,0xf0,0x42,
    0xf0,0x42,0xf0,0x42,0xf0,0x42,0xf0,0x42,0xf0,0x42,0xf0,0x42,0xf0,0x42,0xf0,0x42,
    0xf0,0x42,0xf0,0x42,0xf0,0x42,0xd0,0x3a,0xd0,0x3a,0xd3,0x63,0xb8,0xb5,0x9a,0xd6,
    0x19,0xbe,0xf3,0x73,0xf1,0x3a,0xf1,0x42,0x32,0x4b,0x32,0x4b,0x12,0x4b,0x12,0x43,
    0x12,0x43,0x12,0x43,0x12,0x43,0x32,0x4b,0x16,0x9d,0x9b,0xd6,0x39,0xc6,0xcf,0x42,
    0xec,0x19,0xab,0x11,0x8b,0x09,0x4a,0x01,0x2a,0x01,0x2a,0x01,0x2a,0x01,0xea,0x00,
    0x2a,0x01,0xf1,0x7b,0x76,0xad,0x59,0xc6,0xdb,0xde,0x1e,0xdb,0xde,0xff,0x9a,0xce,
    0x59,0xce,0x54,0xa5,0xb6,0xb5,0x59,0xce,0xba,0xd6,0xdb,0xde,0xdb,0xde,0xdb,0xde,
    0xdb,0xde,0xba,0xd6,0x38,0xc6,0x79,0xce,0x59,0xce,0xdb,0xde,0xdb,0xde,0xdb,0xde,
    0xdb,0xde,0xdb,0xde,0xdb,0xde,0xdb,0xde,0xf9,0xbd,0x13,0x43,0xb3,0x2a,0xb3,0x2a,
    0xb3,0x2a,0xb3,0x2a,0xb3,0x2a,0xb3,0x2a,0xb3,0x2a,0xd3,0x32,0xd3,0x32,0xf3,0x3a,
    0x13,0x43,0x54,0x53,0xd5,0x6b,0xb6,0x8c,0x98,0xad,0x3a,0xc6,0x5a,0xc6,0xf9,0xbd,
    0x7a,0xce,0x9a,0xd6,0xf9,0xbd,0x18,0x9d,0x16,0x6c,0x36,0x74,0x38,0x9d,0xdb,0xd6,
    0xdb,0xde,0x9a,0xd6,0xd7,0x8c,0x14,0x33,0xd4,0x22,0xd4,0x22,0xb4,0x1a,0xb4,0x12,
    0xb4,0x1a,0x14,0x3b,0xb5,0x5b,0x15,0x74,0x96,0x84,0x35,0x74,0xf4,0x32,0xb3,0x1a,
    0xb3,0x1a,0xb3,0x12,0xb3,0x12,0xb3,0x1a,0xb4,0x22,0xb3,0x1a,0x93,0x12,0x93,0x12,
    0xb3,0x1a,0xb3,0x1a,0xb3,0x22,0xd4,0x2a,0xd4,0x2a,0x93,0x1a,0x93,0x12,0xb3,0x22,
    0xb3,0x22,0xd3,0x22,0xf3,0x2a,0xf4,0x32,0xd3,0x22,0xb3,0x1a,0xd3,0x2a,0xd3,0x2a,
    0xf3,0x2a,0xf4,0x32,0x14,0x3b,0xf3,0x32,0xd3,0x2a,0xf4,0x32,0x14,0x3b,0x14,0x3b,
    0xf3,0x32,0xf4,0x3a,0x14,0x3b,0x14,0x3b,0x54,0x53,0x95,0x5b,0xd3,0x32,0x14,0x3b,
    0x14,0x43,0x34,0x43,0x34,0x43,0x34,0x43,0x34,0x43,0x34,0x43,0x34,0x4b,0x34,0x4b,
    0x34,0x4b,0x34,0x4b,0x34,0x4b,0x54,0x4b,0x54,0x4b,0x54,0x4b,0x74,0x53,0x9c,0xce,
    0xff,0xff,0xff,0xff,0xff,0xff,0xff,0xff,0xff,0xff,0xff,0xff,0xff,0xff,0xff,0xff,
    0xff,0xff,0xff,0xba,0xd6,0xef,0x73,0xce,0x6b,0xcf,0x6b,0xcf,0x6b,0xcf,0x6b,0xcf,
    0x73,0xcf,0x73,0xcf,0x73,0xcf,0x73,0xcf,0x73,0xcf,0x73,0xcf,0x73,0xcf,0x73,0xef,
    0x73,0xef,0x73,0xcf,0x73,0x0c,0x5b,0xa6,0x31,0xe4,0x20,0x04,0x21,0x45,0x29,0x6a,
    0x42,0xae,0x6b,0xef,0x73,0xef,0x73,0xef,0x73,0xef,0x73,0xef,0x73,0xef,0x73,0xef,
    0x73,0x0f,0x74,0x0f,0x74,0x0f,0x74,0x8d,0x63,0x08,0x3a,0x05,0x21,0xe5,0x18,0xe5,
    0x18,0xe4,0x18,0xe5,0x18,0xe5,0x18,0xc4,0x18,0xc4,0x18,0xc4,0x18,0xc4,0x18,0xc4,
    0x18,0xc4,0x10,0xc4,0x10,0xc4,0x10,0xc4,0x10,0xc4,0x10,0xc4,0x10,0xc4,0x10,0xc4,
    0x10,0xc4,0x10,0xc4,0x10,0xc4,0x10,0xc4,0x10,0xa4,0x10,0xa4,0x10,0xc4,0x10,0xe5,
    0x10,0x0a,0x32,0xad,0x42,0xad,0x42,0xae,0x42,0xae,0x42,0xce,0x42,0xce,0x42,0xce,
    0x42,0xce,0x42,0xce,0x42,0xce,0x42,0xce,0x42,0xce,0x42,0xce,0x42,0xce,0x42,0xce,
    0x42,0xce,0x42,0xcf,0x42,0xcf,0x42,0xcf,0x42,0xcf,0x42,0xef,0x42,0x73,0x84,0xd7,
    0xb5,0xd7,0xb5,0x32,0x7c,0xef,0x42,0xcf,0x42,0xcf,0x42,0xf0,0x42,0xf0,0x42,0xf0,
    0x42,0xf0,0x42,0xf0,0x42,0xf0,0x42,0xf0,0x42,0xf0,0x42,0xf0,0x42,0xf0,0x42,0xf0,
    0x42,0xf0,0x42,0xf0,0x42,0xd0,0x3a,0xd0,0x3a,0x13,0x74,0xf9,0xbd,0x7a,0xce,0xf8,
    0xbd,0x92,0x5b,0xd1,0x3a,0xf1,0x42,0x32,0x4b,0x32,0x4b,0x12,0x43,0x12,0x43,0x12,
    0x43,0x12,0x43,0x12,0x43,0x52,0x53,0x77,0xad,0x9b,0xd6,0x94,0x5a,0xc6,0xd3,0x6b,
    0x0d,0x22,0xab,0x11,0x6b,0x09,0x4a,0x01,0x2a,0x01,0x2a,0x01,0x2a,0x01,0x2a,0x01,
    0x2a,0x01,0x2a,0x01,0x2a,0x01,0x2a,0x01,0xeb,0x29,0xce,0x52,0x35,0xa5,0x9a,0xd6,
    0xba,0xd6,0xdb,0xde,0x1a,0xdb,0xde,0xff,0xba,0xd6,0x7a,0xce,0x33,0x9d,0xb1,0x8c,
    0xb1,0x8c,0x0f,0x7c,0xf3,0x9c,0x79,0xce,0xdb,0xde,0xdb,0xde,0xdb,0xde,0xdb,0xde,
    0xdb,0xde,0xdb,0xde,0xdb,0xde,0xdb,0xde,0xdb,0xde,0xdb,0xde,0xdb,0xde,0xdb,0xde,
    0x98,0xad,0x13,0x3b,0xb3,0x2a,0xd3,0x2a,0xb3,0x2a,0xb3,0x2a,0xb3,0x2a,0xb3,0x2a,
    0xb3,0x2a,0xd3,0x32,0xd3,0x32,0xd3,0x32,0xf3,0x32,0x13,0x3b,0x54,0x4b,0xd5,0x63,
    0xb6,0x8c,0xd9,0xbd,0x5a,0xce,0x5a,0xce,0xb8,0xb5,0xd9,0xb5,0xdb,0xde,0xdb,0xde,
    0xdb,0xde,0xbb,0xd6,0xbb,0xd6,0xdb,0xde,0xdb,0xde,0x9b,0xd6,0x97,0x84,0x55,0x4b,
    0x95,0x53,0x36,0x74,0xd7,0x8c,0x98,0xad,0x19,0xbe,0x7a,0xce,0xba,0xd6,0xbb,0xd6,
    0xbb,0xd6,0xdb,0xde,0xbb,0xd6,0x76,0x7c,0xb4,0x1a,0xb3,0x1a,0xb3,0x1a,0xb3,0x22,
    0xd4,0x22,0xb3,0x1a,0xb3,0x1a,0xb3,0x1a,0xb3,0x1a,0xb3,0x1a,0xd3,0x22,0xf4,0x2a,
    0xd3,0x2a,0xb3,0x1a,0xb3,0x1a,0xb3,0x22,0xd3,0x22,0xd3,0x22,0xf4,0x32,0xf4,0x32,
    0xb3,0x22,0xb3,0x22,0xd3,0x2a,0xf4,0x2a,0xf4,0x32,0xf4,0x32,0x14,0x3b,0xd3,0x2a,
    0xd3,0x2a,0xf4,0x32,0xf4,0x3a,0x14,0x3b,0x95,0x53,0x14,0x3b,0xd3,0x32,0x14,0x3b,
    0x14,0x3b,0x34,0x43,0xb5,0x5b,0x34,0x43,0xf3,0x32,0x34,0x43,0x34,0x43,0x34,0x43,
    0x34,0x43,0x34,0x43,0x34,0x4b,0x34,0x4b,0x34,0x4b,0x34,0x4b,0x54,0x4b,0x54,0x4b,
    0x54,0x4b,0x54,0x4b,0x54,0x4b,0x54,0x4b,0x74,0x53,0xbc,0xd6,0xff,0xff,0xff,0xff,
    0xff,0xff,0xff,0xff,0xff,0xff,0xff,0xff,0xff,0xff,0xff,0xfb,0xde,0x10,0x7c,0xce,
    0x6b,0xce,0x6b,0xcf,0x6b,0xcf,0x6b,0xcf,0x73,0xcf,0x6b,0xcf,0x73,0xcf,0x73,0xcf,
    0x73,0xcf,0x73,0xcf,0x73,0xcf,0x73,0xcf,0x73,0xef,0x73,0xcf,0x6b,0xaa,0x4a,0x65,
    0x29,0xe4,0x20,0x04,0x21,0x66,0x29,0xeb,0x52,0xae,0x6b,0xef,0x73,0xef,0x73,0xef,
    0x73,0xef,0x73,0xef,0x73,0xef,0x73,0xef,0x73,0xef,0x73,0xef,0x73,0x0f,0x74,0x2c,
    0x5b,0xc7,0x31,0x05,0x19,0x05,0x19,0x05,0x19,0xe5,0x18,0xe5,0x18,0xe5,0x18,0xe5,
    0x18,0xe5,0x18,0xe4,0x18,0xe5,0x18,0xc4,0x18,0xc4,0x18,0xc4,0x18,0xc4,0x18,0xc4,
    0x18,0xc4,0x10,0xc4,0x10,0xc4,0x10,0xc4,0x10,0xc4,0x10,0xc4,0x10,0xc4,0x10,0xc4,
    0x10,0xc4,0x10,0xc4,0x10,0xc4,0x10,0xe6,0x18,0xc9,0x21,0x6c,0x32,0x8d,0x3a,0xad,
    0x42,0xad,0x42,0xad,0x42,0xad,0x42,0xae,0x42,0xae,0x42,0xae,0x42,0xae,0x42,0xae,
    0x3a,0xce,0x42,0xae,0x3a,0xce,0x42,0xce,0x42,0xae,0x42,0xae,0x42,0xce,0x42,0xce,
    0x42,0xcf,0x42,0xef,0x42,0xd4,0x8c,0xd7,0xb5,0x96,0xad,0xd1,0x6b,0xcf,0x42,0xcf,
    0x42,0xcf,0x42,0xcf,0x42,0xd0,0x42,0xd0,0x3a,0xf0,0x42,0xf0,0x42,0xf0,0x42,0xf0,
    0x42,0xf0,0x42,0xf0,0x42,0xf0,0x42,0xf0,0x42,0xf0,0x42,0xd0,0x3a,0xb0,0x3a,0xf0,
    0x42,0x74,0x84,0x39,0xc6,0x7a,0xce,0x77,0xa5,0x32,0x53,0xd1,0x3a,0xf1,0x42,0x32,
    0x4b,0x12,0x4b,0x12,0x43,0x12,0x43,0x12,0x43,0x12,0x43,0x12,0x43,0x93,0x5b,0xd8,
    0xb5,0xbb,0xd6,0xf9,0xbd,0x96,0xb3,0x63,0xf2,0x42,0xcc,0x19,0x6b,0x01,0x4a,0x01,
    0x2a,0x01,0x2a,0x01,0x0a,0x01,0x2a,0x01,0x2a,0x01,0x2a,0x01,0x2a,0x01,0x2a,0x01,
    0x2a,0x01,0x2a,0x01,0x2a,0x01,0xea,0x00,0x6b,0x19,0x90,0x6b,0xd4,0x9c,0x39,0xc6,
    0xdb,0xde,0x18,0xdb,0xde,0xff,0xbb,0xd6,0xba,0xd6,0xf7,0xbd,0xd6,0xb5,0x17,0xbe,
    0xf7,0xbd,0x38,0xc6,0x9a,0xce,0xdb,0xde,0xdb,0xde,0xdb,0xde,0xdb,0xde,0xdb,0xde,
    0xdb,0xde,0xdb,0xde,0xdb,0xde,0xdb,0xde,0xdb,0xde,0xdb,0xde,0x57,0xa5,0xf3,0x3a,
    0xd3,0x32,0xd3,0x32,0xd3,0x32,0xd3,0x32,0xd3,0x32,0xd3,0x32,0xd3,0x32,0xd3,0x32,
    0xd3,0x32,0xd3,0x32,0xd3,0x32,0xd3,0x32,0xf3,0x3a,0x14,0x43,0x54,0x53,0x15,0x74,
    0x37,0x9d,0x3a,0xc6,0x9a,0xce,0x7a,0xce,0x97,0x84,0x99,0xad,0xdb,0xde,0xdb,0xde,
    0xbb,0xd6,0x58,0xa5,0xf7,0x94,0x96,0x84,0xd6,0x63,0xf6,0x63,0x9a,0xce,0xdb,0xde,
    0xdb,0xde,0xdb,0xde,0xdb,0xde,0xdb,0xde,0x5a,0xc6,0x9a,0xd6,0xdb,0xde,0xdb,0xde,
    0xbb,0xd6,0x17,0x9d,0x34,0x43,0xb4,0x1a,0xb4,0x1a,0xb4,0x1a,0xd4,0x22,0xb3,0x1a,
    0xb3,0x12,0x93,0x12,0xb3,0x1a,0xb3,0x22,0xd4,0x22,0xf4,0x2a,0xd4,0x2a,0xb3,0x1a,
    0xb3,0x1a,0xd3,0x22,0xd4,0x22,0xd4,0x2a,0xf4,0x32,0xf4,0x32,0xb3,0x22,0xb3,0x22,
    0xd3,0x2a,0xf3,0x2a,0xf4,0x32,0x14,0x3b,0x14,0x3b,0xd3,0x2a,0xd3,0x2a,0xf4,0x32,
    0xf4,0x3a,0x14,0x3b,0x14,0x3b,0x75,0x53,0x75,0x53,0xd3,0x32,0x14,0x3b,0x14,0x43,
    0x14,0x43,0x75,0x53,0xb5,0x5b,0xf3,0x32,0x14,0x3b,0x34,0x43,0x34,0x43,0x34,0x43,
    0x34,0x4b,0x34,0x4b,0x34,0x4b,0x34,0x4b,0x34,0x4b,0x54,0x4b,0x54,0x4b,0x54,0x4b,
    0x54,0x4b,0x54,0x4b,0x54,0x4b,0x54,0x4b,0xb5,0x63,0xfc,0xde,0xff,0xff,0xff,0xff,
    0xff,0xff,0xff,0xff,0xff,0xff,0xff,0x3c,0xe7,0x50,0x84,0xce,0x6b,0xce,0x6b,0xcf,
    0x6b,0xcf,0x6b,0xcf,0x6b,0xcf,0x6b,0xcf,0x6b,0xcf,0x73,0xcf,0x73,0xcf,0x73,0xcf,
    0x73,0xcf,0x73,0xcf,0x73,0xef,0x73,0xae,0x6b,0x49,0x42,0x24,0x21,0x04,0x21,0x24,
    0x21,0xa7,0x31,0x2c,0x5b,0xcf,0x6b,0xef,0x73,0xef,0x73,0xef,0x73,0xef,0x73,0xef,
    0x73,0xef,0x73,0xef,0x73,0xef,0x73,0x0f,0x74,0xef,0x73,0xeb,0x52,0xa7,0x31,0x05,
    0x19,0x05,0x19,0x05,0x19,0x05,0x19,0x05,0x19,0xe5,0x18,0xe5,0x18,0xe5,0x18,0xe5,
    0x18,0xe5,0x18,0xe5,0x18,0xe5,0x18,0xe4,0x18,0xe4,0x18,0xe5,0x18,0xc4,0x18,0xc4,
    0x18,0xc4,0x18,0xc4,0x18,0xc4,0x18,0xc4,0x18,0xc4,0x10,0xc4,0x10,0xc4,0x10,0xc4,
    0x10,0xc4,0x10,0x47,0x21,0xee,0x4a,0x0e,0x4b,0x8d,0x42,0x4c,0x32,0x2c,0x32,0x6c,
    0x32,0x8d,0x3a,0xad,0x3a,0xae,0x3a,0xae,0x3a,0xae,0x3a,0xae,0x3a,0xae,0x3a,0xae,
    0x3a,0xae,0x3a,0xae,0x3a,0xae,0x3a,0xae,0x3a,0xae,0x3a,0xae,0x3a,0xcf,0x3a,0x2f,
    0x4b,0xf4,0x94,0xd7,0xb5,0x35,0x9d,0x50,0x53,0xcf,0x42,0xcf,0x42,0xcf,0x42,0xcf,
    0x3a,0xcf,0x3a,0xd0,0x3a,0xd0,0x3a,0xd0,0x3a,0xd0,0x3a,0xd0,0x3a,0xf0,0x42,0xd0,
    0x3a,0xf0,0x42,0xf0,0x42,0xf0,0x42,0xd0,0x3a,0xb0,0x32,0x11,0x4b,0xd5,0x8c,0x59,
    0xc6,0x5a,0xce,0xf6,0x94,0xf1,0x42,0xd1,0x3a,0xf1,0x42,0x32,0x4b,0x12,0x4b,0xf1,
    0x42,0x12,0x43,0x12,0x43,0x12,0x43,0x12,0x43,0xf4,0x6b,0x19,0xc6,0xbb,0xd6,0xb8,
    0xb5,0x53,0x53,0x9a,0x12,0x43,0xf2,0x42,0x8b,0x11,0x2a,0x01,0x2a,0x01,0x2a,0x01,
    0x2a,0x01,0x2a,0x01,0x2a,0x01,0x0a,0x01,0x2a,0x01,0x2a,0x01,0x2a,0x01,0x2a,0x01,
    0x2a,0x01,0x2a,0x01,0x2b,0x01,0x2b,0x01,0x4b,0x01,0x4b,0x01,0x6b,0x01,0xce,0x52,
    0x35,0xa5,0x39,0xc6,0xba,0xd6,0xdb,0xde,0x25,0xdb,0xde,0xff,0xbb,0xd6,0x17,0x9d,
    0x14,0x43,0x13,0x43,0x13,0x43,0x13,0x3b,0xf3,0x3a,0xf3,0x3a,0xf3,0x32,0xd3,0x32,
    0xd3,0x32,0xd3,0x32,0xd3,0x32,0xd3,0x32,0xd3,0x32,0xd3,0x32,0xf3,0x32,0xf3,0x3a,
    0x13,0x43,0x54,0x4b,0xf5,0x6b,0x17,0x9d,0xd9,0xb5,0x5a,0xce,0xd7,0x8c,0x16,0x6c,
    0xbb,0xd6,0xdb,0xde,0xba,0xd6,0xf6,0x63,0x14,0x33,0x14,0x33,0x14,0x33,0x34,0x3b,
    0x18,0x95,0xf9,0xbd,0x7a,0xce,0xdb,0xde,0xdb,0xde,0xdb,0xd6,0x19,0xbe,0xbb,0xd6,
    0xdb,0xde,0x9a,0xd6,0xb7,0x8c,0xf4,0x2a,0xd4,0x22,0xf4,0x32,0x15,0x6c,0xf7,0x94,
    0x58,0xa5,0xd9,0xb5,0x7a,0xce,0xd9,0xb5,0x76,0x84,0xb5,0x5b,0x14,0x33,0xd4,0x22,
    0xb3,0x1a,0xb3,0x22,0xd3,0x22,0xd4,0x22,0xd4,0x2a,0xf4,0x32,0xf4,0x32,0xb3,0x22,
    0xd3,0x22,0xd3,0x2a,0xf4,0x2a,0xf4,0x32,0x14,0x3b,0x14,0x3b,0xd4,0x2a,0xd4,0x2a,
    0xf4,0x32,0xf4,0x3a,0x14,0x3b,0x14,0x3b,0x14,0x3b,0x14,0x3b,0xb5,0x5b,0x14,0x43,
    0xf3,0x32,0x14,0x43,0x34,0x43,0x34,0x43,0xb5,0x63,0x54,0x4b,0xf3,0x32,0x34,0x43,
    0x34,0x43,0x54,0x4b,0x54,0x4b,0x34,0x4b,0x34,0x4b,0x54,0x4b,0x54,0x4b,0x54,0x4b,
    0x54,0x4b,0x54,0x4b,0x54,0x4b,0x54,0x4b,0x54,0x53,0x54,0x53,0x54,0x53,0xf5,0x6b,
    0x3d,0xe7,0xff,0xff,0xff,0xff,0xff,0xff,0xbe,0xf7,0xf3,0x94,0xce,0x6b,0xce,0x6b,
    0xce,0x6b,0xcf,0x6b,0xcf,0x6b,0xcf,0x6b,0xcf,0x6b,0xcf,0x73,0xcf,0x73,0xcf,0x73,
    0xcf,0x73,0xcf,0x73,0xcf,0x73,0xcf,0x73,0x4d,0x63,0xff,0x08,0x3a,0x04,0x21,0x04,
    0x21,0x25,0x21,0xe8,0x39,0x6d,0x63,0xcf,0x73,0xef,0x73,0xef,0x73,0xef,0x73,0xef,
    0x73,0xef,0x73,0xef,0x73,0xef,0x73,0xef,0x73,0x0f,0x74,0xcf,0x6b,0xaa,0x4a,0x46,
    0x21,0x26,0x19,0x26,0x19,0x26,0x19,0x05,0x19,0x05,0x19,0x05,0x19,0x05,0x19,0xe5,
    0x18,0xe5,0x18,0xe5,0x18,0xe5,0x18,0xe5,0x18,0xe5,0x18,0xe5,0x18,0xe5,0x18,0xe5,
    0x18,0xe5,0x18,0xe5,0x18,0xe5,0x18,0xe5,0x18,0xe5,0x18,0xe4,0x18,0xc4,0x18,0xc4,
    0x18,0xc4,0x18,0xc4,0x18,0x88,0x21,0x6c,0x3a,0xad,0x42,0xce,0x42,0xee,0x4a,0x2f,
    0x53,0x0f,0x53,0xad,0x42,0x4c,0x32,0x2b,0x2a,0x6c,0x32,0x8d,0x3a,0xae,0x3a,0xae,
    0x3a,0xae,0x3a,0xae,0x3a,0xae,0x3a,0xae,0x3a,0xae,0x3a,0xae,0x3a,0xae,0x3a,0xae,
    0x3a,0x50,0x53,0x55,0x9d,0x96,0xad,0xd4,0x8c,0x10,0x4b,0xcf,0x3a,0xcf,0x3a,0xcf,
    0x3a,0xcf,0x3a,0xcf,0x3a,0xd0,0x3a,0xd0,0x3a,0xd0,0x3a,0xd0,0x3a,0xd0,0x3a,0xd0,
    0x3a,0xd0,0x3a,0xd0,0x3a,0xd0,0x3a,0xd0,0x42,0xb0,0x3a,0xb0,0x32,0x51,0x53,0x36,
    0x9d,0x5a,0xce,0x59,0xc6,0x74,0x84,0xd1,0x42,0xb1,0x3a,0x11,0x43,0x32,0x4b,0x11,
    0x43,0xf1,0x42,0xf1,0x42,0xf2,0x42,0x12,0x43,0x12,0x43,0x34,0x74,0x5a,0xce,0x9b,
    0xd6,0x17,0x9d,0x32,0x4b,0x12,0x43,0x12,0x43,0xf2,0x42,0x6b,0x11,0x2a,0x01,0x2a,
    0x01,0x09,0x01,0x0a,0x01,0x0a,0x01,0x2a,0x01,0x2a,0x01,0x0a,0x01,0x2a,0x01,0x2a,
    0x01,0x2a,0x01,0x2a,0x01,0x2a,0x01,0x2b,0x01,0x8b,0x4b,0x01,0x4b,0x01,0x6b,0x01,
    0x6c,0x01,0x8c,0x01,0xad,0x01,0x2e,0x2a,0x31,0x5b,0xb4,0x8c,0x59,0xc6,0xdb,0xde,
    0x22,0xdb,0xde,0xff,0xbb,0xd6,0xb6,0x8c,0x74,0x53,0x74,0x53,0x74,0x5b,0x94,0x5b,
    0x94,0x5b,0x74,0x53,0x54,0x4b,0x34,0x43,0x13,0x43,0xf3,0x3a,0xf3,0x3a,0xd3,0x32,
    0xd3,0x32,0xd3,0x32,0xd3,0x32,0xd3,0x32,0xd3,0x32,0xf3,0x32,0xf3,0x3a,0x14,0x43,
    0x54,0x53,0xd5,0x63,0x56,0x7c,0xd5,0x63,0x35,0x3b,0xb9,0xad,0xdb,0xde,0xdb,0xde,
    0xf7,0x94,0x14,0x33,0x14,0x33,0x14,0x33,0x14,0x33,0x14,0x33,0x14,0x3b,0x95,0x53,
    0x56,0x7c,0x98,0xad,0xbb,0xd6,0xdb,0xde,0xdb,0xde,0xdb,0xde,0x9a,0xce,0x76,0x7c,
    0xd4,0x22,0x14,0x33,0x38,0x9d,0xbb,0xd6,0xdb,0xde,0xdb,0xde,0xbb,0xd6,0xbb,0xd6,
    0xdb,0xde,0xdb,0xde,0x9a,0xd6,0x3a,0xc6,0xf7,0x94,0x14,0x3b,0xd4,0x2a,0xd4,0x2a,
    0xf4,0x2a,0xf4,0x32,0xf4,0x32,0xd3,0x22,0xd4,0x2a,0xf4,0x2a,0xf4,0x32,0xf4,0x32,
    0x14,0x3b,0x14,0x3b,0xd3,0x2a,0xd3,0x2a,0xf4,0x32,0xf4,0x3a,0x14,0x3b,0x14,0x3b,
    0x14,0x3b,0x14,0x3b,0x14,0x3b,0x75,0x53,0x95,0x5b,0xf3,0x32,0x14,0x3b,0x34,0x43,
    0x34,0x43,0x75,0x53,0xb5,0x63,0x14,0x3b,0x34,0x43,0x34,0x4b,0x34,0x4b,0x54,0x4b,
    0x54,0x4b,0x34,0x43,0x14,0x43,0xd3,0x32,0xb2,0x2a,0xb2,0x2a,0xd2,0x32,0x13,0x3b,
    0x13,0x43,0x34,0x4b,0x54,0x4b,0x54,0x53,0x54,0x53,0xb7,0x8c,0xbe,0xf7,0xff,0xff,
    0xdf,0xff,0x75,0xad,0xce,0x6b,0xce,0x6b,0xce,0x6b,0xce,0x6b,0xce,0x6b,0xcf,0x6b,
    0xcf,0x6b,0xcf,0x73,0xcf,0x73,0xcf,0x73,0xcf,0x73,0xcf,0x73,0xcf,0x73,0xcf,0x73,
    0x0c,0x5b,0xff,0xc7,0x31,0xe3,0x18,0x04,0x21,0x25,0x21,0x69,0x42,0x8e,0x6b,0xcf,
    0x73,0xef,0x73,0xef,0x73,0xef,0x73,0xef,0x73,0xef,0x73,0xef,0x73,0xef,0x73,0xef,
    0x73,0xef,0x73,0x8e,0x63,0x28,0x3a,0x25,0x21,0x26,0x19,0x26,0x19,0x26,0x19,0x26,
    0x19,0x05,0x19,0x05,0x19,0x05,0x19,0x05,0x19,0x05,0x19,0xe5,0x18,0xe5,0x18,0xe5,
    0x18,0xe5,0x18,0xe5,0x18,0xe5,0x18,0xe5,0x18,0xe5,0x18,0xe5,0x18,0xe5,0x18,0xe5,
    0x18,0xe5,0x18,0xe5,0x18,0xe5,0x18,0xe5,0x18,0xe4,0x18,0xe5,0x18,0xc9,0x29,0x8c,
    0x3a,0x8d,0x3a,0x8d,0x3a,0x8d,0x3a,0x8d,0x3a,0xad,0x3a,0xce,0x42,0xef,0x4a,0x0f,
    0x53,0x0f,0x4b,0xad,0x42,0x4c,0x32,0x2c,0x2a,0x6d,0x32,0x8d,0x3a,0xae,0x3a,0xae,
    0x3a,0xae,0x3a,0xae,0x3a,0xae,0x3a,0xae,0x3a,0xd1,0x6b,0x76,0xa5,0x96,0xad,0x73,
    0x84,0xcf,0x42,0xaf,0x3a,0xaf,0x3a,0xaf,0x3a,0xcf,0x3a,0xcf,0x3a,0xcf,0x3a,0xcf,
    0x3a,0xcf,0x3a,0xcf,0x3a,0xd0,0x3a,0xcf,0x3a,0xd0,0x3a,0xd0,0x3a,0xd0,0x3a,0xd0,
    0x3a,0xb0,0x32,0x90,0x32,0x92,0x5b,0x77,0xa5,0x7a,0xce,0x19,0xbe,0x13,0x74,0xb0,
    0x3a,0xb0,0x3a,0x11,0x4b,0x32,0x4b,0xf1,0x42,0xf1,0x42,0xf1,0x42,0xf1,0x42,0xf2,
    0x42,0xf2,0x42,0xb5,0x8c,0x7a,0xce,0x7a,0xce,0xd6,0x8c,0x12,0x43,0xf2,0x42,0x12,
    0x43,0x12,0x43,0xf2,0x42,0x6b,0x11,0x0a,0x01,0x0a,0x01,0x0a,0x01,0x0a,0x01,0x0a,
    0x01,0x0a,0x01,0x2a,0x01,0x0a,0x01,0x2a,0x01,0x2a,0x01,0x2a,0x01,0x2b,0x01,0x2b,
    0x01,0x90,0x2b,0x01,0x4b,0x01,0x4b,0x01,0x6b,0x01,0x8c,0x01,0xac,0x01,0xcd,0x09,
    0x0e,0x1a,0x8f,0x2a,0xf1,0x42,0x72,0x5b,0x74,0x7c,0x77,0xa5,0x19,0xbe,0xba,0xd6,
    0xdb,0xde,0x1d,0xdb,0xde,0xff,0x9a,0xce,0x76,0x84,0xb5,0x63,0xf5,0x6b,0x35,0x7c,
    0x76,0x84,0x96,0x84,0x96,0x8c,0x96,0x8c,0x56,0x7c,0xf5,0x6b,0x94,0x5b,0x54,0x53,
    0x34,0x4b,0x14,0x43,0xf3,0x3a,0xf3,0x3a,0xf3,0x32,0xf3,0x32,0xf3,0x32,0xf3,0x32,
    0xf3,0x32,0xf3,0x3a,0x13,0x3b,0x14,0x43,0x34,0x43,0x34,0x43,0x35,0x3b,0x35,0x3b,
    0x56,0x7c,0x97,0x84,0x55,0x43,0x14,0x33,0x14,0x33,0x14,0x33,0x14,0x33,0x15,0x33,
    0x14,0x33,0x14,0x33,0x35,0x3b,0x98,0xad,0xdb,0xde,0xdb,0xde,0x9a,0xd6,0x3a,0xc6,
    0x7a,0xce,0x99,0xad,0x14,0x33,0xd5,0x63,0xba,0xd6,0xdb,0xde,0xdb,0xde,0x17,0x95,
    0x54,0x4b,0x14,0x3b,0x15,0x6c,0x58,0xa5,0x9a,0xce,0xdb,0xde,0xdb,0xde,0x96,0x84,
    0xd4,0x2a,0xf4,0x2a,0x14,0x33,0xf4,0x32,0xd3,0x2a,0xd4,0x2a,0xf4,0x32,0xf4,0x32,
    0xf4,0x32,0x14,0x3b,0x14,0x3b,0xd4,0x2a,0xf4,0x32,0xf4,0x3a,0x14,0x3b,0x14,0x3b,
    0x14,0x3b,0x14,0x3b,0x14,0x3b,0x14,0x3b,0x34,0x43,0x34,0x43,0xb5,0x63,0x34,0x4b,
    0x14,0x3b,0x34,0x43,0x34,0x43,0x54,0x4b,0xd5,0x63,0x75,0x53,0x34,0x43,0x14,0x43,
    0x14,0x3b,0xf3,0x3a,0xb2,0x2a,0x92,0x22,0x92,0x2a,0xb2,0x32,0xf3,0x3a,0x33,0x43,
    0x34,0x4b,0x54,0x53,0x54,0x53,0x33,0x4b,0x13,0x43,0x34,0x4b,0x54,0x4b,0x74,0x53,
    0x58,0xa5,0xdf,0xff,0x79,0xce,0xef,0x73,0xce,0x6b,0xce,0x6b,0xce,0x6b,0xce,0x6b,
    0xcf,0x6b,0xcf,0x6b,0xcf,0x6b,0xcf,0x73,0xcf,0x73,0xcf,0x73,0xcf,0x73,0xcf,0x73,
    0xae,0x6b,0xcb,0x4a,0x99,0x65,0x29,0xe4,0x20,0x04,0x21,0x65,0x29,0xcb,0x4a,0xae,
    0x6b,0xcf,0x73,0xef,0x73,0xef,0x73,0xef,0x73,0xef,0x73,0xef,0x73,0xef,0x73,0xef,
    0x73,0xef,0x73,0xef,0x73,0x4d,0x63,0xe7,0x31,0x26,0x21,0x26,0x21,0x26,0x19,0x26,
    0x19,0x26,0x19,0x06,0x19,0x05,0x19,0x14,0x05,0x19,0xe6,0xc9,0x29,0x6c,0x3a,0x8d,
    0x3a,0x8d,0x3a,0x8d,0x3a,0x8d,0x3a,0x8d,0x3a,0x8d,0x3a,0x8d,0x3a,0x8d,0x3a,0xad,
    0x3a,0xce,0x42,0xef,0x4a,0x2f,0x53,0x0f,0x4b,0xae,0x3a,0x4c,0x2a,0x4d,0x32,0x8e,
    0x3a,0xae,0x3a,0xae,0x3a,0xce,0x3a,0xf1,0x73,0x76,0xa5,0x76,0xa5,0xf2,0x73,0xcf,
    0x3a,0xaf,0x3a,0xaf,0x3a,0xaf,0x3a,0xaf,0x3a,0xaf,0x3a,0xaf,0x3a,0xaf,0x3a,0xcf,
    0x3a,0xcf,0x3a,0xcf,0x3a,0xcf,0x3a,0xd0,0x3a,0xd0,0x3a,0xd0,0x3a,0xb0,0x3a,0x8f,
    0x32,0xb0,0x32,0xd3,0x6b,0xb8,0xb5,0x5a,0xc6,0xd8,0xb5,0x72,0x5b,0xb0,0x32,0xb0,
    0x3a,0x11,0x4b,0x12,0x4b,0xf1,0x42,0xf1,0x42,0xf1,0x42,0xf1,0x42,0xf1,0x42,0x12,
    0x4b,0x16,0x9d,0x9a,0xce,0x5a,0xce,0x34,0x7c,0xf2,0x42,0xf2,0x42,0xf2,0x42,0x12,
    0x43,0x12,0x43,0xf2,0x42,0x6b,0x11,0x0a,0x01,0x09,0x01,0x0a,0x01,0x0a,0x01,0x0a,
    0x01,0x0a,0x01,0x2a,0x01,0x2a,0x01,0x2a,0x01,0x2a,0x01,0x2a,0x01,0x2b,0x01,0x4b,
    0x01,0x4b,0x01,0x4b,0x01,0x6b,0x01,0x8c,0x01,0xac,0x01,0xcd,0x01,0x0e,0x12,0x4f,
    0x2a,0xf0,0x42,0x92,0x5b,0x13,0x74,0x33,0x74,0xf3,0x6b,0xd2,0x63,0xd3,0x6b,0xf6,
    0x94,0x39,0xc6,0xba,0xd6,0xdb,0xde,0x19,0xdb,0xde,0xff,0x7a,0xce,0x35,0x74,0xf5,
    0x6b,0x35,0x7c,0xb6,0x8c,0x17,0x9d,0x98,0xad,0xb9,0xb5,0xf9,0xbd,0xf9,0xbd,0xf9,
    0xbd,0x98,0xad,0x17,0x9d,0x56,0x84,0xf5,0x6b,0x94,0x5b,0x54,0x53,0x34,0x43,0x13,
    0x3b,0xf3,0x3a,0xf3,0x3a,0xf3,0x32,0xf3,0x32,0xf3,0x32,0xf3,0x3a,0xf3,0x3a,0xf3,
    0x3a,0x14,0x3b,0x35,0x3b,0x35,0x3b,0x35,0x3b,0x15,0x3b,0x35,0x3b,0x35,0x3b,0x35,
    0x3b,0x15,0x3b,0x35,0x3b,0x15,0x33,0x14,0x33,0x75,0x4b,0xf9,0xbd,0xdb,0xde,0xdb,
    0xde,0x5a,0xc6,0x16,0x6c,0x34,0x3b,0x34,0x3b,0x14,0x33,0xf4,0x2a,0xf4,0x32,0xd9,
    0xb5,0xdb,0xde,0xdb,0xde,0xb9,0xb5,0xd5,0x63,0x54,0x43,0xf4,0x32,0x14,0x3b,0xd7,
    0x94,0xdb,0xde,0xdb,0xde,0x5a,0xc6,0x14,0x3b,0xf4,0x32,0x14,0x3b,0x14,0x33,0xf4,
    0x2a,0xf4,0x2a,0xf4,0x32,0x14,0x33,0x14,0x3b,0x34,0x43,0xf4,0x32,0xf4,0x32,0x14,
    0x3b,0x14,0x3b,0x14,0x3b,0x14,0x3b,0x14,0x3b,0x14,0x3b,0x14,0x3b,0x14,0x43,0x34,
    0x43,0x34,0x43,0x75,0x53,0xb5,0x5b,0x14,0x3b,0x34,0x43,0x34,0x43,0x34,0x4b,0x75,
    0x53,0xd5,0x63,0x74,0x53,0x75,0x53,0x74,0x53,0x54,0x4b,0x34,0x43,0x34,0x43,0xf3,
    0x3a,0x74,0x4b,0x95,0x53,0x95,0x5b,0x95,0x5b,0xb5,0x5b,0xf5,0x6b,0x15,0x74,0x74,
    0x53,0xf3,0x3a,0x34,0x43,0x54,0x53,0x94,0x5b,0x7b,0xce,0x30,0x7c,0xce,0x6b,0xce,
    0x6b,0xce,0x6b,0xce,0x6b,0xce,0x6b,0xcf,0x6b,0xcf,0x6b,0xcf,0x6b,0xcf,0x73,0xcf,
    0x73,0xcf,0x73,0xcf,0x73,0x8e,0x6b,0x8a,0x4a,0xff,0x24,0x21,0xe4,0x20,0x24,0x21,
    0x86,0x29,0x0c,0x5b,0xae,0x6b,0xcf,0x73,0xef,0x73,0xef,0x73,0xef,0x73,0xef,0x73,
    0xef,0x73,0xef,0x73,0xef,0x73,0xef,0x73,0xef,0x73,0x0b,0x53,0x86,0x29,0x26,0x21,
    0x26,0x21,0x26,0x19,0x26,0x19,0x06,0x19,0x06,0x19,0x06,0x19,0x06,0x19,0x05,0x19,
    0x05,0x19,0x05,0x19,0x05,0x19,0x05,0x19,0x05,0x19,0x05,0x19,0x05,0x19,0x05,0x19,
    0x05,0x19,0x05,0x19,0x05,0x19,0x26,0x19,0x26,0x19,0x26,0x19,0x26,0x21,0x26,0x21,
    0x26,0x21,0x26,0x19,0x4b,0x32,0x4b,0x32,0x6c,0x32,0x8c,0x3a,0x8c,0x3a,0x8d,0x3a,
    0x8d,0x3a,0x8d,0x3a,0x8d,0x3a,0x8d,0x3a,0x8d,0x3a,0x8d,0x3a,0x8d,0x3a,0x8d,0x3a,
    0xae,0x3a,0xae,0x3a,0xef,0x42,0xef,0x4a,0xae,0x3a,0x4d,0x2a,0x8d,0x32,0xce,0x3a,
    0x72,0x84,0x76,0xa5,0x35,0x9d,0x90,0x63,0xaf,0x3a,0xaf,0x3a,0xaf,0x3a,0xaf,0x3a,
    0xaf,0x3a,0xaf,0x3a,0xaf,0x3a,0xaf,0x3a,0xaf,0x3a,0xaf,0x3a,0xaf,0x3a,0xaf,0x3a,
    0xaf,0x3a,0xb0,0x3a,0xb0,0x3a,0xb0,0x32,0x8f,0x32,0xb0,0x3a,0x34,0x7c,0xf8,0xb5,
    0x59,0xc6,0x57,0xa5,0x31,0x53,0x90,0x32,0xd0,0x3a,0x12,0x4b,0x11,0x43,0xf1,0x42,
    0xd1,0x3a,0xf1,0x42,0xf1,0x3a,0xf1,0x42,0x32,0x4b,0x77,0xad,0x9a,0xce,0x19,0xbe,
    0xd4,0x6b,0xf2,0x42,0xf2,0x42,0xf2,0x42,0xf2,0x42,0xf2,0x42,0xf2,0x42,0xf2,0x42,
    0x6b,0x11,0x09,0x01,0x0a,0x01,0x0a,0x01,0x0a,0x01,0x0a,0x01,0x0a,0x01,0x2a,0x01,
    0x2a,0x01,0x2a,0x01,0x2a,0x01,0x2b,0x01,0x98,0x2b,0x01,0x4b,0x01,0x4b,0x01,0x6b,
    0x01,0x8c,0x01,0x8c,0x01,0xcd,0x01,0xee,0x11,0x2f,0x22,0xb0,0x32,0x51,0x53,0xf3,
    0x6b,0x34,0x74,0x34,0x74,0xd3,0x6b,0x92,0x63,0x92,0x5b,0x72,0x5b,0xb2,0x63,0x74,
    0x7c,0x36,0x9d,0x19,0xbe,0xdb,0xd6,0xdb,0xde,0x15,0xdb,0xde,0xff,0x3a,0xc6,0x15,
    0x74,0xf5,0x6b,0x55,0x7c,0xb6,0x8c,0x37,0xa5,0xb9,0xb5,0xf9,0xbd,0xf9,0xbd,0xf9,
    0xbd,0x19,0xbe,0x5a,0xc6,0x7a,0xce,0x3a,0xc6,0xb9,0xb5,0x58,0xa5,0x17,0x9d,0xb6,
    0x8c,0x15,0x74,0x94,0x5b,0x34,0x4b,0x14,0x3b,0xf3,0x3a,0xf3,0x3a,0xf3,0x3a,0xf3,
    0x3a,0xf3,0x3a,0xf3,0x3a,0x14,0x3b,0x35,0x3b,0x35,0x3b,0x35,0x3b,0x35,0x3b,0x35,
    0x3b,0x35,0x3b,0x35,0x3b,0x35,0x3b,0x35,0x3b,0x15,0x3b,0x14,0x33,0x18,0x9d,0xdb,
    0xde,0xdb,0xde,0x1a,0xc6,0xd6,0x63,0x14,0x33,0x14,0x33,0x14,0x33,0x16,0x6c,0x56,
    0x74,0x14,0x33,0xd5,0x63,0x3a,0xc6,0xdb,0xde,0xdb,0xde,0xbb,0xd6,0x5a,0xce,0xb8,
    0xb5,0xd7,0x8c,0x7a,0xce,0xdb,0xde,0xdb,0xde,0x99,0xad,0x34,0x43,0xf4,0x32,0x14,
    0x3b,0x14,0x3b,0xf4,0x32,0xf4,0x32,0xf4,0x32,0xf4,0x32,0x14,0x3b,0x35,0x43,0xf4,
    0x32,0xf4,0x32,0x14,0x3b,0x14,0x3b,0x14,0x3b,0x14,0x3b,0x34,0x3b,0x34,0x3b,0x34,
    0x43,0x34,0x43,0x34,0x43,0x34,0x43,0x54,0x43,0xb5,0x5b,0x54,0x4b,0x14,0x3b,0x34,
    0x43,0x34,0x4b,0x54,0x4b,0xd5,0x63,0x95,0x5b,0x75,0x53,0x95,0x5b,0xb5,0x5b,0x54,
    0x4b,0x14,0x43,0x75,0x53,0x95,0x53,0x95,0x53,0x95,0x5b,0xb5,0x5b,0x95,0x5b,0x95,
    0x5b,0xd5,0x6b,0x36,0x7c,0x54,0x4b,0xd3,0x32,0x54,0x4b,0x74,0x53,0xf5,0x6b,0xce,
    0x6b,0xce,0x6b,0xce,0x6b,0xce,0x6b,0xce,0x6b,0xcf,0x6b,0xcf,0x6b,0xcf,0x6b,0xcf,
    0x6b,0xcf,0x73,0xcf,0x73,0xcf,0x73,0x6d,0x63,0x08,0x3a,0xff,0xe4,0x20,0x04,0x21,
    0x25,0x21,0xe7,0x31,0x4d,0x5b,0xcf,0x6b,0xcf,0x73,0xef,0x73,0xef,0x73,0xef,0x73,
    0xef,0x73,0xef,0x73,0xef,0x73,0xef,0x73,0xef,0x73,0xcf,0x6b,0xaa,0x4a,0x66,0x29,
    0x26,0x21,0x26,0x21,0x26,0x19,0x26,0x19,0x26,0x19,0x06,0x19,0x06,0x19,0x06,0x19,
    0x06,0x19,0x06,0x19,0x05,0x19,0x05,0x19,0x05,0x19,0x05,0x19,0x05,0x19,0x05,0x19,
    0x05,0x19,0x05,0x19,0x05,0x19,0x26,0x19,0x26,0x19,0x26,0x19,0x26,0x21,0x26,0x21,
    0x46,0x21,0x26,0x21,0x27,0x19,0x2b,0x32,0xad,0x3a,0x4c,0x32,0x4b,0x32,0x6c,0x3a,
    0x8c,0x3a,0x8d,0x3a,0x8d,0x3a,0x8d,0x3a,0x8d,0x3a,0x8d,0x3a,0x8d,0x3a,0x8d,0x3a,
    0x8d,0x3a,0x8d,0x3a,0x8d,0x3a,0x8d,0x3a,0x8e,0x3a,0xae,0x3a,0xcf,0x42,0x8e,0x3a,
    0xad,0x3a,0x93,0x84,0x76,0xa5,0xf4,0x94,0x0f,0x4b,0x6e,0x32,0x4d,0x2a,0x4d,0x2a,
    0x2d,0x22,0x4d,0x2a,0x4e,0x2a,0x6e,0x32,0x8f,0x32,0xaf,0x32,0xaf,0x32,0xaf,0x3a,
    0xaf,0x3a,0xaf,0x3a,0xaf,0x3a,0xb0,0x3a,0x8f,0x32,0x6f,0x2a,0xd0,0x42,0x94,0x84,
    0x19,0xbe,0x39,0xc6,0x16,0x95,0xf1,0x42,0x90,0x32,0xd1,0x3a,0x11,0x4b,0xf1,0x42,
    0xd1,0x3a,0xd1,0x3a,0xd1,0x3a,0xd1,0x3a,0xd1,0x3a,0x73,0x5b,0xb8,0xb5,0x7a,0xce,
    0xb8,0xb5,0x73,0x53,0xf2,0x42,0xf2,0x42,0xf2,0x42,0xf2,0x42,0xf2,0x42,0xf2,0x42,
    0xf2,0x42,0xd2,0x3a,0x6b,0x09,0x09,0x01,0x0a,0x01,0x0a,0x01,0x0a,0x01,0x0a,0x01,
    0x2a,0x01,0x2a,0x01,0x2a,0x01,0x2a,0x01,0x2b,0x01,0x9c,0x2b,0x01,0x2b,0x01,0x4b,
    0x01,0x6b,0x01,0x6c,0x01,0xac,0x01,0xcd,0x01,0xee,0x11,0x2f,0x22,0x8f,0x32,0xf1,
    0x42,0x72,0x5b,0xf3,0x6b,0x34,0x74,0x33,0x74,0xd3,0x6b,0xb2,0x63,0xb2,0x63,0xb3,
    0x63,0xf3,0x6b,0x54,0x7c,0x94,0x84,0xb4,0x84,0x94,0x84,0x36,0x9d,0x18,0xbe,0x7a,
    0xce,0xdb,0xde,0x11,0xdb,0xde,0xff,0xf9,0xb5,0x74,0x5b,0xb5,0x63,0x35,0x74,0xb6,
    0x8c,0x57,0xa5,0xd9,0xb5,0xf9,0xbd,0xb8,0xb5,0x58,0xa5,0x57,0xa5,0x78,0xad,0xf9,
    0xbd,0x5a,0xce,0x9b,0xd6,0x7a,0xce,0x7a,0xce,0x7a,0xce,0x5a,0xce,0xf9,0xbd,0x17,
    0x9d,0x15,0x74,0x54,0x53,0x14,0x43,0x13,0x3b,0xf3,0x3a,0xf3,0x3a,0xf3,0x3a,0xf3,
    0x3a,0x74,0x53,0x34,0x3b,0x35,0x3b,0x35,0x3b,0x35,0x3b,0x35,0x3b,0x35,0x3b,0x35,
    0x3b,0x35,0x3b,0x35,0x3b,0x15,0x3b,0x35,0x3b,0x95,0x53,0xf7,0x94,0x17,0x95,0x75,
    0x53,0x14,0x33,0x14,0x33,0x14,0x33,0xd7,0x8c,0xdb,0xde,0xdb,0xde,0x98,0xad,0x14,
    0x33,0x34,0x3b,0xd5,0x63,0x17,0x9d,0x19,0xbe,0x9a,0xce,0xdb,0xde,0xdb,0xde,0xdb,
    0xde,0xdb,0xde,0x58,0xa5,0x14,0x3b,0xf4,0x32,0xf4,0x32,0x14,0x33,0x34,0x43,0x14,
    0x3b,0xf4,0x32,0x14,0x33,0xf4,0x3a,0x14,0x3b,0x55,0x43,0x34,0x43,0x14,0x33,0x14,
    0x3b,0x14,0x3b,0x14,0x3b,0x34,0x3b,0x34,0x43,0x34,0x43,0x34,0x43,0x34,0x43,0x34,
    0x43,0x34,0x43,0x55,0x43,0x75,0x53,0xb5,0x63,0x14,0x3b,0x34,0x43,0x55,0x4b,0x54,
    0x4b,0x75,0x53,0xf5,0x6b,0x95,0x5b,0xd5,0x63,0x36,0x74,0x54,0x4b,0x54,0x4b,0x95,
    0x53,0x75,0x53,0x74,0x53,0x75,0x53,0x95,0x5b,0x95,0x5b,0x95,0x5b,0x95,0x5b,0xf5,
    0x6b,0xb5,0x63,0x92,0x22,0x34,0x4b,0x74,0x53,0x74,0x53,0xce,0x6b,0xce,0x6b,0xce,
    0x6b,0xce,0x6b,0xce,0x6b,0xce,0x6b,0xcf,0x6b,0xcf,0x6b,0xcf,0x6b,0xcf,0x73,0xcf,
    0x73,0x0c,0x5b,0xc7,0x31,0xff,0x04,0x21,0x04,0x21,0x45,0x21,0x29,0x3a,0x8e,0x63,
    0xcf,0x6b,0xcf,0x73,0xef,0x73,0xef,0x73,0xef,0x73,0xef,0x73,0xef,0x73,0xef,0x73,
    0xef,0x73,0xef,0x73,0xae,0x6b,0x49,0x42,0x46,0x21,0x26,0x21,0x26,0x21,0x26,0x19,
    0x26,0x19,0x06,0x19,0x06,0x19,0x06,0x19,0x06,0x19,0x06,0x19,0x05,0x19,0x06,0x19,
    0x05,0x19,0x05,0x19,0x05,0x19,0x05,0x19,0x05,0x19,0x06,0x19,0x06,0x19,0x06,0x19,
    0x26,0x19,0x26,0x19,0x26,0x21,0x46,0x21,0x46,0x21,0x47,0x21,0x47,0x21,0xe9,0x31,
    0xcd,0x42,0x4b,0x32,0x0b,0x2a,0x0b,0x2a,0x0a,0x2a,0x4c,0x32,0x6c,0x3a,0x6c,0x3a,
    0x6d,0x32,0x6d,0x32,0x6d,0x32,0x8d,0x3a,0x8d,0x32,0x8d,0x32,0x8d,0x3a,0x8d,0x3a,
    0x8d,0x3a,0x8d,0x3a,0x8d,0x3a,0x8e,0x3a,0xae,0x3a,0x2f,0x53,0xd3,0x8c,0x34,0x9d,
    0x93,0x84,0x8e,0x3a,0x0c,0x1a,0xcb,0x19,0xcb,0x11,0xab,0x11,0xab,0x11,0xab,0x11,
    0xab,0x11,0xcb,0x11,0xec,0x19,0x4d,0x22,0x6e,0x32,0x8f,0x32,0xaf,0x3a,0xaf,0x3a,
    0xaf,0x3a,0x8f,0x32,0x6f,0x2a,0xf0,0x42,0xd5,0x94,0x19,0xbe,0x19,0xbe,0x74,0x84,
    0xd0,0x3a,0x90,0x2a,0xd1,0x3a,0x11,0x4b,0xf1,0x42,0xd1,0x3a,0xd1,0x3a,0xd1,0x3a,
    0xd1,0x3a,0xd1,0x3a,0xb3,0x63,0x19,0xbe,0x7a,0xce,0x57,0xa5,0x32,0x4b,0xf2,0x3a,
    0xf2,0x3a,0xf2,0x42,0xf2,0x42,0xf2,0x42,0xf2,0x42,0xf2,0x42,0xd2,0x3a,0xb1,0x3a,
    0x6b,0x11,0x09,0x01,0x09,0x01,0x0a,0x01,0x0a,0x01,0x0a,0x01,0x2a,0x01,0x2a,0x01,
    0x2a,0x01,0x2a,0x01,0xff,0x2b,0x01,0x2b,0x01,0x4b,0x01,0x6b,0x01,0x6c,0x01,0xac,
    0x01,0xcd,0x09,0x0e,0x1a,0x6f,0x2a,0xb0,0x3a,0xf1,0x42,0x51,0x53,0x92,0x5b,0xf3,
    0x6b,0x13,0x74,0x13,0x74,0x13,0x74,0x13,0x74,0xf3,0x73,0x13,0x74,0x54,0x7c,0x94,
    0x84,0xb4,0x84,0xb5,0x8c,0x74,0x7c,0xf3,0x73,0xb2,0x63,0x92,0x63,0x13,0x74,0xb7,
    0xb5,0xba,0xd6,0xdb,0xde,0xdb,0xde,0xdb,0xde,0xdb,0xde,0xdb,0xde,0xdb,0xde,0xdb,
    0xde,0xdb,0xde,0xdb,0xde,0xdb,0xde,0xdb,0xde,0xdb,0xde,0xdb,0xde,0xdb,0xde,0x98,
    0xad,0x74,0x53,0x74,0x53,0xb5,0x63,0x35,0x74,0xd6,0x94,0x98,0xad,0xd9,0xbd,0xd9,
    0xb5,0x57,0xa5,0xf7,0x94,0xd6,0x94,0x17,0x9d,0xd9,0xb5,0x3a,0xc6,0x5a,0xce,0x5a,
    0xc6,0x3a,0xc6,0x5a,0xc6,0x9a,0xce,0x9b,0xd6,0x5a,0xce,0x58,0xa5,0xf5,0x73,0x54,
    0x53,0x34,0x43,0x14,0x43,0x14,0x3b,0x13,0x3b,0x34,0x43,0x37,0x9d,0xd6,0x8c,0x75,
    0x4b,0x35,0x43,0x35,0x43,0x35,0x3b,0x35,0x3b,0x35,0x3b,0x35,0x3b,0x35,0x3b,0x35,
    0x3b,0x35,0x3b,0x35,0x3b,0x15,0x3b,0x14,0x3b,0x14,0x3b,0x14,0x33,0x14,0x33,0x14,
    0x33,0x16,0x6c,0xbb,0xd6,0xdb,0xde,0xba,0xd6,0x96,0x84,0x54,0x43,0x14,0x3b,0x14,
    0x3b,0x35,0x43,0xb7,0x8c,0xdb,0xde,0xdb,0xde,0xbb,0xd6,0x78,0xad,0x55,0x4b,0x14,
    0x33,0x14,0x33,0x14,0x33,0x14,0x33,0x34,0x3b,0x34,0x43,0x14,0x3b,0xf4,0x32,0x14,
    0x3b,0x14,0x3b,0x34,0x43,0x55,0x4b,0x14,0x3b,0x14,0x3b,0x14,0x3b,0x34,0x3b,0x34,
    0x43,0x34,0x43,0xff,0x34,0x43,0x34,0x43,0x34,0x43,0x34,0x43,0x55,0x43,0x34,0x4b,
    0x55,0x4b,0xb5,0x63,0x75,0x53,0x14,0x3b,0x55,0x4b,0x55,0x4b,0x55,0x4b,0xd5,0x63,
    0xd5,0x63,0xd5,0x63,0x56,0x7c,0xf5,0x6b,0x54,0x4b,0x74,0x53,0x95,0x53,0x74,0x53,
    0x74,0x53,0x74,0x53,0x95,0x5b,0x95,0x5b,0x74,0x53,0x74,0x53,0x54,0x4b,0xb2,0x22,
    0x54,0x4b,0x74,0x53,0x74,0x53,0xce,0x6b,0xce,0x6b,0xce,0x6b,0xce,0x6b,0xce,0x6b,
    0xcf,0x6b,0xcf,0x6b,0xcf,0x6b,0xcf,0x6b,0xce,0x6b,0xcb,0x52,0x86,0x29,0xe3,0x18,
    0x04,0x21,0x45,0x29,0xaa,0x4a,0xae,0x6b,0xcf,0x6b,0xcf,0x73,0xef,0x73,0xef,0x73,
    0xef,0x73,0xef,0x73,0xef,0x73,0xef,0x73,0xef,0x73,0xef,0x73,0x4d,0x63,0x08,0x3a,
    0x46,0x21,0x46,0x21,0x46,0x21,0x26,0x21,0x26,0x21,0x26,0x21,0x26,0x21,0x05,0x19,
    0x06,0x19,0x06,0x19,0x05,0x19,0x05,0x19,0x06,0x19,0x05,0x19,0x05,0x19,0x05,0x19,
    0x05,0x19,0x05,0x19,0x06,0x19,0x06,0x19,0x06,0x19,0x26,0x19,0x26,0x21,0x26,0x21,
    0x26,0x21,0x47,0x21,0x27,0x21,0x88,0x21,0x4b,0x32,0xad,0x42,0xee,0x4a,0x0e,0x4b,
    0xee,0x4a,0x2b,0x32,0xca,0x21,0xeb,0x21,0x2c,0x2a,0x6c,0x32,0x6d,0x32,0x6d,0x32,
    0x8d,0x32,0x8d,0x32,0x8d,0x32,0x8d,0x32,0x8d,0x32,0x8d,0x32,0x8d,0x32,0x8d,0x32,
    0x8d,0x32,0x90,0x63,0x55,0xa5,0x55,0xa5,0xd0,0x6b,0x2d,0x2a,0xec,0x19,0xcc,0x19,
    0x2c,0x22,0x4d,0x2a,0x6e,0x32,0x8e,0x32,0x8e,0x32,0x6e,0x2a,0x2d,0x2a,0xec,0x19,
    0xec,0x19,0xff,0x2d,0x22,0x6e,0x2a,0x8f,0x32,0x8f,0x32,0x6f,0x2a,0x6f,0x2a,0x31,
    0x53,0x36,0x9d,0x19,0xbe,0xd8,0xb5,0x13,0x74,0x90,0x2a,0x90,0x2a,0xf1,0x42,0x11,
    0x43,0xd1,0x3a,0xd1,0x3a,0xb1,0x3a,0xd1,0x3a,0xd1,0x3a,0xd1,0x3a,0x34,0x7c,0x19,
    0xc6,0x7a,0xce,0xd6,0x94,0xf2,0x3a,0xd2,0x3a,0xd2,0x3a,0xd2,0x3a,0xf2,0x3a,0xf2,
    0x3a,0xf2,0x3a,0xf2,0x3a,0xd1,0x3a,0xd2,0x3a,0x12,0x4b,0x8b,0x19,0x09,0x01,0x0a,
    0x01,0x0a,0x01,0x0a,0x01,0x0a,0x01,0x2a,0x01,0x2a,0x01,0x2a,0x01,0x2b,0x01,0x2b,
    0x01,0x4b,0x01,0x4b,0x01,0x6c,0x01,0xac,0x01,0xcd,0x09,0x2e,0x22,0xb0,0x32,0x31,
    0x4b,0x72,0x5b,0x92,0x63,0xd3,0x63,0xd3,0x6b,0xb3,0x63,0x92,0x63,0x92,0x5b,0xb3,
    0x63,0xd3,0x6b,0x13,0x74,0x34,0x74,0x54,0x7c,0x54,0x7c,0x94,0x84,0x94,0x84,0x74,
    0x7c,0xf3,0x6b,0x71,0x5b,0x10,0x4b,0xae,0x3a,0x4d,0x2a,0xae,0x42,0x32,0x7c,0x56,
    0xa5,0x79,0xce,0xfb,0xde,0xdb,0xde,0xdb,0xde,0xdb,0xde,0xdb,0xde,0xdb,0xde,0xdb,
    0xde,0xdb,0xde,0xdb,0xde,0xdb,0xde,0x37,0x9d,0x74,0x53,0x74,0x5b,0x94,0x5b,0xd5,
    0x63,0x15,0x74,0x96,0x84,0x57,0xa5,0xd9,0xb5,0xd9,0xb5,0x57,0xa5,0xb6,0x8c,0x76,
    0x84,0xb6,0x8c,0x58,0xa5,0xd8,0xb5,0xb8,0xb5,0x57,0xa5,0x17,0x9d,0x57,0xa5,0xf9,
    0xbd,0x9b,0xd6,0x9b,0xd6,0x19,0xbe,0xb6,0x8c,0xb5,0x63,0x95,0x5b,0xd5,0x63,0x15,
    0x74,0x95,0x5b,0x54,0x4b,0x39,0xc6,0xbb,0xd6,0xd7,0xbd,0x16,0xa5,0xb5,0x5b,0x35,
    0x43,0xff,0x35,0x43,0x35,0x43,0x35,0x3b,0x35,0x3b,0x35,0x3b,0x35,0x3b,0x35,0x3b,
    0x35,0x3b,0x35,0x3b,0x35,0x3b,0x15,0x3b,0x35,0x3b,0x14,0x3b,0x14,0x33,0x98,0xad,
    0xdb,0xde,0xdb,0xde,0xdb,0xde,0x7a,0xce,0xd9,0xb5,0x78,0xa5,0xd9,0xb5,0xbb,0xd6,
    0xdb,0xde,0xbb,0xd6,0xb7,0x8c,0x35,0x43,0x34,0x3b,0x14,0x3b,0x14,0x33,0x14,0x3b,
    0x14,0x3b,0x14,0x3b,0x55,0x43,0x14,0x3b,0x14,0x3b,0x14,0x3b,0x14,0x3b,0x14,0x3b,
    0x55,0x4b,0x35,0x43,0x14,0x3b,0x34,0x3b,0x34,0x43,0x34,0x43,0x34,0x43,0x34,0x43,
    0x34,0x43,0x34,0x43,0x55,0x43,0x55,0x4b,0x55,0x4b,0x55,0x4b,0x75,0x53,0xd5,0x63,
    0x34,0x43,0x34,0x43,0x55,0x4b,0x55,0x4b,0x75,0x53,0xf5,0x6b,0xb5,0x5b,0xf5,0x6b,
    0x36,0x74,0xf5,0x6b,0x95,0x5b,0x74,0x53,0x74,0x53,0x74,0x53,0x54,0x4b,0x34,0x4b,
    0x13,0x43,0x54,0x4b,0x33,0x43,0xb2,0x22,0x34,0x4b,0x74,0x53,0x75,0x53,0x94,0x53,
    0xce,0x6b,0xce,0x6b,0xce,0x6b,0xce,0x6b,0xcf,0x6b,0xcf,0x6b,0xcf,0x6b,0xcf,0x73,
    0x8e,0x6b,0x69,0x42,0x45,0x29,0x04,0x21,0x24,0x21,0x86,0x29,0xeb,0x52,0xae,0x6b,
    0xcf,0x73,0xef,0x73,0xef,0x73,0xef,0x73,0xef,0x73,0xef,0x73,0xef,0x73,0xef,0x73,
    0xef,0x73,0xef,0x73,0x2c,0x5b,0xe7,0x31,0x46,0x21,0x66,0x21,0x46,0x21,0x46,0x21,
    0x26,0x21,0x26,0x21,0x26,0x21,0x26,0x21,0x05,0x19,0x05,0x19,0x05,0x19,0x05,0x19,
    0x05,0x19,0x05,0x19,0x05,0x19,0x05,0x19,0x06,0x19,0x05,0x19,0x06,0x19,0x06,0x19,
    0xff,0x06,0x19,0x06,0x19,0x26,0x19,0x26,0x19,0x26,0x21,0x26,0x21,0x47,0x21,0xea,
    0x29,0x0a,0x2a,0x2b,0x2a,0x4c,0x32,0x4c,0x32,0x8c,0x3a,0xce,0x42,0xce,0x42,0xce,
    0x42,0xad,0x42,0x2b,0x32,0xeb,0x21,0x2c,0x2a,0x6d,0x32,0x6d,0x32,0x8d,0x32,0x6d,
    0x32,0x6d,0x32,0x6d,0x32,0x8d,0x32,0x8d,0x32,0x8d,0x3a,0xb0,0x63,0x34,0x9d,0x55,
    0xa5,0xf1,0x6b,0x2d,0x22,0x0c,0x22,0x2d,0x22,0x6e,0x32,0xaf,0x3a,0xaf,0x3a,0xcf,
    0x3a,0xcf,0x42,0xcf,0x3a,0xaf,0x3a,0xaf,0x3a,0xaf,0x32,0x4d,0x2a,0x2d,0x22,0x4e,
    0x2a,0x6f,0x2a,0x6f,0x2a,0x6f,0x2a,0x92,0x5b,0x77,0xa5,0x19,0xbe,0x97,0xad,0x72,
    0x5b,0x70,0x2a,0x90,0x2a,0xf1,0x42,0xf1,0x42,0xd1,0x3a,0xb0,0x3a,0xb1,0x3a,0xb1,
    0x3a,0xd1,0x3a,0xd1,0x3a,0x75,0x84,0x39,0xc6,0x39,0xc6,0x55,0x7c,0xd1,0x3a,0xd2,
    0x3a,0xd2,0x3a,0xd2,0x3a,0xd2,0x3a,0xd2,0x3a,0xd2,0x3a,0xd2,0x3a,0xd1,0x3a,0xd2,
    0x3a,0x33,0x4b,0x12,0x4b,0x6b,0x11,0x09,0x01,0x0a,0x01,0x0a,0x01,0x0a,0x01,0x2a,
    0x01,0x2a,0x01,0x2a,0x01,0x2b,0x01,0x2b,0x01,0x4b,0x01,0x4b,0x01,0x6b,0x01,0x8c,
    0x01,0xcd,0x09,0x2e,0x22,0xd0,0x3a,0x72,0x5b,0xf3,0x6b,0x13,0x74,0x13,0x74,0xf3,
    0x6b,0xd3,0x6b,0x92,0x5b,0x52,0x53,0x32,0x53,0x52,0x53,0x72,0x53,0x92,0x5b,0xb3,
    0x63,0xf3,0x6b,0x13,0x74,0x34,0x74,0x54,0x7c,0x53,0x7c,0xd2,0x6b,0x50,0x5b,0xee,
    0x4a,0xad,0x3a,0x6c,0x32,0x4c,0x2a,0x2c,0x22,0x0c,0x22,0x0c,0x22,0x70,0x63,0xff,
    0x97,0xad,0x79,0xce,0xba,0xd6,0xdb,0xde,0xdb,0xde,0xdb,0xde,0xdb,0xde,0xbb,0xd6,
    0xd7,0x94,0xb5,0x63,0xf5,0x6b,0x15,0x74,0x35,0x7c,0x56,0x84,0x96,0x84,0xb6,0x8c,
    0xd6,0x94,0x57,0xa5,0x58,0xa5,0xf7,0x94,0x76,0x84,0x15,0x74,0x15,0x74,0x35,0x7c,
    0x96,0x84,0xb6,0x8c,0xb6,0x8c,0xf7,0x94,0x78,0xad,0x3a,0xc6,0x7b,0xce,0x7a,0xce,
    0xd9,0xb5,0xd6,0x94,0x15,0x74,0x56,0x7c,0x78,0xad,0x7a,0xce,0x3a,0xc6,0x96,0x8c,
    0x39,0xc6,0xdb,0xde,0x98,0xd6,0x75,0xb5,0x75,0x53,0x55,0x43,0x55,0x43,0x55,0x43,
    0x35,0x43,0x35,0x43,0x35,0x43,0x35,0x3b,0x35,0x3b,0x35,0x3b,0x35,0x3b,0x35,0x3b,
    0x35,0x3b,0x35,0x3b,0x15,0x3b,0x15,0x3b,0x35,0x3b,0xd6,0x63,0x18,0x9d,0x3a,0xc6,
    0xbb,0xd6,0xdb,0xde,0xdb,0xde,0xbb,0xd6,0x9a,0xd6,0x7a,0xce,0xf7,0x94,0x34,0x3b,
    0x35,0x43,0x35,0x43,0x34,0x3b,0x14,0x3b,0x14,0x3b,0x14,0x3b,0x14,0x3b,0x35,0x43,
    0x55,0x43,0x14,0x3b,0x14,0x3b,0x14,0x3b,0x34,0x3b,0x55,0x43,0x55,0x4b,0x34,0x43,
    0x34,0x3b,0x34,0x43,0x34,0x43,0x34,0x43,0x34,0x43,0x34,0x43,0x55,0x43,0x55,0x43,
    0x55,0x4b,0x55,0x4b,0x55,0x4b,0x55,0x4b,0xd5,0x63,0x95,0x53,0x14,0x43,0x55,0x4b,
    0x55,0x4b,0x75,0x53,0xb5,0x63,0xb5,0x63,0xb5,0x5b,0xd5,0x63,0xf5,0x6b,0xf5,0x6b,
    0xd5,0x63,0xb5,0x63,0x74,0x53,0x74,0x53,0x75,0x53,0x75,0x53,0xf3,0x3a,0x54,0x4b,
    0x54,0x4b,0x74,0x53,0x95,0x53,0x94,0x53,0x74,0x53,0xce,0x6b,0xce,0x6b,0xff,0xce,
    0x6b,0xce,0x6b,0xce,0x6b,0xcf,0x6b,0xcf,0x73,0x4d,0x63,0x49,0x42,0x04,0x21,0xe4,
    0x20,0x24,0x21,0xc7,0x31,0x4d,0x5b,0xce,0x6b,0xcf,0x73,0xcf,0x73,0xef,0x73,0xef,
    0x73,0xef,0x73,0xef,0x73,0xef,0x73,0xef,0x73,0xef,0x73,0xcf,0x73,0xcb,0x52,0x86,
    0x29,0x86,0x21,0x66,0x21,0x66,0x21,0x46,0x21,0x46,0x21,0x26,0x21,0x26,0x21,0x26,
    0x21,0x05,0x21,0x05,0x21,0x05,0x19,0x05,0x19,0x05,0x19,0x05,0x19,0x05,0x19,0x05,
    0x19,0x05,0x19,0x06,0x19,0x06,0x19,0x06,0x19,0x06,0x19,0x06,0x19,0x06,0x19,0x06,
    0x19,0x26,0x19,0x26,0x19,0x27,0x19,0x4b,0x3a,0x8d,0x3a,0x2b,0x2a,0x0a,0x2a,0x4b,
    0x2a,0x4c,0x32,0x4c,0x32,0x8d,0x3a,0x8d,0x3a,0x2b,0x2a,0x8d,0x3a,0xce,0x42,0x8d,
    0x3a,0x2c,0x2a,0x4c,0x32,0x6d,0x32,0x6d,0x32,0x6d,0x32,0x6d,0x32,0x6d,0x32,0x8d,
    0x32,0x8d,0x32,0x11,0x74,0x34,0x9d,0xf4,0x94,0x70,0x5b,0xae,0x3a,0x4e,0x2a,0x4d,
    0x2a,0x8e,0x32,0xae,0x32,0x8f,0x3a,0xcf,0x3a,0xf0,0x42,0xf0,0x42,0xf0,0x42,0xcf,
    0x3a,0xaf,0x3a,0xaf,0x32,0xaf,0x32,0x8f,0x32,0x6e,0x32,0x4e,0x22,0x6f,0x2a,0xd2,
    0x6b,0x97,0xad,0x19,0xbe,0x57,0xa5,0x11,0x4b,0x6f,0x2a,0x90,0x32,0xf1,0x42,0xf1,
    0x42,0xb0,0x3a,0xb0,0x32,0xb1,0x32,0xb1,0x32,0xb1,0x32,0xd1,0x3a,0xf6,0x94,0x39,
    0xc6,0x19,0xbe,0xd3,0x6b,0xd1,0x3a,0xd1,0x3a,0xd1,0x3a,0xd1,0x3a,0xd2,0x3a,0xd2,
    0x3a,0xd2,0x3a,0xd1,0x3a,0xb1,0x32,0xd2,0x3a,0x12,0x4b,0x12,0x43,0xff,0xf2,0x42,
    0x6b,0x11,0x09,0x01,0x0a,0x01,0x0a,0x01,0x0a,0x01,0x2a,0x01,0x2a,0x01,0x2a,0x01,
    0x2b,0x01,0x4b,0x01,0x4b,0x01,0x6b,0x01,0x8c,0x01,0xad,0x09,0x2e,0x1a,0xd0,0x3a,
    0x92,0x63,0x33,0x74,0x54,0x7c,0x13,0x74,0xb2,0x63,0x92,0x5b,0x72,0x53,0x52,0x53,
    0x32,0x53,0x11,0x4b,0x11,0x43,0x11,0x4b,0x52,0x53,0x92,0x63,0xf3,0x6b,0xf3,0x6b,
    0xf3,0x6b,0xf3,0x6b,0xd2,0x6b,0x70,0x5b,0xee,0x4a,0xcd,0x4a,0xcd,0x4a,0xad,0x42,
    0x6c,0x3a,0x4b,0x32,0x2b,0x2a,0x0b,0x22,0x0c,0x22,0xec,0x19,0x8e,0x3a,0x91,0x63,
    0x15,0x9d,0x7a,0xce,0xdb,0xde,0xba,0xd6,0x96,0x84,0xf5,0x6b,0x35,0x7c,0x96,0x84,
    0xf7,0x94,0x37,0xa5,0x78,0xad,0xb8,0xad,0xb9,0xb5,0xb8,0xb5,0x78,0xad,0x17,0x9d,
    0xb6,0x8c,0x56,0x7c,0x15,0x74,0xf5,0x73,0x35,0x7c,0xb6,0x8c,0x37,0x9d,0x98,0xad,
    0xd9,0xb5,0x3a,0xc6,0x7a,0xce,0x5a,0xce,0xb8,0xb5,0xd6,0x94,0x56,0x7c,0x96,0x8c,
    0xb9,0xb5,0x9b,0xd6,0x9b,0xd6,0x98,0xad,0x16,0x74,0x39,0xc6,0x99,0xd6,0xf3,0xa4,
    0x74,0x4b,0x55,0x43,0x55,0x43,0x55,0x43,0x55,0x43,0x55,0x43,0x35,0x43,0x35,0x43,
    0x35,0x43,0x35,0x43,0x35,0x43,0x35,0x43,0x35,0x3b,0x35,0x3b,0x35,0x3b,0x35,0x3b,
    0x35,0x3b,0x15,0x3b,0x15,0x3b,0x15,0x3b,0x55,0x43,0xf6,0x63,0x77,0x84,0x56,0x74,
    0xf6,0x6b,0xd5,0x63,0x75,0x53,0x14,0x3b,0x14,0x3b,0x35,0x3b,0x55,0x43,0x35,0x43,
    0x34,0x43,0x14,0x3b,0x14,0x3b,0x14,0x3b,0x34,0x43,0x55,0x4b,0xff,0x35,0x43,0x14,
    0x3b,0x34,0x3b,0x34,0x43,0x34,0x43,0x75,0x4b,0x55,0x4b,0x34,0x3b,0x34,0x43,0x34,
    0x43,0x55,0x43,0x55,0x43,0x55,0x43,0x55,0x4b,0x55,0x4b,0x55,0x4b,0x55,0x4b,0x55,
    0x4b,0x55,0x4b,0x95,0x53,0xf5,0x6b,0x54,0x4b,0x54,0x4b,0x75,0x4b,0x75,0x53,0x75,
    0x53,0x75,0x53,0x75,0x53,0x95,0x5b,0xb5,0x63,0xb5,0x63,0xd5,0x63,0xf5,0x6b,0x95,
    0x5b,0x95,0x53,0xb5,0x5b,0x95,0x5b,0x34,0x43,0xd5,0x63,0x75,0x53,0x54,0x53,0x75,
    0x53,0x75,0x53,0x95,0x53,0xce,0x6b,0xce,0x6b,0xce,0x6b,0xce,0x6b,0xcf,0x6b,0xcf,
    0x6b,0x2c,0x5b,0xe7,0x31,0xe3,0x18,0x04,0x21,0x25,0x21,0x28,0x3a,0x6d,0x63,0xcf,
    0x6b,0xcf,0x73,0xcf,0x73,0xef,0x73,0xef,0x73,0xef,0x73,0xef,0x73,0xef,0x73,0xef,
    0x73,0xef,0x73,0xae,0x6b,0x6a,0x42,0x86,0x29,0x87,0x29,0x87,0x29,0x66,0x29,0x66,
    0x21,0x46,0x21,0x46,0x21,0x46,0x21,0x26,0x21,0x26,0x21,0x26,0x21,0x25,0x21,0x05,
    0x21,0x05,0x21,0x05,0x19,0x05,0x19,0x05,0x19,0x05,0x19,0x05,0x19,0x06,0x19,0x06,
    0x19,0x06,0x19,0x06,0x19,0x06,0x19,0x06,0x19,0x06,0x19,0x06,0x19,0x47,0x21,0x0b,
    0x2a,0x6c,0x3a,0x8d,0x3a,0x4b,0x32,0x0a,0x22,0x2b,0x2a,0x4c,0x32,0x4c,0x32,0x6c,
    0x32,0x8d,0x3a,0x4c,0x2a,0x2b,0x2a,0x6c,0x32,0x8d,0x3a,0x6c,0x32,0x4c,0x2a,0x6d,
    0x32,0x6d,0x32,0x6d,0x32,0x6d,0x32,0x6d,0x32,0xae,0x42,0x52,0x7c,0x14,0x9d,0xb3,
    0x8c,0x0f,0x4b,0x8e,0x32,0xaf,0x3a,0xcf,0x3a,0x8f,0x3a,0xff,0xaf,0x3a,0x8f,0x32,
    0x8f,0x32,0x6e,0x32,0x4d,0x2a,0x2d,0x22,0x4e,0x2a,0x8f,0x32,0xaf,0x32,0xaf,0x32,
    0xd0,0x3a,0xd0,0x42,0x6f,0x2a,0xaf,0x3a,0x33,0x7c,0xb8,0xb5,0xf8,0xbd,0xf5,0x94,
    0xd0,0x3a,0x4f,0x22,0x90,0x32,0xf1,0x42,0xd1,0x3a,0xb0,0x32,0xb0,0x32,0xb1,0x32,
    0xb1,0x32,0xb1,0x32,0x11,0x4b,0x57,0xa5,0x5a,0xc6,0xb8,0xb5,0x73,0x5b,0xb1,0x3a,
    0xb1,0x3a,0xd1,0x3a,0xd1,0x3a,0xd1,0x3a,0xd1,0x3a,0xd2,0x3a,0xb1,0x32,0xb1,0x32,
    0xd2,0x3a,0x12,0x4b,0xf2,0x42,0xf2,0x3a,0xd2,0x3a,0x6b,0x11,0x0a,0x01,0x0a,0x01,
    0x2a,0x01,0x0a,0x01,0x2a,0x01,0x2a,0x01,0x2b,0x01,0x2b,0x01,0x4b,0x01,0x6b,0x01,
    0x8c,0x01,0xad,0x01,0x0e,0x12,0x8f,0x32,0x51,0x53,0x33,0x74,0x74,0x7c,0x53,0x7c,
    0xd3,0x6b,0x92,0x5b,0x72,0x5b,0x92,0x63,0xd3,0x63,0xb2,0x63,0x52,0x53,0x11,0x4b,
    0x11,0x4b,0x72,0x5b,0x13,0x74,0x54,0x7c,0x33,0x74,0xd2,0x6b,0x71,0x5b,0x0f,0x4b,
    0xad,0x42,0x6b,0x3a,0x6b,0x3a,0x8b,0x3a,0xac,0x42,0xac,0x42,0xac,0x42,0x8c,0x3a,
    0x4b,0x32,0x2b,0x2a,0x0b,0x2a,0x2c,0x2a,0x4e,0x2a,0xaf,0x32,0x11,0x4b,0x94,0x8c,
    0x55,0x7c,0x15,0x74,0x56,0x7c,0xb6,0x8c,0x37,0xa5,0xb8,0xb5,0xf9,0xbd,0xf9,0xbd,
    0xf9,0xbd,0x19,0xbe,0x3a,0xc6,0x3a,0xc6,0x3a,0xc6,0xf9,0xbd,0x78,0xad,0xf7,0x94,
    0x76,0x84,0x76,0x7c,0x17,0x9d,0xd9,0xbd,0x3a,0xc6,0x3a,0xc6,0x3a,0xc6,0x19,0xbe,
    0x98,0xad,0xb6,0x8c,0x35,0x7c,0x96,0x8c,0xd9,0xb5,0xff,0x9b,0xd6,0x9b,0xd6,0x78,
    0xad,0xf5,0x6b,0x75,0x53,0x96,0xb5,0xf0,0x83,0x54,0x43,0x75,0x43,0x55,0x43,0x55,
    0x43,0x55,0x43,0x55,0x43,0x55,0x43,0x55,0x43,0x55,0x43,0x35,0x43,0x35,0x43,0x35,
    0x43,0x35,0x43,0x35,0x3b,0x35,0x3b,0x35,0x3b,0x35,0x3b,0x35,0x3b,0x35,0x3b,0x35,
    0x3b,0x35,0x3b,0x35,0x3b,0x35,0x3b,0x15,0x3b,0x35,0x3b,0x35,0x43,0x35,0x43,0x34,
    0x3b,0x15,0x3b,0x15,0x3b,0x35,0x3b,0x55,0x43,0x55,0x4b,0x35,0x43,0x34,0x3b,0x14,
    0x3b,0x14,0x3b,0x34,0x43,0x55,0x43,0x55,0x4b,0x34,0x43,0x34,0x3b,0x34,0x43,0x34,
    0x43,0x55,0x4b,0x75,0x53,0x34,0x43,0x34,0x43,0x55,0x43,0x55,0x43,0x55,0x43,0x55,
    0x4b,0x55,0x4b,0x55,0x4b,0x55,0x4b,0x55,0x4b,0x55,0x4b,0x55,0x4b,0x75,0x4b,0x95,
    0x5b,0xb5,0x5b,0x75,0x53,0x54,0x4b,0x54,0x4b,0x54,0x4b,0x55,0x4b,0x75,0x53,0x75,
    0x53,0x75,0x53,0x95,0x5b,0xb5,0x63,0xf5,0x6b,0xf5,0x6b,0x95,0x5b,0x95,0x5b,0x95,
    0x5b,0x34,0x4b,0xb5,0x5b,0xb5,0x63,0x54,0x53,0x74,0x53,0x75,0x53,0x95,0x53,0xce,
    0x6b,0xce,0x6b,0xce,0x6b,0xcf,0x6b,0xae,0x6b,0xcb,0x52,0x86,0x29,0xe4,0x20,0x04,
    0x21,0x45,0x29,0x8a,0x42,0x8e,0x6b,0xcf,0x6b,0xcf,0x73,0xcf,0x73,0xcf,0x73,0xcf,
    0x73,0xef,0x73,0xef,0x73,0xef,0x73,0xef,0x73,0xef,0x73,0x8d,0x63,0x28,0x3a,0x87,
    0x29,0xa7,0x29,0x87,0x29,0x86,0x29,0x66,0x29,0x66,0x21,0x66,0x21,0x46,0x21,0x46,
    0x21,0x46,0x21,0x26,0x21,0x25,0x21,0x25,0x21,0xff,0x05,0x21,0x05,0x21,0x05,0x21,
    0x05,0x19,0x05,0x19,0x05,0x19,0xe5,0x18,0x05,0x19,0x05,0x19,0xe5,0x18,0xe5,0x18,
    0x06,0x19,0xe6,0x18,0x06,0x19,0x67,0x21,0x2b,0x2a,0x2b,0x2a,0x4c,0x32,0x8d,0x3a,
    0x6c,0x32,0x0b,0x2a,0x0a,0x2a,0x2b,0x2a,0x4c,0x32,0x4c,0x32,0x8d,0x3a,0x6c,0x32,
    0x2b,0x2a,0x4c,0x2a,0x8d,0x32,0x8d,0x32,0x2c,0x2a,0x4c,0x32,0x6d,0x32,0x6d,0x32,
    0x6d,0x32,0xce,0x42,0x92,0x84,0x14,0x9d,0x52,0x7c,0xae,0x3a,0x6e,0x32,0x8e,0x32,
    0xaf,0x3a,0xf0,0x42,0xf0,0x42,0x10,0x4b,0xaf,0x3a,0xaf,0x32,0x8f,0x32,0x8f,0x32,
    0x8e,0x32,0x8f,0x32,0xaf,0x32,0xaf,0x3a,0xd0,0x42,0x11,0x4b,0xd0,0x3a,0x31,0x4b,
    0xb4,0x84,0xd8,0xb5,0xd8,0xb5,0x74,0x84,0x8f,0x32,0x4f,0x22,0xb0,0x32,0xf1,0x42,
    0xd0,0x3a,0x90,0x32,0xb0,0x32,0xb0,0x32,0xb1,0x32,0xb1,0x32,0x32,0x53,0x97,0xad,
    0x5a,0xc6,0x77,0xa5,0x12,0x4b,0xb1,0x32,0xb1,0x3a,0xb1,0x3a,0xb1,0x3a,0xb1,0x3a,
    0xd1,0x3a,0xd1,0x3a,0xb1,0x32,0x91,0x2a,0xf2,0x42,0x12,0x43,0xf2,0x42,0xd2,0x3a,
    0xd2,0x3a,0xd2,0x3a,0x6b,0x09,0x0a,0x01,0x0a,0x01,0x0a,0x01,0x0a,0x01,0x2a,0x01,
    0x2b,0x01,0x2b,0x01,0x4b,0x01,0x6b,0x01,0x8c,0x01,0xcd,0x09,0x0e,0x1a,0x4f,0x2a,
    0xd0,0x42,0x92,0x5b,0x54,0x7c,0x94,0x84,0x54,0x7c,0xf3,0x6b,0xf3,0x6b,0x13,0x74,
    0x54,0x7c,0x74,0x7c,0x33,0x74,0x92,0x5b,0x31,0x4b,0x32,0x53,0xb2,0x63,0x54,0x7c,
    0x94,0x84,0x53,0x7c,0x91,0x63,0xef,0x4a,0xff,0x6c,0x3a,0x2a,0x32,0x2a,0x32,0x4a,
    0x32,0x8b,0x42,0x8b,0x42,0x8b,0x3a,0x4a,0x32,0x4a,0x32,0x4b,0x32,0x6c,0x3a,0x6c,
    0x3a,0x2c,0x2a,0x6d,0x32,0xcf,0x42,0x51,0x53,0xf2,0x6b,0x15,0x74,0x76,0x84,0xd7,
    0x94,0x58,0xa5,0xd9,0xb5,0xf9,0xbd,0xd9,0xb5,0x78,0xa5,0x37,0x9d,0x17,0x9d,0x37,
    0xa5,0x98,0xad,0x19,0xbe,0x5a,0xc6,0x7a,0xce,0x5a,0xce,0xf9,0xbd,0x78,0xad,0xf7,
    0x94,0xd6,0x94,0x17,0x9d,0x17,0x9d,0xd6,0x94,0x76,0x84,0x35,0x7c,0x35,0x7c,0xb6,
    0x8c,0xd9,0xb5,0x9b,0xd6,0x7a,0xce,0x58,0xa5,0x96,0x84,0x78,0xad,0xd9,0xb5,0x33,
    0x84,0xb5,0x5b,0x95,0x53,0x75,0x43,0x75,0x4b,0x75,0x43,0x75,0x43,0x75,0x43,0x55,
    0x43,0x55,0x43,0x95,0x4b,0x75,0x4b,0x55,0x43,0x55,0x43,0x35,0x43,0x35,0x43,0x35,
    0x43,0x35,0x43,0x35,0x43,0x35,0x43,0x35,0x3b,0x35,0x3b,0x35,0x3b,0x35,0x3b,0x35,
    0x3b,0x35,0x3b,0x35,0x3b,0x35,0x43,0x55,0x43,0x35,0x43,0x34,0x3b,0x35,0x3b,0x35,
    0x3b,0x35,0x43,0x55,0x4b,0x55,0x4b,0x34,0x43,0x34,0x3b,0x35,0x3b,0x34,0x43,0x35,
    0x43,0x75,0x4b,0x55,0x43,0x34,0x43,0x34,0x43,0x34,0x43,0x55,0x43,0x75,0x53,0x75,
    0x4b,0x34,0x43,0x55,0x43,0x55,0x4b,0x55,0x4b,0x55,0x4b,0x55,0x4b,0x55,0x4b,0x55,
    0x4b,0x55,0x4b,0x55,0x4b,0x55,0x4b,0x75,0x4b,0x75,0x4b,0x75,0x53,0x95,0x53,0x95,
    0x53,0x95,0x5b,0x75,0x53,0x54,0x4b,0x34,0x4b,0x55,0x4b,0x75,0x53,0x75,0x53,0x75,
    0x53,0x95,0x5b,0xd5,0x63,0xb5,0x5b,0xff,0xb5,0x5b,0xd5,0x63,0x75,0x53,0x54,0x4b,
    0x74,0x53,0x74,0x53,0x54,0x53,0x95,0x53,0x95,0x53,0xce,0x6b,0xce,0x6b,0xce,0x6b,
    0x8e,0x6b,0x8a,0x4a,0x45,0x21,0xe4,0x18,0x04,0x21,0x66,0x29,0xcb,0x52,0xae,0x6b,
    0xcf,0x6b,0xcf,0x73,0xcf,0x73,0xcf,0x73,0xcf,0x73,0xef,0x73,0xef,0x73,0xef,0x73,
    0xef,0x73,0xef,0x73,0x2c,0x5b,0xc7,0x31,0xa7,0x29,0xa7,0x29,0xa7,0x29,0x87,0x29,
    0x86,0x29,0x86,0x29,0x66,0x29,0x66,0x21,0x66,0x21,0x46,0x21,0x46,0x21,0x46,0x21,
    0x25,0x21,0x25,0x21,0x25,0x21,0x25,0x21,0x25,0x21,0x05,0x21,0x05,0x19,0x05,0x19,
    0x05,0x19,0x05,0x19,0x05,0x19,0x06,0x19,0xe5,0x18,0xe5,0x18,0xe6,0x18,0x88,0x21,
    0xea,0x21,0x2b,0x2a,0x2b,0x2a,0x4b,0x2a,0x6c,0x3a,0x8d,0x3a,0x2b,0x2a,0xea,0x21,
    0x2b,0x2a,0x4c,0x2a,0x4c,0x2a,0x6d,0x32,0x8d,0x3a,0x2b,0x2a,0x2c,0x2a,0x6d,0x32,
    0x8d,0x32,0x4c,0x2a,0x4c,0x2a,0x6d,0x32,0x6d,0x32,0x2f,0x53,0xd3,0x8c,0x14,0x95,
    0xf1,0x73,0x8e,0x32,0x6d,0x2a,0x6e,0x2a,0x6e,0x32,0x8e,0x32,0xcf,0x3a,0xf0,0x42,
    0x30,0x4b,0x51,0x53,0x31,0x53,0x10,0x4b,0xf0,0x42,0xf0,0x42,0x10,0x4b,0x31,0x53,
    0x71,0x5b,0x51,0x53,0xf0,0x42,0x72,0x5b,0xf5,0x94,0xd8,0xb5,0xb7,0xad,0xf3,0x73,
    0x6f,0x2a,0x4f,0x22,0xb0,0x3a,0xf1,0x42,0xb0,0x3a,0x90,0x32,0x90,0x32,0x90,0x32,
    0x91,0x32,0x91,0x32,0x92,0x63,0xb8,0xb5,0x39,0xc6,0xf6,0x94,0xf1,0x42,0xb1,0x32,
    0xb1,0x32,0xb1,0x32,0xb1,0x32,0xff,0xb1,0x32,0xb1,0x32,0xb1,0x32,0x91,0x32,0x91,
    0x2a,0xf2,0x42,0x12,0x43,0xd2,0x3a,0xd2,0x3a,0xd2,0x3a,0xd2,0x32,0xb2,0x32,0x6b,
    0x09,0x0a,0x01,0x0a,0x01,0x0a,0x01,0x2a,0x01,0x2a,0x01,0x2b,0x01,0x4b,0x01,0x6b,
    0x01,0x8c,0x01,0xcd,0x11,0x4e,0x22,0xd0,0x3a,0x11,0x4b,0x51,0x53,0xb2,0x63,0x33,
    0x74,0x94,0x84,0x74,0x84,0x74,0x7c,0x74,0x7c,0x94,0x84,0xb4,0x84,0x94,0x84,0x34,
    0x74,0xb2,0x63,0x52,0x53,0x92,0x5b,0x13,0x74,0x94,0x84,0x94,0x84,0x32,0x74,0x2f,
    0x53,0x4b,0x32,0x09,0x2a,0xe9,0x29,0x2a,0x32,0x8b,0x3a,0xab,0x42,0x6b,0x3a,0x2a,
    0x32,0xe9,0x29,0xe9,0x29,0xe9,0x29,0x0a,0x2a,0x2b,0x2a,0x2c,0x2a,0x6d,0x32,0xae,
    0x3a,0x0f,0x53,0x91,0x63,0x55,0x7c,0xd7,0x94,0x78,0xad,0xf9,0xbd,0x19,0xbe,0xf9,
    0xbd,0x78,0xad,0xf7,0x9c,0x96,0x84,0x56,0x7c,0x35,0x74,0x56,0x7c,0x96,0x84,0x17,
    0x9d,0x98,0xad,0x3a,0xc6,0x7a,0xce,0x7a,0xce,0x3a,0xc6,0x57,0xa5,0x37,0xa5,0xd9,
    0xbd,0x78,0xad,0x76,0x84,0x15,0x74,0xd6,0x94,0xf9,0xbd,0x9b,0xd6,0x5a,0xce,0x17,
    0x9d,0x56,0x7c,0x98,0xad,0x9a,0xd6,0x56,0xa5,0xba,0xd6,0xba,0xd6,0x3a,0xc6,0x58,
    0xa5,0x16,0x6c,0x75,0x43,0x75,0x43,0x75,0x4b,0x75,0x43,0xf6,0x63,0x19,0xbe,0x3a,
    0xc6,0x18,0x9d,0x55,0x43,0x55,0x43,0x55,0x43,0x55,0x43,0x35,0x43,0x35,0x43,0x35,
    0x43,0x35,0x43,0x35,0x43,0x35,0x43,0x35,0x43,0x35,0x43,0x35,0x3b,0x35,0x43,0x35,
    0x43,0x55,0x43,0x55,0x43,0xff,0x35,0x43,0x35,0x43,0x35,0x43,0x35,0x43,0x55,0x4b,
    0x75,0x4b,0x55,0x43,0x34,0x43,0x34,0x43,0x35,0x43,0x34,0x43,0x55,0x4b,0x75,0x4b,
    0x34,0x43,0x34,0x43,0x34,0x43,0x55,0x43,0x55,0x4b,0x75,0x53,0x55,0x4b,0x55,0x43,
    0x55,0x4b,0x55,0x4b,0x55,0x4b,0x55,0x4b,0x55,0x4b,0x55,0x4b,0x55,0x4b,0x55,0x4b,
    0x75,0x4b,0x75,0x53,0x75,0x53,0x75,0x53,0x75,0x53,0x75,0x53,0x75,0x53,0x95,0x53,
    0x95,0x5b,0xb5,0x5b,0x95,0x5b,0x74,0x53,0x34,0x4b,0x54,0x4b,0x75,0x53,0xb5,0x5b,
    0xb5,0x5b,0x74,0x53,0x95,0x5b,0xb5,0x63,0xd5,0x63,0xd5,0x6b,0xb5,0x63,0x74,0x53,
    0x54,0x4b,0x74,0x53,0xce,0x6b,0xce,0x6b,0x6d,0x63,0x28,0x3a,0x04,0x21,0xe4,0x20,
    0x24,0x21,0xc7,0x31,0x0c,0x5b,0xae,0x6b,0xcf,0x6b,0xcf,0x73,0xcf,0x73,0xcf,0x73,
    0xcf,0x73,0xcf,0x73,0xef,0x73,0xef,0x73,0xef,0x73,0xcf,0x73,0xcb,0x52,0xc7,0x31,
    0xa7,0x29,0xa7,0x29,0xa7,0x29,0xa7,0x29,0xa7,0x29,0x87,0x29,0x86,0x29,0x86,0x29,
    0x66,0x29,0x66,0x21,0x66,0x21,0x46,0x21,0x46,0x21,0x46,0x21,0x26,0x21,0x26,0x21,
    0x25,0x21,0x26,0x21,0x26,0x21,0x05,0x21,0x05,0x21,0x05,0x19,0x05,0x19,0x05,0x19,
    0x05,0x19,0x06,0x19,0x06,0x19,0xc9,0x21,0x0a,0x22,0xca,0x21,0x0b,0x2a,0x2b,0x2a,
    0x2b,0x2a,0x4c,0x32,0x8d,0x3a,0x4c,0x32,0xea,0x21,0x0b,0x2a,0x2c,0x2a,0x4c,0x2a,
    0x4c,0x32,0x8d,0x3a,0x4c,0x2a,0x2b,0x2a,0x4c,0x2a,0x6d,0x32,0x6d,0x32,0x2c,0x2a,
    0x4d,0x32,0x90,0x63,0xff,0xd3,0x94,0xd3,0x94,0x90,0x63,0x6d,0x32,0x6d,0x2a,0x6e,
    0x2a,0x6e,0x2a,0x6e,0x2a,0x6e,0x2a,0x8e,0x32,0xaf,0x3a,0xcf,0x3a,0x10,0x4b,0x31,
    0x53,0x51,0x53,0x72,0x5b,0x92,0x5b,0x72,0x5b,0x72,0x5b,0x11,0x4b,0xd0,0x3a,0x92,
    0x5b,0x36,0x9d,0xd8,0xb5,0x77,0xa5,0xb2,0x63,0x4f,0x22,0x4f,0x22,0xd0,0x3a,0xf1,
    0x42,0xb0,0x32,0x90,0x32,0x90,0x32,0x90,0x32,0x90,0x32,0x90,0x32,0xf3,0x6b,0xf9,
    0xb5,0x19,0xbe,0xb5,0x8c,0xb1,0x32,0xb1,0x32,0xb1,0x32,0xb1,0x32,0xb1,0x32,0xb1,
    0x32,0xb1,0x32,0xb1,0x32,0x91,0x2a,0x91,0x32,0x12,0x43,0xf2,0x42,0xd2,0x3a,0xd2,
    0x3a,0xd2,0x3a,0xb2,0x32,0xb2,0x2a,0xd2,0x32,0x6b,0x11,0x0a,0x01,0x0a,0x01,0x2a,
    0x01,0x2a,0x01,0x2b,0x01,0x29,0x01,0xc5,0x10,0x07,0x11,0x6a,0x09,0x0d,0x22,0x31,
    0x53,0xd3,0x6b,0x13,0x74,0x13,0x74,0x13,0x74,0x33,0x74,0x54,0x7c,0x54,0x7c,0x54,
    0x7c,0x54,0x7c,0x74,0x7c,0x94,0x84,0x94,0x84,0x54,0x7c,0xf3,0x6b,0xf3,0x6b,0x33,
    0x74,0x94,0x84,0x94,0x84,0x32,0x7c,0x4f,0x5b,0x6b,0x3a,0xe9,0x29,0xc9,0x29,0x09,
    0x32,0x8b,0x42,0xcb,0x42,0xab,0x42,0x2a,0x32,0xc8,0x21,0x88,0x21,0x88,0x21,0xa9,
    0x21,0xca,0x21,0x0b,0x22,0x2c,0x22,0x4c,0x2a,0x6d,0x3a,0xae,0x42,0x0f,0x53,0x35,
    0x7c,0x17,0x9d,0xd9,0xb5,0x3a,0xc6,0x3a,0xc6,0x19,0xbe,0xb8,0xb5,0x37,0xa5,0xb6,
    0x8c,0x35,0x7c,0xf5,0x6b,0xd5,0x6b,0xd5,0x6b,0xf5,0x73,0x56,0x84,0xf7,0x9c,0xd9,
    0xb5,0x7a,0xce,0xff,0x7a,0xce,0xd9,0xbd,0x37,0xa5,0xf9,0xbd,0x7a,0xce,0xd9,0xbd,
    0x37,0xa5,0xf9,0xbd,0x9a,0xce,0x39,0xc6,0xd7,0x94,0x76,0x84,0xb9,0xb5,0x7a,0xce,
    0xf8,0xbd,0x39,0xc6,0xf9,0xbd,0x19,0xc6,0x3a,0xc6,0xdb,0xde,0xdb,0xde,0x5a,0xc6,
    0x57,0x74,0x76,0x4b,0x36,0x74,0x5a,0xc6,0xdb,0xde,0x7a,0xce,0x36,0x74,0x55,0x43,
    0x55,0x43,0x55,0x43,0x55,0x43,0x55,0x43,0x35,0x3b,0x35,0x43,0x55,0x43,0x55,0x43,
    0x35,0x43,0x35,0x43,0x35,0x43,0x35,0x43,0x35,0x43,0x35,0x43,0x35,0x43,0x55,0x43,
    0x55,0x43,0x35,0x43,0x35,0x43,0x35,0x43,0x55,0x43,0x75,0x4b,0x55,0x4b,0x55,0x43,
    0x34,0x43,0x34,0x43,0x55,0x43,0x55,0x43,0x75,0x53,0x55,0x4b,0x34,0x43,0x55,0x43,
    0x55,0x4b,0x55,0x4b,0x75,0x53,0x75,0x53,0x55,0x43,0x55,0x4b,0x55,0x4b,0x55,0x4b,
    0x55,0x4b,0x55,0x4b,0x75,0x4b,0x75,0x4b,0x75,0x4b,0x75,0x4b,0x75,0x53,0x75,0x53,
    0x75,0x53,0x75,0x53,0x75,0x53,0x75,0x53,0x75,0x53,0x75,0x53,0x75,0x53,0x95,0x5b,
    0xb5,0x5b,0xb5,0x63,0x95,0x5b,0x74,0x53,0x54,0x4b,0x75,0x53,0x54,0x53,0x54,0x53,
    0x95,0x53,0x95,0x53,0xb5,0x5b,0x16,0x74,0xf5,0x6b,0xb5,0x5b,0x95,0x5b,0xce,0x6b,
    0x0c,0x5b,0xe7,0x31,0x04,0x21,0x04,0x21,0x25,0x21,0xe8,0x39,0x6d,0x63,0xae,0x6b,
    0xcf,0x6b,0xcf,0x73,0xcf,0x73,0xcf,0x73,0xcf,0x73,0xcf,0x73,0xcf,0x73,0xef,0x73,
    0xef,0x73,0xae,0x6b,0x8a,0x4a,0xa7,0x29,0xa7,0x29,0xa7,0x29,0xa7,0x29,0xa7,0x29,
    0xa7,0x29,0xff,0xa7,0x29,0xa7,0x29,0x87,0x29,0x86,0x29,0x86,0x29,0x66,0x29,0x66,
    0x21,0x66,0x21,0x46,0x21,0x46,0x21,0x46,0x21,0x46,0x21,0x26,0x21,0x26,0x21,0x26,
    0x21,0x26,0x21,0x26,0x21,0x05,0x21,0x05,0x19,0x06,0x19,0x06,0x19,0x26,0x19,0xc9,
    0x21,0x0b,0x2a,0x0a,0x2a,0xea,0x21,0xea,0x21,0x2b,0x2a,0x2b,0x2a,0x2b,0x2a,0x8d,
    0x3a,0x6c,0x32,0x0b,0x2a,0xea,0x21,0x2b,0x2a,0x4c,0x2a,0x4c,0x2a,0x6d,0x32,0x8d,
    0x32,0x0b,0x22,0x2c,0x2a,0x6d,0x32,0x6d,0x32,0x4c,0x2a,0xb0,0x6b,0xd3,0x94,0xd3,
    0x8c,0x2f,0x53,0x6d,0x2a,0x4d,0x2a,0x6d,0x2a,0x6e,0x2a,0x6e,0x2a,0x6e,0x2a,0x6e,
    0x2a,0x6e,0x2a,0x8f,0x32,0x6e,0x2a,0x6e,0x2a,0x8f,0x32,0xaf,0x3a,0xd0,0x3a,0xd0,
    0x3a,0xb0,0x3a,0x6f,0x2a,0x6f,0x2a,0x92,0x5b,0x56,0xa5,0xd7,0xb5,0x36,0x9d,0x11,
    0x4b,0x4f,0x22,0x4f,0x22,0xd0,0x42,0xd0,0x3a,0x90,0x32,0x90,0x2a,0x90,0x32,0x90,
    0x2a,0x90,0x2a,0xb0,0x32,0x74,0x84,0x19,0xbe,0xf9,0xbd,0x14,0x74,0xb1,0x32,0x91,
    0x32,0x91,0x32,0x91,0x32,0xb1,0x32,0xb1,0x32,0xb1,0x32,0x91,0x32,0x70,0x2a,0xb1,
    0x32,0xf2,0x42,0xf2,0x3a,0xd1,0x3a,0xd2,0x3a,0xb2,0x32,0x91,0x2a,0xb2,0x2a,0xd2,
    0x32,0x91,0x2a,0x4b,0x09,0x0a,0x01,0x2a,0x01,0x2a,0x01,0x2a,0x01,0x29,0x09,0xa4,
    0x18,0xc4,0x18,0xc4,0x18,0xc4,0x18,0x05,0x19,0xc9,0x29,0x4f,0x5b,0x13,0x74,0x53,
    0x7c,0x74,0x7c,0x94,0x84,0x94,0x84,0x54,0x7c,0x33,0x74,0xd3,0x6b,0xd3,0x6b,0x54,
    0x7c,0xff,0x74,0x7c,0x74,0x84,0x74,0x7c,0x54,0x7c,0x74,0x7c,0x73,0x7c,0xf1,0x6b,
    0x2e,0x53,0x4b,0x3a,0xe9,0x29,0xa8,0x21,0xe8,0x29,0x4a,0x3a,0xcc,0x4a,0x6a,0x3a,
    0xe9,0x29,0xa8,0x21,0x67,0x21,0x67,0x19,0x68,0x19,0xaa,0x19,0xeb,0x19,0x0c,0x22,
    0x0b,0x2a,0x2b,0x2a,0x4b,0x32,0x6c,0x3a,0xad,0x42,0x55,0x84,0xb6,0x94,0x37,0x9d,
    0xb8,0xb5,0x19,0xbe,0x5a,0xc6,0x5a,0xc6,0x3a,0xc6,0xd9,0xb5,0x58,0xa5,0xd6,0x94,
    0x55,0x7c,0x15,0x74,0x15,0x74,0x56,0x7c,0xf7,0x94,0xd9,0xb5,0x5a,0xc6,0x5a,0xce,
    0xd9,0xb5,0xd6,0x94,0xd6,0x94,0xf9,0xbd,0x7a,0xce,0x5a,0xce,0x5a,0xc6,0xd8,0xb5,
    0x75,0x84,0x35,0x7c,0x98,0xad,0x5a,0xce,0xb0,0x6b,0x33,0x74,0x7a,0xce,0xdb,0xde,
    0x9a,0xce,0x99,0xad,0xdb,0xde,0xdb,0xde,0x3a,0xc6,0x16,0x6c,0x37,0x74,0x7a,0xce,
    0xdb,0xde,0x7a,0xce,0x16,0x6c,0x75,0x4b,0x75,0x4b,0xb5,0x5b,0x16,0x6c,0xd7,0x8c,
    0x58,0xa5,0xd9,0xb5,0x99,0xad,0x36,0x74,0x75,0x4b,0x55,0x43,0x55,0x43,0x55,0x43,
    0x55,0x43,0x55,0x43,0x35,0x43,0x35,0x43,0x55,0x4b,0x55,0x4b,0x55,0x43,0x35,0x43,
    0x35,0x43,0x55,0x43,0x75,0x4b,0x75,0x53,0x55,0x4b,0x55,0x43,0x55,0x43,0x55,0x43,
    0x55,0x43,0x75,0x4b,0x75,0x53,0x55,0x43,0x55,0x43,0x55,0x4b,0x55,0x4b,0x75,0x4b,
    0x95,0x53,0x55,0x4b,0x55,0x4b,0x55,0x4b,0x55,0x4b,0x75,0x4b,0x75,0x4b,0x75,0x4b,
    0x75,0x53,0x75,0x53,0x75,0x53,0x75,0x53,0x75,0x53,0x75,0x53,0x75,0x53,0x75,0x53,
    0xff,0x75,0x53,0x75,0x53,0x75,0x53,0x75,0x53,0x75,0x53,0x75,0x53,0x95,0x53,0x95,
    0x5b,0xb5,0x63,0xd5,0x63,0xd5,0x6b,0x95,0x5b,0x54,0x53,0x54,0x4b,0x75,0x53,0x95,
    0x53,0xb5,0x5b,0xd5,0x63,0x95,0x53,0xb5,0x5b,0xeb,0x52,0xa6,0x31,0xe3,0x18,0x04,
    0x21,0x25,0x21,0x69,0x42,0x8e,0x63,0xce,0x6b,0xcf,0x6b,0xcf,0x6b,0xcf,0x73,0xcf,
    0x73,0xcf,0x73,0xcf,0x73,0xcf,0x73,0xef,0x73,0xef,0x73,0x6d,0x63,0x49,0x42,0x66,
    0x29,0x87,0x29,0x87,0x29,0x87,0x29,0x87,0x29,0xa7,0x29,0xa7,0x29,0xa7,0x29,0xa7,
    0x29,0xa7,0x29,0x87,0x29,0x86,0x29,0x66,0x29,0x66,0x21,0x66,0x21,0x66,0x21,0x46,
    0x21,0x46,0x21,0x46,0x21,0x46,0x21,0x26,0x21,0x26,0x21,0x26,0x21,0x26,0x21,0x26,
    0x21,0x26,0x21,0x06,0x19,0x67,0x21,0x0a,0x2a,0x4b,0x32,0x2b,0x2a,0x2b,0x2a,0xea,
    0x21,0xca,0x21,0x0b,0x2a,0x0b,0x2a,0x2b,0x2a,0x6c,0x32,0x8d,0x3a,0x2b,0x2a,0xea,
    0x21,0x0b,0x22,0x2c,0x2a,0x2c,0x2a,0x4c,0x32,0x6d,0x32,0x2c,0x2a,0x2c,0x22,0x4d,
    0x2a,0xae,0x42,0x11,0x74,0xb2,0x8c,0x52,0x7c,0xce,0x42,0x4d,0x2a,0x4d,0x2a,0x4d,
    0x2a,0x4d,0x2a,0x4e,0x2a,0x4e,0x2a,0x4e,0x2a,0x6e,0x2a,0x6e,0x2a,0x6e,0x32,0x6e,
    0x32,0x4d,0x2a,0x6e,0x2a,0x6e,0x2a,0x6e,0x2a,0x4e,0x2a,0x2e,0x1a,0x6e,0x2a,0xf2,
    0x6b,0x56,0xa5,0xb7,0xad,0xd5,0x94,0xb0,0x3a,0x2f,0x1a,0x6f,0x2a,0xd0,0x3a,0xd0,
    0x3a,0x90,0x2a,0x70,0x2a,0x90,0x2a,0x90,0x2a,0x90,0x2a,0xb1,0x3a,0xd5,0x8c,0xff,
    0xf9,0xbd,0xb8,0xad,0x92,0x63,0x90,0x2a,0x90,0x32,0x90,0x32,0x90,0x32,0x91,0x32,
    0xb1,0x32,0xb1,0x32,0x91,0x2a,0x70,0x22,0xb1,0x32,0xf2,0x42,0xd2,0x3a,0xb1,0x32,
    0xb1,0x32,0xb1,0x32,0x91,0x2a,0xd2,0x32,0xf2,0x3a,0xd2,0x3a,0xd2,0x32,0x6b,0x11,
    0x2a,0x01,0x2a,0x01,0x2b,0x01,0x2a,0x01,0xe5,0x10,0xc4,0x18,0xc4,0x18,0xc4,0x18,
    0xc4,0x18,0xc4,0x18,0xc4,0x18,0xa4,0x10,0x26,0x19,0x4b,0x3a,0x4f,0x5b,0x53,0x7c,
    0xb4,0x8c,0x94,0x84,0x33,0x74,0xb2,0x63,0x72,0x5b,0xd3,0x63,0x13,0x74,0x33,0x74,
    0x13,0x74,0xf3,0x6b,0xd2,0x6b,0xb1,0x63,0x0e,0x53,0x6b,0x3a,0x0a,0x2a,0xc8,0x29,
    0xa8,0x21,0xe8,0x29,0x4a,0x3a,0x29,0x32,0xe8,0x29,0x87,0x21,0x67,0x21,0x47,0x19,
    0x48,0x19,0x8a,0x19,0xcb,0x19,0x0c,0x22,0x2c,0x2a,0x2b,0x2a,0x0a,0x2a,0x0a,0x32,
    0x2b,0x32,0x6b,0x3a,0x36,0xa5,0x57,0xa5,0xb6,0x8c,0x96,0x8c,0xd6,0x94,0x57,0xa5,
    0xb8,0xb5,0x19,0xbe,0x5a,0xc6,0x5a,0xce,0x3a,0xc6,0xd9,0xb5,0x57,0xa5,0xf7,0x9c,
    0x17,0x9d,0xb8,0xb5,0x3a,0xc6,0x19,0xc6,0x98,0xad,0xb6,0x8c,0xf4,0x73,0xd4,0x6b,
    0x17,0x9d,0x39,0xc6,0x39,0xc6,0x98,0xad,0x55,0x7c,0x34,0x7c,0x77,0xa5,0xb7,0xb5,
    0x0e,0x5b,0xcf,0x42,0x77,0xad,0xbb,0xd6,0x5a,0xc6,0xd9,0xb5,0xdb,0xd6,0xdb,0xde,
    0x99,0xad,0xb5,0x5b,0x77,0x84,0x9a,0xd6,0xdb,0xde,0x1a,0xc6,0xf6,0x63,0x75,0x4b,
    0x75,0x4b,0xf8,0x94,0x9a,0xd6,0xdb,0xde,0xfb,0xde,0xfb,0xde,0xdb,0xde,0xff,0xdb,
    0xde,0xdb,0xde,0x7a,0xce,0x97,0x84,0x35,0x43,0x35,0x43,0x35,0x43,0x55,0x43,0x55,
    0x43,0x55,0x43,0x55,0x43,0x75,0x4b,0x55,0x4b,0x55,0x43,0x55,0x43,0x55,0x43,0x55,
    0x4b,0x75,0x53,0x75,0x4b,0x55,0x4b,0x55,0x43,0x55,0x43,0x55,0x4b,0x55,0x4b,0x95,
    0x53,0x75,0x4b,0x55,0x43,0x55,0x4b,0x55,0x4b,0x55,0x4b,0x95,0x53,0x95,0x53,0x55,
    0x4b,0x55,0x4b,0x75,0x4b,0x75,0x4b,0x75,0x53,0x75,0x53,0x75,0x53,0x75,0x53,0x75,
    0x53,0x75,0x53,0x75,0x53,0x75,0x53,0x75,0x53,0x75,0x53,0x75,0x53,0x95,0x53,0x95,
    0x53,0x95,0x53,0x95,0x53,0x95,0x53,0x95,0x53,0x95,0x53,0x95,0x53,0x95,0x53,0xb5,
    0x63,0x16,0x74,0xd5,0x63,0xb5,0x5b,0x95,0x5b,0x54,0x4b,0x54,0x4b,0x95,0x5b,0x95,
    0x5b,0x74,0x53,0x65,0x29,0xe4,0x20,0x04,0x21,0x66,0x29,0xaa,0x4a,0x8e,0x6b,0xce,
    0x6b,0xcf,0x6b,0xcf,0x73,0xcf,0x73,0xcf,0x73,0xcf,0x73,0xcf,0x73,0xcf,0x73,0xef,
    0x73,0xcf,0x73,0x4d,0x63,0x08,0x3a,0x46,0x21,0x66,0x21,0x66,0x21,0x66,0x29,0x86,
    0x29,0x86,0x29,0x87,0x29,0x87,0x29,0xa7,0x29,0xa7,0x29,0xa7,0x29,0x87,0x29,0x86,
    0x29,0x86,0x29,0x86,0x29,0x66,0x21,0x66,0x21,0x46,0x21,0x46,0x21,0x46,0x21,0x46,
    0x21,0x26,0x21,0x26,0x21,0x26,0x21,0x26,0x21,0x26,0x21,0x26,0x21,0xc9,0x29,0x0e,
    0x4b,0x4f,0x5b,0x6f,0x5b,0x4f,0x5b,0x2f,0x53,0xad,0x3a,0xea,0x21,0xea,0x21,0x0b,
    0x2a,0x2b,0x2a,0x4c,0x2a,0x6d,0x32,0x4c,0x2a,0xeb,0x21,0xeb,0x21,0xff,0x2c,0x2a,
    0x2c,0x2a,0x4c,0x2a,0x6d,0x32,0x4d,0x32,0x0b,0x22,0xad,0x3a,0x92,0x84,0x14,0x9d,
    0xf0,0x6b,0x6d,0x32,0x4d,0x2a,0x4d,0x2a,0x4d,0x2a,0x4d,0x2a,0x4e,0x2a,0x4e,0x2a,
    0x4e,0x2a,0x4e,0x2a,0x4e,0x2a,0x4e,0x2a,0x6e,0x2a,0x8f,0x32,0x4e,0x2a,0x4e,0x2a,
    0x6e,0x2a,0x4e,0x22,0x0d,0x1a,0x8f,0x32,0x33,0x74,0x77,0xad,0x97,0xad,0x94,0x84,
    0x6f,0x2a,0x2e,0x1a,0x6f,0x2a,0xd1,0x42,0xb0,0x32,0x70,0x2a,0x70,0x2a,0x70,0x2a,
    0x70,0x2a,0x70,0x2a,0xf1,0x42,0x16,0x9d,0xf9,0xbd,0x77,0xa5,0x11,0x4b,0x90,0x2a,
    0x90,0x2a,0x90,0x2a,0x90,0x2a,0x91,0x2a,0x91,0x32,0x91,0x32,0x91,0x2a,0x70,0x22,
    0xb1,0x32,0xf2,0x42,0xd2,0x3a,0xb1,0x32,0xb1,0x32,0xb1,0x32,0x91,0x2a,0xd2,0x3a,
    0x13,0x43,0x13,0x43,0x13,0x43,0xf3,0x42,0x8c,0x11,0x2a,0x01,0x2b,0x01,0x2b,0x01,
    0x4b,0x01,0x8c,0x01,0xcc,0x19,0xea,0x29,0xc8,0x31,0x25,0x21,0xc4,0x18,0xc4,0x20,
    0xa3,0x20,0xa3,0x18,0xc4,0x18,0xc4,0x18,0x05,0x19,0x2a,0x3a,0x4f,0x5b,0x51,0x5b,
    0x11,0x4b,0x52,0x53,0x13,0x74,0x54,0x7c,0xf3,0x6b,0x92,0x5b,0x31,0x4b,0x10,0x4b,
    0x0f,0x53,0xee,0x4a,0xac,0x42,0x6b,0x3a,0x2a,0x32,0xe9,0x29,0xe9,0x29,0xe8,0x29,
    0xc8,0x29,0x87,0x21,0x67,0x21,0x47,0x19,0x48,0x19,0x69,0x11,0xcb,0x19,0x0c,0x22,
    0x4c,0x32,0x4c,0x32,0x2b,0x32,0x2a,0x32,0x0a,0x32,0x0a,0x2a,0x2a,0x32,0x57,0xa5,
    0x57,0xa5,0xb6,0x8c,0x35,0x7c,0xf5,0x6b,0xf5,0x6b,0x35,0x7c,0xff,0x96,0x8c,0x17,
    0x9d,0xb8,0xb5,0x19,0xbe,0x5a,0xce,0x5a,0xce,0x3a,0xc6,0x3a,0xc6,0x3a,0xc6,0x19,
    0xbe,0x78,0xa5,0x75,0x84,0xb4,0x63,0x53,0x53,0x33,0x4b,0xd4,0x6b,0x17,0x9d,0x16,
    0x9d,0xf4,0x73,0x34,0x7c,0x98,0xad,0xb7,0xb5,0x8d,0x42,0x8e,0x3a,0xd4,0x94,0xf8,
    0xbd,0xd8,0xb5,0x78,0xad,0xdb,0xd6,0xbb,0xd6,0x79,0xad,0x95,0x5b,0xb7,0x8c,0x9a,
    0xd6,0xdb,0xde,0xd9,0xb5,0x95,0x5b,0x75,0x4b,0x95,0x53,0xd7,0x94,0xbb,0xd6,0xdb,
    0xde,0xdb,0xde,0xb9,0xad,0x97,0x84,0xb7,0x8c,0x7a,0xce,0xdb,0xde,0xdb,0xde,0x19,
    0xbe,0xb9,0xb5,0xf9,0xbd,0xb9,0xad,0x76,0x7c,0xb5,0x5b,0x55,0x4b,0x55,0x4b,0x75,
    0x4b,0x55,0x4b,0x55,0x4b,0x55,0x43,0x55,0x43,0x55,0x4b,0x75,0x4b,0x95,0x53,0x55,
    0x4b,0x55,0x4b,0x55,0x43,0x55,0x4b,0x75,0x4b,0x75,0x53,0x95,0x53,0x55,0x4b,0x55,
    0x4b,0x55,0x4b,0x55,0x4b,0x75,0x53,0x95,0x5b,0x75,0x4b,0x55,0x4b,0x75,0x4b,0x75,
    0x53,0x75,0x53,0x75,0x53,0x75,0x53,0x75,0x53,0x75,0x53,0x75,0x53,0x75,0x53,0x75,
    0x53,0x75,0x53,0x75,0x53,0x75,0x53,0x75,0x53,0x75,0x53,0x95,0x53,0x95,0x53,0x95,
    0x53,0x95,0x53,0x95,0x53,0x95,0x53,0x95,0x53,0x95,0x53,0xb5,0x63,0xd5,0x63,0x75,
    0x53,0xb5,0x63,0xf6,0x6b,0xf5,0x6b,0x95,0x5b,0x54,0x4b,0x54,0x4b,0xe4,0x20,0x24,
    0x21,0x86,0x29,0x0c,0x5b,0xae,0x6b,0xce,0x6b,0xcf,0x6b,0xcf,0x73,0xcf,0x73,0xcf,
    0x73,0xcf,0x73,0xcf,0x73,0xcf,0x73,0xcf,0x73,0xcf,0x73,0xff,0xeb,0x52,0xa7,0x31,
    0x46,0x21,0x46,0x21,0x46,0x21,0x46,0x21,0x46,0x21,0x66,0x21,0x66,0x21,0x66,0x29,
    0x86,0x29,0x86,0x29,0x86,0x29,0x87,0x29,0x87,0x29,0x87,0x29,0x86,0x29,0x86,0x29,
    0x66,0x21,0x66,0x21,0x46,0x21,0x46,0x21,0x46,0x21,0x26,0x21,0x26,0x21,0x26,0x21,
    0x26,0x21,0x26,0x21,0x26,0x21,0xc9,0x29,0x2b,0x32,0xea,0x29,0xc9,0x21,0xca,0x21,
    0x0a,0x2a,0x4c,0x32,0x6c,0x3a,0x0b,0x2a,0xea,0x21,0x0b,0x2a,0x2b,0x2a,0x2b,0x2a,
    0x6d,0x32,0x6d,0x32,0x2b,0x2a,0xea,0x21,0x0b,0x2a,0x2c,0x2a,0x2c,0x2a,0x4d,0x32,
    0x6d,0x32,0xad,0x42,0x51,0x7c,0xf3,0x94,0xf1,0x73,0x6d,0x32,0x2c,0x22,0x4d,0x2a,
    0x4d,0x2a,0x4d,0x2a,0x4d,0x2a,0x4e,0x2a,0x4e,0x2a,0x4e,0x2a,0x4e,0x2a,0x4e,0x2a,
    0x4e,0x2a,0x4e,0x2a,0x6f,0x32,0x6e,0x2a,0x2e,0x22,0x2e,0x22,0x0d,0x1a,0xaf,0x3a,
    0x74,0x84,0x97,0xad,0x97,0xad,0xf2,0x73,0x4f,0x2a,0x0e,0x1a,0x8f,0x32,0xd0,0x42,
    0x90,0x32,0x70,0x2a,0x70,0x2a,0x70,0x2a,0x70,0x2a,0x70,0x2a,0x11,0x4b,0x57,0xa5,
    0x19,0xbe,0x16,0x9d,0xf1,0x42,0x70,0x2a,0x70,0x2a,0x90,0x2a,0x90,0x2a,0x90,0x2a,
    0x90,0x2a,0x91,0x2a,0x70,0x2a,0x70,0x22,0xd1,0x3a,0xf2,0x42,0xb1,0x32,0xb1,0x32,
    0xb1,0x32,0x91,0x2a,0x91,0x2a,0xd2,0x3a,0x13,0x43,0x13,0x43,0x33,0x4b,0x34,0x4b,
    0x13,0x43,0x8c,0x11,0x2b,0x01,0x2b,0x01,0x2b,0x01,0x6c,0x01,0x0e,0x1a,0xf0,0x42,
    0xf3,0x6b,0x53,0x7c,0x12,0x74,0xee,0x52,0x67,0x29,0xff,0xe4,0x18,0xc4,0x18,0xc4,
    0x18,0xa3,0x20,0xa3,0x28,0xa4,0x18,0xa4,0x10,0x05,0x19,0xcd,0x4a,0xb2,0x63,0x74,
    0x7c,0x94,0x84,0x33,0x74,0x51,0x53,0xb0,0x3a,0x6f,0x32,0x8e,0x32,0x8e,0x3a,0xae,
    0x42,0xcd,0x42,0xcd,0x4a,0xac,0x42,0x4a,0x32,0x09,0x32,0xc9,0x29,0x88,0x21,0x68,
    0x19,0x68,0x19,0x8a,0x11,0xab,0x11,0xec,0x21,0x4c,0x32,0x6c,0x3a,0x6c,0x3a,0x4b,
    0x3a,0x2a,0x32,0x0a,0x32,0xa8,0x29,0xe9,0x31,0xf6,0x9c,0xd6,0x94,0x55,0x7c,0xf5,
    0x6b,0x94,0x5b,0x74,0x5b,0x74,0x53,0x74,0x5b,0xb4,0x63,0xf5,0x6b,0x55,0x84,0xf6,
    0x94,0x78,0xad,0xf9,0xbd,0x3a,0xc6,0x19,0xbe,0x57,0xa5,0x55,0x84,0x93,0x63,0x32,
    0x4b,0xf2,0x42,0xf2,0x42,0xf2,0x42,0xf2,0x4a,0x12,0x4b,0x32,0x53,0xd6,0x94,0x36,
    0xa5,0x0a,0x3a,0x0c,0x2a,0xf5,0x9c,0x39,0xc6,0x78,0xad,0x77,0xa5,0x7a,0xce,0x3a,
    0xc6,0xb6,0x8c,0x75,0x53,0x17,0x95,0xbb,0xd6,0xdb,0xde,0x99,0xad,0x95,0x53,0x55,
    0x43,0x55,0x43,0xd7,0x8c,0xbb,0xd6,0xdb,0xde,0xdb,0xd6,0x18,0x9d,0x75,0x4b,0x55,
    0x4b,0x75,0x4b,0x99,0xad,0xdb,0xde,0xdb,0xde,0xdb,0xde,0xdb,0xde,0xdb,0xde,0xdb,
    0xde,0xdb,0xde,0x7a,0xce,0x16,0x6c,0x55,0x4b,0x75,0x4b,0x75,0x4b,0x55,0x4b,0x55,
    0x4b,0x55,0x4b,0x55,0x4b,0x75,0x4b,0x95,0x53,0x75,0x53,0x55,0x4b,0x55,0x4b,0x55,
    0x4b,0x55,0x4b,0x75,0x4b,0x95,0x5b,0x75,0x53,0x55,0x4b,0x55,0x4b,0x75,0x4b,0x75,
    0x53,0x95,0x5b,0x95,0x5b,0x55,0x4b,0x75,0x4b,0xff,0x75,0x4b,0x75,0x53,0x75,0x53,
    0x75,0x53,0x75,0x53,0x75,0x53,0x75,0x53,0x75,0x53,0x75,0x53,0x75,0x53,0x75,0x53,
    0x95,0x53,0x95,0x53,0x95,0x53,0x95,0x53,0x95,0x53,0x95,0x53,0x95,0x53,0x95,0x53,
    0x95,0x53,0x95,0x53,0x95,0x53,0x95,0x5b,0xd5,0x63,0x95,0x5b,0x75,0x53,0x95,0x5b,
    0xb5,0x5b,0xd5,0x63,0x36,0x74,0x36,0x74,0x24,0x21,0xe8,0x39,0x4c,0x5b,0xae,0x6b,
    0xce,0x6b,0xce,0x6b,0xcf,0x6b,0xcf,0x73,0xcf,0x73,0xcf,0x73,0xcf,0x73,0xcf,0x73,
    0xcf,0x73,0xae,0x6b,0xaa,0x4a,0x66,0x29,0x26,0x21,0x26,0x21,0x26,0x21,0x26,0x21,
    0x46,0x21,0x46,0x21,0x46,0x21,0x46,0x21,0x66,0x21,0x66,0x21,0x66,0x21,0x66,0x21,
    0x66,0x29,0x86,0x29,0x86,0x29,0x87,0x29,0x66,0x29,0x66,0x21,0x66,0x21,0x46,0x21,
    0x46,0x21,0x26,0x21,0x26,0x21,0x26,0x21,0x26,0x21,0x26,0x21,0x26,0x19,0x68,0x19,
    0x68,0x19,0x07,0x11,0x06,0x11,0xe6,0x10,0x06,0x11,0x27,0x11,0x48,0x19,0xa9,0x21,
    0xea,0x21,0xca,0x21,0x0b,0x22,0x2b,0x2a,0x2b,0x2a,0x4c,0x2a,0x6d,0x32,0x2c,0x2a,
    0xeb,0x21,0xeb,0x21,0x2c,0x2a,0x2c,0x2a,0x4c,0x2a,0x90,0x63,0x92,0x8c,0x71,0x84,
    0x70,0x63,0x6d,0x32,0x4d,0x2a,0x0c,0x22,0x2d,0x2a,0x4d,0x2a,0x4d,0x2a,0x4d,0x2a,
    0x4d,0x2a,0x4d,0x2a,0x4d,0x2a,0x4e,0x2a,0x4e,0x2a,0x4e,0x2a,0x4e,0x2a,0x6e,0x2a,
    0x6f,0x2a,0x0d,0x1a,0xed,0x11,0x10,0x4b,0xb4,0x8c,0x97,0xad,0x56,0xa5,0x91,0x63,
    0x2e,0x1a,0x2e,0x1a,0x90,0x32,0xd0,0x3a,0xff,0x90,0x2a,0x6f,0x2a,0x70,0x22,0x70,
    0x2a,0x70,0x2a,0x70,0x22,0x92,0x5b,0x98,0xad,0xf8,0xb5,0xb5,0x8c,0x90,0x32,0x70,
    0x2a,0x70,0x2a,0x70,0x2a,0x90,0x2a,0x90,0x2a,0x90,0x2a,0x90,0x2a,0x70,0x22,0x70,
    0x22,0xd1,0x3a,0xd2,0x3a,0xb1,0x32,0xb1,0x32,0xb1,0x32,0x91,0x2a,0x91,0x2a,0xf2,
    0x3a,0xf3,0x42,0xd2,0x3a,0xf3,0x3a,0x33,0x4b,0x74,0x53,0x54,0x4b,0x8c,0x11,0x2b,
    0x01,0x2b,0x01,0x4b,0x01,0xcd,0x19,0x10,0x4b,0x13,0x74,0x94,0x84,0x74,0x7c,0xf3,
    0x6b,0xd3,0x6b,0x33,0x74,0x12,0x74,0x4e,0x63,0x4a,0x42,0xa3,0x10,0xc3,0x10,0xa3,
    0x20,0xc4,0x20,0x0c,0x5b,0xd4,0x94,0x13,0x74,0xb4,0x84,0xb5,0x8c,0x34,0x74,0x31,
    0x4b,0x6f,0x2a,0x4d,0x2a,0x6d,0x32,0xad,0x42,0xce,0x4a,0xee,0x4a,0xee,0x4a,0xed,
    0x4a,0xed,0x4a,0xac,0x42,0x6b,0x3a,0x0a,0x2a,0xaa,0x19,0x8a,0x11,0xab,0x11,0xec,
    0x19,0x2d,0x2a,0x6d,0x3a,0x8d,0x42,0xad,0x42,0x6c,0x42,0x2a,0x3a,0xc9,0x29,0x87,
    0x21,0xa8,0x31,0x95,0x8c,0x76,0x84,0xf5,0x73,0x94,0x63,0x74,0x53,0x54,0x4b,0x33,
    0x4b,0x33,0x4b,0x33,0x4b,0x33,0x4b,0x53,0x53,0x74,0x53,0x94,0x63,0x15,0x74,0x75,
    0x84,0x75,0x84,0xf4,0x6b,0x73,0x5b,0x13,0x4b,0xf2,0x42,0xd2,0x42,0xd2,0x42,0xd2,
    0x42,0xd2,0x3a,0xd2,0x3a,0xd2,0x42,0x6e,0x3a,0x08,0x09,0x4c,0x3a,0xd4,0x94,0xb8,
    0xb5,0xd6,0x94,0x57,0xa5,0x9b,0xd6,0x3a,0xc6,0x76,0x84,0x13,0x43,0xd7,0x94,0xbb,
    0xd6,0xdb,0xde,0x78,0xad,0xf6,0x6b,0xff,0x95,0x53,0x95,0x53,0x75,0x53,0x77,0x7c,
    0xbb,0xd6,0xdb,0xde,0x9a,0xd6,0x16,0x74,0x75,0x4b,0x55,0x4b,0x56,0x7c,0xbb,0xde,
    0xdb,0xde,0xbb,0xd6,0x58,0xa5,0x77,0x7c,0xb7,0x84,0x19,0xc6,0xdb,0xde,0xdb,0xde,
    0xd9,0xb5,0x55,0x4b,0x75,0x4b,0x75,0x53,0x75,0x4b,0x55,0x4b,0x55,0x4b,0x55,0x4b,
    0x75,0x4b,0x95,0x53,0x95,0x53,0x75,0x4b,0x55,0x4b,0x55,0x4b,0x75,0x4b,0x75,0x4b,
    0x95,0x53,0x95,0x5b,0x55,0x4b,0x55,0x4b,0x75,0x4b,0x75,0x4b,0x75,0x53,0xb5,0x5b,
    0x75,0x53,0x55,0x4b,0x75,0x53,0x75,0x53,0x75,0x53,0x75,0x53,0x75,0x53,0x75,0x53,
    0x75,0x53,0x95,0x53,0x95,0x53,0x95,0x53,0x95,0x53,0x95,0x53,0x95,0x53,0x95,0x53,
    0x95,0x53,0x95,0x53,0x95,0x53,0x95,0x53,0x95,0x53,0x95,0x53,0x95,0x5b,0x95,0x53,
    0x95,0x53,0xb5,0x63,0xd5,0x63,0x75,0x53,0x75,0x53,0x95,0x5b,0x95,0x5b,0xb5,0x5b,
    0xf5,0x6b,0x49,0x3a,0x6d,0x63,0xae,0x6b,0xce,0x6b,0xcf,0x6b,0xcf,0x6b,0xcf,0x6b,
    0xcf,0x73,0xcf,0x73,0xcf,0x73,0xcf,0x73,0xcf,0x73,0x8e,0x6b,0x49,0x42,0x46,0x21,
    0x26,0x21,0x26,0x21,0x26,0x21,0x25,0x21,0x25,0x21,0x25,0x21,0x25,0x21,0x25,0x21,
    0x26,0x21,0x46,0x21,0x46,0x21,0x46,0x21,0x46,0x21,0x66,0x21,0x66,0x21,0x66,0x21,
    0x66,0x21,0x66,0x21,0x66,0x21,0x46,0x21,0x46,0x21,0x46,0x21,0x26,0x21,0x26,0x21,
    0x26,0x21,0x26,0x21,0x26,0x19,0x68,0x19,0x68,0x19,0x88,0x19,0xc9,0x21,0xea,0x21,
    0xea,0x21,0xc9,0x21,0x68,0x19,0xff,0x27,0x19,0x48,0x19,0xa9,0x19,0xa9,0x19,0xea,
    0x21,0x0b,0x22,0x0b,0x2a,0x2c,0x2a,0x6d,0x32,0x4c,0x32,0xeb,0x21,0xeb,0x21,0x2c,
    0x22,0x4c,0x2a,0x90,0x63,0xf3,0x94,0xd3,0x94,0xcd,0x42,0x2c,0x2a,0x4d,0x2a,0x6e,
    0x2a,0x0c,0x22,0x2d,0x22,0x4d,0x2a,0x4d,0x2a,0x4d,0x2a,0x4d,0x2a,0x4d,0x2a,0x4e,
    0x2a,0x4e,0x2a,0x4e,0x2a,0x4e,0x2a,0x4e,0x2a,0x4e,0x2a,0x2e,0x22,0x2d,0x22,0x30,
    0x4b,0xd5,0x8c,0x97,0xad,0x36,0x9d,0x10,0x4b,0x2e,0x1a,0x2e,0x1a,0xb0,0x3a,0xb0,
    0x3a,0x6f,0x2a,0x4f,0x22,0x70,0x22,0x4f,0x22,0x70,0x22,0x70,0x2a,0xd3,0x6b,0xb8,
    0xad,0xd8,0xb5,0x14,0x74,0x70,0x2a,0x70,0x2a,0x70,0x2a,0x70,0x2a,0x70,0x2a,0x70,
    0x2a,0x70,0x2a,0x70,0x2a,0x50,0x22,0x70,0x22,0xd2,0x3a,0xd2,0x3a,0x91,0x32,0x91,
    0x2a,0x91,0x2a,0x71,0x22,0x91,0x2a,0xf2,0x3a,0xf3,0x3a,0xd2,0x32,0xd3,0x32,0xf3,
    0x3a,0x13,0x43,0x54,0x53,0x74,0x53,0xac,0x19,0x4b,0x01,0x4b,0x01,0x4b,0x01,0xaf,
    0x42,0x33,0x74,0x94,0x84,0x54,0x7c,0xb2,0x63,0xb2,0x63,0x54,0x7c,0xd5,0x8c,0xd5,
    0x8c,0x94,0x84,0x13,0x74,0x71,0x5b,0x2c,0x32,0x06,0x19,0x8e,0x6b,0xb3,0x8c,0xd3,
    0x8c,0x94,0x84,0xd5,0x8c,0x94,0x84,0x92,0x5b,0xaf,0x3a,0x4d,0x2a,0x4c,0x32,0x6c,
    0x3a,0xcd,0x4a,0x0d,0x53,0x0e,0x53,0x0e,0x53,0x0e,0x53,0xee,0x4a,0xcd,0x42,0x8d,
    0x3a,0x4c,0x32,0xcb,0x19,0xab,0x11,0xcb,0x19,0x2d,0x2a,0x8e,0x3a,0xae,0x42,0x8e,
    0x3a,0x6d,0x3a,0x2b,0x32,0xff,0xc9,0x29,0x87,0x21,0x47,0x21,0xa8,0x29,0x95,0x8c,
    0x76,0x84,0xf5,0x6b,0xb4,0x63,0x74,0x53,0x54,0x4b,0x33,0x4b,0x13,0x43,0x13,0x43,
    0x13,0x43,0x13,0x43,0x13,0x43,0x13,0x43,0x13,0x4b,0x13,0x4b,0x13,0x4b,0x12,0x4b,
    0xf2,0x42,0xf2,0x42,0xd2,0x42,0xd2,0x42,0xd2,0x3a,0xd2,0x3a,0xd2,0x3a,0xd2,0x3a,
    0x2d,0x32,0x48,0x11,0x8d,0x42,0x15,0x9d,0xb8,0xb5,0x75,0x84,0xd2,0x3a,0xb8,0xb5,
    0xf9,0xbd,0x15,0x74,0x54,0x53,0x57,0xa5,0xbb,0xd6,0xdb,0xd6,0xdb,0xde,0x9a,0xd6,
    0xbb,0xd6,0x9b,0xd6,0x9b,0xd6,0xd9,0xb5,0x75,0x53,0xb9,0xb5,0xdb,0xd6,0xdb,0xd6,
    0xf8,0x94,0x35,0x3b,0x55,0x4b,0x95,0x5b,0xf7,0x94,0x78,0xa5,0x76,0x7c,0x75,0x4b,
    0x75,0x4b,0x75,0x4b,0x38,0x9d,0xdb,0xde,0xdb,0xde,0x9a,0xd6,0x16,0x6c,0x75,0x4b,
    0x75,0x4b,0x75,0x53,0x75,0x4b,0x75,0x4b,0x55,0x4b,0x75,0x4b,0x75,0x53,0x95,0x5b,
    0x95,0x53,0x75,0x4b,0x55,0x4b,0x75,0x4b,0x75,0x4b,0x75,0x53,0x95,0x5b,0x95,0x53,
    0x55,0x4b,0x75,0x4b,0x75,0x53,0x75,0x53,0x95,0x5b,0x95,0x5b,0x75,0x4b,0x75,0x53,
    0x75,0x53,0x95,0x53,0x95,0x53,0x75,0x53,0x95,0x53,0x95,0x53,0x95,0x53,0x95,0x53,
    0x95,0x53,0x95,0x53,0x95,0x53,0x95,0x53,0x95,0x53,0x95,0x53,0x95,0x53,0x95,0x53,
    0x95,0x5b,0x95,0x5b,0x95,0x5b,0x95,0x5b,0x95,0x5b,0x95,0x5b,0x95,0x5b,0xd5,0x63,
    0xb5,0x5b,0x75,0x53,0x95,0x5b,0x95,0x5b,0x95,0x5b,0xd5,0x63,0x8e,0x63,0xae,0x6b,
    0xce,0x6b,0xce,0x6b,0xff,0xcf,0x6b,0xcf,0x6b,0xcf,0x73,0xcf,0x73,0xcf,0x73,0xcf,
    0x73,0xcf,0x73,0x4d,0x5b,0x08,0x3a,0x46,0x21,0x26,0x21,0x26,0x21,0x05,0x21,0x06,
    0x21,0x05,0x21,0x25,0x21,0x25,0x21,0x25,0x21,0x25,0x21,0x25,0x21,0x25,0x21,0x26,
    0x21,0x26,0x21,0x46,0x21,0x46,0x21,0x46,0x21,0x46,0x21,0x46,0x21,0x46,0x21,0x46,
    0x21,0x46,0x21,0x46,0x21,0x26,0x21,0x26,0x21,0x26,0x21,0x26,0x21,0x47,0x21,0xc9,
    0x21,0xea,0x21,0xea,0x21,0x0a,0x22,0x0b,0x2a,0x2b,0x2a,0x2b,0x2a,0x0b,0x2a,0x0b,
    0x2a,0xea,0x21,0x89,0x19,0xa9,0x19,0xa9,0x19,0xa9,0x19,0x0b,0x22,0x0b,0x22,0x2b,
    0x2a,0x4c,0x32,0x6d,0x32,0x2c,0x2a,0xea,0x21,0x2c,0x2a,0xf0,0x73,0xb2,0x8c,0x72,
    0x84,0x2f,0x53,0x0c,0x22,0x0c,0x22,0x4d,0x2a,0x6e,0x2a,0x2d,0x2a,0x0c,0x22,0x2d,
    0x22,0x2d,0x22,0x2d,0x22,0x4d,0x22,0x4d,0x22,0x4d,0x22,0x4e,0x22,0x4e,0x22,0x4e,
    0x22,0x2e,0x22,0x0d,0x1a,0x4e,0x22,0xb2,0x63,0xf5,0x94,0x76,0xa5,0xd4,0x8c,0xd0,
    0x42,0x0e,0x1a,0x2e,0x22,0xb0,0x3a,0xb0,0x3a,0x6f,0x2a,0x4f,0x22,0x4f,0x22,0x4f,
    0x22,0x4f,0x22,0x70,0x22,0x54,0x7c,0xb8,0xb5,0xb8,0xad,0xb3,0x63,0x70,0x2a,0x70,
    0x2a,0x70,0x2a,0x70,0x2a,0x70,0x2a,0x70,0x2a,0x70,0x2a,0x70,0x22,0x50,0x1a,0x70,
    0x2a,0xd1,0x3a,0xd1,0x3a,0x91,0x2a,0x91,0x2a,0x91,0x2a,0x71,0x22,0x91,0x2a,0xf2,
    0x3a,0xf3,0x3a,0xd2,0x32,0xb2,0x32,0xd3,0x32,0xd3,0x32,0xf3,0x3a,0x13,0x43,0x34,
    0x4b,0xad,0x19,0xff,0x4b,0x01,0x4b,0x01,0x4b,0x01,0x51,0x5b,0x54,0x7c,0x13,0x6c,
    0x31,0x53,0x11,0x4b,0x34,0x74,0xd5,0x8c,0xd5,0x8c,0x54,0x7c,0x92,0x5b,0x11,0x43,
    0xb0,0x32,0x90,0x2a,0xf0,0x42,0xb4,0x8c,0x93,0x8c,0x93,0x8c,0xb5,0x8c,0x74,0x7c,
    0x92,0x5b,0xaf,0x32,0x4d,0x2a,0x2b,0x2a,0x4b,0x32,0xac,0x42,0x0d,0x53,0x4e,0x5b,
    0x4e,0x5b,0x4e,0x5b,0x2e,0x53,0x0e,0x53,0xee,0x4a,0xad,0x42,0x4c,0x32,0xec,0x19,
    0xcb,0x19,0xeb,0x21,0x2c,0x2a,0x6d,0x32,0xae,0x3a,0x8e,0x3a,0x2c,0x2a,0xe9,0x29,
    0xa8,0x21,0x67,0x21,0x46,0x21,0xc8,0x31,0x77,0xad,0x78,0xad,0xd6,0x94,0x35,0x7c,
    0xd4,0x6b,0x74,0x5b,0x54,0x53,0x13,0x4b,0x13,0x43,0xf3,0x42,0xf3,0x42,0xf2,0x42,
    0xf2,0x42,0xf2,0x42,0xf2,0x42,0xf2,0x42,0xf2,0x42,0xd2,0x3a,0xd2,0x42,0xd2,0x42,
    0xd2,0x3a,0xd2,0x3a,0xd2,0x3a,0xd2,0x3a,0x2d,0x32,0x29,0x11,0xee,0x52,0x35,0xa5,
    0xd8,0xb5,0x34,0x7c,0x71,0x22,0xb2,0x32,0xf3,0x3a,0xf3,0x42,0x13,0x43,0xf5,0x6b,
    0x19,0xc6,0x5a,0xc6,0xb8,0xb5,0x17,0x9d,0xb7,0x8c,0xd7,0x8c,0xd7,0x94,0xf7,0x94,
    0x77,0x84,0xd7,0x8c,0x16,0x74,0x77,0x7c,0x97,0x84,0x95,0x53,0x75,0x4b,0x55,0x4b,
    0x55,0x43,0x55,0x43,0x55,0x43,0x55,0x4b,0x75,0x53,0xb5,0x63,0x78,0xad,0xdb,0xde,
    0xdb,0xde,0x9a,0xd6,0xb7,0x8c,0x75,0x4b,0x75,0x4b,0x75,0x4b,0x95,0x53,0x75,0x53,
    0x75,0x4b,0x55,0x4b,0x75,0x4b,0x75,0x4b,0x95,0x53,0x95,0x5b,0x75,0x53,0x75,0x4b,
    0x75,0x4b,0xff,0x75,0x4b,0x75,0x53,0x95,0x53,0xb5,0x5b,0x75,0x53,0x75,0x4b,0x75,
    0x53,0x75,0x53,0x95,0x53,0xb6,0x5b,0x95,0x53,0x75,0x4b,0x95,0x53,0x95,0x53,0x95,
    0x53,0x95,0x53,0x95,0x53,0x95,0x53,0x95,0x53,0x95,0x53,0x95,0x53,0x95,0x53,0x95,
    0x53,0x95,0x5b,0x95,0x53,0x95,0x5b,0x95,0x5b,0x95,0x5b,0x95,0x5b,0x95,0x5b,0x95,
    0x5b,0x95,0x5b,0x95,0x5b,0x95,0x5b,0x95,0x5b,0xb5,0x63,0xd5,0x63,0x75,0x53,0x95,
    0x53,0x95,0x5b,0x95,0x5b,0xb5,0x5b,0xae,0x6b,0xce,0x6b,0xce,0x6b,0xce,0x6b,0xcf,
    0x6b,0xcf,0x6b,0xcf,0x73,0xcf,0x73,0xcf,0x73,0xcf,0x73,0x0c,0x5b,0xe8,0x31,0x26,
    0x21,0x26,0x21,0x26,0x21,0x26,0x21,0x05,0x21,0x05,0x21,0x05,0x21,0x05,0x21,0x05,
    0x21,0x25,0x21,0x25,0x21,0x25,0x21,0x25,0x21,0x25,0x21,0x25,0x21,0x25,0x21,0x26,
    0x21,0x26,0x21,0x46,0x21,0x46,0x21,0x46,0x21,0x46,0x21,0x46,0x21,0x46,0x21,0x26,
    0x21,0x26,0x21,0x26,0x21,0xa8,0x29,0x4b,0x32,0x0a,0x2a,0xea,0x21,0xea,0x21,0x0a,
    0x2a,0x6c,0x32,0x8c,0x3a,0x8c,0x3a,0x2b,0x32,0x0b,0x2a,0x0b,0x22,0x0b,0x22,0xea,
    0x21,0x0b,0x22,0xca,0x21,0xeb,0x21,0x0b,0x22,0x2b,0x22,0x2c,0x2a,0x6d,0x32,0x2c,
    0x2a,0x4c,0x32,0xd0,0x6b,0xb2,0x8c,0xf1,0x73,0x6d,0x32,0x4d,0x2a,0x2d,0x2a,0xec,
    0x21,0x2d,0x22,0x4d,0x2a,0x4d,0x2a,0x0c,0x22,0x2d,0x22,0x4d,0x22,0x4d,0x22,0x4d,
    0x22,0x4d,0x22,0x2e,0x22,0x2e,0x22,0x2e,0x22,0x2e,0x22,0xed,0x11,0x4e,0x2a,0xf2,
    0x6b,0xff,0x97,0xad,0x76,0xa5,0x73,0x84,0x6f,0x2a,0x0e,0x12,0x4f,0x22,0xb0,0x3a,
    0x90,0x32,0x4f,0x22,0x4f,0x22,0x4f,0x22,0x4f,0x22,0x4f,0x22,0x90,0x32,0xb5,0x8c,
    0xd8,0xb5,0x77,0xa5,0x52,0x53,0x70,0x22,0x70,0x22,0x70,0x22,0x70,0x22,0x70,0x22,
    0x70,0x22,0x70,0x22,0x70,0x22,0x50,0x1a,0x70,0x2a,0xd2,0x3a,0xb1,0x32,0x91,0x2a,
    0x91,0x2a,0x91,0x2a,0x71,0x22,0xb1,0x2a,0xf2,0x3a,0xd2,0x3a,0xb2,0x32,0xb2,0x32,
    0xd2,0x32,0xd3,0x32,0xd3,0x32,0xd3,0x32,0xd3,0x32,0xf3,0x3a,0x8d,0x11,0x4b,0x01,
    0x4b,0x01,0x4c,0x01,0x6f,0x32,0xf1,0x42,0x90,0x2a,0x2f,0x1a,0xd1,0x3a,0x34,0x7c,
    0xf5,0x94,0xd5,0x8c,0x13,0x74,0x32,0x53,0xd0,0x3a,0x90,0x2a,0x90,0x32,0x11,0x4b,
    0xd2,0x6b,0xb1,0x6b,0xd2,0x6b,0xd3,0x63,0x32,0x4b,0x70,0x2a,0x0d,0x1a,0x2c,0x2a,
    0x8c,0x3a,0xed,0x4a,0x6e,0x63,0x10,0x74,0x31,0x7c,0x11,0x7c,0xec,0x52,0x2a,0x3a,
    0x0e,0x53,0x4f,0x5b,0x2e,0x53,0x8d,0x3a,0x0b,0x2a,0xca,0x21,0xea,0x21,0x0b,0x2a,
    0x2c,0x32,0x4d,0x32,0x6d,0x32,0x6c,0x3a,0x2b,0x32,0xe9,0x29,0xa8,0x21,0x87,0x21,
    0xe9,0x31,0xd8,0xbd,0x5a,0xce,0x3a,0xc6,0xd8,0xb5,0x37,0xa5,0x96,0x84,0xf4,0x6b,
    0x74,0x5b,0x33,0x4b,0x13,0x43,0xf2,0x42,0xf2,0x42,0xf2,0x3a,0xd2,0x3a,0xd2,0x3a,
    0xd2,0x42,0xd2,0x3a,0xd2,0x42,0xd2,0x3a,0xd2,0x42,0xd2,0x3a,0xd2,0x3a,0xd2,0x3a,
    0xd1,0x42,0x0c,0x2a,0x2e,0x5b,0x56,0xa5,0xb8,0xb5,0xd3,0x6b,0x51,0x1a,0xb2,0x32,
    0xff,0xf3,0x3a,0xf3,0x42,0x13,0x43,0x13,0x43,0x13,0x4b,0x33,0x4b,0x34,0x4b,0x34,
    0x4b,0x34,0x4b,0xf5,0x6b,0xb9,0xb5,0x9b,0xd6,0xbb,0xd6,0xdb,0xde,0xdb,0xde,0xdb,
    0xde,0x3a,0xc6,0xf7,0x94,0x36,0x74,0x95,0x53,0x75,0x4b,0x75,0x4b,0x75,0x4b,0x36,
    0x74,0x19,0xbe,0x9a,0xd6,0xbb,0xd6,0xdb,0xde,0xdb,0xde,0x7a,0xce,0x56,0x7c,0x75,
    0x4b,0x75,0x4b,0x75,0x4b,0x75,0x4b,0x75,0x53,0x95,0x53,0x75,0x53,0x75,0x4b,0x75,
    0x4b,0x75,0x4b,0x75,0x53,0xb6,0x5b,0x95,0x53,0x75,0x4b,0x75,0x4b,0x75,0x53,0x75,
    0x53,0x95,0x53,0xb5,0x5b,0x95,0x53,0x75,0x4b,0x75,0x53,0x75,0x53,0x75,0x53,0xb5,
    0x5b,0xb5,0x5b,0x75,0x53,0x75,0x53,0x95,0x53,0x95,0x53,0x95,0x53,0x95,0x53,0x95,
    0x53,0x95,0x53,0x95,0x53,0x95,0x5b,0x95,0x5b,0x95,0x5b,0x95,0x5b,0x95,0x5b,0x95,
    0x5b,0x95,0x5b,0x95,0x5b,0x95,0x5b,0x95,0x5b,0x95,0x5b,0x95,0x5b,0x95,0x5b,0x95,
    0x5b,0x95,0x5b,0xb5,0x5b,0xd5,0x63,0xb5,0x63,0x75,0x53,0x95,0x5b,0x95,0x5b,0xb5,
    0x5b,0xce,0x6b,0xce,0x6b,0xce,0x6b,0xce,0x6b,0xcf,0x6b,0xcf,0x6b,0xcf,0x73,0xcf,
    0x73,0xae,0x6b,0xaa,0x4a,0x87,0x29,0x26,0x21,0x26,0x21,0x26,0x21,0x26,0x21,0x26,
    0x21,0x26,0x21,0x06,0x21,0x05,0x21,0x05,0x21,0x05,0x21,0x05,0x21,0x05,0x21,0x05,
    0x21,0x05,0x21,0x05,0x21,0x25,0x21,0x26,0x21,0x26,0x21,0x26,0x21,0x26,0x21,0x26,
    0x21,0x26,0x21,0x26,0x21,0x26,0x21,0x26,0x21,0x26,0x21,0x26,0x21,0x2a,0x32,0xff,
    0x8c,0x3a,0x4b,0x32,0x0a,0x2a,0xea,0x21,0xea,0x21,0xca,0x21,0xa9,0x21,0xa9,0x19,
    0xa9,0x19,0xea,0x21,0x0b,0x22,0x0b,0x22,0x2b,0x2a,0x2b,0x2a,0x2b,0x2a,0x4c,0x32,
    0x0b,0x2a,0x0b,0x22,0x0b,0x22,0x2c,0x22,0x2c,0x2a,0xee,0x4a,0x31,0x7c,0x51,0x7c,
    0x6f,0x63,0x4d,0x2a,0x2c,0x22,0x4d,0x2a,0x6d,0x2a,0x0c,0x22,0x0c,0x22,0x2d,0x22,
    0x4e,0x2a,0x2d,0x22,0x0d,0x22,0x2d,0x22,0x2d,0x22,0x2d,0x22,0x2d,0x22,0x2e,0x22,
    0x2e,0x22,0x0d,0x1a,0xed,0x11,0x6e,0x32,0x33,0x74,0x56,0xa5,0x97,0xad,0x33,0x74,
    0x2e,0x22,0xed,0x11,0x6f,0x2a,0xd0,0x3a,0x6f,0x2a,0x4f,0x22,0x4f,0x22,0x4f,0x22,
    0x4f,0x22,0x4f,0x22,0xd0,0x3a,0x16,0x9d,0xd8,0xb5,0x36,0x9d,0xf1,0x42,0x4f,0x22,
    0x70,0x22,0x50,0x22,0x50,0x22,0x70,0x22,0x70,0x22,0x70,0x22,0x50,0x22,0x30,0x1a,
    0x91,0x2a,0xd2,0x3a,0x91,0x32,0x71,0x2a,0x71,0x2a,0x71,0x22,0x71,0x22,0xb2,0x32,
    0xf3,0x3a,0xd2,0x32,0xb2,0x2a,0xb2,0x2a,0xb3,0x32,0xb3,0x32,0xd3,0x32,0xd3,0x32,
    0xd3,0x32,0xf3,0x32,0xd3,0x32,0x8d,0x09,0x4c,0x01,0x4c,0x01,0x6c,0x01,0x8d,0x01,
    0xce,0x01,0xad,0x01,0xce,0x01,0x50,0x22,0xb3,0x63,0xb5,0x84,0xd5,0x8c,0x95,0x84,
    0x34,0x74,0xd3,0x6b,0x92,0x5b,0xb2,0x63,0x13,0x74,0xb0,0x3a,0x8f,0x3a,0x8f,0x32,
    0x50,0x22,0x0f,0x12,0xee,0x11,0x0d,0x2a,0x6d,0x3a,0x0e,0x53,0x6f,0x63,0x72,0x84,
    0x96,0xad,0xb7,0xb5,0xef,0x73,0xe4,0x18,0xc4,0x10,0xe4,0x18,0x66,0x21,0xff,0xe9,
    0x31,0x4b,0x3a,0x2b,0x2a,0xca,0x21,0xca,0x21,0xeb,0x29,0x2c,0x32,0x0d,0x22,0x2d,
    0x22,0x2d,0x2a,0x4d,0x32,0x6c,0x3a,0x6b,0x3a,0x2a,0x32,0x2a,0x32,0xd6,0x94,0xb8,
    0xb5,0x19,0xbe,0x5a,0xc6,0x5a,0xc6,0x19,0xc6,0xb8,0xb5,0xf6,0x9c,0x14,0x74,0x53,
    0x53,0x13,0x43,0xf2,0x42,0xf2,0x42,0xd2,0x42,0xd2,0x3a,0xd2,0x3a,0xd2,0x42,0xd2,
    0x42,0xd2,0x3a,0xd2,0x42,0xd2,0x3a,0xd2,0x3a,0xd1,0x42,0x72,0x5b,0xd0,0x73,0x76,
    0xad,0xb8,0xb5,0x93,0x5b,0x71,0x22,0xb2,0x32,0xf3,0x3a,0xf3,0x42,0x13,0x43,0x13,
    0x4b,0x13,0x4b,0x13,0x4b,0x34,0x4b,0x34,0x4b,0x34,0x4b,0xd5,0x6b,0x19,0xbe,0xdb,
    0xde,0xdb,0xde,0x9a,0xd6,0xd9,0xb5,0x99,0xad,0x7a,0xce,0xdb,0xde,0xdb,0xde,0xba,
    0xd6,0x7a,0xce,0x78,0xa5,0xf6,0x6b,0x95,0x53,0x97,0x84,0x5a,0xce,0x9a,0xd6,0x1a,
    0xc6,0xb9,0xad,0x38,0x9d,0xf6,0x6b,0x75,0x53,0x75,0x53,0x75,0x4b,0x75,0x4b,0x75,
    0x4b,0x75,0x53,0x95,0x53,0x95,0x53,0x75,0x4b,0x75,0x53,0x75,0x4b,0x75,0x53,0x95,
    0x5b,0xb5,0x5b,0x95,0x53,0x75,0x4b,0x75,0x53,0x75,0x53,0x75,0x53,0x95,0x5b,0xb6,
    0x5b,0x75,0x53,0x75,0x53,0x75,0x53,0x95,0x53,0x95,0x53,0xb6,0x63,0x95,0x53,0x75,
    0x53,0x95,0x53,0x95,0x53,0x95,0x53,0x95,0x53,0x95,0x53,0x95,0x53,0x95,0x53,0x95,
    0x5b,0x95,0x5b,0x95,0x5b,0x95,0x5b,0x95,0x5b,0x95,0x5b,0x95,0x5b,0x95,0x5b,0x95,
    0x5b,0x95,0x5b,0x95,0x5b,0x95,0x5b,0x95,0x5b,0x95,0x5b,0x95,0x5b,0xff,0x95,0x5b,
    0xb5,0x63,0xd5,0x63,0x95,0x5b,0x75,0x53,0x95,0x5b,0x95,0x5b,0xce,0x6b,0xce,0x6b,
    0xce,0x6b,0xcf,0x6b,0xcf,0x6b,0xcf,0x6b,0xcf,0x73,0x8e,0x6b,0x8a,0x4a,0x66,0x21,
    0x26,0x21,0x26,0x21,0x26,0x21,0x26,0x21,0x26,0x21,0x26,0x21,0x26,0x21,0x26,0x21,
    0x26,0x21,0x05,0x21,0x05,0x21,0x05,0x19,0x05,0x21,0x05,0x21,0x05,0x21,0x05,0x21,
    0x05,0x21,0x05,0x21,0x05,0x21,0x26,0x21,0x26,0x21,0x26,0x21,0x26,0x21,0x26,0x21,
    0x26,0x21,0x26,0x21,0x47,0x21,0x2a,0x32,0x6c,0x3a,0x4b,0x32,0x8c,0x3a,0xad,0x42,
    0x2b,0x2a,0xea,0x21,0xea,0x21,0xca,0x21,0xca,0x21,0xca,0x21,0xea,0x21,0x0b,0x22,
    0x0b,0x2a,0x4c,0x32,0x2c,0x2a,0xcd,0x42,0xad,0x3a,0x2c,0x2a,0x0b,0x22,0x0b,0x22,
    0xcb,0x19,0x0d,0x4b,0x72,0x84,0x71,0x84,0xed,0x4a,0x0b,0x22,0x0c,0x22,0x2c,0x22,
    0x2d,0x2a,0x4e,0x2a,0x2d,0x22,0xec,0x19,0x2d,0x22,0x4e,0x2a,0x4d,0x22,0x0c,0x22,
    0x2d,0x22,0x2d,0x22,0x2d,0x22,0x2d,0x22,0x2d,0x22,0x0d,0x1a,0xed,0x11,0xaf,0x3a,
    0x53,0x7c,0x76,0xa5,0x36,0x9d,0xd2,0x6b,0x4f,0x22,0xed,0x11,0x4f,0x2a,0xb0,0x3a,
    0x6f,0x2a,0x4f,0x22,0x4f,0x22,0x4f,0x22,0x4f,0x22,0x4f,0x22,0x11,0x4b,0x36,0x9d,
    0xd8,0xb5,0xd5,0x8c,0x90,0x32,0x4f,0x22,0x50,0x22,0x50,0x22,0x50,0x22,0x50,0x22,
    0x50,0x22,0x50,0x22,0x50,0x1a,0x30,0x1a,0x91,0x32,0xd1,0x3a,0x91,0x2a,0x71,0x2a,
    0x71,0x22,0x71,0x22,0x71,0x1a,0xb2,0x32,0xf2,0x3a,0xb2,0x32,0xff,0xb2,0x2a,0xb2,
    0x2a,0xb2,0x2a,0xb3,0x32,0xd3,0x32,0xd3,0x32,0xd3,0x32,0xd3,0x32,0xf3,0x32,0xd3,
    0x32,0xad,0x09,0x6c,0x01,0x6c,0x01,0x6c,0x01,0x6c,0x01,0x8d,0x01,0x8d,0x01,0xad,
    0x01,0xee,0x09,0x90,0x32,0x72,0x5b,0xf3,0x6b,0x54,0x7c,0x95,0x84,0xb5,0x84,0xb5,
    0x84,0xb5,0x84,0x95,0x84,0x2e,0x22,0xed,0x19,0xee,0x11,0xce,0x01,0xce,0x01,0xee,
    0x09,0x4f,0x32,0xaf,0x42,0x0f,0x53,0xd0,0x6b,0xd3,0x8c,0xd7,0xb5,0x51,0x84,0x83,
    0x10,0xc4,0x10,0xc4,0x10,0xc4,0x10,0xa4,0x10,0xa4,0x10,0xc4,0x10,0xe5,0x18,0x46,
    0x19,0x88,0x21,0xeb,0x29,0xed,0x21,0xed,0x19,0xed,0x19,0x0c,0x22,0x0c,0x22,0x2c,
    0x2a,0x4c,0x32,0x8c,0x3a,0xac,0x42,0x93,0x63,0xf5,0x6b,0x55,0x84,0xf6,0x94,0x78,
    0xad,0xf9,0xbd,0x39,0xc6,0x19,0xbe,0x98,0xad,0x55,0x7c,0x53,0x53,0xf2,0x42,0xf2,
    0x42,0xd2,0x42,0xd2,0x42,0xd2,0x42,0xd2,0x42,0xd2,0x42,0xd2,0x42,0xd2,0x42,0xd2,
    0x42,0xf2,0x42,0x51,0x5b,0xf1,0x73,0x97,0xad,0x98,0xad,0x52,0x5b,0x71,0x22,0xd3,
    0x32,0xf3,0x3a,0xf3,0x42,0x13,0x43,0x13,0x43,0x13,0x4b,0x13,0x4b,0x33,0x4b,0x34,
    0x4b,0x34,0x4b,0x15,0x74,0x3a,0xc6,0xdb,0xde,0xdb,0xde,0x19,0xbe,0xd6,0x63,0x75,
    0x4b,0x75,0x4b,0x75,0x53,0x77,0x7c,0x58,0xa5,0x3a,0xc6,0xdb,0xde,0xfb,0xde,0xdb,
    0xde,0x3a,0xc6,0x78,0xa5,0xb5,0x63,0x75,0x4b,0x75,0x4b,0x75,0x4b,0x75,0x4b,0x75,
    0x4b,0x75,0x4b,0x75,0x4b,0x75,0x4b,0x75,0x4b,0x75,0x53,0x9b,0x75,0x4b,0x75,0x53,
    0x95,0x53,0x75,0x53,0x75,0x4b,0x75,0x53,0x75,0x53,0x95,0x53,0xb5,0x5b,0xb5,0x5b,
    0x75,0x53,0x75,0x53,0x75,0x53,0x75,0x53,0x95,0x53,0xb6,0x5b,0x95,0x5b,0x75,0x53,
    0x95,0x53,0x95,0x53,0x95,0x53,0xb5,0x5b,0xb5,0x5b,0x75,0x53,0x75,0x53,0x95,0x53,
    0x95,0x5b,0x13,0x95,0x5b,0xff,0xb5,0x5b,0x95,0x5b,0xd5,0x63,0xf6,0x6b,0xb5,0x63,
    0x75,0x53,0x75,0x4b,0xce,0x6b,0xce,0x6b,0xce,0x6b,0xcf,0x6b,0xcf,0x6b,0xcf,0x73,
    0x6d,0x63,0x28,0x3a,0x26,0x21,0x46,0x21,0x46,0x21,0x46,0x21,0x46,0x21,0x46,0x21,
    0x26,0x21,0x26,0x21,0x26,0x21,0x26,0x21,0x26,0x21,0x26,0x21,0x26,0x21,0x05,0x19,
    0x26,0x21,0x26,0x21,0x26,0x21,0x26,0x21,0x26,0x21,0x26,0x21,0x26,0x21,0x26,0x21,
    0x26,0x21,0x26,0x21,0x26,0x21,0x26,0x21,0x26,0x21,0x67,0x21,0x2b,0x32,0x2b,0x32,
    0xea,0x21,0x2b,0x2a,0x8c,0x3a,0xee,0x4a,0x0e,0x53,0xad,0x42,0x4b,0x32,0x2b,0x32,
    0x2b,0x32,0x4b,0x32,0x6c,0x32,0xcd,0x42,0xce,0x42,0xad,0x42,0x2f,0x53,0xce,0x42,
    0x2c,0x2a,0x0b,0x22,0x0b,0x22,0xeb,0x21,0x2e,0x5b,0x72,0x84,0x52,0x84,0xee,0x4a,
    0x0b,0x22,0xeb,0x19,0x0c,0x22,0x2c,0x22,0x2d,0x22,0x4d,0x2a,0x4d,0x2a,0xec,0x19,
    0x0d,0x22,0x4d,0x22,0x4e,0x2a,0x0d,0x22,0x0d,0x22,0x2d,0x22,0x2d,0x22,0x2d,0x22,
    0xed,0x19,0xed,0x19,0xf0,0x4a,0x94,0x84,0x76,0xa5,0x35,0x9d,0x30,0x53,0x0e,0x1a,
    0x2e,0x1a,0x8f,0x32,0x8f,0x32,0x4f,0x22,0x2f,0x22,0x2f,0x22,0x4f,0x1a,0x2f,0x1a,
    0x2f,0x1a,0x51,0x53,0x77,0xa5,0xb8,0xad,0x74,0x7c,0x6f,0x22,0x4f,0x22,0x50,0x22,
    0x50,0x22,0x50,0x22,0x50,0x22,0x50,0x22,0x50,0x22,0x30,0x1a,0x30,0x1a,0xb1,0x32,
    0xb1,0x32,0x71,0x2a,0x71,0x22,0x71,0x22,0x71,0x22,0x71,0x1a,0xb2,0x32,0xd2,0x3a,
    0xb2,0x2a,0xb2,0x2a,0xff,0xb2,0x2a,0xb3,0x2a,0xb3,0x2a,0xd3,0x32,0xd3,0x32,0xd3,
    0x32,0xd3,0x32,0xd3,0x32,0xf3,0x32,0xf3,0x32,0xad,0x09,0x6c,0x01,0x6c,0x01,0x6c,
    0x01,0x6c,0x01,0x6c,0x01,0x6d,0x01,0x8d,0x01,0xad,0x01,0xce,0x01,0x0f,0x12,0x70,
    0x22,0xd1,0x3a,0x72,0x53,0xd3,0x6b,0xf4,0x6b,0xb3,0x63,0x72,0x5b,0xcd,0x09,0x8c,
    0x09,0xad,0x01,0xad,0x01,0xae,0x01,0xce,0x01,0x0f,0x12,0x4f,0x2a,0xd0,0x42,0xb2,
    0x63,0x94,0x84,0x36,0x9d,0x11,0x74,0x4e,0x5b,0x09,0x3a,0x46,0x21,0xa4,0x10,0xc4,
    0x10,0xc4,0x10,0xa3,0x10,0xa4,0x10,0xc4,0x10,0xc4,0x10,0xe5,0x18,0x48,0x19,0xab,
    0x11,0xec,0x21,0x0b,0x2a,0x2b,0x2a,0x2b,0x32,0x4b,0x32,0x6c,0x3a,0xad,0x42,0x13,
    0x4b,0x33,0x4b,0x53,0x53,0x74,0x5b,0xb4,0x63,0xf4,0x73,0x75,0x84,0xf6,0x94,0xd6,
    0x94,0x14,0x74,0x53,0x53,0xf2,0x42,0xf2,0x42,0xd2,0x42,0xd2,0x3a,0xd2,0x42,0xd2,
    0x42,0xd2,0x42,0xd2,0x42,0xd2,0x3a,0xf2,0x42,0x71,0x5b,0xf1,0x73,0xb7,0xb5,0x98,
    0xad,0xf2,0x42,0x92,0x2a,0xd3,0x32,0xf3,0x3a,0xf3,0x42,0x13,0x43,0x13,0x4b,0x13,
    0x4b,0x13,0x4b,0x33,0x4b,0x34,0x4b,0x34,0x4b,0x76,0x84,0x7a,0xce,0xdb,0xde,0xdb,
    0xde,0x3a,0xc6,0xd6,0x63,0x75,0x53,0x95,0x53,0x95,0x53,0x75,0x53,0x96,0x53,0x96,
    0x53,0x96,0x53,0xf6,0x63,0x58,0xa5,0x9a,0xd6,0xdb,0xde,0xdb,0xde,0x38,0x9d,0x75,
    0x53,0x75,0x53,0x75,0x53,0x75,0x53,0x75,0x53,0x75,0x53,0x75,0x53,0x75,0x53,0x75,
    0x4b,0x75,0x4b,0xff,0x75,0x53,0x75,0x53,0x55,0x4b,0x75,0x53,0x75,0x53,0x75,0x53,
    0x75,0x53,0x95,0x53,0xb5,0x5b,0xd6,0x5b,0x95,0x5b,0x75,0x53,0x75,0x53,0x95,0x53,
    0x95,0x53,0xb5,0x5b,0xd6,0x5b,0x95,0x53,0x75,0x53,0x95,0x53,0x95,0x53,0x95,0x5b,
    0xb6,0x63,0x95,0x5b,0x75,0x53,0x95,0x53,0x95,0x5b,0x95,0x53,0x95,0x5b,0x95,0x5b,
    0x95,0x5b,0x95,0x5b,0x95,0x5b,0x95,0x5b,0x95,0x5b,0x95,0x5b,0x95,0x5b,0x95,0x5b,
    0x95,0x5b,0x95,0x5b,0x95,0x5b,0x95,0x5b,0x95,0x5b,0xb5,0x5b,0x95,0x5b,0xb5,0x5b,
    0xb5,0x5b,0xb5,0x5b,0xb5,0x5b,0xb5,0x5b,0xd5,0x63,0xf6,0x6b,0xf6,0x6b,0xce,0x6b,
    0xce,0x6b,0xce,0x6b,0xcf,0x6b,0xcf,0x6b,0x2c,0x5b,0xc7,0x31,0x46,0x21,0x46,0x21,
    0x46,0x21,0x46,0x21,0x46,0x21,0x46,0x21,0x46,0x21,0x46,0x21,0x46,0x21,0x26,0x21,
    0x26,0x21,0x26,0x21,0x26,0x19,0x26,0x19,0x26,0x19,0x26,0x19,0x26,0x19,0x26,0x19,
    0x26,0x19,0x26,0x21,0x26,0x21,0x26,0x21,0x26,0x21,0x26,0x21,0x26,0x21,0x26,0x21,
    0x26,0x21,0x88,0x21,0x4b,0x32,0x0a,0x2a,0xc9,0x21,0xca,0x21,0xea,0x21,0x2b,0x2a,
    0x8c,0x3a,0xee,0x4a,0x4f,0x53,0x6f,0x5b,0x70,0x5b,0x70,0x5b,0x90,0x5b,0x4f,0x5b,
    0xce,0x42,0xad,0x3a,0x0f,0x4b,0x8d,0x3a,0x2b,0x2a,0x0b,0x22,0xeb,0x21,0xca,0x21,
    0xaf,0x63,0x92,0x84,0x31,0x7c,0xad,0x42,0x2c,0x22,0x6d,0x32,0x6d,0x32,0x2c,0x22,
    0x2c,0x22,0x0d,0x22,0x0d,0x22,0x0d,0x22,0x2d,0x22,0x2d,0x22,0x2d,0x22,0x4e,0x2a,
    0x2d,0x22,0xff,0x0c,0x1a,0x2d,0x22,0x0d,0x22,0xed,0x11,0xed,0x19,0x51,0x53,0xf5,
    0x94,0x76,0xa5,0xd5,0x94,0xcf,0x42,0xed,0x11,0x0e,0x1a,0xb0,0x3a,0xb0,0x32,0x2e,
    0x22,0x2e,0x1a,0x2f,0x1a,0x2f,0x1a,0x0e,0x12,0xee,0x11,0xb2,0x63,0x56,0xa5,0x77,
    0xa5,0x91,0x63,0xee,0x11,0xee,0x11,0x0f,0x1a,0x2f,0x1a,0x4f,0x22,0x50,0x22,0x50,
    0x22,0x50,0x22,0x2f,0x1a,0x30,0x1a,0xb1,0x32,0xb1,0x32,0x70,0x22,0x71,0x22,0x71,
    0x22,0x50,0x1a,0x71,0x22,0xd2,0x32,0xd2,0x32,0xb2,0x2a,0xb2,0x2a,0xb2,0x2a,0xb2,
    0x2a,0xb3,0x2a,0xb3,0x2a,0xd3,0x2a,0xd3,0x32,0xd3,0x32,0xd3,0x32,0xd3,0x32,0xf3,
    0x32,0xf3,0x32,0xee,0x19,0x6c,0x01,0x6d,0x01,0x6d,0x01,0x6c,0x01,0x6c,0x01,0x6d,
    0x01,0x6d,0x01,0x8d,0x01,0x8d,0x01,0xad,0x01,0xae,0x01,0xce,0x01,0x0f,0x12,0x50,
    0x1a,0x50,0x22,0x2f,0x1a,0x0f,0x12,0x8c,0x01,0x6b,0x09,0x8c,0x01,0x8d,0x01,0xad,
    0x01,0xae,0x01,0xce,0x01,0x0f,0x12,0x70,0x2a,0x12,0x4b,0xb3,0x63,0x74,0x84,0x36,
    0x9d,0xf5,0x8c,0xb4,0x84,0xd0,0x6b,0x8b,0x42,0x67,0x21,0xc4,0x10,0xc4,0x10,0xa4,
    0x10,0xa3,0x10,0xa3,0x10,0xa3,0x10,0xc4,0x10,0xc4,0x10,0x05,0x19,0x47,0x19,0x6b,
    0x3a,0xac,0x42,0xac,0x42,0xed,0x4a,0x0e,0x53,0x12,0x43,0xf3,0x42,0xf3,0x42,0xf3,
    0x42,0xf2,0x42,0x12,0x43,0x12,0x4b,0x12,0x4b,0x12,0x4b,0x12,0x43,0xd2,0x3a,0xb1,
    0x3a,0xb1,0x32,0xb1,0x3a,0xd2,0x3a,0xd2,0x3a,0xd2,0x3a,0xd2,0x42,0xd2,0x42,0x12,
    0x4b,0xff,0x31,0x5b,0x32,0x7c,0xb8,0xb5,0x98,0xad,0x33,0x4b,0x92,0x2a,0xd3,0x3a,
    0xf3,0x3a,0x13,0x43,0x13,0x43,0x13,0x43,0x13,0x4b,0x33,0x4b,0x33,0x4b,0x34,0x4b,
    0x34,0x4b,0x54,0x4b,0xf7,0x94,0xdb,0xd6,0xdb,0xde,0xdb,0xde,0x9a,0xd6,0x19,0xbe,
    0x38,0x9d,0x16,0x6c,0x95,0x53,0x95,0x53,0x95,0x53,0x95,0x53,0x95,0x53,0x95,0x53,
    0x75,0x53,0x38,0x9d,0xdb,0xde,0xdb,0xde,0x9a,0xd6,0xd6,0x63,0x75,0x4b,0x75,0x53,
    0x75,0x53,0x75,0x53,0x75,0x53,0x75,0x53,0x75,0x53,0x75,0x53,0x96,0x53,0x95,0x53,
    0x95,0x53,0x95,0x53,0x95,0x5b,0x95,0x5b,0x75,0x53,0x75,0x53,0x75,0x4b,0x95,0x53,
    0xb6,0x5b,0xb6,0x5b,0x95,0x53,0x75,0x53,0x95,0x53,0x95,0x53,0x95,0x53,0xb6,0x63,
    0xb5,0x5b,0x75,0x53,0x95,0x53,0x95,0x53,0x95,0x5b,0xb6,0x5b,0xb6,0x63,0x75,0x53,
    0x95,0x53,0x95,0x5b,0x95,0x5b,0x95,0x5b,0x95,0x5b,0x95,0x5b,0x95,0x5b,0x95,0x5b,
    0x95,0x5b,0xb5,0x5b,0x95,0x5b,0xb5,0x5b,0x95,0x5b,0x95,0x5b,0x95,0x5b,0x95,0x5b,
    0xb5,0x5b,0xb5,0x5b,0xb5,0x5b,0xb5,0x5b,0xb5,0x5b,0xb5,0x5b,0xb5,0x5b,0xb5,0x5b,
    0xb5,0x5b,0xb5,0x5b,0xb5,0x5b,0xb5,0x63,0xce,0x6b,0xce,0x6b,0xcf,0x6b,0xae,0x6b,
    0xcb,0x52,0xa7,0x31,0x46,0x21,0x46,0x21,0x46,0x21,0x46,0x21,0x46,0x21,0x46,0x21,
    0x46,0x21,0x46,0x21,0x46,0x21,0x46,0x21,0x26,0x21,0x26,0x21,0x26,0x21,0x26,0x19,
    0x26,0x19,0x26,0x19,0x26,0x19,0x26,0x19,0x26,0x19,0x26,0x19,0x26,0x19,0x26,0x19,
    0xff,0x26,0x19,0x26,0x21,0x26,0x21,0x26,0x21,0x26,0x21,0xa8,0x29,0x4b,0x32,0xea,
    0x29,0xc9,0x21,0xc9,0x21,0xc9,0x21,0xca,0x21,0xca,0x21,0xea,0x21,0x0b,0x2a,0x4b,
    0x32,0x6c,0x3a,0x8d,0x3a,0xad,0x3a,0x4c,0x32,0xeb,0x21,0x4c,0x2a,0xad,0x3a,0x4c,
    0x32,0x0b,0x22,0x0b,0x22,0xcb,0x19,0x2b,0x32,0xd0,0x73,0x92,0x84,0xf0,0x6b,0x6d,
    0x32,0x4c,0x2a,0x8e,0x3a,0xae,0x3a,0x4d,0x2a,0x0c,0x22,0x0c,0x22,0xec,0x19,0xcb,
    0x11,0x2d,0x2a,0x8e,0x32,0x2d,0x22,0x2d,0x22,0x4e,0x22,0x2e,0x22,0x0d,0x1a,0xed,
    0x19,0xcc,0x11,0x2d,0x22,0x91,0x5b,0xf5,0x94,0x76,0xa5,0x94,0x84,0x6e,0x2a,0xed,
    0x11,0x0e,0x1a,0xb0,0x32,0x90,0x32,0x6f,0x2a,0x2e,0x1a,0xee,0x11,0xee,0x11,0xcd,
    0x01,0xed,0x11,0xf2,0x73,0x77,0xa5,0x36,0x9d,0x30,0x53,0xad,0x01,0xad,0x01,0x8c,
    0x01,0xad,0x01,0xce,0x09,0x0f,0x12,0x2f,0x1a,0x30,0x1a,0x2f,0x12,0x50,0x22,0xb1,
    0x32,0x91,0x32,0x70,0x22,0x70,0x22,0x50,0x22,0x50,0x1a,0x71,0x22,0xd2,0x32,0xd2,
    0x32,0x92,0x2a,0x92,0x22,0x92,0x22,0xb2,0x2a,0xb2,0x2a,0xb3,0x2a,0xb3,0x2a,0xd3,
    0x2a,0xd3,0x32,0xd3,0x32,0xd3,0x32,0xf3,0x32,0xf3,0x32,0xd3,0x32,0xd5,0x63,0x97,
    0xad,0x94,0x8c,0x4e,0x32,0x4a,0x09,0x6a,0x09,0x8b,0x09,0x8c,0x09,0xac,0x09,0xad,
    0x01,0x8d,0x01,0x8d,0x01,0x8d,0x01,0xad,0x01,0xae,0x01,0xae,0x01,0xae,0x01,0xad,
    0x01,0x6c,0x01,0x6b,0x09,0x6c,0x01,0xad,0x01,0xad,0x01,0xae,0x01,0xce,0x01,0xff,
    0xef,0x01,0x2f,0x12,0x70,0x2a,0xd1,0x3a,0x93,0x5b,0x98,0xad,0xd5,0x8c,0x53,0x7c,
    0x6f,0x5b,0x8c,0x42,0x2a,0x2a,0xa9,0x21,0x68,0x19,0x27,0x19,0xe5,0x10,0xa3,0x10,
    0xa4,0x10,0xa3,0x10,0xa3,0x10,0xc4,0x18,0xcd,0x52,0xf1,0x73,0x4e,0x5b,0x6e,0x63,
    0x8f,0x63,0x90,0x63,0xf2,0x42,0xd2,0x3a,0xd2,0x32,0xd2,0x3a,0xb2,0x3a,0xb2,0x32,
    0xb2,0x3a,0xd2,0x3a,0xb2,0x3a,0xb2,0x3a,0xd2,0x3a,0xd2,0x3a,0xd1,0x3a,0xb1,0x3a,
    0xb1,0x32,0xb1,0x32,0xb1,0x3a,0xd1,0x3a,0x32,0x4b,0x51,0x5b,0x52,0x84,0xd8,0xb5,
    0x78,0xad,0x33,0x4b,0xd3,0x3a,0xd3,0x3a,0xf3,0x3a,0x13,0x43,0x13,0x43,0x13,0x43,
    0x13,0x4b,0x13,0x4b,0x34,0x4b,0x34,0x4b,0x34,0x4b,0x34,0x4b,0x54,0x4b,0x54,0x4b,
    0xf6,0x6b,0x18,0x9d,0xf9,0xbd,0x9a,0xd6,0xdb,0xde,0xdb,0xde,0xbb,0xd6,0x19,0xbe,
    0x38,0x9d,0x57,0x7c,0xb6,0x5b,0x95,0x53,0x75,0x53,0x77,0x7c,0x9a,0xce,0xdb,0xde,
    0xdb,0xde,0xd9,0xb5,0xb6,0x5b,0x96,0x53,0x96,0x53,0x75,0x4b,0x75,0x53,0x95,0x53,
    0x75,0x53,0x75,0x53,0x75,0x53,0x75,0x53,0x95,0x53,0x95,0x53,0x95,0x53,0xb6,0x5b,
    0x95,0x53,0x75,0x53,0x95,0x53,0x95,0x53,0x75,0x53,0x75,0x53,0x95,0x53,0x95,0x53,
    0x75,0x53,0x95,0x53,0x95,0x53,0x95,0x53,0xb5,0x5b,0xd6,0x63,0x95,0x53,0x95,0x53,
    0x95,0x53,0x95,0x5b,0xb5,0x5b,0xd6,0x63,0x95,0x5b,0x75,0x53,0x95,0x5b,0x95,0x5b,
    0x95,0x5b,0x95,0x5b,0x95,0x5b,0x95,0x5b,0x95,0x5b,0x95,0x5b,0x95,0x5b,0xff,0x95,
    0x5b,0x95,0x5b,0xb5,0x5b,0x95,0x5b,0xb5,0x5b,0xb5,0x5b,0xb5,0x5b,0xb5,0x5b,0xb5,
    0x5b,0xb5,0x5b,0xb5,0x5b,0xb5,0x5b,0xb5,0x5b,0xb5,0x5b,0xb5,0x5b,0xb5,0x5b,0xb5,
    0x5b,0xb5,0x5b,0xce,0x6b,0xcf,0x6b,0xae,0x6b,0x69,0x42,0x66,0x29,0x46,0x21,0x46,
    0x21,0x46,0x21,0x46,0x21,0x46,0x21,0x46,0x21,0x46,0x21,0x46,0x21,0x46,0x21,0x46,
    0x21,0x46,0x21,0x46,0x21,0x26,0x21,0x26,0x21,0x26,0x21,0x26,0x19,0x26,0x19,0x26,
    0x19,0x26,0x19,0x26,0x19,0x26,0x19,0x26,0x19,0x26,0x19,0x26,0x19,0x26,0x19,0x26,
    0x21,0x26,0x19,0xe9,0x29,0x2b,0x32,0xea,0x21,0xc9,0x21,0xc9,0x21,0xc9,0x21,0xca,
    0x21,0xca,0x21,0xca,0x21,0xca,0x21,0xca,0x21,0xca,0x21,0xea,0x21,0xea,0x21,0xaa,
    0x19,0x89,0x19,0x0b,0x2a,0x6d,0x32,0x2b,0x2a,0xeb,0x21,0xeb,0x21,0xca,0x19,0x4b,
    0x32,0x31,0x7c,0x72,0x84,0x8f,0x63,0x2c,0x2a,0x4c,0x2a,0xae,0x3a,0xae,0x3a,0x2d,
    0x2a,0x0c,0x22,0x0c,0x22,0xec,0x19,0xab,0x11,0x4d,0x2a,0xaf,0x3a,0x4d,0x2a,0x2d,
    0x22,0x2d,0x22,0x2d,0x22,0x4e,0x22,0xed,0x19,0xac,0x09,0x4e,0x2a,0xd2,0x6b,0x35,
    0x9d,0x56,0xa5,0x13,0x74,0x2e,0x22,0xed,0x11,0x2e,0x22,0xb0,0x3a,0x6f,0x2a,0x2f,
    0x22,0x4f,0x22,0x2f,0x1a,0xcd,0x09,0xcd,0x09,0x0e,0x22,0x94,0x84,0x97,0xad,0x36,
    0x9d,0xf1,0x4a,0x4f,0x22,0x4f,0x22,0x4f,0x22,0x2f,0x1a,0xcd,0x09,0xcd,0x09,0xee,
    0x09,0xee,0x11,0x0f,0x12,0x50,0x22,0xb1,0x32,0x90,0x2a,0x50,0x22,0xff,0x50,0x22,
    0x50,0x22,0x30,0x1a,0x71,0x22,0xd2,0x3a,0xb2,0x32,0x92,0x22,0x92,0x22,0x92,0x22,
    0x92,0x22,0xb2,0x2a,0xb2,0x2a,0xb3,0x2a,0xb3,0x2a,0xd3,0x2a,0xd3,0x32,0xd3,0x32,
    0xd3,0x32,0xd3,0x32,0xf3,0x32,0x15,0x74,0x39,0xc6,0x39,0xc6,0xd4,0x8c,0x2f,0x53,
    0x0a,0x3a,0x47,0x19,0x47,0x19,0x68,0x19,0xa9,0x19,0xca,0x21,0xec,0x21,0xcd,0x11,
    0xad,0x09,0x8d,0x01,0x8d,0x01,0x8d,0x01,0x8d,0x01,0x8d,0x01,0x4c,0x01,0x4b,0x09,
    0x6c,0x01,0xec,0x21,0x2d,0x2a,0x4f,0x22,0x0f,0x1a,0xef,0x09,0xef,0x09,0x10,0x12,
    0x50,0x1a,0x12,0x43,0x98,0xad,0xb5,0x84,0xb1,0x63,0xcd,0x4a,0x4b,0x32,0x0b,0x2a,
    0xeb,0x29,0xec,0x21,0xed,0x11,0xed,0x11,0xcb,0x19,0x46,0x19,0xe4,0x18,0xe4,0x10,
    0x6d,0x42,0x71,0x5b,0x32,0x7c,0xf3,0x94,0xd3,0x94,0xb3,0x8c,0x93,0x84,0x12,0x43,
    0xd2,0x3a,0xd2,0x32,0xd2,0x3a,0xd2,0x3a,0xd2,0x3a,0xd2,0x3a,0xd2,0x3a,0xd2,0x3a,
    0xd2,0x3a,0xd2,0x3a,0xd2,0x3a,0xd2,0x42,0xf2,0x42,0xd2,0x3a,0xd2,0x3a,0xf2,0x42,
    0xf1,0x42,0x0f,0x53,0x73,0x84,0xd8,0xb5,0x37,0x9d,0x13,0x4b,0xf3,0x42,0xf3,0x42,
    0xf3,0x42,0x13,0x43,0x13,0x43,0x13,0x43,0x14,0x4b,0x14,0x4b,0x34,0x4b,0x34,0x4b,
    0x34,0x4b,0x54,0x4b,0x54,0x4b,0x54,0x53,0x55,0x53,0x75,0x53,0x75,0x53,0x95,0x5b,
    0xd6,0x63,0xd7,0x8c,0x1a,0xbe,0xbb,0xd6,0xdb,0xde,0xdb,0xde,0xbb,0xd6,0x5a,0xce,
    0x58,0xa5,0xd7,0x8c,0xba,0xd6,0xdb,0xde,0xdb,0xde,0x78,0xad,0xff,0xb6,0x5b,0x96,
    0x53,0x96,0x53,0x96,0x53,0x96,0x53,0x95,0x53,0x96,0x53,0x75,0x53,0x75,0x53,0x95,
    0x53,0x95,0x53,0x75,0x53,0x75,0x53,0x75,0x53,0x95,0x5b,0xb6,0x5b,0x95,0x53,0x95,
    0x53,0x96,0x53,0x96,0x53,0x95,0x5b,0xb5,0x5b,0x95,0x53,0x95,0x5b,0x75,0x53,0x95,
    0x53,0x95,0x53,0x95,0x5b,0xd6,0x63,0xb6,0x5b,0x75,0x53,0x95,0x53,0x95,0x5b,0x95,
    0x5b,0xb6,0x5b,0xd6,0x63,0x95,0x53,0x95,0x53,0x95,0x5b,0x95,0x5b,0x95,0x5b,0xb5,
    0x5b,0xb5,0x5b,0xb5,0x5b,0x95,0x5b,0xb5,0x5b,0x95,0x5b,0xb5,0x5b,0xb5,0x5b,0xb5,
    0x5b,0xb5,0x5b,0xb5,0x5b,0xb5,0x5b,0xb5,0x5b,0xb5,0x5b,0xb5,0x5b,0xb5,0x5b,0xb5,
    0x5b,0xb5,0x5b,0xb5,0x5b,0xb5,0x5b,0xb5,0x5b,0xb5,0x5b,0xb5,0x5b,0xce,0x6b,0x6d,
    0x63,0x49,0x42,0x66,0x21,0x46,0x21,0x46,0x21,0x46,0x21,0x46,0x21,0x46,0x21,0x46,
    0x21,0x46,0x21,0x46,0x21,0x46,0x21,0x46,0x21,0x46,0x21,0x46,0x21,0x26,0x21,0x26,
    0x21,0x26,0x21,0x26,0x21,0x26,0x19,0x26,0x19,0x26,0x19,0x26,0x19,0x06,0x19,0x26,
    0x19,0x26,0x19,0x26,0x19,0x26,0x19,0x26,0x21,0x26,0x19,0x0a,0x2a,0x2a,0x2a,0xc9,
    0x21,0xa9,0x21,0xc9,0x21,0xc9,0x21,0xca,0x21,0xca,0x21,0xca,0x21,0xca,0x21,0xca,
    0x21,0xca,0x21,0xca,0x21,0xca,0x21,0x89,0x19,0x89,0x19,0x2b,0x2a,0x4c,0x32,0x0b,
    0x22,0xeb,0x21,0xeb,0x21,0xaa,0x11,0xcd,0x4a,0x51,0x7c,0x71,0x84,0x2e,0x53,0x2c,
    0x22,0x4c,0x2a,0xae,0x3a,0x8e,0x32,0x2c,0x22,0x0c,0x22,0xff,0x0c,0x1a,0xcb,0x11,
    0xcb,0x11,0x6d,0x32,0x8e,0x32,0x2d,0x22,0x0d,0x22,0x0d,0x22,0x0d,0x22,0x0d,0x22,
    0x0d,0x1a,0xec,0x11,0x4e,0x2a,0x12,0x74,0x36,0x9d,0x36,0x9d,0xb1,0x63,0x0e,0x1a,
    0xcd,0x11,0x4e,0x22,0xb0,0x32,0x4f,0x2a,0x2f,0x1a,0x2e,0x1a,0x2f,0x1a,0x2f,0x1a,
    0xee,0x11,0x6f,0x32,0xf5,0x94,0xb8,0xad,0xd5,0x94,0xf1,0x42,0x90,0x32,0x90,0x32,
    0x90,0x2a,0x50,0x22,0x4f,0x22,0x4f,0x22,0x0e,0x1a,0xee,0x09,0xce,0x09,0x4f,0x22,
    0xb1,0x32,0x70,0x2a,0x50,0x22,0x50,0x22,0x50,0x1a,0x30,0x12,0x71,0x2a,0xb2,0x32,
    0x91,0x2a,0x71,0x22,0x71,0x22,0x92,0x22,0x92,0x22,0x92,0x22,0xb2,0x2a,0xb2,0x2a,
    0xb2,0x2a,0xb3,0x2a,0xb3,0x2a,0xd3,0x2a,0xd3,0x32,0xd3,0x32,0xd3,0x32,0x54,0x4b,
    0x1a,0xbe,0x5a,0xc6,0xb8,0xb5,0x77,0xa5,0xb7,0xad,0x72,0x84,0x05,0x21,0x26,0x21,
    0x26,0x21,0x46,0x21,0x67,0x21,0x88,0x21,0xc9,0x21,0xca,0x21,0xcb,0x19,0xcc,0x11,
    0xad,0x09,0x8d,0x01,0x8d,0x01,0x4b,0x01,0x4a,0x09,0x6b,0x01,0x4b,0x3a,0x4e,0x5b,
    0x32,0x7c,0x12,0x74,0xf0,0x42,0x0f,0x12,0xef,0x01,0xef,0x09,0xb0,0x32,0x37,0x9d,
    0x95,0x84,0xb1,0x6b,0xed,0x52,0xac,0x4a,0x6c,0x3a,0x0d,0x2a,0xee,0x11,0xee,0x09,
    0x4e,0x22,0x6d,0x32,0xac,0x42,0x8b,0x42,0x8d,0x3a,0xd1,0x42,0xb0,0x3a,0xb4,0x8c,
    0x39,0xc6,0x39,0xc6,0xf8,0xbd,0x97,0xad,0x73,0x53,0xd2,0x3a,0xf2,0x3a,0xf2,0x3a,
    0xd2,0x42,0xf2,0x42,0xf2,0x42,0xf2,0x42,0xf2,0x42,0xda,0xf2,0x42,0xf2,0x42,0xf2,
    0x42,0xf2,0x42,0xf2,0x42,0xf2,0x42,0xf2,0x42,0x53,0x53,0x50,0x5b,0x15,0x9d,0xf9,
    0xbd,0xd7,0x94,0xf2,0x3a,0xb2,0x32,0xf3,0x42,0x13,0x43,0x13,0x43,0x13,0x43,0x13,
    0x43,0x13,0x4b,0x14,0x4b,0x34,0x4b,0x34,0x4b,0x34,0x4b,0x34,0x4b,0x54,0x4b,0x54,
    0x53,0x55,0x53,0x75,0x53,0x75,0x53,0x75,0x53,0x75,0x53,0x75,0x53,0x75,0x53,0x75,
    0x53,0xf6,0x6b,0xf7,0x94,0xd9,0xb5,0x9a,0xd6,0xdb,0xde,0xdb,0xde,0xdb,0xde,0xdb,
    0xde,0xdb,0xde,0x38,0xa5,0x96,0x5b,0x96,0x53,0x96,0x53,0x96,0x53,0x96,0x53,0x96,
    0x53,0x96,0x53,0x96,0x53,0x95,0x53,0x96,0x53,0x96,0x53,0x95,0x53,0x95,0x53,0x95,
    0x53,0x95,0x53,0x75,0x53,0x75,0x53,0x75,0x53,0x95,0x53,0x95,0x53,0x95,0x53,0x95,
    0x5b,0xb6,0x5b,0xd6,0x63,0xb6,0x5b,0x95,0x5b,0x95,0x53,0x75,0x53,0x75,0x53,0x95,
    0x5b,0xd6,0x63,0x95,0x5b,0x95,0x53,0x95,0x5b,0x95,0x5b,0xb5,0x5b,0xd6,0x63,0xb5,
    0x5b,0x95,0x53,0x95,0x5b,0xb5,0x5b,0x95,0x5b,0xb5,0x5b,0x95,0x5b,0xb5,0x5b,0x14,
    0xb5,0x5b,0xff,0x4c,0x5b,0x08,0x3a,0x26,0x21,0x46,0x21,0x46,0x21,0x46,0x21,0x46,
    0x21,0x46,0x21,0x46,0x21,0x47,0x21,0x46,0x21,0x46,0x21,0x46,0x21,0x46,0x21,0x46,
    0x21,0x46,0x21,0x46,0x21,0x26,0x21,0x26,0x21,0x26,0x19,0x26,0x19,0x26,0x19,0x06,
    0x19,0x06,0x19,0x06,0x19,0x06,0x19,0x26,0x19,0x26,0x19,0x26,0x19,0x47,0x21,0x2a,
    0x32,0x0a,0x2a,0xc9,0x21,0xa9,0x21,0xa9,0x21,0xc9,0x21,0xc9,0x21,0xc9,0x21,0xc9,
    0x21,0xca,0x21,0xca,0x21,0xca,0x21,0xca,0x21,0xca,0x19,0x89,0x19,0xa9,0x19,0x4c,
    0x2a,0x4c,0x32,0xeb,0x21,0xeb,0x21,0xeb,0x19,0xaa,0x19,0x0d,0x53,0x71,0x84,0x51,
    0x7c,0xee,0x4a,0x0c,0x22,0x6d,0x2a,0xae,0x3a,0x6d,0x32,0x0c,0x22,0x0c,0x1a,0xec,
    0x19,0xcb,0x11,0xcb,0x19,0x6e,0x32,0x8e,0x32,0x2d,0x22,0x0d,0x22,0x0d,0x22,0x0d,
    0x1a,0x0d,0x1a,0xec,0x11,0xed,0x11,0xcf,0x42,0x33,0x7c,0x35,0x9d,0x15,0x9d,0x50,
    0x5b,0xed,0x11,0xcd,0x11,0x4f,0x2a,0xb0,0x32,0x4f,0x22,0x2e,0x1a,0x2f,0x1a,0x2f,
    0x1a,0x2f,0x1a,0x4f,0x22,0x51,0x53,0x56,0xa5,0x97,0xad,0x94,0x84,0x70,0x32,0x4f,
    0x2a,0x70,0x2a,0x70,0x2a,0x50,0x22,0x50,0x22,0x4f,0x22,0x4f,0x22,0x2f,0x1a,0x0e,
    0x12,0x70,0x32,0xb1,0x3a,0x50,0x22,0x50,0x22,0x50,0x1a,0x30,0x1a,0x30,0x12,0x71,
    0x2a,0xb1,0x32,0x71,0x2a,0x71,0x22,0x71,0x22,0x71,0x22,0x91,0x22,0x92,0x22,0x92,
    0x22,0x92,0x2a,0x92,0x2a,0xb2,0x2a,0xb2,0x2a,0xb2,0x2a,0xb2,0x2a,0xb3,0x32,0xd3,
    0x32,0xff,0xd3,0x32,0xd3,0x32,0x94,0x5b,0xd8,0xb5,0xd8,0xb5,0x55,0xa5,0x92,0x8c,
    0xcb,0x52,0x05,0x21,0x25,0x21,0x25,0x21,0x26,0x21,0x46,0x21,0x46,0x21,0x47,0x21,
    0x67,0x21,0xa9,0x21,0xea,0x21,0x0b,0x2a,0xec,0x21,0xac,0x11,0x4b,0x01,0x4a,0x09,
    0xab,0x11,0x09,0x32,0x6a,0x3a,0x6e,0x63,0xf0,0x73,0xb1,0x6b,0x8e,0x32,0x0e,0x1a,
    0xef,0x11,0x2f,0x22,0xd4,0x63,0xb3,0x63,0xb2,0x73,0xd0,0x83,0x2f,0x6b,0x6e,0x3a,
    0xee,0x11,0xee,0x09,0x0e,0x1a,0x8e,0x3a,0x8c,0x42,0xec,0x4a,0x2d,0x5b,0x10,0x4b,
    0x70,0x32,0x4f,0x2a,0x94,0x84,0x39,0xc6,0x9a,0xce,0x7a,0xce,0x19,0xbe,0x93,0x5b,
    0xf2,0x42,0xf2,0x42,0xf2,0x42,0xd2,0x42,0xf2,0x42,0xf2,0x42,0xf2,0x42,0xf2,0x42,
    0xf2,0x42,0xf2,0x42,0xf2,0x42,0xf2,0x42,0xf2,0x42,0xf2,0x42,0x32,0x53,0x70,0x63,
    0x15,0x9d,0xf9,0xbd,0xd6,0x94,0x13,0x43,0x13,0x43,0x13,0x43,0xd2,0x32,0xb2,0x32,
    0xf3,0x3a,0x13,0x43,0x13,0x4b,0x13,0x4b,0x34,0x4b,0x34,0x4b,0x34,0x4b,0x34,0x4b,
    0x54,0x4b,0x54,0x53,0x55,0x53,0x75,0x53,0x75,0x53,0x75,0x53,0x75,0x53,0x95,0x53,
    0x75,0x53,0x95,0x53,0x75,0x53,0x95,0x53,0x95,0x53,0x95,0x5b,0xb6,0x5b,0xb7,0x8c,
    0x19,0xbe,0x9a,0xce,0x7a,0xce,0x58,0xa5,0x96,0x5b,0x96,0x53,0x96,0x53,0x96,0x53,
    0x96,0x53,0x96,0x53,0x96,0x53,0x96,0x53,0x96,0x53,0x96,0x53,0x96,0x53,0x96,0x53,
    0x95,0x53,0x95,0x53,0xb6,0x53,0x96,0x53,0x96,0x53,0xb6,0x5b,0x95,0x5b,0x95,0x5b,
    0x96,0x75,0x53,0x95,0x53,0x95,0x53,0xb6,0x5b,0xd6,0x63,0xd6,0x63,0x95,0x5b,0x95,
    0x5b,0xb6,0x5b,0xb5,0x5b,0x75,0x53,0x75,0x53,0x95,0x53,0x95,0x53,0x95,0x5b,0x95,
    0x5b,0x95,0x5b,0xd6,0x63,0xd6,0x63,0x95,0x5b,0x95,0x53,0xb5,0x5b,0x18,0xb5,0x5b,
    0xff,0xc7,0x31,0x26,0x21,0x26,0x21,0x26,0x21,0x26,0x21,0x46,0x21,0x46,0x21,0x46,
    0x21,0x46,0x21,0x46,0x21,0x46,0x21,0x46,0x21,0x46,0x21,0x46,0x21,0x46,0x21,0x46,
    0x21,0x26,0x21,0x26,0x21,0x26,0x19,0x26,0x19,0x26,0x19,0x26,0x19,0x06,0x19,0x06,
    0x19,0x06,0x19,0x26,0x19,0x26,0x19,0x26,0x19,0x88,0x21,0x2a,0x32,0xea,0x29,0xa9,
    0x21,0xa9,0x21,0xa9,0x21,0xa9,0x21,0xa9,0x21,0xc9,0x21,0xa9,0x19,0xca,0x21,0xca,
    0x21,0xca,0x19,0xca,0x19,0xaa,0x19,0x69,0x19,0xaa,0x19,0x4c,0x32,0x2b,0x2a,0xeb,
    0x21,0xeb,0x19,0xca,0x19,0xca,0x21,0x8f,0x63,0x71,0x84,0x11,0x74,0x8d,0x3a,0x0c,
    0x22,0x6d,0x32,0xae,0x3a,0x4d,0x2a,0x0c,0x22,0x0c,0x1a,0xec,0x19,0xab,0x11,0xec,
    0x19,0x8e,0x32,0x6e,0x32,0x0d,0x22,0x0c,0x1a,0x0d,0x1a,0x0d,0x1a,0x0d,0x1a,0xcc,
    0x11,0xcc,0x11,0x10,0x4b,0xd5,0x8c,0x56,0x9d,0xb4,0x8c,0xcf,0x42,0xed,0x11,0xed,
    0x11,0x6f,0x32,0x8f,0x32,0x2e,0x22,0x2e,0x1a,0x2e,0x1a,0x2f,0x1a,0x2e,0x1a,0x2f,
    0x1a,0xb2,0x63,0xd8,0xb5,0xb8,0xb5,0x13,0x74,0x6f,0x2a,0x4f,0x22,0x2f,0x1a,0xee,
    0x11,0xee,0x11,0x0f,0x1a,0x4f,0x22,0x4f,0x22,0x2f,0x1a,0x50,0x2a,0xf1,0x42,0xf1,
    0x42,0x70,0x2a,0x50,0x1a,0x2f,0x1a,0x2f,0x1a,0x2f,0x12,0x91,0x2a,0xb1,0x32,0x71,
    0x22,0x51,0x22,0x71,0x22,0x71,0x22,0x71,0x22,0x71,0x22,0x91,0x22,0x91,0x22,0x92,
    0x2a,0x92,0x2a,0x92,0x2a,0xb2,0x2a,0xb2,0x2a,0xb2,0x2a,0xb3,0x32,0xb3,0x32,0xff,
    0xd3,0x32,0xd3,0x32,0x57,0xa5,0x96,0xad,0x10,0x74,0x8a,0x42,0x86,0x29,0x05,0x19,
    0x05,0x19,0x05,0x21,0x26,0x21,0x46,0x21,0x45,0x21,0x26,0x21,0x46,0x21,0x66,0x21,
    0x87,0x21,0x87,0x21,0xa8,0x21,0xc9,0x21,0xea,0x21,0x4b,0x01,0x6a,0x11,0xea,0x21,
    0x66,0x21,0x87,0x29,0xa7,0x29,0x29,0x32,0xac,0x42,0x8c,0x3a,0xef,0x52,0x8f,0x42,
    0xee,0x11,0x91,0x2a,0x91,0x32,0xd1,0x4a,0xf1,0x52,0x90,0x3a,0x0f,0x12,0xee,0x01,
    0xef,0x11,0x6f,0x3a,0xcd,0x4a,0xcc,0x4a,0x6e,0x63,0x30,0x7c,0xb2,0x63,0x4f,0x32,
    0x0f,0x2a,0x33,0x74,0x97,0xad,0xf8,0xbd,0x19,0xbe,0xd8,0xb5,0x73,0x5b,0xf2,0x42,
    0xf2,0x42,0xf2,0x42,0xf2,0x42,0xf2,0x42,0xf2,0x42,0xf2,0x42,0xf2,0x42,0xf2,0x42,
    0xf2,0x42,0xf2,0x42,0xf2,0x42,0xf2,0x42,0x72,0x5b,0x70,0x63,0x35,0x9d,0xf9,0xbd,
    0x76,0x84,0x13,0x43,0x13,0x43,0x13,0x43,0x13,0x43,0x13,0x43,0x34,0x4b,0x33,0x4b,
    0xd2,0x3a,0xf3,0x42,0x34,0x4b,0x34,0x4b,0x54,0x4b,0x15,0x74,0x15,0x74,0x74,0x53,
    0x54,0x53,0x75,0x53,0x75,0x53,0x75,0x53,0x95,0x53,0x95,0x53,0x95,0x53,0x95,0x53,
    0x95,0x53,0x95,0x53,0x95,0x5b,0x95,0x5b,0xb6,0x5b,0x18,0x9d,0xf9,0xbd,0x99,0xad,
    0x16,0x74,0xd6,0x63,0x96,0x5b,0x95,0x5b,0x95,0x53,0x95,0x5b,0x96,0x5b,0x95,0x53,
    0x96,0x5b,0x95,0x5b,0xb6,0x53,0x95,0x53,0x95,0x53,0x96,0x53,0x95,0x53,0x95,0x53,
    0x95,0x5b,0x95,0x5b,0x95,0x53,0x95,0x5b,0x96,0x5b,0xd6,0x63,0xb6,0x5b,0x96,0x95,
    0x5b,0x95,0x53,0x75,0x53,0x75,0x53,0xb5,0x5b,0xd6,0x63,0xb6,0x5b,0x95,0x53,0x95,
    0x53,0xb5,0x5b,0xd6,0x63,0xd6,0x63,0xd6,0x63,0xb5,0x5b,0x95,0x53,0x75,0x53,0x95,
    0x53,0xb6,0x5b,0xd6,0x63,0xb6,0x5b,0x95,0x53,0xb5,0x5b,0x18,0xb5,0x5b,0xff,0x06,
    0x19,0x26,0x19,0x26,0x21,0x26,0x21,0x26,0x21,0x26,0x21,0x26,0x21,0x26,0x21,0x46,
    0x21,0x46,0x21,0x46,0x21,0x46,0x21,0x26,0x21,0x46,0x21,0x46,0x21,0x26,0x21,0x26,
    0x21,0x26,0x21,0x26,0x19,0x26,0x19,0x06,0x19,0x06,0x19,0x06,0x19,0x06,0x19,0x06,
    0x19,0x26,0x19,0x06,0x19,0xa8,0x21,0x0a,0x2a,0xc9,0x21,0xa9,0x21,0xa9,0x21,0xa9,
    0x21,0xa9,0x21,0xa9,0x21,0xa9,0x21,0xa9,0x19,0xa9,0x19,0xa9,0x19,0xca,0x19,0xca,
    0x19,0xa9,0x19,0x69,0x11,0xca,0x21,0x4c,0x32,0x0b,0x2a,0xca,0x21,0xeb,0x19,0xca,
    0x19,0x0b,0x2a,0xaf,0x6b,0x71,0x84,0xd0,0x6b,0x4c,0x32,0x2c,0x22,0x6d,0x32,0x8e,
    0x3a,0x2c,0x2a,0xec,0x19,0xec,0x19,0xcc,0x19,0xab,0x11,0x0c,0x22,0x8e,0x32,0x4d,
    0x2a,0x0c,0x1a,0x0c,0x1a,0x0d,0x1a,0x0d,0x1a,0xec,0x19,0xcc,0x11,0xed,0x19,0x30,
    0x53,0xd4,0x8c,0x56,0xa5,0xb4,0x8c,0x6e,0x32,0xcd,0x09,0xed,0x11,0x8f,0x32,0x6f,
    0x32,0x2e,0x22,0x0e,0x1a,0x0e,0x1a,0x0e,0x1a,0x0e,0x1a,0x2e,0x1a,0xf2,0x6b,0xb7,
    0xad,0xf9,0xbd,0x34,0x7c,0xb0,0x3a,0x90,0x2a,0x4f,0x22,0x4f,0x22,0x4f,0x1a,0x4f,
    0x1a,0x4f,0x22,0x4f,0x22,0x2f,0x22,0xb0,0x32,0x52,0x53,0x32,0x4b,0x70,0x2a,0x4f,
    0x22,0x2f,0x1a,0x0f,0x12,0x2f,0x1a,0x91,0x2a,0x91,0x32,0x50,0x22,0x50,0x22,0x51,
    0x22,0x51,0x22,0x71,0x22,0x71,0x22,0x71,0x22,0x71,0x22,0x91,0x22,0x92,0x2a,0x92,
    0x2a,0x92,0x2a,0xb2,0x2a,0xb3,0x2a,0xb3,0x2a,0xb3,0x32,0xd3,0x32,0xff,0x14,0x43,
    0x77,0xa5,0x55,0xa5,0x8b,0x42,0x87,0x29,0x25,0x21,0x25,0x21,0x25,0x21,0x25,0x21,
    0x25,0x21,0x26,0x21,0x87,0x21,0x4b,0x3a,0xb1,0x6b,0x32,0x7c,0x6f,0x6b,0xc7,0x39,
    0xe4,0x10,0x46,0x21,0x87,0x21,0xc8,0x21,0x4a,0x11,0x47,0x21,0x67,0x21,0x66,0x21,
    0x26,0x21,0x46,0x21,0x67,0x21,0xc8,0x21,0x0a,0x32,0xed,0x5a,0x2e,0x32,0xae,0x01,
    0x0f,0x0a,0x0f,0x0a,0x0f,0x12,0x0f,0x12,0xef,0x09,0xce,0x01,0xce,0x01,0x2f,0x2a,
    0x50,0x6b,0x4f,0x6b,0xee,0x52,0xaf,0x6b,0x72,0x84,0x12,0x74,0x0f,0x32,0xee,0x31,
    0x72,0x5b,0x95,0x84,0x16,0x9d,0x57,0xa5,0x57,0xa5,0x53,0x53,0xf2,0x42,0xf2,0x42,
    0xf2,0x42,0xf2,0x42,0xf2,0x42,0xf2,0x42,0xf2,0x42,0xf2,0x42,0xd2,0x42,0xf2,0x42,
    0xf2,0x42,0xf2,0x42,0x52,0x5b,0xb0,0x6b,0x56,0xa5,0xf9,0xbd,0x55,0x7c,0xf3,0x42,
    0x13,0x43,0x13,0x43,0x13,0x43,0x13,0x43,0x13,0x43,0x14,0x4b,0x54,0x53,0x74,0x53,
    0xd3,0x3a,0x13,0x43,0x34,0x4b,0xb6,0x8c,0xdb,0xde,0xdb,0xde,0x7a,0xce,0x98,0xad,
    0xb7,0x8c,0xb5,0x63,0x75,0x53,0x95,0x53,0x95,0x53,0x95,0x53,0x95,0x5b,0x95,0x5b,
    0x95,0x5b,0x95,0x5b,0xb6,0x5b,0x98,0xad,0xdb,0xde,0xdb,0xde,0x9a,0xd6,0x57,0x7c,
    0x96,0x5b,0x95,0x5b,0x95,0x5b,0x96,0x5b,0x95,0x5b,0x95,0x5b,0x95,0x5b,0x96,0x5b,
    0x95,0x5b,0x95,0x53,0x95,0x5b,0x96,0x5b,0x96,0x5b,0x95,0x53,0x95,0x5b,0x95,0x5b,
    0x96,0x5b,0x95,0x5b,0x96,0x5b,0x95,0x5b,0xb5,0x5b,0xd6,0x63,0xff,0x96,0x5b,0x96,
    0x5b,0xb6,0x5b,0xb6,0x5b,0x95,0x53,0x95,0x53,0x95,0x53,0x95,0x53,0x95,0x53,0x95,
    0x5b,0xb5,0x5b,0xb6,0x5b,0xf6,0x63,0xd6,0x63,0xb6,0x5b,0xb5,0x5b,0x95,0x5b,0x75,
    0x53,0x95,0x53,0xb6,0x5b,0x95,0x5b,0x95,0x5b,0xb5,0x5b,0xb5,0x5b,0xb5,0x5b,0xb5,
    0x5b,0xb5,0x5b,0xb5,0x5b,0x56,0x7c,0x18,0x9d,0xb8,0xad,0xb9,0xb5,0xd9,0xb5,0xd9,
    0xb5,0xb9,0xb5,0x78,0xa5,0x38,0x9d,0x97,0x84,0xb5,0x63,0x95,0x5b,0xb5,0x5b,0xb5,
    0x5b,0xb5,0x5b,0xb5,0x5b,0xb5,0x5b,0xb5,0x5b,0x06,0x19,0x26,0x19,0x26,0x19,0x26,
    0x19,0x26,0x19,0x26,0x19,0x26,0x21,0x26,0x21,0x26,0x21,0x46,0x21,0x46,0x21,0x26,
    0x21,0x26,0x21,0x26,0x21,0x26,0x21,0x26,0x21,0x26,0x21,0x26,0x19,0x26,0x19,0x06,
    0x19,0x06,0x19,0x06,0x19,0x06,0x19,0x06,0x19,0x06,0x19,0x26,0x19,0xc9,0x29,0x0a,
    0x2a,0xc9,0x21,0xa9,0x21,0xa9,0x21,0xa9,0x21,0xa9,0x21,0xa9,0x21,0xa9,0x21,0xa9,
    0x21,0xa9,0x19,0xa9,0x19,0xaa,0x19,0xca,0x19,0x89,0x19,0x69,0x11,0xea,0x21,0x4c,
    0x32,0xeb,0x21,0xca,0x21,0xca,0x19,0xaa,0x19,0x2b,0x32,0x10,0x74,0x51,0x84,0x6f,
    0x63,0x2c,0x2a,0x2c,0x22,0x8d,0x32,0x8d,0x32,0x0c,0x22,0xec,0x19,0xec,0x19,0xcb,
    0x11,0xab,0x11,0x0d,0x22,0x8e,0x32,0x2d,0x22,0x0c,0x1a,0x0c,0x1a,0x0d,0x1a,0x0d,
    0x1a,0xec,0x19,0xcc,0x09,0x0d,0x22,0x91,0x5b,0x15,0x95,0x56,0x9d,0x53,0x7c,0x4e,
    0x2a,0xcc,0x09,0xed,0x19,0x8f,0x32,0x6f,0x2a,0x2e,0x1a,0xff,0x0e,0x1a,0x0e,0x1a,
    0x0e,0x1a,0x0e,0x1a,0x4f,0x2a,0x54,0x7c,0x97,0xad,0x56,0xa5,0x92,0x63,0xb1,0x3a,
    0xd1,0x3a,0xf1,0x42,0x12,0x4b,0xd1,0x42,0xd1,0x3a,0xd1,0x3a,0xd1,0x42,0xd1,0x3a,
    0xf1,0x42,0x73,0x5b,0x12,0x4b,0x70,0x2a,0x4f,0x22,0x2f,0x1a,0x0f,0x12,0x2f,0x1a,
    0x91,0x32,0x91,0x2a,0x50,0x22,0x50,0x22,0x50,0x22,0x51,0x22,0x51,0x22,0x71,0x22,
    0x71,0x22,0x71,0x22,0x91,0x22,0x92,0x22,0x92,0x2a,0x92,0x2a,0x92,0x2a,0xb2,0x2a,
    0xb3,0x2a,0xb3,0x2a,0xb3,0x32,0xb3,0x2a,0x52,0x53,0x8f,0x6b,0x49,0x3a,0x45,0x21,
    0x25,0x21,0x25,0x21,0x25,0x21,0x25,0x21,0x26,0x21,0x87,0x21,0xc8,0x29,0x8c,0x3a,
    0x33,0x7c,0xb9,0xb5,0x1a,0xbe,0x3a,0xc6,0x7a,0xc6,0x76,0xad,0x4d,0x63,0xe8,0x39,
    0x67,0x21,0x47,0x21,0x42,0x08,0x05,0x19,0x25,0x21,0x46,0x21,0x46,0x21,0x46,0x21,
    0x67,0x21,0x0a,0x3a,0xed,0x29,0x8d,0x01,0x8d,0x01,0xcf,0x01,0xce,0x01,0xce,0x01,
    0xce,0x01,0xce,0x01,0xce,0x01,0xce,0x01,0x0f,0x1a,0x90,0x3a,0xb0,0x42,0xf0,0x4a,
    0xb1,0x6b,0xb3,0x8c,0xf2,0x6b,0xce,0x31,0xad,0x31,0xb1,0x32,0x53,0x53,0xb4,0x63,
    0xd4,0x6b,0x15,0x74,0x13,0x4b,0xf2,0x42,0xd2,0x3a,0xd2,0x3a,0xd2,0x3a,0xb2,0x3a,
    0xb1,0x32,0x91,0x32,0x91,0x2a,0x91,0x32,0x91,0x32,0xd2,0x3a,0x92,0x63,0xd0,0x6b,
    0x77,0xad,0xf9,0xbd,0x15,0x74,0x13,0x43,0x13,0x43,0x13,0x4b,0x13,0x4b,0x14,0x4b,
    0x13,0x4b,0x14,0x4b,0x14,0x4b,0x34,0x4b,0x75,0x53,0xff,0x54,0x4b,0xd2,0x3a,0x34,
    0x4b,0x54,0x53,0x96,0x8c,0x19,0xbe,0x9a,0xd6,0xdb,0xde,0xdb,0xde,0xbb,0xd6,0xd9,
    0xbd,0x97,0x84,0xf6,0x6b,0xb5,0x5b,0x95,0x5b,0x95,0x5b,0x95,0x5b,0xd6,0x63,0xd9,
    0xb5,0xdb,0xde,0xdb,0xde,0x7a,0xce,0x56,0x7c,0x96,0x5b,0x96,0x5b,0x96,0x5b,0x96,
    0x5b,0x96,0x5b,0x96,0x5b,0x96,0x5b,0x95,0x5b,0x95,0x5b,0x96,0x5b,0x96,0x5b,0xb6,
    0x5b,0xb6,0x5b,0xb6,0x5b,0x96,0x5b,0x96,0x5b,0x96,0x5b,0x96,0x5b,0x96,0x5b,0x96,
    0x5b,0x96,0x5b,0xb6,0x5b,0xd6,0x63,0xb6,0x5b,0x95,0x5b,0x95,0x5b,0xb6,0x5b,0xb6,
    0x5b,0xd6,0x63,0xf6,0x6b,0xb6,0x63,0x95,0x5b,0x75,0x53,0x95,0x53,0x95,0x5b,0xd6,
    0x5b,0xd6,0x63,0xb5,0x5b,0xb5,0x5b,0xd6,0x63,0xf6,0x6b,0xd6,0x63,0x95,0x5b,0x75,
    0x53,0x75,0x53,0x95,0x53,0xb5,0x5b,0xb5,0x5b,0xd6,0x63,0xd7,0x8c,0x7a,0xce,0xdb,
    0xd6,0xdb,0xde,0xdb,0xde,0xba,0xd6,0x9a,0xd6,0x9a,0xd6,0x9a,0xd6,0xba,0xd6,0xbb,
    0xd6,0xbb,0xd6,0x9a,0xd6,0x98,0xad,0x56,0x7c,0xd6,0x63,0xb5,0x5b,0xb5,0x5b,0xb5,
    0x5b,0xb5,0x5b,0x06,0x19,0x06,0x19,0x06,0x19,0x06,0x19,0x26,0x19,0x26,0x19,0x26,
    0x19,0x26,0x19,0x26,0x21,0x26,0x21,0x26,0x21,0x26,0x21,0x26,0x21,0x26,0x21,0x26,
    0x21,0x26,0x21,0x26,0x21,0x26,0x19,0x26,0x19,0x06,0x19,0x06,0x19,0x06,0x19,0x06,
    0x19,0x06,0x19,0x26,0x19,0xe9,0x29,0xea,0x29,0xa9,0x21,0xa9,0x21,0xa9,0x19,0xa9,
    0x21,0xa9,0x21,0xa9,0x21,0xa9,0x21,0xa9,0x21,0xff,0xa9,0x19,0xa9,0x19,0xa9,0x19,
    0xaa,0x19,0x89,0x19,0x69,0x19,0x0b,0x2a,0x2c,0x2a,0xeb,0x21,0xca,0x19,0xca,0x19,
    0xaa,0x11,0xac,0x42,0x30,0x7c,0x51,0x7c,0x0e,0x53,0x0b,0x22,0x2c,0x2a,0x8d,0x32,
    0x6d,0x32,0x0c,0x22,0xec,0x19,0xec,0x19,0xab,0x11,0xab,0x11,0x2d,0x2a,0x6e,0x32,
    0x0d,0x22,0xec,0x19,0xec,0x19,0xec,0x19,0xec,0x19,0xcc,0x11,0xac,0x09,0x4e,0x2a,
    0xd2,0x6b,0x15,0x9d,0x35,0x9d,0xd1,0x6b,0xed,0x19,0xcd,0x09,0x6f,0x32,0xb0,0x3a,
    0x4f,0x22,0x0e,0x1a,0x0e,0x1a,0x0e,0x1a,0x0e,0x1a,0x0e,0x1a,0x6f,0x2a,0xb4,0x8c,
    0x97,0xad,0xf6,0x94,0xd0,0x42,0x2f,0x1a,0x4f,0x22,0x70,0x2a,0xb0,0x32,0xd1,0x3a,
    0xf1,0x42,0x12,0x43,0xf1,0x42,0x90,0x32,0xd1,0x3a,0x32,0x4b,0xb1,0x3a,0x4f,0x22,
    0x2f,0x1a,0x2f,0x1a,0x0f,0x12,0x2f,0x1a,0x91,0x32,0x70,0x2a,0x50,0x1a,0x50,0x1a,
    0x50,0x22,0x50,0x22,0x51,0x22,0x51,0x22,0x71,0x22,0x71,0x22,0x71,0x22,0x92,0x22,
    0x92,0x2a,0x92,0x2a,0x92,0x2a,0x92,0x2a,0xb2,0x2a,0xb3,0x2a,0xb3,0x2a,0xb3,0x2a,
    0xd3,0x32,0x4b,0x3a,0x26,0x21,0x25,0x21,0x46,0x21,0x05,0x19,0x26,0x21,0xa8,0x21,
    0xe9,0x31,0xa8,0x29,0x2b,0x32,0x50,0x53,0xf2,0x6b,0x98,0xa5,0x9b,0xce,0xbb,0xd6,
    0xdb,0xd6,0xdb,0xd6,0xdb,0xd6,0xdb,0xd6,0x39,0xbe,0xf4,0x94,0xc8,0x29,0x46,0x21,
    0xe9,0x29,0x04,0x21,0x25,0x21,0x67,0x21,0x46,0x21,0xca,0x31,0xad,0x11,0x8d,0x01,
    0x8d,0x01,0x8d,0x01,0xce,0x01,0xce,0x01,0xff,0xce,0x01,0xce,0x01,0xce,0x01,0xae,
    0x01,0xce,0x01,0xef,0x01,0x0f,0x0a,0x30,0x1a,0x91,0x32,0x32,0x53,0x14,0x74,0x51,
    0x5b,0xad,0x31,0xad,0x31,0x2f,0x1a,0x91,0x2a,0xb1,0x32,0xb2,0x32,0xd2,0x3a,0xf2,
    0x42,0xd2,0x3a,0xb1,0x32,0xb1,0x32,0xb1,0x32,0xb1,0x32,0xb1,0x32,0xb2,0x3a,0xd2,
    0x3a,0xb1,0x3a,0xd1,0x42,0x51,0x5b,0xf1,0x73,0x77,0xa5,0xb9,0xb5,0xd4,0x63,0x13,
    0x43,0x14,0x43,0x13,0x4b,0x14,0x4b,0x14,0x4b,0x14,0x4b,0x14,0x4b,0x34,0x4b,0x14,
    0x4b,0x34,0x4b,0x54,0x4b,0x95,0x5b,0xf3,0x42,0x13,0x43,0x34,0x4b,0x34,0x4b,0x54,
    0x4b,0xf5,0x6b,0xb7,0x8c,0xd9,0xb5,0xbb,0xd6,0xdb,0xde,0xdb,0xde,0x9a,0xce,0x19,
    0xbe,0x18,0x9d,0xd6,0x63,0xd6,0x63,0x19,0xbe,0xdb,0xde,0xdb,0xde,0x5a,0xce,0x56,
    0x7c,0x95,0x5b,0x95,0x5b,0x96,0x5b,0xb6,0x5b,0x96,0x5b,0x96,0x5b,0x96,0x5b,0xb6,
    0x5b,0xb6,0x5b,0xb6,0x5b,0xb6,0x5b,0xb6,0x5b,0xb6,0x5b,0xb6,0x5b,0xb6,0x5b,0x96,
    0x5b,0x96,0x5b,0xb6,0x5b,0x96,0x5b,0x95,0x5b,0xb6,0x5b,0xb5,0x5b,0xb6,0x5b,0xb6,
    0x5b,0xd6,0x63,0x95,0x5b,0x95,0x5b,0x95,0x5b,0xb5,0x5b,0xb6,0x5b,0xf6,0x63,0xf6,
    0x63,0xd6,0x5b,0xb6,0x5b,0xb5,0x5b,0x95,0x53,0x95,0x53,0xb5,0x5b,0xb6,0x63,0x95,
    0x5b,0x95,0x5b,0xb6,0x5b,0xd6,0x63,0xf6,0x6b,0x16,0x74,0xd6,0x63,0xb5,0x5b,0x75,
    0x53,0x36,0x74,0x3a,0xc6,0xdb,0xd6,0xdb,0xde,0xbb,0xd6,0xf9,0xbd,0x38,0x9d,0x36,
    0x74,0xf6,0x6b,0xd6,0x63,0xf6,0x63,0xff,0x56,0x74,0x77,0x84,0x38,0x9d,0x19,0xc6,
    0xdb,0xde,0xdb,0xde,0xf9,0xbd,0x56,0x7c,0xb5,0x5b,0xb5,0x5b,0xb5,0x5b,0x06,0x19,
    0x06,0x19,0x06,0x19,0x06,0x19,0x06,0x19,0x26,0x19,0x26,0x19,0x26,0x19,0x26,0x19,
    0x26,0x21,0x26,0x21,0x26,0x21,0x26,0x21,0x26,0x21,0x26,0x21,0x26,0x21,0x26,0x21,
    0x26,0x19,0x26,0x19,0x06,0x19,0x06,0x19,0x06,0x19,0x06,0x19,0x47,0x19,0x0a,0x2a,
    0xe9,0x21,0xa9,0x21,0xa9,0x19,0xa9,0x19,0xa9,0x19,0x89,0x19,0xa9,0x19,0xa9,0x19,
    0xa9,0x21,0xa9,0x19,0xa9,0x19,0xa9,0x19,0xa9,0x19,0x69,0x11,0x89,0x19,0x0b,0x2a,
    0x2b,0x2a,0xca,0x21,0xca,0x19,0xca,0x19,0xaa,0x19,0xed,0x52,0x51,0x7c,0x31,0x7c,
    0xcd,0x42,0xeb,0x21,0x2c,0x2a,0x8d,0x32,0x4d,0x2a,0xec,0x19,0xec,0x19,0xcb,0x19,
    0xab,0x11,0xab,0x11,0x4d,0x2a,0x6e,0x32,0x0c,0x1a,0xec,0x19,0xec,0x19,0xec,0x19,
    0xec,0x19,0xcc,0x11,0xac,0x09,0x8e,0x32,0x12,0x74,0x35,0x9d,0x15,0x9d,0x70,0x5b,
    0xac,0x01,0xcd,0x11,0x8f,0x32,0xb0,0x3a,0x2e,0x22,0x0e,0x1a,0x0e,0x1a,0x0e,0x1a,
    0x0e,0x1a,0x0e,0x1a,0xd0,0x42,0xd5,0x94,0x97,0xad,0xb5,0x8c,0x6f,0x2a,0x0e,0x12,
    0xee,0x11,0x0f,0x1a,0x4f,0x22,0x2f,0x1a,0x2f,0x1a,0x2f,0x22,0x2f,0x1a,0x0e,0x12,
    0x4f,0x22,0xb0,0x32,0x50,0x22,0x2f,0x1a,0x2f,0x1a,0x0f,0x12,0xee,0x11,0x2f,0x22,
    0x91,0x32,0x70,0x22,0x30,0x1a,0x30,0x1a,0x50,0x22,0x50,0x1a,0x50,0x22,0x51,0x22,
    0x51,0x22,0x71,0x22,0x71,0x22,0xff,0x71,0x22,0x92,0x22,0x92,0x2a,0x92,0x2a,0x92,
    0x2a,0xb2,0x2a,0xb3,0x2a,0xb3,0x2a,0xb3,0x2a,0xd3,0x2a,0x93,0x6b,0xe9,0x39,0xe4,
    0x18,0x26,0x21,0xa8,0x29,0x0d,0x53,0x2d,0x5b,0xcc,0x52,0x8b,0x42,0xee,0x4a,0xd2,
    0x6b,0x54,0x7c,0xd6,0x8c,0xb9,0xad,0x7a,0xc6,0xdb,0xd6,0xdb,0xd6,0xdb,0xd6,0xdb,
    0xd6,0xbb,0xd6,0x7a,0xc6,0x57,0xa5,0xf2,0x6b,0x2f,0x4b,0xed,0x4a,0x66,0x21,0x05,
    0x21,0x46,0x21,0xea,0x31,0xad,0x11,0x8d,0x01,0x6d,0x01,0x6d,0x01,0xac,0x11,0xd0,
    0x42,0xd0,0x42,0x4f,0x22,0xee,0x11,0xce,0x01,0xae,0x01,0xae,0x01,0xce,0x01,0xcf,
    0x01,0x0f,0x0a,0x30,0x1a,0x91,0x2a,0x12,0x4b,0x90,0x3a,0x8d,0x29,0x8d,0x29,0x0f,
    0x12,0x50,0x1a,0x30,0x12,0x30,0x12,0x50,0x1a,0x73,0x5b,0xf2,0x42,0xf2,0x3a,0xd2,
    0x3a,0xd2,0x3a,0xf2,0x42,0xf2,0x42,0xf2,0x42,0xb0,0x3a,0x27,0x19,0x30,0x5b,0x11,
    0x7c,0xb8,0xb5,0x98,0xad,0x74,0x5b,0xd3,0x3a,0xd2,0x3a,0x13,0x43,0x14,0x4b,0x14,
    0x4b,0x14,0x4b,0x14,0x4b,0x14,0x4b,0x34,0x4b,0x34,0x4b,0x34,0x4b,0x34,0x4b,0x75,
    0x5b,0x54,0x53,0xf3,0x3a,0x34,0x4b,0x55,0x4b,0x54,0x53,0x55,0x53,0x75,0x53,0x75,
    0x53,0x95,0x5b,0xf7,0x94,0xf9,0xbd,0x7a,0xce,0xdb,0xde,0xdb,0xde,0xbb,0xd6,0x7a,
    0xce,0xdb,0xde,0xdb,0xde,0x5a,0xc6,0x16,0x74,0x95,0x5b,0x95,0x5b,0xb6,0x5b,0xb5,
    0x5b,0xb5,0x5b,0xb6,0x5b,0xb6,0x5b,0xb5,0x5b,0xb6,0x5b,0x96,0x5b,0xb6,0x5b,0xb6,
    0x5b,0xb6,0x5b,0xb6,0x5b,0xff,0xb6,0x5b,0xb6,0x5b,0xb6,0x5b,0xb6,0x5b,0xb6,0x5b,
    0xb5,0x5b,0xb5,0x5b,0xb5,0x5b,0xb5,0x5b,0xb5,0x5b,0xb6,0x5b,0xd6,0x63,0xb6,0x5b,
    0x95,0x5b,0xb5,0x5b,0xb5,0x5b,0xb6,0x5b,0xd6,0x63,0xf6,0x6b,0xb6,0x5b,0x95,0x5b,
    0xb6,0x5b,0xd6,0x63,0xd6,0x63,0xb5,0x5b,0x95,0x53,0x95,0x5b,0x95,0x5b,0x95,0x5b,
    0xb5,0x5b,0xb6,0x5b,0xf6,0x6b,0xd6,0x63,0xd6,0x63,0xb7,0x8c,0x9a,0xce,0xdb,0xde,
    0xdb,0xde,0x19,0xc6,0xd7,0x8c,0xb5,0x5b,0xb5,0x5b,0xb5,0x5b,0xb5,0x5b,0xb5,0x5b,
    0xb5,0x5b,0xb5,0x5b,0xb5,0x5b,0xb5,0x5b,0xd6,0x63,0x78,0xa5,0xbb,0xd6,0xdb,0xde,
    0xba,0xd6,0x76,0x84,0xb5,0x5b,0xb5,0x5b,0x06,0x19,0x06,0x19,0x06,0x19,0x06,0x19,
    0x06,0x19,0x06,0x19,0x06,0x19,0x26,0x19,0x26,0x19,0x26,0x19,0x26,0x21,0x26,0x21,
    0x26,0x21,0x26,0x21,0x26,0x21,0x26,0x21,0x26,0x21,0x26,0x21,0x26,0x21,0x26,0x19,
    0x06,0x19,0x06,0x19,0x67,0x21,0x0a,0x2a,0xc9,0x21,0x88,0x21,0x88,0x19,0x89,0x19,
    0xa9,0x19,0x89,0x19,0xa9,0x19,0xa9,0x19,0xa9,0x19,0xa9,0x19,0xa9,0x19,0xa9,0x19,
    0xa9,0x19,0x68,0x11,0x89,0x19,0x2b,0x2a,0x0b,0x22,0xca,0x19,0xca,0x19,0xca,0x19,
    0xaa,0x19,0x6e,0x5b,0x51,0x7c,0xf0,0x73,0x6c,0x3a,0xeb,0x21,0x4c,0x2a,0x8d,0x32,
    0x2c,0x2a,0xeb,0x19,0xeb,0x19,0xcb,0x19,0x8a,0x11,0xcb,0x11,0x6d,0x32,0x4d,0x2a,
    0x0c,0x1a,0xec,0x19,0xec,0x19,0xec,0x19,0xec,0x19,0xac,0x11,0xcc,0x11,0xaf,0x3a,
    0x53,0x7c,0x35,0x9d,0xff,0xf5,0x94,0xef,0x4a,0xac,0x09,0xed,0x19,0xaf,0x3a,0xaf,
    0x3a,0x2e,0x22,0x0e,0x1a,0x0e,0x1a,0x0e,0x1a,0x0e,0x1a,0x0e,0x1a,0x10,0x4b,0x36,
    0x9d,0x97,0xad,0x54,0x7c,0x4f,0x22,0x0e,0x12,0xee,0x09,0xee,0x11,0x4f,0x22,0x2f,
    0x22,0x0f,0x1a,0x0e,0x1a,0xee,0x11,0xee,0x11,0x4f,0x22,0x90,0x32,0x2f,0x22,0x2f,
    0x1a,0x0f,0x1a,0x0f,0x12,0xee,0x11,0x4f,0x22,0x90,0x32,0x50,0x22,0x30,0x1a,0x30,
    0x1a,0x30,0x1a,0x50,0x1a,0x50,0x1a,0x50,0x22,0x51,0x22,0x71,0x22,0x71,0x22,0x71,
    0x22,0x71,0x22,0x92,0x2a,0x92,0x2a,0x92,0x2a,0x92,0x2a,0x92,0x2a,0xb3,0x2a,0xb3,
    0x2a,0xb3,0x2a,0xd3,0x32,0xf3,0x3a,0x0f,0x1a,0x49,0x11,0x27,0x19,0xc9,0x21,0x6c,
    0x3a,0x2e,0x4b,0xf1,0x6b,0xb4,0x8c,0x93,0x84,0xd1,0x6b,0xb1,0x63,0x53,0x7c,0xd9,
    0xb5,0x9b,0xce,0xdb,0xd6,0xdb,0xde,0xdb,0xde,0xdb,0xde,0x9b,0xce,0xfa,0xbd,0x17,
    0x9d,0xb5,0x8c,0x12,0x6c,0x90,0x6b,0x26,0x21,0xa3,0x18,0x26,0x21,0x49,0x11,0x4c,
    0x01,0x6c,0x01,0x6c,0x01,0x6a,0x11,0x6a,0x42,0x75,0xa5,0x31,0x7c,0x0e,0x4b,0xae,
    0x3a,0x0c,0x22,0xcc,0x11,0xcd,0x01,0xce,0x01,0xce,0x01,0xef,0x01,0x0f,0x0a,0x30,
    0x12,0x71,0x22,0x0f,0x1a,0x6c,0x29,0x6c,0x29,0x8f,0x3a,0xf1,0x42,0x50,0x1a,0x0f,
    0x02,0x2f,0x1a,0x75,0x84,0x53,0x53,0x13,0x4b,0xf2,0x42,0xf2,0x42,0xf2,0x42,0xf2,
    0x42,0x8f,0x3a,0xc6,0x08,0x88,0x21,0x72,0x84,0xd8,0xb5,0x98,0xad,0x54,0x53,0x13,
    0x43,0x74,0x53,0xff,0x34,0x4b,0xb2,0x32,0x13,0x4b,0x14,0x4b,0x14,0x4b,0x14,0x4b,
    0x34,0x4b,0x34,0x4b,0x34,0x4b,0x34,0x4b,0x34,0x4b,0x54,0x53,0x95,0x5b,0x13,0x43,
    0x34,0x4b,0x55,0x53,0x55,0x53,0x55,0x53,0x75,0x53,0x75,0x53,0x95,0x53,0x75,0x53,
    0x95,0x5b,0xd6,0x63,0x97,0x84,0xd9,0xb5,0xbb,0xd6,0xdb,0xde,0xdb,0xde,0x3a,0xc6,
    0xf6,0x6b,0xb5,0x5b,0x95,0x5b,0xb5,0x5b,0xb5,0x5b,0xb6,0x5b,0xb6,0x5b,0xb5,0x5b,
    0xb5,0x5b,0xb5,0x5b,0xb5,0x5b,0xb5,0x5b,0xb6,0x5b,0xb5,0x5b,0xb6,0x5b,0xb5,0x5b,
    0xb6,0x5b,0xb6,0x5b,0xb6,0x5b,0xb6,0x5b,0xb6,0x5b,0xb6,0x5b,0xb5,0x5b,0xb6,0x5b,
    0xb5,0x5b,0xb5,0x5b,0xb6,0x5b,0xd6,0x5b,0xd6,0x63,0xb5,0x5b,0x95,0x5b,0xb6,0x5b,
    0xb6,0x5b,0xb6,0x5b,0xf6,0x63,0xd6,0x63,0xb5,0x5b,0x95,0x5b,0xb5,0x5b,0xb6,0x5b,
    0xd6,0x63,0x16,0x6c,0x16,0x6c,0xd6,0x63,0x95,0x5b,0x75,0x53,0x95,0x53,0xb6,0x5b,
    0xf6,0x6b,0xb7,0x8c,0x9b,0xd6,0xdb,0xde,0xdb,0xde,0x3a,0xc6,0x57,0x7c,0xd5,0x63,
    0x75,0x53,0x75,0x53,0x95,0x53,0xb5,0x5b,0xb5,0x5b,0xb5,0x5b,0xb5,0x5b,0xb5,0x5b,
    0xb5,0x5b,0xb5,0x5b,0xd5,0x63,0xf9,0xbd,0xdb,0xde,0xdb,0xde,0x19,0xc6,0xd5,0x63,
    0xb5,0x5b,0x06,0x19,0x06,0x19,0x06,0x19,0x06,0x19,0x06,0x19,0x06,0x19,0x06,0x19,
    0x26,0x19,0x26,0x19,0x26,0x19,0x26,0x21,0x26,0x21,0x26,0x21,0x46,0x21,0x46,0x21,
    0x46,0x21,0x46,0x21,0x46,0x21,0x26,0x21,0x26,0x21,0x26,0x19,0xa8,0x21,0x0a,0x2a,
    0xa9,0x21,0xff,0x88,0x21,0x88,0x21,0x88,0x19,0x89,0x19,0x89,0x19,0x89,0x19,0xa9,
    0x19,0xa9,0x19,0xa9,0x19,0xa9,0x19,0xa9,0x19,0x89,0x19,0x48,0x11,0xaa,0x19,0x2b,
    0x2a,0xeb,0x21,0xca,0x19,0xaa,0x19,0xaa,0x19,0xca,0x21,0xaf,0x6b,0x51,0x7c,0xaf,
    0x6b,0x4c,0x2a,0x0b,0x22,0x4d,0x2a,0x6d,0x32,0x0c,0x22,0xeb,0x19,0xcb,0x19,0xcb,
    0x11,0x8a,0x09,0xeb,0x19,0x6d,0x32,0x2d,0x2a,0xec,0x19,0xec,0x19,0xec,0x19,0xec,
    0x19,0xec,0x11,0xab,0x09,0xcc,0x11,0x0f,0x4b,0x94,0x8c,0x35,0x9d,0xb4,0x8c,0x8e,
    0x3a,0x8c,0x01,0x0d,0x1a,0xb0,0x3a,0x8f,0x32,0x0e,0x1a,0x0e,0x1a,0x0e,0x1a,0x0e,
    0x12,0x0e,0x1a,0x0e,0x12,0x92,0x63,0x57,0xa5,0x77,0xad,0xf3,0x6b,0x2e,0x1a,0x0e,
    0x12,0xee,0x09,0x0e,0x12,0x4f,0x22,0x4f,0x22,0x0f,0x1a,0x0e,0x12,0xee,0x09,0xee,
    0x11,0x50,0x2a,0x70,0x2a,0x2f,0x1a,0x2f,0x1a,0x0f,0x1a,0x0f,0x12,0xee,0x11,0x50,
    0x22,0x90,0x32,0x50,0x22,0x2f,0x1a,0x30,0x1a,0x30,0x1a,0x50,0x1a,0x50,0x1a,0x50,
    0x22,0x50,0x22,0x51,0x22,0x51,0x22,0x71,0x22,0xf2,0x42,0x92,0x22,0x92,0x22,0x92,
    0x2a,0x92,0x2a,0x92,0x2a,0x92,0x2a,0x92,0x2a,0xb3,0x2a,0xb3,0x2a,0xb3,0x2a,0x93,
    0x22,0x52,0x0a,0x31,0x02,0x10,0x02,0xee,0x11,0x2d,0x2a,0xcd,0x42,0x0f,0x4b,0x91,
    0x5b,0x53,0x74,0xf5,0x94,0x16,0x9d,0xf5,0x94,0x16,0x9d,0x5a,0xc6,0xdb,0xd6,0xdb,
    0xde,0xdb,0xde,0xdb,0xd6,0x7a,0xc6,0xf9,0xb5,0x37,0x9d,0x13,0x74,0xb1,0x63,0x46,
    0x21,0xff,0x26,0x21,0xcc,0x21,0x13,0x6c,0xd2,0x6b,0xcd,0x4a,0xca,0x29,0x0b,0x2a,
    0x8c,0x3a,0xac,0x42,0xef,0x73,0x2d,0x5b,0x6a,0x3a,0xe9,0x29,0x88,0x21,0x88,0x21,
    0xa9,0x19,0xeb,0x21,0x8e,0x3a,0x10,0x4b,0xd1,0x3a,0x50,0x22,0x50,0x1a,0xce,0x09,
    0x6b,0x29,0x6c,0x29,0x6d,0x32,0x0e,0x4b,0x8e,0x3a,0x0e,0x1a,0x2f,0x22,0xf6,0x94,
    0x93,0x63,0x13,0x4b,0x12,0x43,0xf2,0x42,0xf2,0x42,0x4e,0x3a,0xa6,0x00,0x0a,0x32,
    0xb4,0x8c,0xd8,0xb5,0x57,0xa5,0x34,0x4b,0x14,0x43,0x14,0x4b,0x34,0x4b,0x74,0x53,
    0xf3,0x3a,0xf3,0x42,0x34,0x4b,0x34,0x4b,0x34,0x4b,0x34,0x4b,0x34,0x4b,0x34,0x4b,
    0x34,0x4b,0x34,0x4b,0x34,0x4b,0x95,0x5b,0x75,0x53,0xf4,0x3a,0x55,0x4b,0x55,0x53,
    0x75,0x53,0x75,0x53,0x75,0x53,0x95,0x53,0x95,0x53,0x95,0x53,0x95,0x5b,0x95,0x5b,
    0x95,0x53,0xf6,0x6b,0xd7,0x8c,0x18,0x9d,0xf6,0x6b,0xb5,0x5b,0xb5,0x5b,0xb6,0x5b,
    0xb6,0x5b,0xb5,0x5b,0xb6,0x5b,0xb6,0x5b,0xb6,0x5b,0xb6,0x5b,0xb6,0x5b,0xb6,0x5b,
    0xb6,0x5b,0xb5,0x5b,0xb6,0x5b,0xb6,0x5b,0xb6,0x5b,0xb6,0x5b,0xb6,0x5b,0xb6,0x5b,
    0xb6,0x5b,0xb6,0x5b,0xb6,0x5b,0xb6,0x5b,0xb6,0x5b,0xb6,0x5b,0xb6,0x5b,0xb6,0x5b,
    0xb6,0x5b,0xd6,0x63,0xb6,0x5b,0x95,0x5b,0x95,0x53,0x95,0x53,0xd6,0x63,0x77,0x84,
    0xb7,0x8c,0x16,0x6c,0x95,0x5b,0x95,0x5b,0xb6,0x5b,0xb6,0x5b,0xd6,0x63,0xf6,0x6b,
    0xd6,0x63,0xd6,0x63,0xf6,0x6b,0xd6,0x63,0xb5,0x5b,0x95,0x53,0x19,0xbe,0xdb,0xde,
    0xff,0xdb,0xde,0x3a,0xc6,0x16,0x74,0xd6,0x63,0xf6,0x6b,0x16,0x6c,0x16,0x6c,0xd6,
    0x63,0x95,0x5b,0x75,0x53,0x95,0x53,0xb5,0x5b,0xb5,0x5b,0xb5,0x5b,0xb5,0x5b,0xb5,
    0x63,0x18,0x9d,0xdb,0xde,0xdb,0xde,0x9a,0xd6,0xf6,0x6b,0xb5,0x5b,0x06,0x19,0x06,
    0x19,0x06,0x19,0x06,0x19,0x06,0x19,0x06,0x19,0x06,0x19,0x26,0x19,0x26,0x19,0x26,
    0x21,0x26,0x21,0x26,0x21,0x46,0x21,0x46,0x21,0x46,0x21,0x46,0x21,0x46,0x21,0x46,
    0x21,0x46,0x21,0x27,0x21,0xc9,0x21,0xe9,0x29,0xa8,0x21,0x88,0x21,0x88,0x21,0x88,
    0x19,0x89,0x19,0x89,0x19,0x89,0x19,0x89,0x19,0x89,0x19,0xa9,0x19,0xa9,0x19,0xa9,
    0x19,0x89,0x19,0x48,0x11,0xca,0x21,0x2b,0x2a,0xea,0x21,0xaa,0x19,0xaa,0x19,0x8a,
    0x19,0x2b,0x32,0xf0,0x73,0x51,0x7c,0x6f,0x63,0x0b,0x22,0x0b,0x22,0x4d,0x32,0x6d,
    0x32,0x0c,0x22,0xcb,0x19,0xcb,0x19,0xab,0x11,0x8a,0x09,0xec,0x21,0x6e,0x32,0x2c,
    0x22,0xec,0x19,0xec,0x19,0xec,0x19,0xec,0x19,0xcc,0x11,0xab,0x09,0xec,0x19,0x50,
    0x53,0xd4,0x8c,0x35,0x9d,0x53,0x7c,0x0d,0x22,0x8c,0x09,0x2e,0x22,0xd0,0x3a,0x6f,
    0x2a,0x0e,0x1a,0x0e,0x12,0x0e,0x12,0x0e,0x12,0x0e,0x12,0x2e,0x22,0xd2,0x6b,0x77,
    0xa5,0x57,0xa5,0x72,0x5b,0x0e,0x12,0xee,0x11,0xce,0x09,0x0f,0x1a,0x70,0x22,0x2f,
    0x22,0x0f,0x1a,0x0f,0x12,0xee,0x09,0xee,0x11,0x70,0x2a,0x70,0x2a,0x2f,0x1a,0x0f,
    0x1a,0x0f,0x12,0xee,0x11,0xef,0x11,0x70,0x2a,0x90,0x2a,0x30,0x1a,0x2f,0x1a,0xfc,
    0x30,0x1a,0x30,0x1a,0x50,0x1a,0x30,0x1a,0x30,0x1a,0x50,0x22,0x51,0x22,0x71,0x22,
    0x73,0x5b,0x78,0xa5,0x3a,0xc6,0x37,0x9d,0xb2,0x32,0x92,0x2a,0x92,0x2a,0x92,0x2a,
    0xb2,0x2a,0xb2,0x2a,0xb3,0x2a,0xb3,0x2a,0xb3,0x2a,0xb3,0x22,0x72,0x1a,0x52,0x0a,
    0x32,0x02,0x52,0x0a,0x52,0x0a,0x31,0x0a,0x8f,0x32,0x51,0x53,0x91,0x5b,0xf2,0x6b,
    0x94,0x7c,0x16,0x9d,0x98,0xad,0xf9,0xbd,0x3a,0xc6,0x9a,0xce,0xdb,0xde,0xdb,0xd6,
    0x1a,0xbe,0xf9,0xbd,0xd5,0x8c,0x8c,0x3a,0x88,0x21,0x88,0x29,0x6f,0x3a,0xcf,0x01,
    0xcf,0x19,0x32,0x53,0x34,0x74,0x0e,0x4b,0xcd,0x42,0xad,0x42,0xa8,0x29,0x46,0x21,
    0x46,0x21,0x66,0x21,0x66,0x21,0x46,0x21,0x66,0x21,0x87,0x21,0x09,0x32,0x6e,0x63,
    0xb3,0x8c,0x35,0x9d,0xb4,0x8c,0xb2,0x63,0x2e,0x2a,0x4b,0x21,0x4b,0x21,0xeb,0x21,
    0x4a,0x32,0x2a,0x32,0x0b,0x2a,0x0c,0x22,0xf4,0x73,0x53,0x53,0x13,0x4b,0x12,0x43,
    0xf2,0x42,0x2d,0x32,0xc7,0x00,0x4b,0x3a,0xf4,0x94,0xd8,0xb5,0x17,0x9d,0x13,0x43,
    0x13,0x43,0x14,0x4b,0x14,0x4b,0x34,0x4b,0x74,0x53,0x34,0x4b,0xd3,0x3a,0x34,0x4b,
    0x34,0x4b,0x34,0x4b,0x34,0x4b,0x34,0x4b,0x34,0x4b,0x34,0x4b,0x34,0x4b,0x34,0x4b,
    0x75,0x53,0x95,0x5b,0x34,0x43,0x34,0x4b,0x55,0x53,0x75,0x53,0x75,0x53,0x75,0x53,
    0x95,0x53,0x95,0x53,0x95,0x53,0x95,0x5b,0x95,0x5b,0x95,0x5b,0x95,0x5b,0x95,0x5b,
    0xb6,0x5b,0xb5,0x5b,0xb5,0x5b,0xb6,0x5b,0x1a,0xb6,0x5b,0xff,0xd6,0x63,0xf6,0x63,
    0xb7,0x8c,0x3a,0xc6,0x9a,0xce,0xdb,0xde,0xdb,0xde,0xdb,0xde,0x9b,0xd6,0xb9,0xb5,
    0x97,0x84,0xd6,0x63,0xb6,0x5b,0xb6,0x5b,0xd6,0x63,0xd6,0x63,0x95,0x5b,0xb5,0x5b,
    0xd6,0x63,0xf6,0x6b,0xd7,0x8c,0xdb,0xde,0xdb,0xde,0xbb,0xd6,0x76,0x7c,0x95,0x5b,
    0xb5,0x5b,0xb5,0x5b,0xb6,0x5b,0xd6,0x63,0xf6,0x6b,0x16,0x74,0x16,0x74,0xd6,0x63,
    0x95,0x5b,0x75,0x53,0x95,0x53,0xb5,0x5b,0xb5,0x5b,0x56,0x7c,0x1a,0xc6,0x7a,0xce,
    0x5a,0xc6,0xf6,0x6b,0xb5,0x5b,0x06,0x19,0x06,0x19,0x06,0x19,0x06,0x19,0x06,0x19,
    0x06,0x19,0x26,0x19,0x26,0x19,0x26,0x19,0x26,0x21,0x26,0x21,0x46,0x21,0x46,0x21,
    0x46,0x21,0x47,0x21,0x47,0x21,0x47,0x21,0x47,0x21,0x47,0x21,0xc9,0x29,0xc9,0x21,
    0x88,0x21,0x88,0x19,0x88,0x19,0x88,0x19,0x89,0x19,0x89,0x19,0x89,0x19,0x89,0x19,
    0x89,0x19,0x89,0x19,0xa9,0x19,0x89,0x19,0x68,0x11,0x68,0x11,0xea,0x21,0x0b,0x2a,
    0xca,0x19,0xaa,0x19,0xaa,0x19,0x89,0x11,0x8c,0x42,0x10,0x74,0x31,0x7c,0x0e,0x53,
    0xeb,0x21,0x0b,0x22,0x6d,0x32,0x4c,0x2a,0xeb,0x19,0xcb,0x19,0xcb,0x19,0xab,0x11,
    0x8a,0x09,0x2c,0x22,0x6d,0x2a,0x0c,0x22,0xec,0x19,0xcc,0x19,0xec,0x19,0xec,0x19,
    0xcc,0x11,0xab,0x09,0x0d,0x22,0x91,0x5b,0xf5,0x94,0x35,0x9d,0xf2,0x6b,0xed,0x19,
    0xac,0x09,0x4e,0x2a,0xb0,0x3a,0x4e,0x2a,0x0e,0x1a,0xee,0x11,0x0e,0x12,0x0e,0x12,
    0x0e,0x12,0x2e,0x1a,0x54,0x7c,0x97,0xad,0x36,0x9d,0xff,0x11,0x4b,0x0f,0x12,0xee,
    0x11,0xce,0x09,0x2f,0x1a,0x50,0x22,0x2f,0x1a,0x0f,0x12,0x0f,0x12,0xce,0x09,0x0f,
    0x12,0x90,0x2a,0x50,0x22,0x0f,0x1a,0x0f,0x12,0x0f,0x12,0xef,0x09,0x0f,0x12,0x70,
    0x2a,0x70,0x2a,0x30,0x1a,0x2f,0x1a,0x30,0x1a,0x30,0x1a,0x30,0x1a,0x30,0x1a,0x50,
    0x1a,0x50,0x1a,0x50,0x22,0x71,0x22,0xd4,0x6b,0xb8,0xb5,0x3a,0xc6,0xf9,0xbd,0x35,
    0x74,0x92,0x2a,0x92,0x2a,0x92,0x2a,0xf2,0x3a,0x33,0x4b,0xf3,0x42,0xb2,0x2a,0xb3,
    0x2a,0xb3,0x2a,0x93,0x22,0x93,0x22,0x72,0x1a,0x52,0x0a,0x52,0x02,0x52,0x0a,0x52,
    0x12,0x52,0x12,0x31,0x0a,0x71,0x22,0xd1,0x42,0xd3,0x6b,0x95,0x84,0xf6,0x94,0x98,
    0xad,0x1a,0xbe,0x5a,0xc6,0xdb,0xd6,0x7a,0xce,0x57,0x9d,0xb5,0x8c,0x4f,0x53,0xe9,
    0x21,0xc9,0x29,0x70,0x32,0xf0,0x01,0xaf,0x01,0xae,0x01,0xae,0x09,0x0b,0x2a,0xc9,
    0x21,0x67,0x21,0x05,0x21,0x05,0x19,0x05,0x21,0x25,0x21,0x25,0x21,0x25,0x21,0x25,
    0x21,0x26,0x21,0x87,0x21,0xe8,0x29,0xcb,0x4a,0xcf,0x6b,0x51,0x84,0xb2,0x8c,0x72,
    0x84,0xee,0x52,0x4b,0x19,0xab,0x21,0xc9,0x21,0x29,0x32,0x29,0x32,0x09,0x2a,0x0a,
    0x2a,0x33,0x53,0x13,0x4b,0x13,0x43,0xf2,0x42,0xec,0x31,0xe7,0x00,0xad,0x4a,0x15,
    0x9d,0xb8,0xb5,0x34,0x7c,0xd2,0x3a,0x14,0x43,0x34,0x4b,0x14,0x4b,0x34,0x4b,0x14,
    0x4b,0x54,0x53,0x74,0x53,0xd3,0x3a,0x14,0x43,0x34,0x4b,0x34,0x4b,0x34,0x4b,0x34,
    0x4b,0x34,0x4b,0x34,0x4b,0x34,0x4b,0x55,0x4b,0x92,0x55,0x53,0xb5,0x5b,0x75,0x53,
    0x34,0x43,0x75,0x53,0x75,0x53,0x75,0x53,0x75,0x53,0x75,0x53,0x95,0x53,0x95,0x53,
    0x95,0x5b,0x95,0x5b,0x95,0x5b,0x95,0x5b,0xb5,0x5b,0xb5,0x5b,0xb6,0x5b,0x1d,0xb6,
    0x5b,0xff,0xf8,0x94,0xbb,0xd6,0xdb,0xde,0xdb,0xde,0x9a,0xd6,0x1a,0xc6,0x5a,0xc6,
    0xdb,0xde,0xdb,0xde,0xbb,0xd6,0x97,0x84,0xb6,0x5b,0xb6,0x5b,0xd6,0x63,0xf6,0x6b,
    0xb6,0x5b,0x95,0x5b,0xb5,0x5b,0xb6,0x5b,0xd7,0x8c,0xdb,0xde,0xdb,0xde,0x3a,0xc6,
    0xf6,0x6b,0xb5,0x5b,0x75,0x53,0x75,0x53,0x95,0x5b,0xb6,0x5b,0xb5,0x5b,0xb5,0x5b,
    0xd6,0x63,0xf6,0x6b,0x16,0x74,0x36,0x74,0xf6,0x6b,0x95,0x5b,0x75,0x53,0x75,0x53,
    0xb5,0x5b,0xf6,0x6b,0xf6,0x6b,0xb5,0x5b,0xb5,0x63,0x06,0x19,0x06,0x19,0x06,0x19,
    0x06,0x19,0x06,0x19,0x06,0x19,0x26,0x19,0x26,0x19,0x26,0x21,0x26,0x21,0x46,0x21,
    0x46,0x21,0x46,0x21,0x46,0x21,0x47,0x21,0x47,0x21,0x47,0x21,0x67,0x21,0xe9,0x29,
    0xc9,0x21,0x88,0x19,0x88,0x19,0x88,0x19,0x88,0x19,0x88,0x19,0x89,0x19,0x89,0x19,
    0x89,0x19,0x89,0x19,0x89,0x19,0x89,0x19,0x89,0x19,0x48,0x11,0x69,0x19,0xeb,0x21,
    0x0b,0x22,0xca,0x19,0xaa,0x19,0xaa,0x19,0x89,0x11,0xed,0x4a,0x30,0x7c,0x10,0x74,
    0xcd,0x42,0xeb,0x19,0x0c,0x22,0x6d,0x32,0x2c,0x2a,0xcb,0x19,0xcb,0x19,0xcb,0x19,
    0x8b,0x11,0x8a,0x11,0x2d,0x22,0x4d,0x2a,0xec,0x19,0xec,0x19,0xec,0x19,0xec,0x11,
    0xcc,0x11,0xac,0x11,0xab,0x09,0x4d,0x2a,0xf2,0x6b,0x15,0x9d,0x15,0x95,0x91,0x63,
    0xac,0x11,0xac,0x09,0x6f,0x2a,0xaf,0x3a,0x2e,0x22,0xee,0x11,0xee,0x11,0x0e,0x12,
    0x0e,0x12,0xee,0x11,0x6f,0x32,0xb5,0x8c,0x97,0xad,0xf5,0x94,0xd0,0x42,0x0e,0x12,
    0xff,0xee,0x09,0xee,0x09,0x2f,0x1a,0x50,0x22,0x2f,0x1a,0x0f,0x12,0xef,0x11,0xce,
    0x09,0x0f,0x1a,0x70,0x2a,0x50,0x22,0x0f,0x12,0x0f,0x12,0x0f,0x12,0xef,0x09,0x2f,
    0x1a,0x90,0x2a,0x70,0x2a,0x30,0x1a,0x30,0x1a,0x30,0x1a,0x30,0x1a,0x30,0x1a,0x30,
    0x1a,0x50,0x1a,0x50,0x1a,0x50,0x1a,0x71,0x2a,0x14,0x74,0xd8,0xb5,0x39,0xc6,0xb8,
    0xb5,0xd4,0x6b,0xb3,0x63,0x17,0x9d,0xb8,0xad,0xf9,0xbd,0x5a,0xc6,0x5a,0xce,0x19,
    0xbe,0xf7,0x94,0xf5,0x6b,0x13,0x43,0xb3,0x2a,0x93,0x22,0x92,0x1a,0x52,0x12,0x52,
    0x02,0x31,0x02,0x51,0x02,0x52,0x0a,0x52,0x0a,0x52,0x0a,0x52,0x02,0x11,0x02,0x50,
    0x2a,0x93,0x63,0x95,0x84,0xb8,0xad,0xbb,0xd6,0xbb,0xd6,0x56,0xa5,0xb4,0x8c,0x74,
    0x7c,0x8c,0x3a,0x0b,0x2a,0x50,0x2a,0x11,0x02,0xd0,0x01,0xaf,0x01,0x8f,0x3a,0x8c,
    0x42,0x87,0x21,0x26,0x19,0x05,0x21,0x05,0x21,0x25,0x21,0x25,0x21,0x25,0x21,0x26,
    0x21,0x67,0x21,0x88,0x21,0x6b,0x42,0x0e,0x5b,0x6a,0x4a,0x86,0x21,0x49,0x42,0xab,
    0x4a,0xab,0x4a,0xcb,0x4a,0x2b,0x32,0x6a,0x11,0xc9,0x29,0xc8,0x29,0xc8,0x29,0xc8,
    0x29,0xc8,0x29,0xc9,0x29,0x12,0x4b,0x13,0x43,0xf2,0x42,0xcb,0x29,0xe7,0x00,0x0e,
    0x53,0x36,0xa5,0xb8,0xad,0xf4,0x73,0x71,0x22,0xf3,0x3a,0x14,0x4b,0x34,0x4b,0x14,
    0x4b,0x34,0x4b,0x34,0x4b,0x34,0x4b,0x95,0x5b,0x34,0x4b,0xd3,0x3a,0x34,0x4b,0x34,
    0x4b,0x34,0x4b,0x34,0x4b,0x34,0x4b,0x54,0x4b,0x55,0x4b,0x55,0x4b,0x55,0x4b,0x91,
    0x95,0x5b,0xb5,0x5b,0x34,0x43,0x55,0x4b,0x75,0x53,0x75,0x53,0x75,0x53,0x75,0x53,
    0x95,0x53,0x95,0x53,0x95,0x5b,0x95,0x5b,0x95,0x5b,0xb5,0x5b,0xb5,0x5b,0xb5,0x5b,
    0xb6,0x5b,0x1c,0xb6,0x5b,0xff,0x38,0x9d,0xdb,0xde,0xdb,0xde,0xbb,0xd6,0x78,0xad,
    0xd6,0x63,0xb6,0x5b,0xb6,0x5b,0xf9,0xbd,0xdb,0xde,0xdb,0xde,0xf9,0xbd,0xd6,0x63,
    0xb6,0x5b,0xb6,0x5b,0xf6,0x63,0xf6,0x63,0xb5,0x5b,0x95,0x5b,0xb6,0x5b,0xd7,0x8c,
    0xdb,0xde,0xdb,0xde,0x3a,0xc6,0xb6,0x63,0xf6,0x6b,0x16,0x74,0xf6,0x6b,0xb5,0x63,
    0x95,0x53,0x75,0x53,0x95,0x5b,0xb5,0x5b,0xb6,0x5b,0xb6,0x5b,0xd6,0x63,0xf6,0x6b,
    0x36,0x74,0x36,0x74,0xf6,0x6b,0xb5,0x5b,0x75,0x53,0x75,0x53,0x95,0x5b,0xb5,0x5b,
    0x06,0x19,0x06,0x19,0x06,0x19,0x06,0x19,0x06,0x19,0x06,0x19,0x26,0x19,0x26,0x21,
    0x26,0x21,0x26,0x21,0x46,0x21,0x46,0x21,0x46,0x21,0x47,0x21,0x47,0x21,0x47,0x21,
    0x67,0x21,0xe9,0x29,0xa8,0x21,0x88,0x19,0x88,0x19,0x88,0x19,0x88,0x19,0x88,0x19,
    0x88,0x19,0x89,0x19,0x89,0x19,0x89,0x19,0x89,0x19,0x89,0x19,0x89,0x19,0x48,0x11,
    0x89,0x19,0x0b,0x2a,0xea,0x21,0xaa,0x19,0xaa,0x19,0xa9,0x19,0x89,0x19,0x2e,0x5b,
    0x30,0x7c,0xf0,0x73,0x6c,0x32,0xeb,0x19,0x2c,0x2a,0x6d,0x32,0x0c,0x22,0xcb,0x19,
    0xcb,0x19,0xab,0x11,0x8a,0x11,0xab,0x11,0x4d,0x2a,0x2d,0x2a,0xec,0x19,0xcc,0x19,
    0xcc,0x19,0xec,0x11,0xcc,0x11,0xab,0x09,0xab,0x09,0x6e,0x32,0x32,0x74,0x35,0x9d,
    0xf5,0x94,0x0f,0x4b,0xac,0x09,0xcc,0x11,0x8f,0x32,0x8f,0x32,0x0e,0x1a,0xee,0x11,
    0xee,0x11,0xee,0x11,0x0e,0x12,0xee,0x11,0xd0,0x42,0x16,0x9d,0x97,0xad,0xb5,0x8c,
    0x6f,0x2a,0x0e,0x12,0xff,0xee,0x09,0xce,0x09,0x4f,0x22,0x50,0x22,0x0f,0x12,0x0f,
    0x12,0xee,0x09,0xce,0x01,0x2f,0x1a,0x90,0x2a,0x30,0x1a,0x0f,0x12,0x0f,0x12,0x0f,
    0x12,0xef,0x09,0x2f,0x1a,0x91,0x2a,0x50,0x22,0x30,0x1a,0x30,0x1a,0x30,0x1a,0x30,
    0x1a,0x30,0x1a,0x30,0x1a,0x30,0x1a,0x50,0x1a,0x50,0x1a,0xb1,0x32,0x95,0x84,0xf9,
    0xbd,0x39,0xbe,0x98,0xad,0x73,0x5b,0x14,0x74,0xf9,0xbd,0x5a,0xc6,0x3a,0xc6,0xf9,
    0xbd,0x78,0xad,0xd9,0xb5,0x3a,0xc6,0x7a,0xce,0x7a,0xce,0x3a,0xc6,0xd7,0x94,0xb2,
    0x2a,0x92,0x22,0x92,0x5b,0x0f,0x4b,0x30,0x12,0x31,0x0a,0x31,0x02,0x31,0x02,0x31,
    0x02,0x32,0x02,0x32,0x02,0x52,0x02,0x32,0x02,0x31,0x12,0x51,0x2a,0xd2,0x73,0x97,
    0xad,0x98,0xad,0x16,0x9d,0x90,0x63,0x2d,0x63,0x30,0x1a,0x10,0x02,0xf0,0x01,0xd0,
    0x01,0x50,0x22,0x2f,0x53,0x67,0x21,0x66,0x21,0x25,0x21,0x05,0x21,0x05,0x21,0x25,
    0x21,0x46,0x21,0x46,0x21,0x67,0x21,0xc8,0x29,0xee,0x4a,0xf6,0x94,0xb9,0xb5,0xd9,
    0xb5,0x97,0xad,0xf0,0x7b,0x49,0x42,0xa7,0x29,0x08,0x32,0x89,0x52,0xcb,0x93,0xa9,
    0x62,0x65,0x29,0x46,0x21,0x87,0x21,0x46,0x21,0x88,0x29,0xf2,0x42,0xf2,0x42,0x8a,
    0x21,0x08,0x09,0x4f,0x5b,0x76,0xa5,0x98,0xad,0x73,0x5b,0x72,0x22,0xd3,0x3a,0x14,
    0x43,0x14,0x4b,0x34,0x4b,0x34,0x4b,0x94,0x5b,0xb5,0x63,0xf5,0x73,0xd7,0x94,0x58,
    0xa5,0x55,0x7c,0x94,0x5b,0x54,0x53,0x34,0x4b,0x34,0x4b,0x54,0x4b,0x55,0x4b,0x55,
    0x4b,0x55,0x53,0x91,0x55,0x53,0x75,0x53,0xb6,0x63,0x95,0x53,0x34,0x43,0x75,0x53,
    0x75,0x53,0x75,0x53,0x75,0x53,0x75,0x53,0x95,0x53,0x95,0x5b,0x95,0x5b,0xb5,0x5b,
    0x95,0x5b,0xb5,0x5b,0xb6,0x5b,0x1c,0xb6,0x5b,0xff,0xb6,0x63,0xf9,0xbd,0xdb,0xde,
    0xdb,0xde,0x5a,0xce,0xf6,0x63,0xb6,0x5b,0xb6,0x5b,0xd6,0x5b,0xb7,0x8c,0xbb,0xd6,
    0xdb,0xde,0xbb,0xd6,0x77,0x7c,0xb6,0x5b,0xb6,0x5b,0x36,0x74,0xd9,0xb5,0x9b,0xd6,
    0xd9,0xb5,0xd6,0x63,0xd6,0x63,0xd9,0xbd,0xdb,0xde,0xdb,0xde,0xd9,0xb5,0x16,0x6c,
    0xb6,0x63,0xd6,0x63,0xf6,0x6b,0x16,0x74,0x16,0x74,0xb5,0x63,0x75,0x53,0x75,0x53,
    0x95,0x5b,0xb5,0x5b,0xd6,0x63,0xb6,0x63,0xd6,0x63,0xd6,0x63,0x16,0x74,0x56,0x7c,
    0x16,0x6c,0xb5,0x5b,0xf7,0x94,0x06,0x19,0x06,0x19,0x06,0x19,0x26,0x19,0x26,0x19,
    0x26,0x19,0x26,0x21,0x26,0x21,0x26,0x21,0x46,0x21,0x46,0x21,0x46,0x21,0x46,0x21,
    0x47,0x21,0x47,0x21,0x88,0x21,0xe9,0x21,0x88,0x21,0x88,0x19,0x88,0x19,0x88,0x19,
    0x88,0x19,0x88,0x19,0x88,0x19,0x89,0x19,0x89,0x19,0x89,0x19,0x89,0x19,0x89,0x19,
    0x68,0x19,0x28,0x11,0xa9,0x19,0x0b,0x22,0xca,0x21,0xaa,0x19,0xa9,0x19,0x89,0x11,
    0xca,0x21,0x8f,0x63,0x31,0x7c,0xaf,0x63,0x2b,0x2a,0xeb,0x19,0x2c,0x2a,0x4d,0x32,
    0x0c,0x22,0xcb,0x19,0xcb,0x11,0xab,0x11,0x6a,0x09,0xcb,0x19,0x4d,0x2a,0x2d,0x22,
    0xcc,0x19,0xcc,0x11,0xcc,0x11,0xcc,0x11,0xcc,0x11,0x8b,0x09,0xac,0x09,0xaf,0x42,
    0x73,0x84,0x35,0x9d,0xb4,0x8c,0xae,0x42,0x8c,0x01,0xcd,0x11,0x8f,0x32,0x6f,0x32,
    0x0e,0x1a,0xee,0x11,0xee,0x11,0xee,0x11,0xee,0x11,0xee,0x11,0x51,0x53,0x36,0x9d,
    0x97,0xad,0x34,0x7c,0x2f,0x22,0xee,0x11,0xff,0xce,0x09,0xee,0x09,0x4f,0x22,0x4f,
    0x22,0x0f,0x12,0x0f,0x12,0xee,0x09,0xce,0x01,0x50,0x22,0x70,0x2a,0x30,0x1a,0x0f,
    0x12,0x0f,0x12,0x0f,0x12,0xef,0x09,0x50,0x22,0x91,0x2a,0x50,0x1a,0x30,0x12,0x30,
    0x12,0x30,0x1a,0x30,0x1a,0x30,0x1a,0x30,0x1a,0x50,0x1a,0x50,0x1a,0x50,0x1a,0xd1,
    0x3a,0x37,0x9d,0x19,0xbe,0x39,0xc6,0xb8,0xb5,0x73,0x53,0x91,0x2a,0x57,0xa5,0x5a,
    0xc6,0x5a,0xc6,0xf6,0x94,0xd2,0x32,0x72,0x22,0xb2,0x2a,0x73,0x5b,0x96,0x84,0x3a,
    0xc6,0x7b,0xce,0x5a,0xc6,0x74,0x53,0x33,0x7c,0xb2,0x8c,0x4d,0x5b,0xe8,0x31,0x89,
    0x21,0xab,0x19,0xef,0x11,0x31,0x02,0x31,0x02,0x31,0x02,0x32,0x02,0x32,0x02,0x31,
    0x02,0x31,0x02,0x11,0x02,0xd0,0x01,0xcf,0x01,0xef,0x19,0xf0,0x52,0x10,0x12,0x11,
    0x02,0xf0,0x01,0xf0,0x01,0xf0,0x01,0xaf,0x3a,0x0a,0x32,0x46,0x21,0x46,0x21,0x66,
    0x21,0x86,0x21,0xc7,0x29,0x08,0x3a,0x26,0x21,0xa8,0x29,0x2f,0x53,0xf2,0x6b,0xd5,
    0x8c,0x9b,0xce,0xbb,0xd6,0xbb,0xd6,0xbb,0xd6,0xdb,0xd6,0x7a,0xc6,0x97,0xad,0xf0,
    0x7b,0x2a,0x3a,0x4e,0x63,0xf0,0x7b,0x6d,0x6b,0x27,0x52,0x08,0x42,0x66,0x29,0xe8,
    0x31,0xd1,0x42,0x6a,0x21,0xe8,0x00,0xd1,0x6b,0x97,0xad,0x98,0xad,0x52,0x53,0x72,
    0x22,0xd3,0x32,0x14,0x43,0x14,0x43,0x34,0x4b,0x34,0x4b,0x76,0x84,0x7a,0xce,0xbb,
    0xd6,0xdb,0xde,0xfb,0xde,0xdb,0xde,0xdb,0xde,0x7a,0xce,0xd9,0xb5,0x74,0x53,0x55,
    0x4b,0x55,0x4b,0x55,0x4b,0x55,0x53,0x91,0x75,0x53,0x75,0x53,0x75,0x53,0x95,0x5b,
    0xb6,0x63,0x54,0x4b,0x75,0x4b,0x75,0x53,0x75,0x53,0x75,0x53,0x95,0x53,0x95,0x53,
    0x95,0x5b,0x95,0x5b,0x95,0x5b,0xb5,0x5b,0xb6,0x5b,0x1e,0xb6,0x5b,0xff,0x97,0x84,
    0xbb,0xd6,0xdb,0xde,0xbb,0xd6,0x56,0x7c,0xb6,0x5b,0xb6,0x5b,0xd6,0x5b,0xd6,0x63,
    0x19,0xbe,0xdb,0xde,0xdb,0xde,0xf9,0xbd,0xb6,0x5b,0x56,0x74,0x3a,0xc6,0xdb,0xde,
    0xdb,0xde,0x5a,0xc6,0xd6,0x63,0xd6,0x5b,0x16,0x74,0xd9,0xb5,0xdb,0xde,0xdb,0xde,
    0x5a,0xc6,0xf8,0x94,0xd6,0x63,0xb5,0x5b,0xb6,0x5b,0xd6,0x63,0xf6,0x6b,0x16,0x74,
    0x16,0x74,0x97,0x84,0x98,0xad,0x19,0xbe,0x76,0x7c,0xb5,0x5b,0xb5,0x5b,0xb6,0x5b,
    0xd6,0x63,0xd6,0x63,0x99,0xad,0xdb,0xde,0x06,0x19,0x06,0x19,0x26,0x19,0x26,0x19,
    0x26,0x19,0x26,0x21,0x26,0x21,0x26,0x21,0x26,0x21,0x46,0x21,0x46,0x21,0x46,0x21,
    0x47,0x21,0x47,0x21,0xa8,0x21,0xc9,0x21,0x88,0x19,0x88,0x19,0x88,0x19,0x88,0x19,
    0x88,0x19,0x88,0x19,0x88,0x19,0x88,0x19,0x89,0x19,0x89,0x19,0x89,0x19,0x89,0x19,
    0x68,0x19,0x48,0x11,0xaa,0x19,0x0b,0x22,0xca,0x19,0xa9,0x19,0xa9,0x19,0x89,0x11,
    0x0a,0x32,0xcf,0x6b,0x31,0x7c,0x6e,0x5b,0xeb,0x21,0xeb,0x19,0x2c,0x2a,0x4c,0x2a,
    0xeb,0x19,0xcb,0x19,0xcb,0x11,0xab,0x11,0x6a,0x09,0xcb,0x19,0x4d,0x2a,0x0c,0x22,
    0xcc,0x11,0xcc,0x11,0xcc,0x11,0xcc,0x11,0xcc,0x11,0x8b,0x09,0xcc,0x11,0x0f,0x4b,
    0xb4,0x8c,0x35,0x9d,0x73,0x84,0x2d,0x2a,0x8c,0x01,0xed,0x19,0x8f,0x32,0x6f,0x2a,
    0x0e,0x1a,0xee,0x11,0xee,0x11,0xee,0x11,0xee,0x11,0x0e,0x12,0x92,0x63,0x77,0xa5,
    0x77,0xa5,0xf3,0x6b,0xee,0x11,0xee,0x09,0xce,0x01,0x0e,0x12,0xff,0x4f,0x22,0x2f,
    0x1a,0x0f,0x12,0x0f,0x12,0xee,0x09,0xee,0x09,0x50,0x22,0x70,0x2a,0x2f,0x1a,0x0f,
    0x12,0x0f,0x12,0x0f,0x0a,0xef,0x09,0x50,0x22,0x91,0x2a,0x50,0x1a,0x30,0x12,0x30,
    0x12,0x30,0x12,0x30,0x12,0x30,0x1a,0x50,0x1a,0x50,0x1a,0x50,0x1a,0x50,0x1a,0x51,
    0x1a,0xb1,0x32,0x17,0x9d,0xd9,0xb5,0x3a,0xc6,0x3a,0xc6,0xf9,0xbd,0x37,0x9d,0xd9,
    0xb5,0x5a,0xc6,0x3a,0xc6,0xb4,0x63,0x92,0x2a,0x92,0x2a,0x92,0x2a,0x92,0x22,0xb2,
    0x2a,0x98,0xad,0x7b,0xce,0x7b,0xce,0x37,0x9d,0x72,0x8c,0x92,0x8c,0x8e,0x6b,0x49,
    0x3a,0x66,0x29,0x45,0x21,0x25,0x21,0x26,0x21,0xac,0x19,0x0f,0x12,0x31,0x0a,0x31,
    0x02,0x31,0x02,0x11,0x02,0x11,0x02,0x11,0x02,0x11,0x02,0x11,0x02,0x11,0x02,0x11,
    0x02,0x10,0x02,0xf0,0x01,0xf0,0x01,0x10,0x12,0xcf,0x4a,0x25,0x21,0x26,0x21,0x87,
    0x21,0x8b,0x4a,0xab,0x4a,0x29,0x3a,0x4a,0x3a,0x4e,0x5b,0x8f,0x63,0x33,0x74,0x16,
    0x95,0xd9,0xb5,0x9b,0xce,0xdb,0xd6,0xdb,0xde,0xdb,0xde,0xdb,0xde,0xdb,0xd6,0x9b,
    0xce,0x1a,0xbe,0xb1,0x6b,0xc9,0x29,0x4f,0x5b,0x32,0x7c,0x6e,0x63,0x26,0x5a,0xc5,
    0x59,0x68,0x5a,0x89,0x29,0x69,0x19,0x12,0x74,0x97,0xad,0x77,0xa5,0x12,0x4b,0x72,
    0x22,0xd3,0x3a,0x14,0x43,0x14,0x43,0x34,0x4b,0x34,0x4b,0x96,0x8c,0x9a,0xd6,0xdb,
    0xde,0xba,0xd6,0xb8,0xad,0x17,0x9d,0x58,0xa5,0x9a,0xd6,0xdb,0xde,0xdb,0xde,0x38,
    0xa5,0xf7,0x94,0x58,0xa5,0xd7,0x8c,0x16,0x6c,0x75,0x53,0x8f,0x75,0x53,0x75,0x53,
    0x75,0x53,0xd6,0x63,0x75,0x53,0x35,0x43,0x75,0x53,0x75,0x53,0x75,0x53,0x95,0x53,
    0x95,0x53,0x95,0x5b,0xb5,0x5b,0xb5,0x5b,0xb6,0x5b,0x1d,0xb6,0x5b,0xff,0xd6,0x5b,
    0xd6,0x5b,0xd6,0x63,0x58,0xa5,0x5a,0xce,0x3a,0xc6,0x77,0x7c,0xb6,0x5b,0xb6,0x5b,
    0xd6,0x5b,0xd6,0x5b,0x77,0x7c,0xbb,0xd6,0xdb,0xde,0xdb,0xd6,0x18,0x9d,0x5a,0xc6,
    0xdb,0xde,0xdb,0xde,0x7a,0xce,0x56,0x7c,0xb5,0x5b,0xb6,0x5b,0xd6,0x5b,0xd6,0x63,
    0xd7,0x8c,0x3a,0xc6,0xbb,0xd6,0xdb,0xde,0xbb,0xd6,0x5a,0xce,0xf9,0xbd,0x18,0x9d,
    0x38,0x9d,0x99,0xad,0x3a,0xc6,0xdb,0xde,0xdb,0xde,0xdb,0xde,0x7a,0xce,0x76,0x7c,
    0x75,0x53,0x95,0x53,0xb5,0x5b,0x78,0xa5,0xdb,0xde,0xdb,0xde,0x26,0x19,0x26,0x19,
    0x26,0x19,0x26,0x21,0x26,0x21,0x26,0x21,0x46,0x21,0x46,0x21,0x46,0x21,0x46,0x21,
    0x46,0x21,0x46,0x21,0x27,0x19,0xc9,0x21,0xa9,0x21,0x88,0x19,0x68,0x19,0x68,0x19,
    0x68,0x19,0x88,0x19,0x88,0x19,0x88,0x19,0x89,0x19,0x89,0x19,0x89,0x19,0x89,0x19,
    0x89,0x19,0x48,0x11,0x48,0x11,0xca,0x21,0xea,0x21,0xaa,0x19,0xa9,0x19,0x89,0x19,
    0x69,0x11,0x4b,0x3a,0xf0,0x73,0x30,0x7c,0xed,0x4a,0xeb,0x19,0xeb,0x19,0x4c,0x2a,
    0x2c,0x2a,0xcb,0x19,0xcb,0x11,0xab,0x11,0x8a,0x11,0x6a,0x09,0xec,0x19,0x4d,0x2a,
    0xec,0x19,0xcb,0x11,0xcb,0x11,0xcc,0x11,0xcc,0x11,0xab,0x11,0x8b,0x09,0xec,0x19,
    0x70,0x5b,0xd4,0x94,0x35,0x9d,0x12,0x74,0xed,0x21,0x8c,0x01,0x0e,0x22,0xaf,0x3a,
    0x4e,0x22,0xee,0x11,0xed,0x11,0xee,0x11,0xee,0x11,0xee,0x11,0x0e,0x1a,0x13,0x74,
    0x77,0xad,0x77,0xa5,0x71,0x5b,0x0e,0x12,0xee,0x09,0xce,0x01,0xff,0x0f,0x12,0x50,
    0x22,0x2f,0x1a,0x0f,0x12,0x0f,0x0a,0xee,0x01,0xee,0x09,0x70,0x2a,0x70,0x22,0x2f,
    0x12,0x0f,0x12,0x0f,0x12,0xef,0x09,0xef,0x09,0x70,0x22,0x71,0x2a,0x30,0x1a,0x30,
    0x12,0x30,0x12,0x30,0x12,0x30,0x12,0x30,0x12,0x50,0x12,0x50,0x1a,0x50,0x1a,0x51,
    0x1a,0x71,0x1a,0x71,0x22,0x91,0x2a,0xd2,0x3a,0x12,0x4b,0xd4,0x6b,0x17,0x9d,0x19,
    0xbe,0x5a,0xc6,0x5a,0xce,0x7a,0xce,0x19,0xc6,0x33,0x4b,0x92,0x22,0x92,0x2a,0xb2,
    0x2a,0xd2,0x32,0x17,0x95,0x7a,0xce,0x7b,0xce,0x19,0xbe,0x55,0xa5,0x34,0x9d,0xd2,
    0x94,0x30,0x84,0x4d,0x6b,0x4d,0x63,0x29,0x42,0x66,0x29,0x25,0x21,0x05,0x21,0x25,
    0x21,0x27,0x21,0xab,0x19,0x31,0x02,0x31,0x02,0x31,0x02,0x31,0x02,0x31,0x02,0x31,
    0x02,0x31,0x02,0x11,0x02,0x11,0x02,0x11,0x02,0x11,0x02,0x11,0x0a,0xcf,0x4a,0xa9,
    0x31,0x26,0x21,0x87,0x21,0x09,0x2a,0xcc,0x42,0xd0,0x6b,0x72,0x84,0x8f,0x63,0x90,
    0x63,0xb5,0x84,0x77,0xa5,0x5a,0xc6,0xdb,0xd6,0xdb,0xde,0xdb,0xde,0xdb,0xde,0xdb,
    0xde,0xbb,0xd6,0x5a,0xc6,0xf6,0x94,0x90,0x5b,0x09,0x32,0x70,0x63,0x6f,0x63,0x72,
    0x84,0x05,0x5a,0xa6,0x51,0x07,0x19,0x8a,0x19,0x73,0x84,0xb8,0xb5,0x57,0xa5,0xb1,
    0x3a,0x92,0x22,0xf3,0x3a,0x14,0x43,0x14,0x43,0x14,0x4b,0x34,0x4b,0xd7,0x94,0xbb,
    0xd6,0xdb,0xde,0x9a,0xd6,0x56,0x84,0x34,0x4b,0x34,0x4b,0x54,0x53,0x98,0xad,0xdb,
    0xde,0xdb,0xde,0xdb,0xde,0xdb,0xde,0xdb,0xde,0xdb,0xde,0x91,0xba,0xd6,0x1a,0xc6,
    0xd6,0x63,0x75,0x53,0x75,0x53,0xb6,0x5b,0xd6,0x63,0x34,0x43,0x75,0x53,0x95,0x53,
    0x75,0x53,0x95,0x53,0x95,0x5b,0x95,0x5b,0xb5,0x5b,0xb5,0x5b,0xb6,0x5b,0x11,0xb6,
    0x5b,0xff,0xd6,0x5b,0xb6,0x5b,0xb6,0x5b,0xb6,0x5b,0xd6,0x5b,0xd6,0x5b,0xd6,0x5b,
    0xd6,0x5b,0xd6,0x5b,0xb6,0x5b,0xb6,0x5b,0xd6,0x5b,0xd6,0x5b,0xb6,0x5b,0xd6,0x5b,
    0xd6,0x63,0xf6,0x63,0xf6,0x6b,0xf6,0x6b,0xb6,0x5b,0xb6,0x5b,0xd6,0x5b,0xd6,0x5b,
    0xd6,0x63,0xf9,0xbd,0xdb,0xde,0xdb,0xde,0xdb,0xde,0xdb,0xde,0xdb,0xde,0x5a,0xc6,
    0x56,0x7c,0xf6,0x6b,0xb5,0x5b,0xb6,0x5b,0xd6,0x5b,0xd6,0x5b,0xd6,0x63,0x36,0x74,
    0x97,0x84,0x58,0xa5,0x3a,0xc6,0x9b,0xd6,0xdb,0xde,0xdb,0xd6,0xdb,0xde,0xdb,0xde,
    0xdb,0xde,0xbb,0xd6,0xd9,0xb5,0xb7,0x8c,0x56,0x7c,0x36,0x74,0x36,0x7c,0xf6,0x6b,
    0x78,0xad,0xdb,0xde,0xdb,0xde,0xbb,0xd6,0x26,0x19,0x26,0x21,0x26,0x21,0x26,0x21,
    0x46,0x21,0x46,0x21,0x46,0x21,0x46,0x21,0x46,0x21,0x47,0x21,0x46,0x21,0x67,0x21,
    0xc9,0x21,0xa8,0x21,0x68,0x19,0x68,0x19,0x68,0x19,0x68,0x19,0x68,0x19,0x68,0x19,
    0x88,0x19,0x88,0x19,0x89,0x19,0x89,0x19,0x89,0x19,0x69,0x19,0x48,0x11,0x48,0x11,
    0xea,0x21,0xea,0x21,0xa9,0x19,0x89,0x19,0x89,0x19,0x49,0x11,0xcc,0x4a,0x10,0x7c,
    0x10,0x74,0xad,0x42,0xca,0x19,0x0b,0x22,0x4c,0x2a,0x0c,0x22,0xcb,0x19,0xab,0x11,
    0xab,0x11,0x8a,0x11,0x6a,0x09,0x0c,0x22,0x2d,0x2a,0xec,0x19,0xcb,0x11,0xcc,0x11,
    0xcc,0x11,0xcc,0x11,0xab,0x09,0x8b,0x09,0x0d,0x22,0xb1,0x63,0xf5,0x94,0x15,0x9d,
    0xb1,0x6b,0xac,0x09,0x8c,0x01,0x2e,0x22,0x8f,0x32,0x2e,0x22,0xee,0x11,0xed,0x11,
    0xff,0xed,0x11,0xee,0x11,0xee,0x11,0x4e,0x2a,0x74,0x84,0x97,0xad,0x36,0x9d,0xf0,
    0x4a,0xee,0x09,0xee,0x09,0xce,0x01,0x0f,0x1a,0x50,0x22,0x2f,0x1a,0x0f,0x12,0xef,
    0x09,0xce,0x01,0x0f,0x12,0x70,0x2a,0x50,0x22,0x2f,0x12,0x0f,0x12,0x0f,0x0a,0xef,
    0x09,0x0f,0x0a,0x70,0x2a,0x71,0x22,0x30,0x12,0x30,0x12,0x30,0x12,0x30,0x12,0x30,
    0x12,0x50,0x12,0x50,0x12,0x50,0x12,0x50,0x1a,0x71,0x1a,0xd4,0x6b,0xf6,0x94,0x37,
    0x9d,0x98,0xad,0xf9,0xbd,0xf9,0xbd,0x37,0x9d,0x35,0x74,0x53,0x53,0x35,0x7c,0x58,
    0xa5,0xb8,0xb5,0x37,0x9d,0xd2,0x3a,0xd4,0x6b,0xf7,0x94,0x57,0xa5,0xd9,0xb5,0x7a,
    0xce,0x7a,0xce,0xf8,0xbd,0x55,0xa5,0x75,0xa5,0x75,0xa5,0x14,0x9d,0x30,0x7c,0xcf,
    0x73,0xaf,0x73,0x4d,0x63,0x8e,0x73,0xcb,0x5a,0xab,0x52,0x25,0x21,0x26,0x21,0x0c,
    0x2a,0xf1,0x42,0x51,0x12,0x31,0x02,0x31,0x02,0x31,0x02,0x31,0x02,0x31,0x02,0x31,
    0x02,0x31,0x02,0x11,0x02,0x11,0x02,0x11,0x02,0x52,0x0a,0x72,0x2a,0xce,0x09,0x8b,
    0x19,0xc9,0x21,0x2a,0x2a,0x8c,0x3a,0x6f,0x5b,0x73,0x7c,0xd4,0x8c,0x36,0x9d,0x98,
    0xad,0xfa,0xbd,0x7b,0xce,0xdb,0xd6,0xdb,0xde,0xdb,0xde,0xdb,0xd6,0x7a,0xc6,0xd9,
    0xb5,0xd5,0x8c,0x2e,0x53,0x92,0x8c,0xb3,0x8c,0x30,0x84,0x92,0x94,0x8b,0x52,0x73,
    0x84,0x32,0x7c,0xd5,0x94,0xd8,0xb5,0x16,0x9d,0xb2,0x32,0x92,0x2a,0xf3,0x3a,0x14,
    0x43,0x14,0x43,0x14,0x4b,0x34,0x4b,0x34,0x4b,0x57,0xa5,0xdb,0xde,0xdb,0xde,0xff,
    0x19,0xc6,0x54,0x53,0x34,0x4b,0x34,0x4b,0x17,0x9d,0xbb,0xd6,0xdb,0xde,0x9a,0xd6,
    0xb9,0xb5,0x18,0x9d,0x58,0xa5,0x9a,0xd6,0xdb,0xde,0xdb,0xde,0xf7,0x94,0x75,0x53,
    0x75,0x53,0x95,0x53,0xd6,0x63,0x75,0x53,0x55,0x4b,0x75,0x53,0x95,0x53,0x95,0x5b,
    0x95,0x5b,0x95,0x5b,0x96,0x5b,0xb5,0x5b,0xb6,0x5b,0xb6,0x5b,0xb6,0x5b,0xb6,0x5b,
    0xb6,0x5b,0xb6,0x5b,0xb6,0x5b,0xb6,0x5b,0xb6,0x5b,0xb6,0x5b,0xb6,0x5b,0xb6,0x5b,
    0xb6,0x5b,0xd6,0x5b,0xd6,0x5b,0xd6,0x5b,0xb6,0x5b,0xd6,0x5b,0xd6,0x5b,0xd6,0x5b,
    0xd6,0x5b,0xb6,0x5b,0xd6,0x5b,0xd6,0x5b,0xd6,0x5b,0xd6,0x5b,0xf6,0x63,0xb7,0x8c,
    0xb7,0x8c,0xd6,0x63,0xb6,0x5b,0xb6,0x5b,0xd6,0x5b,0xd6,0x5b,0xd6,0x5b,0xd6,0x63,
    0xf6,0x6b,0xd6,0x63,0xb6,0x5b,0xb6,0x5b,0xd6,0x5b,0xd6,0x63,0x97,0x84,0xdb,0xde,
    0xdb,0xde,0xdb,0xde,0xdb,0xde,0x1a,0xc6,0x16,0x74,0xd6,0x63,0xf6,0x6b,0xd6,0x63,
    0x95,0x5b,0xb6,0x5b,0xd6,0x5b,0xd6,0x63,0xd6,0x63,0xf6,0x63,0xf6,0x6b,0x16,0x74,
    0x16,0x6c,0x57,0x7c,0x36,0x74,0x76,0x7c,0x77,0x7c,0x77,0x84,0xf6,0x6b,0xb6,0x5b,
    0xb6,0x63,0xb5,0x63,0xb6,0x5b,0xd6,0x63,0xd9,0xb5,0xdb,0xde,0xdb,0xde,0xbb,0xd6,
    0xf7,0x94,0x26,0x21,0x26,0x21,0x46,0x21,0x46,0x21,0x46,0x21,0x46,0x21,0x46,0x21,
    0x47,0x21,0x47,0x21,0x47,0x21,0x67,0x21,0xc9,0x21,0x88,0x21,0x68,0x19,0x68,0x19,
    0x68,0x19,0x68,0x19,0x68,0x19,0x68,0x19,0x68,0x19,0x68,0x19,0x89,0x19,0xff,0x89,
    0x19,0x89,0x19,0x68,0x19,0x28,0x11,0x68,0x19,0xea,0x21,0xca,0x21,0xa9,0x19,0x89,
    0x19,0x89,0x11,0x89,0x19,0x2d,0x5b,0x30,0x7c,0xef,0x73,0x4c,0x32,0xca,0x19,0x0b,
    0x22,0x4c,0x2a,0x0b,0x22,0xab,0x19,0xab,0x11,0xab,0x11,0x6a,0x09,0x8a,0x11,0x0c,
    0x22,0x2c,0x22,0xcb,0x19,0xcb,0x11,0xcb,0x11,0xcc,0x11,0xcc,0x11,0xab,0x09,0x8b,
    0x09,0x4d,0x2a,0xf2,0x6b,0x15,0x95,0x15,0x95,0x30,0x53,0x8c,0x01,0xac,0x09,0x4e,
    0x2a,0x8f,0x32,0x0e,0x1a,0xed,0x11,0xed,0x11,0xed,0x11,0xee,0x11,0xee,0x11,0x8f,
    0x32,0xd5,0x8c,0x97,0xad,0xf5,0x94,0x6f,0x32,0xee,0x11,0xce,0x09,0xce,0x01,0x2f,
    0x1a,0x4f,0x22,0x0f,0x12,0x0f,0x0a,0xef,0x09,0xce,0x01,0x0f,0x12,0x70,0x2a,0x50,
    0x22,0x0f,0x12,0x0f,0x12,0x0f,0x0a,0xef,0x01,0x0f,0x12,0x91,0x2a,0x70,0x22,0x30,
    0x12,0x30,0x12,0x30,0x12,0x30,0x12,0x30,0x12,0x30,0x12,0x50,0x12,0x50,0x12,0x51,
    0x1a,0x71,0x22,0x14,0x74,0x19,0xbe,0x5a,0xc6,0x3a,0xc6,0xf9,0xbd,0xd9,0xb5,0x3a,
    0xc6,0x7a,0xce,0x7a,0xce,0x37,0xa5,0xd2,0x3a,0x33,0x4b,0x33,0x4b,0xb2,0x2a,0x33,
    0x4b,0xd9,0xb5,0x5a,0xc6,0x3a,0xc6,0x3a,0xc6,0x19,0xbe,0xd8,0xb5,0x75,0xa5,0x75,
    0xad,0x96,0xad,0xb6,0xad,0x55,0xa5,0x71,0x8c,0x10,0x7c,0xcb,0x52,0x09,0x3a,0x86,
    0x29,0xeb,0x5a,0x2d,0x63,0x4d,0x63,0xec,0x21,0xef,0x19,0x50,0x5b,0x6d,0x32,0x10,
    0x12,0x31,0x02,0x31,0x02,0x31,0x02,0x11,0x02,0x11,0x02,0x31,0x02,0xff,0x31,0x02,
    0x31,0x02,0x31,0x02,0x31,0x02,0x31,0x02,0x31,0x02,0x31,0x02,0x11,0x02,0x0e,0x12,
    0x4d,0x2a,0xad,0x3a,0x0e,0x4b,0xb1,0x63,0xb5,0x8c,0x77,0xa5,0xd8,0xb5,0x3a,0xc6,
    0x9a,0xce,0x7a,0xc6,0xbb,0xd6,0xdb,0xd6,0x7a,0xc6,0x16,0x95,0xd2,0x6b,0x72,0x84,
    0x75,0xad,0xb6,0xb5,0x95,0xb5,0x4b,0x42,0x2e,0x32,0xb5,0x8c,0x77,0xad,0xd9,0xb5,
    0xf6,0x94,0x71,0x2a,0xb2,0x2a,0xf3,0x3a,0x13,0x43,0x14,0x43,0x34,0x4b,0x34,0x4b,
    0x34,0x4b,0x34,0x4b,0xf5,0x6b,0x9a,0xd6,0xdb,0xde,0xbb,0xd6,0xd9,0xb5,0xb9,0xb5,
    0x3a,0xc6,0xdb,0xde,0xdb,0xde,0xbb,0xd6,0x96,0x8c,0x34,0x4b,0x75,0x53,0x75,0x53,
    0xb9,0xb5,0xdb,0xde,0xdb,0xde,0x7a,0xce,0xb5,0x5b,0x75,0x53,0x75,0x53,0xb6,0x63,
    0xd6,0x63,0x54,0x4b,0x75,0x53,0x95,0x53,0x95,0x5b,0x95,0x5b,0x95,0x5b,0x95,0x5b,
    0xb5,0x5b,0xb6,0x5b,0xb6,0x5b,0xb6,0x5b,0xb6,0x5b,0xb6,0x5b,0xb6,0x5b,0xb6,0x5b,
    0xb6,0x5b,0xb6,0x5b,0xd6,0x5b,0xb6,0x5b,0xb6,0x5b,0xb6,0x5b,0xb6,0x5b,0xb6,0x5b,
    0xb6,0x5b,0xb6,0x5b,0xd6,0x5b,0xd6,0x5b,0xd6,0x5b,0xd6,0x5b,0xd6,0x5b,0xd6,0x5b,
    0xd6,0x5b,0xd6,0x5b,0xd6,0x63,0xf9,0xbd,0xdb,0xde,0xdb,0xde,0x9a,0xd6,0x99,0xad,
    0x77,0x84,0x16,0x6c,0xd6,0x63,0xd6,0x5b,0xd6,0x5b,0xd6,0x63,0xf6,0x6b,0xb6,0x5b,
    0xb6,0x5b,0xd6,0x5b,0xd6,0x63,0xd6,0x63,0xd9,0xb5,0xdb,0xde,0xbb,0xd6,0x1a,0xc6,
    0xf6,0x6b,0xd6,0x63,0xd6,0x63,0xf6,0x6b,0x16,0x6c,0xb6,0x63,0xff,0x95,0x53,0x95,
    0x53,0x95,0x53,0xb5,0x5b,0xb6,0x63,0xd6,0x63,0xd6,0x63,0xd6,0x63,0x16,0x6c,0x16,
    0x74,0xf6,0x6b,0xb6,0x5b,0x95,0x53,0x95,0x53,0x95,0x5b,0xb5,0x5b,0xb5,0x5b,0xf6,
    0x63,0xd9,0xb5,0xdb,0xde,0xdb,0xde,0xba,0xd6,0x18,0x9d,0x56,0x7c,0x26,0x21,0x46,
    0x21,0x46,0x21,0x46,0x21,0x46,0x21,0x46,0x21,0x47,0x21,0x47,0x21,0x46,0x21,0x88,
    0x21,0xc9,0x21,0x88,0x19,0x68,0x19,0x68,0x19,0x68,0x19,0x68,0x19,0x68,0x19,0x68,
    0x19,0x68,0x19,0x68,0x19,0x68,0x19,0x68,0x19,0x69,0x19,0x68,0x19,0x28,0x11,0x89,
    0x19,0xea,0x21,0xca,0x19,0x89,0x19,0x89,0x19,0x69,0x11,0xa9,0x21,0x8e,0x63,0x30,
    0x7c,0x8f,0x63,0x0b,0x2a,0xca,0x19,0x0b,0x22,0x4c,0x2a,0xeb,0x19,0xaa,0x11,0xab,
    0x11,0x8a,0x11,0x6a,0x09,0xab,0x11,0x2c,0x22,0x0c,0x22,0xcb,0x11,0xcb,0x11,0xcb,
    0x11,0xcb,0x11,0xab,0x11,0x8b,0x09,0x8b,0x09,0x8e,0x32,0x33,0x7c,0x15,0x9d,0xd4,
    0x8c,0xce,0x42,0x8b,0x01,0xcc,0x11,0x6f,0x32,0x6f,0x2a,0x0d,0x1a,0xed,0x11,0xed,
    0x11,0xed,0x11,0xed,0x11,0xee,0x09,0xcf,0x42,0x16,0x9d,0x97,0xad,0x94,0x84,0x4f,
    0x2a,0xee,0x09,0xce,0x01,0xce,0x09,0x2f,0x1a,0x4f,0x1a,0x0f,0x12,0x0f,0x0a,0xee,
    0x09,0xce,0x01,0x2f,0x1a,0x70,0x2a,0x2f,0x1a,0x0f,0x12,0x0f,0x0a,0x0f,0x0a,0xef,
    0x01,0x2f,0x12,0x91,0x2a,0x50,0x22,0x30,0x12,0x30,0x12,0x30,0x12,0x30,0x12,0x30,
    0x12,0x50,0x12,0x50,0x12,0x51,0x12,0x51,0x12,0xd2,0x3a,0xff,0xd6,0x8c,0x19,0xbe,
    0x5a,0xce,0xd9,0xb5,0xf4,0x6b,0xd2,0x3a,0xb2,0x32,0x35,0x74,0x5a,0xce,0x7a,0xce,
    0x5a,0xc6,0xf9,0xbd,0x39,0xc6,0x39,0xc6,0x78,0xad,0x14,0x74,0x13,0x43,0x73,0x5b,
    0x33,0x4b,0x12,0x43,0xd4,0x8c,0x75,0xad,0x96,0xad,0xb6,0xb5,0xf7,0xb5,0x18,0xbe,
    0x96,0xad,0xf3,0x9c,0x6d,0x63,0x29,0x3a,0xc7,0x29,0x87,0x29,0x66,0x29,0x66,0x29,
    0x0d,0x32,0xae,0x01,0xed,0x19,0x2a,0x32,0xea,0x29,0xaa,0x19,0x32,0x53,0x31,0x02,
    0x10,0x0a,0x49,0x19,0x27,0x19,0x6a,0x19,0xef,0x11,0x31,0x02,0x31,0x02,0x31,0x02,
    0x31,0x02,0x31,0x02,0x31,0x02,0x31,0x02,0x31,0x02,0x31,0x02,0x31,0x12,0x70,0x2a,
    0x30,0x53,0x54,0x74,0xd6,0x8c,0x78,0xa5,0x5a,0xc6,0xbb,0xce,0x7a,0xce,0x9a,0xce,
    0xdb,0xd6,0x7a,0xc6,0xb5,0x8c,0xcd,0x42,0x2d,0x5b,0x75,0xad,0xf6,0xbd,0x32,0x84,
    0xf0,0x11,0xaf,0x01,0x8e,0x01,0x4f,0x32,0xf1,0x4a,0x71,0x22,0xb2,0x32,0xf3,0x3a,
    0x13,0x43,0x13,0x43,0x33,0x4b,0x34,0x4b,0x34,0x4b,0x34,0x4b,0x54,0x53,0x34,0x4b,
    0x76,0x84,0xd9,0xb5,0xbb,0xd6,0xdb,0xde,0xdb,0xde,0xdb,0xde,0xdb,0xde,0xdb,0xde,
    0x9a,0xce,0xd6,0x6b,0x34,0x43,0x75,0x53,0x38,0x9d,0xbb,0xd6,0xdb,0xde,0xbb,0xd6,
    0xb9,0xb5,0x95,0x5b,0x75,0x53,0x75,0x53,0x95,0x5b,0xf6,0x6b,0x75,0x53,0x55,0x4b,
    0x95,0x53,0x95,0x5b,0x95,0x5b,0x95,0x5b,0xb5,0x5b,0xb6,0x5b,0xb6,0x5b,0xb6,0x5b,
    0xb6,0x5b,0xb6,0x5b,0xb6,0x5b,0xb6,0x5b,0xd6,0x5b,0xff,0xd6,0x5b,0xb6,0x5b,0xb6,
    0x5b,0x95,0x53,0x75,0x53,0x75,0x53,0x75,0x4b,0x75,0x53,0x75,0x53,0x96,0x53,0x96,
    0x5b,0xb6,0x5b,0xb6,0x5b,0xd6,0x5b,0xd6,0x5b,0xd6,0x5b,0xd6,0x5b,0xd6,0x5b,0xd6,
    0x63,0xb7,0x8c,0xbb,0xd6,0xdb,0xde,0xdb,0xde,0xdb,0xde,0xdb,0xde,0x7a,0xce,0xf9,
    0xbd,0xb7,0x8c,0xd6,0x63,0xd6,0x63,0xf6,0x6b,0xf6,0x63,0xb6,0x5b,0xd6,0x5b,0xd6,
    0x63,0xd6,0x63,0x16,0x74,0xd7,0x8c,0x97,0x84,0xf6,0x6b,0xb6,0x5b,0xd6,0x63,0xd6,
    0x63,0xd6,0x63,0xf6,0x6b,0x16,0x6c,0x16,0x6c,0x16,0x6c,0xd6,0x63,0x95,0x53,0x75,
    0x53,0x95,0x5b,0xb5,0x5b,0xb6,0x63,0xd6,0x63,0xd6,0x63,0xd6,0x63,0xf6,0x6b,0x16,
    0x6c,0x16,0x6c,0xd6,0x63,0x95,0x53,0x95,0x53,0xd9,0xb5,0xdb,0xde,0xdb,0xde,0x9b,
    0xd6,0xd7,0x94,0xd6,0x63,0xb6,0x63,0x46,0x21,0x46,0x21,0x46,0x21,0x46,0x21,0x46,
    0x21,0x47,0x21,0x47,0x21,0x47,0x21,0xa8,0x21,0xa8,0x21,0x68,0x19,0x67,0x19,0x68,
    0x19,0x68,0x19,0x68,0x19,0x68,0x19,0x68,0x19,0x68,0x19,0x68,0x19,0x68,0x19,0x68,
    0x19,0x68,0x19,0x48,0x11,0x28,0x11,0xa9,0x19,0xea,0x21,0xaa,0x19,0x89,0x19,0x89,
    0x19,0x69,0x11,0x0a,0x32,0xaf,0x6b,0x30,0x7c,0x4e,0x5b,0xca,0x21,0xca,0x19,0x0c,
    0x22,0x2c,0x2a,0xcb,0x19,0xaa,0x11,0xaa,0x11,0x8a,0x11,0x4a,0x09,0xab,0x11,0x2c,
    0x22,0xec,0x19,0xcb,0x11,0xcb,0x11,0xcb,0x11,0xcb,0x11,0xab,0x11,0x8b,0x09,0xab,
    0x11,0xcf,0x42,0x73,0x84,0x35,0x9d,0x93,0x84,0xff,0x6d,0x32,0x6b,0x01,0xcd,0x11,
    0x6f,0x32,0x4e,0x2a,0xed,0x11,0xcd,0x11,0xed,0x11,0xed,0x11,0xed,0x11,0xed,0x09,
    0x51,0x53,0x56,0xa5,0x97,0xad,0x33,0x7c,0x0e,0x1a,0xee,0x09,0xce,0x01,0xee,0x09,
    0x2f,0x1a,0x2f,0x1a,0x0f,0x12,0x0f,0x0a,0xee,0x01,0xce,0x01,0x2f,0x1a,0x70,0x2a,
    0x2f,0x1a,0x0f,0x0a,0x0f,0x0a,0xef,0x09,0xef,0x01,0x30,0x1a,0x91,0x2a,0x50,0x1a,
    0x30,0x12,0x30,0x12,0x30,0x12,0x30,0x12,0x30,0x12,0x30,0x12,0x30,0x12,0x51,0x12,
    0x51,0x12,0x51,0x1a,0xf4,0x6b,0x5a,0xc6,0x5a,0xce,0x1a,0xbe,0x94,0x5b,0x72,0x1a,
    0x72,0x1a,0xb2,0x2a,0x17,0x9d,0x7a,0xce,0x7a,0xce,0x5a,0xce,0x19,0xbe,0xd9,0xb5,
    0x3a,0xc6,0x9b,0xce,0x9b,0xd6,0xd6,0x94,0x92,0x22,0x93,0x5b,0xf4,0x94,0x75,0xad,
    0xb6,0xad,0xd7,0xb5,0x18,0xbe,0xd7,0xb5,0xb6,0xb5,0xb6,0xb5,0xd3,0x94,0x6d,0x63,
    0x6a,0x42,0x08,0x32,0xc7,0x29,0xe8,0x31,0xcd,0x19,0xae,0x01,0xcc,0x19,0xc9,0x29,
    0x29,0x3a,0x6a,0x3a,0xec,0x4a,0xf0,0xac,0x73,0x94,0x8b,0x4a,0x66,0x31,0xe4,0x18,
    0x04,0x21,0xe4,0x20,0x06,0x19,0x8c,0x19,0xef,0x11,0x11,0x0a,0x31,0x02,0x11,0x02,
    0x11,0x02,0x11,0x02,0x31,0x02,0x32,0x02,0x52,0x02,0x32,0x02,0x30,0x1a,0x73,0x5b,
    0xb6,0x8c,0xb9,0xad,0x7b,0xc6,0x7b,0xce,0x9b,0xce,0xf9,0xb5,0xf1,0x73,0x0e,0x53,
    0xac,0x42,0x91,0x8c,0xd6,0xbd,0xf2,0x7b,0x11,0x02,0xd0,0x01,0xd0,0x01,0xcf,0x01,
    0xcf,0x01,0x51,0x1a,0xd3,0x32,0xf3,0x3a,0xff,0x13,0x43,0x13,0x4b,0x34,0x4b,0x94,
    0x5b,0x37,0x9d,0x98,0xad,0xd9,0xbd,0x7a,0xce,0x7a,0xce,0xf9,0xbd,0x17,0x9d,0x96,
    0x84,0xb6,0x8c,0x36,0x7c,0x36,0x7c,0x9a,0xd6,0xdb,0xde,0xdb,0xde,0x19,0xbe,0xb9,
    0xb5,0x39,0xc6,0xdb,0xde,0xdb,0xde,0xbb,0xd6,0x38,0xa5,0x95,0x53,0x75,0x53,0x75,
    0x53,0x95,0x53,0x95,0x53,0xd6,0x63,0xb6,0x63,0x35,0x43,0x95,0x53,0x95,0x5b,0x95,
    0x5b,0x95,0x53,0x95,0x53,0x95,0x53,0xb6,0x5b,0xb6,0x5b,0xb6,0x5b,0xb6,0x5b,0xb6,
    0x5b,0xb6,0x5b,0xb6,0x5b,0xb6,0x5b,0x96,0x53,0x75,0x4b,0x75,0x4b,0x75,0x4b,0x75,
    0x53,0x95,0x53,0x95,0x53,0x95,0x53,0x95,0x53,0x95,0x53,0x95,0x53,0x95,0x5b,0xb6,
    0x5b,0xd6,0x5b,0xd6,0x63,0xd6,0x63,0xd6,0x5b,0xd6,0x63,0xd6,0x63,0xb9,0xb5,0xdb,
    0xde,0xdb,0xde,0x3a,0xc6,0x3a,0xc6,0xbb,0xd6,0xdb,0xde,0xdb,0xde,0x9a,0xd6,0xb9,
    0xb5,0xf8,0x94,0x37,0x74,0xd6,0x63,0x97,0x84,0xf7,0x94,0x77,0x84,0xd6,0x63,0xf6,
    0x6b,0xf6,0x6b,0xb6,0x63,0x95,0x53,0x95,0x53,0xb6,0x5b,0xb6,0x5b,0xd6,0x63,0xd6,
    0x63,0xd6,0x63,0x16,0x74,0xd9,0xb5,0x9a,0xd6,0xd9,0xb5,0xf7,0x94,0xf6,0x6b,0x75,
    0x53,0x95,0x53,0xb5,0x5b,0xb6,0x63,0xd6,0x63,0xd6,0x63,0xd6,0x63,0x16,0x6c,0x16,
    0x74,0xf6,0x6b,0x36,0x74,0x38,0x9d,0xd9,0xb5,0x97,0x84,0xb5,0x5b,0xb5,0x5b,0xb6,
    0x63,0x46,0x21,0x46,0x21,0x47,0x21,0x46,0x21,0x47,0x21,0x47,0x21,0x27,0x19,0xa9,
    0x21,0xa8,0x21,0x67,0x19,0x47,0x19,0xff,0x68,0x19,0x68,0x19,0x68,0x19,0x68,0x19,
    0x68,0x19,0x68,0x19,0x68,0x19,0x68,0x19,0x68,0x19,0x68,0x19,0x48,0x11,0x28,0x11,
    0xa9,0x19,0xea,0x21,0xa9,0x19,0x89,0x19,0x89,0x19,0x69,0x11,0x4b,0x3a,0xf0,0x73,
    0x10,0x7c,0xed,0x52,0xca,0x19,0xca,0x19,0x2c,0x22,0x0c,0x22,0xab,0x19,0xaa,0x11,
    0xaa,0x11,0x6a,0x11,0x4a,0x09,0xcb,0x19,0x2c,0x22,0xec,0x19,0xcb,0x11,0xab,0x11,
    0xab,0x11,0xcb,0x11,0xab,0x09,0x6b,0x09,0xcc,0x11,0x2f,0x4b,0xb4,0x8c,0x15,0x9d,
    0x53,0x7c,0xed,0x21,0x6b,0x01,0xed,0x19,0x8f,0x32,0x2e,0x22,0xed,0x11,0xed,0x11,
    0xed,0x11,0xed,0x11,0xed,0x09,0x0e,0x12,0xb2,0x63,0x77,0xa5,0x77,0xa5,0xb2,0x63,
    0x0e,0x12,0xee,0x09,0xce,0x01,0xee,0x09,0x2f,0x22,0x2f,0x1a,0x0f,0x12,0xef,0x09,
    0xce,0x01,0xce,0x01,0x50,0x22,0x70,0x22,0x2f,0x12,0x0f,0x0a,0x0f,0x0a,0xef,0x09,
    0xef,0x01,0x50,0x1a,0x71,0x22,0x30,0x12,0x10,0x0a,0x10,0x0a,0x30,0x0a,0x30,0x12,
    0x30,0x12,0x30,0x12,0x51,0x12,0x51,0x12,0x51,0x12,0x51,0x12,0x51,0x12,0xd2,0x32,
    0xf9,0xbd,0x7a,0xce,0x5a,0xc6,0xb4,0x63,0x72,0x1a,0x92,0x1a,0x74,0x53,0x3a,0xc6,
    0x7a,0xce,0x3a,0xc6,0xd4,0x6b,0xd3,0x3a,0xd2,0x32,0x35,0x7c,0x7a,0xce,0x9b,0xd6,
    0x19,0xc6,0xd5,0x8c,0x75,0xa5,0xb6,0xad,0xd7,0xb5,0xf7,0xb5,0x18,0xbe,0x18,0xbe,
    0xf7,0xbd,0x59,0xc6,0x38,0xc6,0x75,0xa5,0xef,0x73,0xec,0x52,0x8a,0x42,0x8b,0x42,
    0x2e,0x1a,0x0f,0x1a,0xae,0x3a,0xff,0xab,0x4a,0x08,0x32,0x29,0x3a,0xcc,0x4a,0x8a,
    0x4a,0xac,0x52,0x8d,0x4a,0x2d,0x63,0x6d,0x6b,0x6e,0x6b,0xc7,0x39,0x66,0x29,0x04,
    0x21,0x04,0x21,0x05,0x21,0x26,0x21,0x8a,0x19,0xef,0x11,0x11,0x02,0x31,0x02,0x31,
    0x02,0x32,0x02,0x52,0x02,0x52,0x02,0x52,0x02,0x32,0x02,0x31,0x0a,0x71,0x2a,0x72,
    0x63,0x97,0xad,0xba,0xce,0x19,0xbe,0xb8,0xb5,0x12,0x74,0x6a,0x42,0x90,0x94,0x51,
    0x5b,0x31,0x0a,0xf0,0x01,0xf0,0x01,0xf0,0x01,0xf0,0x01,0x10,0x02,0x92,0x2a,0xf3,
    0x3a,0x14,0x43,0x14,0x43,0x34,0x4b,0xb4,0x63,0x3a,0xc6,0xdb,0xde,0xdb,0xd6,0xbb,
    0xd6,0x9a,0xd6,0xba,0xd6,0xdb,0xde,0xdb,0xde,0x9a,0xd6,0x15,0x74,0x95,0x5b,0xb5,
    0x63,0x97,0x8c,0xf9,0xbd,0xba,0xd6,0xdb,0xde,0xdb,0xd6,0xbb,0xd6,0xbb,0xd6,0x7a,
    0xce,0x38,0xa5,0x95,0x53,0x75,0x53,0x75,0x53,0x75,0x53,0x75,0x53,0x95,0x53,0x96,
    0x5b,0x95,0x5b,0x34,0x43,0xf6,0x6b,0x56,0x7c,0xd7,0x94,0x78,0xad,0xf9,0xbd,0x19,
    0xbe,0xd7,0x8c,0xf6,0x6b,0xd6,0x63,0xb6,0x5b,0xd6,0x5b,0xd6,0x5b,0xb6,0x5b,0x96,
    0x53,0x96,0x53,0x95,0x53,0xd6,0x63,0xf6,0x6b,0xf6,0x6b,0xf6,0x6b,0xf6,0x6b,0xf6,
    0x6b,0xf6,0x6b,0xd6,0x63,0xb5,0x5b,0xb5,0x5b,0xb6,0x5b,0xb6,0x5b,0xf6,0x63,0x16,
    0x6c,0x16,0x6c,0x77,0x7c,0xb7,0x8c,0x77,0x84,0x97,0x84,0x77,0x7c,0xf6,0x6b,0xf6,
    0x63,0x36,0x74,0x38,0x9d,0x5a,0xce,0xbb,0xd6,0xdb,0xde,0xdb,0xde,0xbb,0xd6,0x7a,
    0xce,0xbb,0xd6,0xdb,0xde,0xff,0x9b,0xd6,0x77,0x84,0xf6,0x6b,0x16,0x6c,0xf6,0x6b,
    0xd6,0x63,0xb6,0x5b,0x95,0x53,0x75,0x53,0x95,0x53,0xb5,0x5b,0xd6,0x63,0xb9,0xb5,
    0xdb,0xde,0xdb,0xde,0xbb,0xd6,0xbb,0xd6,0xbb,0xd6,0x3a,0xc6,0xd7,0x94,0xd5,0x63,
    0x95,0x53,0x95,0x53,0xb5,0x5b,0xb6,0x63,0xb6,0x63,0xd6,0x63,0xd6,0x63,0xf6,0x6b,
    0x16,0x74,0x16,0x74,0xd6,0x63,0x95,0x53,0x75,0x53,0x95,0x53,0x47,0x21,0x47,0x21,
    0x47,0x21,0x67,0x21,0x46,0x21,0x47,0x21,0xa9,0x21,0x88,0x21,0x67,0x19,0x47,0x19,
    0x48,0x19,0x68,0x19,0x68,0x19,0x68,0x19,0x68,0x19,0x68,0x19,0x68,0x19,0x68,0x19,
    0x68,0x19,0x68,0x19,0x28,0x11,0x48,0x11,0xca,0x21,0xca,0x21,0x89,0x19,0x89,0x11,
    0x89,0x11,0x49,0x11,0xcc,0x4a,0x10,0x74,0xf0,0x73,0xac,0x42,0xaa,0x19,0xeb,0x19,
    0x2c,0x22,0x0b,0x22,0xaa,0x19,0xaa,0x11,0x8a,0x11,0x6a,0x09,0x6a,0x09,0xec,0x19,
    0x0c,0x22,0xcb,0x19,0xab,0x11,0xab,0x11,0xab,0x11,0xab,0x11,0x8b,0x09,0x6b,0x09,
    0xec,0x19,0x70,0x5b,0xf4,0x94,0x15,0x9d,0xd1,0x6b,0xcc,0x19,0x8b,0x01,0x0d,0x22,
    0x6f,0x32,0x0e,0x22,0xed,0x11,0xcd,0x11,0xed,0x11,0xed,0x11,0xed,0x09,0xee,0x11,
    0x33,0x7c,0x77,0xad,0x56,0xa5,0x51,0x53,0xee,0x09,0xce,0x09,0xce,0x01,0x0e,0x12,
    0x4f,0x1a,0x2f,0x12,0x0f,0x0a,0xef,0x09,0xce,0x01,0xee,0x09,0x50,0x22,0x50,0x22,
    0x0f,0x12,0x0f,0x0a,0x0f,0x0a,0xef,0x01,0xef,0x01,0x30,0x12,0x30,0x1a,0xef,0x09,
    0xcf,0x01,0xcf,0x01,0xff,0xef,0x01,0xef,0x01,0xef,0x01,0x10,0x0a,0x30,0x0a,0x51,
    0x12,0x51,0x12,0x51,0x1a,0x51,0x12,0x71,0x1a,0x51,0x12,0x55,0x7c,0x3a,0xc6,0x19,
    0xbe,0xb4,0x63,0x92,0x1a,0x92,0x22,0x92,0x22,0x73,0x53,0xf4,0x6b,0x33,0x4b,0x92,
    0x22,0xb2,0x22,0x92,0x22,0xf6,0x94,0x9b,0xce,0x9b,0xd6,0xb7,0xb5,0x96,0xad,0xb6,
    0xad,0xd7,0xb5,0x18,0xbe,0x59,0xc6,0x79,0xce,0x9a,0xd6,0x79,0xce,0x79,0xce,0x9a,
    0xd6,0xf7,0xbd,0xb2,0x8c,0xae,0x6b,0xcf,0x6b,0x6f,0x32,0x2f,0x1a,0x53,0x7c,0x6d,
    0x63,0xcb,0x4a,0xab,0x4a,0x92,0x8c,0x4c,0x63,0x2c,0x32,0xaa,0x29,0x45,0x29,0x25,
    0x21,0x08,0x42,0x49,0x4a,0x4d,0x6b,0x8e,0x6b,0x2c,0x63,0xec,0x5a,0x04,0x21,0xe4,
    0x20,0x04,0x21,0x04,0x21,0xd1,0x73,0x72,0x22,0x32,0x02,0x52,0x02,0x32,0x02,0x32,
    0x02,0x32,0x02,0x52,0x02,0x52,0x02,0x52,0x02,0x32,0x02,0xf1,0x01,0x91,0x32,0xf1,
    0x42,0xd0,0x42,0xce,0x52,0x6c,0x73,0x6f,0x3a,0x31,0x02,0x10,0x02,0xf0,0x01,0xf0,
    0x01,0xf0,0x01,0xf0,0x01,0x31,0x0a,0xb2,0x2a,0x13,0x43,0x34,0x4b,0x34,0x4b,0xf5,
    0x6b,0x5a,0xc6,0xdb,0xde,0xdb,0xde,0x98,0xad,0xf5,0x6b,0x74,0x5b,0xf5,0x6b,0x5a,
    0xc6,0xdb,0xde,0xdb,0xde,0x39,0xc6,0x5a,0xce,0x7a,0xce,0x19,0xbe,0x38,0x9d,0x36,
    0x7c,0x97,0x84,0x97,0x84,0x36,0x74,0xd6,0x63,0x95,0x5b,0x75,0x53,0x75,0x53,0x75,
    0x53,0x95,0x53,0x75,0x53,0x95,0x53,0x75,0x4b,0x95,0x53,0x35,0x43,0xd7,0x8c,0x9a,
    0xd6,0xdb,0xde,0xff,0xdb,0xde,0xdb,0xde,0xdb,0xde,0xdb,0xde,0xdb,0xde,0x9a,0xce,
    0xf9,0xbd,0xf8,0x94,0xf6,0x6b,0xb6,0x5b,0xb6,0x5b,0xd6,0x5b,0xd6,0x63,0xf6,0x6b,
    0xf6,0x6b,0xf6,0x6b,0xf6,0x6b,0x16,0x6c,0x16,0x6c,0xf6,0x6b,0xf6,0x6b,0xf6,0x6b,
    0xf6,0x6b,0xd6,0x63,0xd6,0x63,0x97,0x84,0x3a,0xc6,0x7a,0xce,0x9a,0xd6,0xdb,0xde,
    0xdb,0xde,0xdb,0xde,0x5a,0xce,0xb9,0xb5,0xf6,0x6b,0xd6,0x63,0xd6,0x63,0xd6,0x5b,
    0xd6,0x63,0x77,0x7c,0x18,0x9d,0x19,0xbe,0xdb,0xde,0xdb,0xde,0xdb,0xde,0xdb,0xde,
    0xb9,0xad,0xd6,0x63,0xd6,0x63,0x16,0x6c,0xf6,0x6b,0xf6,0x63,0xf6,0x63,0xd6,0x63,
    0xd6,0x63,0xb6,0x5b,0xb5,0x5b,0xb9,0xb5,0xdb,0xde,0xbb,0xd6,0x17,0x95,0x16,0x74,
    0xd7,0x8c,0xb8,0xb5,0x9a,0xce,0xfb,0xde,0xba,0xd6,0x19,0xc6,0x38,0x9d,0xf6,0x6b,
    0x75,0x4b,0x75,0x53,0xb5,0x5b,0xb6,0x5b,0xd6,0x63,0xd6,0x63,0xd6,0x63,0xf6,0x6b,
    0x16,0x6c,0x16,0x6c,0xd6,0x63,0x67,0x21,0x67,0x21,0x67,0x21,0x47,0x21,0x67,0x21,
    0xc9,0x21,0x68,0x19,0x47,0x19,0x47,0x19,0x48,0x19,0x68,0x19,0x68,0x19,0x48,0x19,
    0x48,0x19,0x48,0x19,0x68,0x19,0x68,0x19,0x68,0x19,0x48,0x19,0x28,0x11,0x68,0x11,
    0xca,0x21,0xaa,0x19,0x89,0x19,0x89,0x11,0x69,0x11,0x69,0x19,0x0d,0x53,0x10,0x74,
    0xcf,0x6b,0x4b,0x32,0xaa,0x19,0xeb,0x19,0x2c,0x2a,0xeb,0x21,0xaa,0x11,0xaa,0x11,
    0x8a,0x11,0x6a,0x09,0x6a,0x09,0xec,0x21,0x0c,0x22,0xcb,0x11,0xab,0x11,0xab,0x11,
    0xab,0x11,0xff,0xab,0x11,0x8b,0x09,0x6b,0x09,0x0d,0x22,0xb1,0x63,0x15,0x95,0x15,
    0x95,0x70,0x5b,0x8b,0x09,0x8c,0x01,0x2e,0x22,0x6f,0x2a,0x0e,0x1a,0xcd,0x11,0xcd,
    0x09,0xed,0x11,0xed,0x09,0xcd,0x09,0x4e,0x2a,0x74,0x84,0x97,0xad,0x16,0x9d,0xd0,
    0x42,0xee,0x09,0xce,0x01,0xce,0x01,0x0f,0x12,0x4f,0x22,0x0f,0x12,0xef,0x09,0xee,
    0x09,0xce,0x01,0xee,0x09,0x70,0x22,0x50,0x22,0x0f,0x0a,0x0f,0x0a,0x0f,0x0a,0xef,
    0x01,0xef,0x01,0x0f,0x0a,0xef,0x01,0xce,0x01,0xce,0x01,0xef,0x01,0xef,0x01,0xef,
    0x01,0xef,0x01,0xef,0x01,0xef,0x01,0x10,0x02,0x30,0x12,0xd2,0x3a,0x53,0x53,0xb3,
    0x63,0x35,0x74,0x75,0x84,0x14,0x74,0x13,0x43,0x92,0x22,0x92,0x1a,0x92,0x1a,0x92,
    0x22,0x92,0x22,0x92,0x22,0x92,0x22,0x13,0x43,0x74,0x53,0xd4,0x6b,0x37,0x9d,0x9b,
    0xd6,0x9b,0xd6,0x19,0xbe,0xed,0x21,0xee,0x52,0xd4,0x94,0x96,0xad,0x39,0xc6,0x9a,
    0xce,0xba,0xd6,0xdb,0xde,0xdb,0xde,0xdb,0xde,0xdb,0xde,0x59,0xce,0x55,0xa5,0x93,
    0x8c,0x6f,0x32,0xce,0x09,0x8d,0x4a,0xaf,0x6b,0xe9,0x31,0x4a,0x3a,0xd2,0x94,0x75,
    0xad,0xad,0x42,0x0a,0x2a,0xa7,0x29,0xa6,0x29,0x86,0x29,0x66,0x29,0x6e,0x6b,0xcf,
    0x7b,0x4d,0x63,0xcb,0x5a,0x2c,0x63,0x8e,0x73,0x6d,0x6b,0x49,0x4a,0x11,0x7c,0x14,
    0x74,0x53,0x7c,0xf2,0x42,0x52,0x0a,0x32,0x02,0x32,0x02,0x32,0x02,0x52,0x02,0x52,
    0x02,0x52,0x02,0x52,0x02,0x52,0x02,0x32,0x02,0x32,0x02,0x11,0x02,0x31,0x12,0x31,
    0x12,0xff,0x31,0x02,0x11,0x02,0x11,0x02,0x10,0x02,0x10,0x02,0x10,0x02,0x11,0x02,
    0x51,0x0a,0xb3,0x2a,0x14,0x43,0x34,0x4b,0x74,0x5b,0x5a,0xce,0xdb,0xde,0xdb,0xde,
    0xb8,0xad,0x34,0x4b,0x34,0x4b,0x54,0x4b,0x15,0x74,0x7a,0xce,0xdb,0xde,0xdb,0xde,
    0xbb,0xd6,0x7a,0xce,0x9a,0xd6,0xdb,0xde,0xdb,0xde,0x9a,0xd6,0x36,0x74,0x75,0x53,
    0x75,0x53,0x75,0x53,0x75,0x53,0x75,0x53,0x75,0x53,0x75,0x53,0x95,0x53,0x75,0x53,
    0x75,0x4b,0x75,0x53,0x55,0x4b,0xf7,0x94,0xbb,0xd6,0xdb,0xde,0xdb,0xde,0x1a,0xc6,
    0x38,0x9d,0xf7,0x94,0xb9,0xb5,0x7a,0xce,0xbb,0xd6,0xdb,0xde,0xdb,0xde,0xbb,0xd6,
    0xd9,0xb5,0xf7,0x94,0x77,0x7c,0xf6,0x6b,0xf6,0x6b,0xf6,0x6b,0xf6,0x6b,0xf6,0x6b,
    0xf6,0x6b,0xf6,0x6b,0xf6,0x6b,0xf6,0x6b,0xf6,0x6b,0xf6,0x6b,0xf6,0x6b,0x97,0x84,
    0x9a,0xd6,0xdb,0xde,0xdb,0xde,0x9a,0xce,0x3a,0xc6,0x3a,0xc6,0xbb,0xd6,0xdb,0xde,
    0xdb,0xde,0x79,0xad,0x77,0x7c,0xd7,0x8c,0xb7,0x8c,0x16,0x6c,0xd6,0x63,0xd6,0x63,
    0xd7,0x8c,0xdb,0xde,0xdb,0xde,0xdb,0xde,0x99,0xad,0xd6,0x63,0xd6,0x63,0xd6,0x63,
    0xf6,0x6b,0x16,0x6c,0xf6,0x6b,0xf6,0x6b,0xf6,0x6b,0xf6,0x63,0x36,0x74,0xf9,0xbd,
    0xdb,0xde,0xbb,0xd6,0xb7,0x8c,0x75,0x53,0x95,0x53,0x95,0x5b,0xb6,0x5b,0xd6,0x63,
    0xb7,0x8c,0xd9,0xb5,0x7a,0xce,0xdb,0xde,0xdb,0xde,0x3a,0xc6,0xf7,0x94,0x36,0x74,
    0x95,0x53,0x75,0x53,0x95,0x5b,0xd6,0x63,0x98,0xad,0xf9,0xbd,0xf7,0x94,0x77,0x7c,
    0xff,0x67,0x21,0x67,0x21,0x47,0x21,0x88,0x21,0xa8,0x21,0x67,0x19,0x47,0x19,0x47,
    0x19,0x47,0x19,0x68,0x19,0x68,0x19,0x68,0x19,0x48,0x19,0x48,0x19,0x68,0x19,0x68,
    0x19,0x48,0x19,0x48,0x19,0x27,0x11,0x69,0x19,0xca,0x21,0xa9,0x19,0x89,0x11,0x89,
    0x11,0x69,0x11,0x89,0x19,0x6e,0x63,0x10,0x7c,0x8f,0x63,0x0b,0x2a,0xaa,0x19,0xeb,
    0x21,0x2c,0x22,0xcb,0x19,0x8a,0x11,0x8a,0x11,0x8a,0x11,0x4a,0x09,0x8a,0x11,0x0c,
    0x22,0xec,0x19,0xcb,0x11,0xab,0x11,0xab,0x11,0xab,0x11,0xab,0x11,0x6b,0x09,0x6b,
    0x09,0x4d,0x32,0x12,0x74,0x15,0x9d,0xf4,0x94,0xef,0x4a,0x6b,0x01,0xac,0x09,0x4e,
    0x2a,0x4e,0x2a,0xed,0x11,0xcd,0x11,0xcd,0x09,0xcd,0x09,0xcd,0x09,0xed,0x09,0x8f,
    0x32,0xf5,0x94,0x97,0xad,0xd5,0x94,0x6f,0x32,0xee,0x09,0xce,0x01,0xce,0x01,0x0f,
    0x1a,0x2f,0x1a,0x0f,0x12,0xef,0x09,0xee,0x01,0xce,0x01,0x0f,0x12,0x70,0x2a,0x2f,
    0x1a,0x0f,0x0a,0x0f,0x0a,0xef,0x09,0xee,0x01,0xef,0x01,0x0f,0x0a,0x0f,0x02,0x0f,
    0x0a,0x30,0x12,0x50,0x12,0x50,0x12,0x51,0x1a,0x51,0x1a,0x51,0x1a,0x51,0x1a,0x10,
    0x0a,0x30,0x12,0x55,0x7c,0xf9,0xbd,0x3a,0xc6,0x5a,0xc6,0x7a,0xce,0x9a,0xce,0x7a,
    0xce,0x19,0xbe,0x17,0x9d,0xf5,0x6b,0xf3,0x3a,0x92,0x22,0x92,0x22,0x92,0x1a,0x35,
    0x74,0x3a,0xc6,0x7a,0xce,0x9b,0xd6,0x9b,0xd6,0xbb,0xd6,0xb9,0xb5,0x53,0x4b,0x8c,
    0x09,0x8c,0x01,0x6c,0x01,0x2e,0x32,0xef,0x52,0xf4,0x9c,0x7a,0xce,0xdb,0xde,0xff,
    0xdb,0xde,0xdb,0xde,0xdb,0xde,0xba,0xd6,0xf5,0x94,0x6f,0x32,0xce,0x01,0x2c,0x3a,
    0xaa,0x93,0x8b,0x4a,0xb1,0x6b,0xed,0x4a,0xeb,0x5a,0xae,0x4a,0xab,0x42,0x49,0x3a,
    0x28,0x32,0x08,0x32,0x8a,0x4a,0xab,0x52,0x8e,0x6b,0x0c,0x5b,0x8a,0x4a,0x45,0x29,
    0x45,0x29,0xc7,0x31,0x49,0x4a,0x14,0x9d,0x93,0x63,0xf0,0x42,0x52,0x7c,0x31,0x74,
    0x50,0x53,0x91,0x2a,0x52,0x02,0x52,0x02,0x52,0x02,0x52,0x02,0x52,0x02,0x52,0x02,
    0x52,0x02,0x52,0x02,0x52,0x02,0x32,0x02,0x31,0x02,0x31,0x02,0x31,0x02,0x31,0x02,
    0x11,0x02,0x11,0x02,0x11,0x02,0x11,0x02,0x31,0x02,0x72,0x12,0xb3,0x2a,0x14,0x3b,
    0x34,0x43,0x34,0x4b,0x58,0xa5,0xdb,0xde,0xdb,0xde,0x19,0xbe,0x54,0x53,0x54,0x4b,
    0x54,0x53,0xb9,0xb5,0xdb,0xde,0xdb,0xde,0x3a,0xc6,0x56,0x7c,0x95,0x5b,0xf6,0x6b,
    0x19,0xc6,0xdb,0xde,0xdb,0xde,0x78,0xa5,0x75,0x53,0x75,0x53,0x75,0x53,0x75,0x53,
    0x75,0x53,0x75,0x53,0x95,0x53,0x95,0x53,0x75,0x4b,0x95,0x53,0x35,0x43,0xf7,0x94,
    0xdb,0xd6,0xdb,0xde,0xdb,0xde,0x99,0xad,0xd6,0x63,0xb6,0x5b,0xb6,0x5b,0xb6,0x5b,
    0xf6,0x6b,0x77,0x84,0x78,0xad,0x7a,0xce,0xdb,0xde,0xdb,0xde,0xdb,0xde,0xba,0xd6,
    0x78,0xad,0xf6,0x6b,0xf6,0x6b,0xf6,0x6b,0xd6,0x63,0xd6,0x63,0xd6,0x63,0xd6,0x63,
    0xf6,0x6b,0xf6,0x6b,0xf6,0x6b,0xd7,0x94,0xba,0xd6,0xdb,0xde,0xdb,0xde,0xd9,0xb5,
    0x37,0x74,0xd6,0x63,0xd6,0x63,0x78,0xad,0xdb,0xde,0xdb,0xde,0xdb,0xde,0xff,0xbb,
    0xd6,0xdb,0xde,0xdb,0xde,0x9a,0xd6,0xf9,0xbd,0x56,0x74,0x16,0x74,0x78,0xa5,0xb9,
    0xad,0xf8,0x94,0xd6,0x63,0xb6,0x5b,0xd6,0x63,0xd6,0x63,0xd6,0x63,0x16,0x6c,0x16,
    0x6c,0xf6,0x6b,0xf6,0x63,0x16,0x74,0x3a,0xc6,0xdb,0xde,0xbb,0xd6,0xd7,0x8c,0xf6,
    0x63,0xd6,0x63,0xb6,0x5b,0x95,0x53,0x75,0x53,0x75,0x53,0x95,0x5b,0xb6,0x63,0xf6,
    0x6b,0x97,0x84,0x79,0xad,0x7a,0xce,0xdb,0xde,0xbb,0xd6,0x7a,0xce,0x78,0xa5,0xf6,
    0x6b,0x56,0x7c,0x5a,0xce,0xdb,0xde,0xdb,0xde,0xba,0xd6,0x87,0x21,0x67,0x21,0x88,
    0x21,0x88,0x21,0x67,0x19,0x47,0x19,0x47,0x19,0x47,0x19,0x48,0x19,0x68,0x19,0x68,
    0x19,0x48,0x19,0x48,0x19,0x48,0x19,0x68,0x19,0x68,0x19,0x28,0x11,0x27,0x11,0x89,
    0x19,0xca,0x21,0x89,0x19,0x69,0x11,0x69,0x11,0x48,0x11,0xea,0x29,0xaf,0x6b,0x10,
    0x74,0x4e,0x5b,0xca,0x21,0xaa,0x19,0xeb,0x21,0x0c,0x22,0xcb,0x19,0x8a,0x11,0x8a,
    0x11,0x8a,0x11,0x49,0x09,0xaa,0x11,0x0c,0x22,0xec,0x19,0xab,0x11,0xab,0x11,0xab,
    0x11,0xab,0x11,0xab,0x09,0x6b,0x09,0x8b,0x09,0x8e,0x3a,0x53,0x7c,0x35,0x9d,0xb3,
    0x8c,0x8e,0x3a,0x6b,0x01,0xac,0x11,0x4e,0x2a,0x4e,0x2a,0xed,0x11,0xcd,0x11,0xcd,
    0x09,0xcd,0x09,0xcd,0x09,0xcd,0x09,0xf0,0x4a,0x16,0x9d,0x97,0xad,0x74,0x84,0x2e,
    0x22,0xce,0x09,0xce,0x01,0xce,0x01,0x2f,0x1a,0x2f,0x1a,0x0f,0x12,0xef,0x09,0xee,
    0x01,0xce,0x01,0x2f,0x12,0x70,0x22,0x2f,0x1a,0x0f,0x0a,0x0f,0x0a,0xff,0xef,0x09,
    0xef,0x01,0x0f,0x0a,0x30,0x1a,0x30,0x12,0x30,0x0a,0x30,0x12,0x50,0x1a,0x51,0x1a,
    0x71,0x22,0x71,0x22,0x71,0x22,0x71,0x1a,0x71,0x1a,0xb2,0x2a,0x55,0x7c,0x19,0xbe,
    0x5a,0xce,0x19,0xbe,0x17,0x9d,0x75,0x84,0xf6,0x94,0xb8,0xad,0x7a,0xce,0x9b,0xd6,
    0x9b,0xd6,0xd9,0xb5,0xf3,0x3a,0x92,0x22,0x92,0x22,0xf5,0x6b,0x78,0xad,0x98,0xad,
    0x37,0xa5,0xd6,0x94,0x75,0x7c,0x33,0x4b,0x37,0x9d,0x0b,0x32,0x89,0x21,0xa9,0x19,
    0xaa,0x19,0xeb,0x19,0xac,0x09,0x8c,0x01,0xb1,0x73,0x35,0xa5,0x38,0xc6,0x9a,0xd6,
    0xd5,0x9c,0x50,0x2a,0xef,0x01,0x2f,0x1a,0x2e,0x22,0x6b,0x01,0xab,0x19,0x0b,0x32,
    0x09,0x3a,0xce,0x4a,0xae,0x6b,0x4d,0x63,0x0c,0x53,0xcb,0x4a,0x4d,0x63,0x8e,0x6b,
    0xcf,0x73,0x8e,0x6b,0x49,0x42,0xa7,0x29,0xa6,0x29,0x86,0x29,0xe7,0x39,0x93,0x8c,
    0x92,0x5b,0x6e,0x32,0x0e,0x5b,0x71,0x8c,0xb3,0x8c,0x11,0x74,0x70,0x63,0x14,0x7c,
    0x73,0x1a,0x52,0x02,0x52,0x02,0x52,0x02,0x52,0x02,0x52,0x02,0x52,0x02,0x52,0x02,
    0x52,0x02,0x32,0x02,0x32,0x02,0x32,0x02,0x32,0x02,0x32,0x02,0x31,0x02,0x31,0x02,
    0x31,0x02,0x52,0x02,0x92,0x1a,0xd3,0x2a,0x14,0x3b,0x34,0x43,0x34,0x4b,0xd5,0x63,
    0x19,0xbe,0xbb,0xd6,0xf9,0xbd,0x95,0x5b,0x54,0x53,0x54,0x53,0xd5,0x6b,0xd7,0x94,
    0x76,0x84,0x95,0x53,0x55,0x4b,0x55,0x4b,0xf5,0x6b,0x7a,0xce,0xdb,0xde,0xdb,0xde,
    0x3a,0xc6,0x95,0x5b,0x75,0x53,0x75,0x53,0x75,0x53,0x75,0x53,0xff,0x75,0x53,0x75,
    0x53,0x55,0x4b,0x75,0x53,0x35,0x43,0x75,0x53,0x56,0x7c,0xbb,0xd6,0xdb,0xde,0xdb,
    0xde,0xb7,0x8c,0x95,0x53,0xb6,0x5b,0xb6,0x5b,0xb6,0x5b,0xb6,0x5b,0xb6,0x5b,0xb6,
    0x5b,0xd6,0x63,0xb7,0x84,0xf9,0xbd,0xdb,0xde,0xdb,0xde,0x9a,0xd6,0x57,0x7c,0xf6,
    0x6b,0xf6,0x6b,0xf6,0x6b,0xf6,0x6b,0xf6,0x6b,0xf6,0x6b,0xf6,0x6b,0x16,0x6c,0x38,
    0x9d,0xbb,0xd6,0xdb,0xde,0xdb,0xde,0xd9,0xb5,0xf6,0x6b,0xd6,0x63,0xd6,0x63,0xd7,
    0x8c,0x9a,0xd6,0xdb,0xde,0xdb,0xde,0xbb,0xd6,0x19,0xbe,0x19,0xbe,0xbb,0xd6,0xdb,
    0xde,0xdb,0xde,0xf9,0xbd,0xd6,0x63,0xd6,0x5b,0xd6,0x63,0xf6,0x6b,0xf6,0x6b,0xb6,
    0x5b,0xd6,0x5b,0xd6,0x63,0xd6,0x63,0xf6,0x6b,0x16,0x74,0xf6,0x6b,0x36,0x74,0x3a,
    0xc6,0xdb,0xde,0x9b,0xd6,0xd7,0x8c,0xf6,0x63,0xf6,0x63,0xf6,0x63,0xf6,0x6b,0xd6,
    0x63,0x36,0x7c,0xb5,0x63,0x95,0x53,0x75,0x53,0x75,0x53,0x95,0x53,0xb5,0x5b,0xd6,
    0x63,0xb7,0x8c,0x98,0xad,0x5a,0xc6,0xdb,0xde,0xdb,0xde,0x3a,0xc6,0x78,0xa5,0x18,
    0x9d,0x58,0xa5,0x19,0xbe,0x67,0x21,0xa8,0x21,0x88,0x21,0x47,0x19,0x47,0x19,0x47,
    0x19,0x47,0x19,0x47,0x19,0x47,0x19,0x48,0x19,0x48,0x19,0x48,0x19,0x48,0x19,0x48,
    0x19,0x48,0x19,0x28,0x11,0x27,0x11,0xa9,0x19,0xca,0x21,0x89,0x19,0x69,0x11,0x69,
    0x11,0x48,0x11,0x4b,0x3a,0xcf,0x73,0x10,0x74,0x0d,0x53,0xaa,0x19,0xaa,0x19,0x0b,
    0x22,0x0b,0x22,0xaa,0x11,0x8a,0x11,0x8a,0x11,0x6a,0x09,0xff,0x49,0x09,0xab,0x11,
    0x0c,0x22,0xcb,0x19,0xab,0x11,0xab,0x11,0xab,0x11,0xab,0x11,0x8b,0x09,0x6a,0x09,
    0xab,0x11,0xef,0x42,0x93,0x84,0x15,0x9d,0x73,0x7c,0x0c,0x22,0x6b,0x01,0xcc,0x11,
    0x6e,0x2a,0x2e,0x22,0xcd,0x11,0xcd,0x09,0xcd,0x09,0xcd,0x09,0xcd,0x09,0xed,0x11,
    0x51,0x53,0x57,0xa5,0x77,0xa5,0x13,0x74,0xee,0x11,0xce,0x09,0xcd,0x01,0xce,0x01,
    0x2f,0x1a,0x0f,0x1a,0xef,0x09,0xee,0x09,0xce,0x01,0xce,0x01,0x2f,0x1a,0x70,0x22,
    0x0f,0x12,0xef,0x09,0x0f,0x0a,0xef,0x01,0xef,0x01,0x30,0x12,0x71,0x22,0x50,0x1a,
    0x50,0x1a,0x50,0x1a,0x50,0x1a,0x51,0x1a,0x71,0x1a,0x71,0x22,0x91,0x22,0x91,0x22,
    0x91,0x22,0xd2,0x3a,0xd6,0x8c,0x3a,0xc6,0x5a,0xc6,0xd9,0xb5,0x94,0x63,0x72,0x1a,
    0x72,0x1a,0x92,0x1a,0xb2,0x2a,0x94,0x5b,0xf9,0xbd,0x9b,0xd6,0x9b,0xce,0x76,0x7c,
    0xd3,0x32,0x13,0x3b,0x33,0x4b,0x53,0x4b,0xf3,0x32,0xb2,0x22,0x92,0x22,0x13,0x43,
    0x36,0x9d,0xf4,0x9c,0x66,0x29,0xe5,0x18,0x46,0x21,0x88,0x21,0xe9,0x29,0x0a,0x2a,
    0x2b,0x2a,0x2c,0x2a,0xed,0x19,0xed,0x21,0xf2,0x73,0x30,0x1a,0x0f,0x0a,0x70,0x2a,
    0xd5,0x8c,0x57,0xa5,0x16,0x9d,0x32,0x4b,0x11,0x4b,0x94,0x8c,0x14,0x9d,0xb2,0x8c,
    0x71,0x84,0x0f,0x74,0x30,0x7c,0xef,0x73,0x10,0x7c,0xf0,0x7b,0x4d,0x63,0x49,0x3a,
    0x28,0x32,0x08,0x32,0x6a,0x4a,0xf5,0x94,0xf1,0x42,0x4e,0x32,0x4b,0x42,0x0a,0x63,
    0xb1,0x9c,0x59,0xce,0x13,0x9d,0xd3,0x9c,0xd1,0x73,0x11,0x52,0x02,0xff,0x72,0x0a,
    0xb3,0x22,0x74,0x4b,0xb5,0x63,0x15,0x74,0x96,0x84,0x97,0x8c,0xd5,0x63,0x95,0x5b,
    0x75,0x53,0x55,0x53,0x55,0x53,0x55,0x53,0x55,0x53,0x55,0x53,0x75,0x53,0x95,0x5b,
    0xd6,0x6b,0x56,0x7c,0x7a,0xce,0xdb,0xde,0xdb,0xde,0x1a,0xc6,0x36,0x74,0x75,0x53,
    0x75,0x53,0x75,0x53,0x75,0x53,0x75,0x53,0x75,0x53,0x55,0x4b,0x75,0x53,0x35,0x43,
    0x75,0x53,0x95,0x5b,0xb6,0x5b,0x19,0xbe,0xdb,0xde,0xdb,0xde,0xbb,0xd6,0xd9,0xb5,
    0x97,0x84,0x16,0x6c,0xb6,0x5b,0xd6,0x5b,0xd6,0x5b,0xd6,0x5b,0xd6,0x5b,0xd6,0x63,
    0x97,0x84,0xdb,0xde,0xdb,0xde,0xdb,0xde,0x99,0xad,0x37,0x74,0x16,0x74,0x16,0x74,
    0x16,0x6c,0x16,0x6c,0x16,0x6c,0x16,0x74,0x36,0x74,0x1a,0xbe,0xbb,0xd6,0xdb,0xde,
    0xdb,0xde,0x9a,0xce,0x78,0xa5,0x57,0x7c,0xd7,0x8c,0xbb,0xd6,0xdb,0xde,0xdb,0xde,
    0xbb,0xd6,0xd7,0x8c,0xd6,0x63,0xd6,0x63,0xf8,0x94,0xdb,0xde,0xdb,0xde,0xbb,0xd6,
    0x97,0x84,0xd6,0x63,0xd6,0x63,0xf6,0x63,0xf6,0x6b,0xd6,0x63,0xd6,0x5b,0xd6,0x63,
    0xd6,0x63,0xd6,0x63,0x16,0x6c,0x77,0x7c,0x5a,0xce,0xdb,0xde,0x9a,0xd6,0x97,0x84,
    0xf6,0x6b,0xf6,0x6b,0xf6,0x63,0xf6,0x63,0x36,0x7c,0xf7,0xc5,0x78,0xd6,0x17,0xce,
    0x37,0xa5,0x56,0x7c,0xf6,0x6b,0x95,0x53,0x75,0x53,0x75,0x53,0x95,0x53,0xb5,0x5b,
    0xd6,0x63,0x56,0x7c,0x98,0xad,0x7a,0xce,0xbb,0xd6,0xdb,0xde,0x9a,0xce,0x78,0xa5,
    0xa8,0x21,0x68,0x21,0x47,0x19,0x47,0x19,0x47,0x19,0x47,0x19,0xff,0x47,0x19,0x48,
    0x19,0x48,0x19,0x48,0x19,0x48,0x19,0x48,0x19,0x48,0x19,0x48,0x19,0x27,0x11,0x48,
    0x11,0xa9,0x19,0xa9,0x19,0x69,0x11,0x69,0x11,0x69,0x11,0x48,0x11,0xac,0x4a,0xf0,
    0x73,0xf0,0x73,0xac,0x42,0x8a,0x11,0xca,0x19,0x0b,0x22,0xeb,0x21,0xaa,0x11,0x8a,
    0x11,0x8a,0x11,0x6a,0x09,0x4a,0x09,0xcb,0x19,0xec,0x21,0xab,0x11,0xab,0x11,0xab,
    0x11,0xab,0x11,0xab,0x09,0x8b,0x09,0x6a,0x01,0xcc,0x19,0x30,0x53,0xb4,0x8c,0x35,
    0x9d,0xf2,0x73,0xec,0x21,0x6b,0x01,0xed,0x19,0x6e,0x2a,0x0e,0x1a,0xcd,0x11,0xcd,
    0x09,0xcd,0x09,0xcd,0x09,0xcd,0x09,0xcd,0x11,0xd2,0x6b,0x77,0xa5,0x77,0xa5,0x91,
    0x63,0xee,0x09,0xce,0x09,0xad,0x01,0xee,0x09,0x2f,0x1a,0x0f,0x12,0xee,0x09,0xee,
    0x09,0xce,0x01,0xce,0x01,0x4f,0x1a,0x50,0x22,0x0f,0x12,0xef,0x09,0xef,0x09,0xef,
    0x01,0xef,0x01,0x30,0x1a,0x71,0x22,0x50,0x1a,0x51,0x1a,0x71,0x22,0x51,0x1a,0x50,
    0x12,0x51,0x1a,0x50,0x12,0x30,0x12,0x30,0x12,0x51,0x12,0x12,0x43,0x78,0xad,0x5a,
    0xc6,0x7a,0xce,0xd9,0xb5,0x53,0x53,0x72,0x1a,0x72,0x1a,0x92,0x1a,0x92,0x1a,0x92,
    0x1a,0xf3,0x3a,0xf9,0xbd,0xbb,0xd6,0xbb,0xd6,0x5a,0xce,0xf9,0xbd,0x3a,0xc6,0x5a,
    0xce,0x5a,0xce,0x78,0xad,0xd3,0x32,0x93,0x22,0x92,0x63,0x8f,0x63,0x6a,0x42,0x8a,
    0x4a,0x66,0x29,0x46,0x21,0xc8,0x21,0xcd,0x42,0xb1,0x63,0x70,0x63,0x8b,0x42,0x6b,
    0x3a,0x6c,0x3a,0xd0,0x42,0x4f,0x22,0x6d,0x32,0x4c,0x32,0xff,0xef,0x52,0xd3,0x6b,
    0xb6,0x8c,0x55,0x84,0x7a,0xce,0xba,0xd6,0x79,0xce,0x38,0xc6,0xb6,0xb5,0x14,0x9d,
    0xd3,0x94,0x92,0x8c,0x50,0x84,0xce,0x6b,0x4d,0x63,0x0c,0x53,0xcb,0x4a,0x4d,0x63,
    0xd5,0x94,0xf1,0x4a,0x2c,0x2a,0x6b,0x42,0x69,0x42,0xa9,0x4a,0x0f,0x84,0x54,0xad,
    0x38,0xce,0x15,0x9d,0x52,0x02,0x52,0x02,0x52,0x02,0x52,0x02,0x52,0x02,0x52,0x02,
    0x52,0x02,0x52,0x02,0x52,0x02,0x52,0x02,0x52,0x02,0x52,0x02,0x52,0x02,0x52,0x02,
    0x52,0x02,0x52,0x02,0x52,0x02,0x73,0x02,0xb3,0x22,0x58,0xa5,0x7a,0xce,0xbb,0xd6,
    0xdb,0xde,0xdb,0xde,0xdb,0xde,0x18,0x9d,0x55,0x53,0x55,0x53,0x55,0x53,0x55,0x53,
    0x75,0x53,0x75,0x53,0x75,0x53,0xd9,0xb5,0x7a,0xce,0x9a,0xd6,0xdb,0xde,0xdb,0xde,
    0xdb,0xde,0x3a,0xc6,0xf6,0x6b,0x75,0x53,0x75,0x53,0x75,0x53,0x75,0x53,0x75,0x53,
    0x75,0x53,0x75,0x4b,0x75,0x53,0x35,0x43,0x75,0x53,0x95,0x53,0x95,0x5b,0x36,0x74,
    0x16,0x74,0x18,0x9d,0x1a,0xbe,0xdb,0xde,0xdb,0xde,0xdb,0xde,0x9a,0xce,0x19,0xbe,
    0xf8,0x94,0xd6,0x63,0xd6,0x63,0xd6,0x5b,0x36,0x74,0x5a,0xc6,0xdb,0xde,0xdb,0xde,
    0x5a,0xc6,0x77,0x7c,0x16,0x6c,0x16,0x6c,0x16,0x6c,0x16,0x6c,0x16,0x6c,0x16,0x6c,
    0x16,0x6c,0x16,0x6c,0x37,0x74,0xb7,0x8c,0x78,0xad,0x7a,0xce,0xdb,0xde,0xdb,0xde,
    0xbb,0xd6,0xbb,0xd6,0xdb,0xde,0xdb,0xde,0x9a,0xd6,0xb7,0x8c,0xd6,0x63,0xd6,0x63,
    0x16,0x74,0xf9,0xbd,0xdb,0xde,0xdb,0xde,0xbb,0xd6,0xff,0xb7,0x8c,0xd6,0x63,0xd6,
    0x63,0xd6,0x63,0xd6,0x63,0xd6,0x63,0xd6,0x63,0xd6,0x63,0xd6,0x63,0xd6,0x63,0x57,
    0x7c,0x7a,0xce,0xdb,0xde,0x9a,0xce,0x97,0x84,0xf6,0x6b,0xf6,0x63,0xf6,0x63,0xf6,
    0x6b,0x36,0x7c,0x37,0xce,0xda,0xde,0xda,0xde,0xda,0xde,0xb9,0xde,0x99,0xd6,0xf7,
    0xc5,0x56,0xb5,0x76,0x84,0xb5,0x63,0x95,0x53,0x75,0x53,0x75,0x53,0x95,0x53,0x95,
    0x5b,0xd6,0x63,0x77,0x7c,0x38,0x9d,0x3a,0xc6,0xdb,0xde,0x67,0x19,0x47,0x19,0x47,
    0x19,0x47,0x19,0x47,0x19,0x47,0x19,0x47,0x19,0x48,0x19,0x48,0x19,0x48,0x19,0x48,
    0x19,0x48,0x19,0x48,0x19,0x07,0x11,0x48,0x11,0xa9,0x21,0xa9,0x19,0x69,0x11,0x69,
    0x11,0x69,0x11,0x68,0x19,0xed,0x52,0x10,0x74,0xaf,0x6b,0x4b,0x32,0x8a,0x11,0xca,
    0x19,0x0b,0x22,0xeb,0x19,0x8a,0x11,0x8a,0x11,0x8a,0x11,0x49,0x09,0x4a,0x09,0xcb,
    0x19,0xec,0x21,0xab,0x11,0xab,0x11,0xab,0x11,0xab,0x11,0xab,0x09,0x8b,0x09,0x6a,
    0x01,0xec,0x21,0x90,0x63,0xf4,0x94,0x15,0x95,0xb1,0x63,0x8b,0x09,0x6b,0x01,0x0d,
    0x1a,0x4e,0x2a,0x0d,0x1a,0xcd,0x09,0xcd,0x09,0xcd,0x09,0xcd,0x09,0xcd,0x09,0x0e,
    0x22,0x33,0x7c,0x97,0xad,0x36,0x9d,0x10,0x53,0xce,0x01,0xce,0x01,0xad,0x01,0xee,
    0x09,0x2f,0x1a,0x0f,0x12,0xee,0x09,0xee,0x01,0xce,0x01,0xce,0x01,0x50,0x22,0x50,
    0x22,0xef,0x09,0xef,0x09,0xef,0x09,0xef,0x01,0xef,0x01,0x50,0x1a,0x71,0x22,0x30,
    0x12,0x30,0x12,0x71,0x1a,0x92,0x2a,0x92,0x2a,0xff,0x71,0x22,0x51,0x1a,0x51,0x1a,
    0x71,0x1a,0x71,0x1a,0x71,0x1a,0x12,0x43,0xb8,0xad,0x5a,0xc6,0x9a,0xce,0x7a,0xce,
    0x19,0xbe,0xf6,0x94,0xd4,0x6b,0xd2,0x32,0x72,0x12,0x74,0x5b,0x19,0xbe,0xbb,0xd6,
    0xbb,0xd6,0x9b,0xd6,0x9b,0xce,0x5a,0xc6,0x1a,0xc6,0xd9,0xb5,0x78,0xa5,0x35,0x74,
    0xb2,0x22,0xb2,0x22,0x0b,0x2a,0x47,0x19,0x05,0x19,0x45,0x21,0x05,0x19,0x87,0x21,
    0x0a,0x2a,0xad,0x3a,0x91,0x5b,0x37,0x9d,0xb8,0xad,0xb4,0x94,0x2d,0x5b,0x6d,0x3a,
    0xcf,0x6b,0xaf,0x6b,0x2e,0x5b,0x8f,0x6b,0xb0,0x73,0xb1,0x3a,0xb7,0xb5,0x79,0xce,
    0xdb,0xde,0xdb,0xde,0xdb,0xde,0xba,0xd6,0x7a,0xce,0x18,0xbe,0x96,0xad,0x34,0x9d,
    0xb2,0x8c,0x51,0x84,0x0f,0x74,0x50,0x84,0xd5,0x94,0x13,0x43,0xef,0x4a,0xec,0x52,
    0xe8,0x31,0x86,0x29,0xc7,0x31,0x8d,0x6b,0x38,0xc6,0x77,0xad,0x52,0x12,0x52,0x02,
    0x52,0x02,0x52,0x02,0x52,0x02,0x52,0x02,0x52,0x02,0x52,0x02,0x52,0x02,0x52,0x02,
    0x52,0x02,0x52,0x02,0x52,0x02,0x52,0x02,0x52,0x02,0x72,0x02,0x73,0x02,0x73,0x02,
    0xd3,0x2a,0x78,0xa5,0xdb,0xde,0xdb,0xde,0x7a,0xce,0xd9,0xb5,0x58,0xa5,0xd7,0x94,
    0x95,0x5b,0x75,0x53,0x75,0x53,0x75,0x53,0x75,0x53,0x75,0x53,0x55,0x4b,0x75,0x53,
    0x38,0x9d,0x3a,0xc6,0x39,0xc6,0xf9,0xbd,0x99,0xad,0xf8,0x94,0xf6,0x6b,0x75,0x53,
    0x75,0x53,0x75,0x53,0x75,0x53,0x75,0x53,0x75,0x53,0x75,0x4b,0x75,0x53,0x95,0x5b,
    0x78,0xa5,0x19,0xbe,0x5a,0xce,0xbb,0xd6,0xff,0xdb,0xde,0x9a,0xd6,0xb9,0xad,0x18,
    0x95,0x57,0x7c,0x58,0xa5,0x3a,0xc6,0xbb,0xd6,0xdb,0xde,0xdb,0xde,0xbb,0xd6,0xf9,
    0xbd,0x5a,0xc6,0xbb,0xd6,0xdb,0xde,0xdb,0xde,0x3a,0xc6,0x36,0x74,0xd6,0x63,0xd6,
    0x63,0xf6,0x63,0xf6,0x6b,0xf6,0x6b,0xf6,0x6b,0xb7,0x8c,0x18,0x95,0x58,0xa5,0xb9,
    0xad,0xf9,0xbd,0x38,0x9d,0xf6,0x6b,0x97,0x84,0xb9,0xad,0x7a,0xce,0xdb,0xde,0xdb,
    0xde,0xdb,0xde,0x9a,0xce,0x78,0xad,0xb7,0x8c,0x57,0x7c,0xf9,0xbd,0xdb,0xde,0xdb,
    0xde,0x9b,0xd6,0xd7,0x8c,0xd6,0x63,0xd6,0x63,0xd6,0x63,0xb6,0x5b,0xd6,0x63,0xf6,
    0x6b,0xf6,0x63,0xd6,0x63,0xd6,0x63,0x77,0x7c,0x7a,0xce,0xdb,0xde,0x7a,0xce,0x97,
    0x84,0xf6,0x6b,0xf6,0x6b,0xf6,0x63,0xf6,0x63,0x56,0x84,0x37,0xce,0xda,0xde,0xda,
    0xde,0xda,0xde,0xda,0xde,0xda,0xde,0xda,0xde,0xda,0xde,0xda,0xde,0x98,0xde,0x17,
    0xce,0x36,0xad,0x96,0x8c,0xf6,0x6b,0x95,0x53,0x75,0x53,0x75,0x53,0x95,0x53,0x95,
    0x5b,0xb5,0x5b,0x56,0x7c,0x47,0x19,0x47,0x19,0x47,0x19,0x47,0x19,0x47,0x19,0x47,
    0x19,0x48,0x19,0x48,0x19,0x48,0x19,0x48,0x19,0x48,0x19,0x28,0x11,0x07,0x11,0x68,
    0x19,0xca,0x21,0x89,0x19,0x69,0x11,0x69,0x11,0x48,0x11,0x89,0x19,0x6e,0x63,0x10,
    0x74,0x8f,0x63,0xeb,0x29,0x8a,0x11,0xcb,0x19,0x0b,0x22,0xcb,0x19,0x8a,0x11,0x8a,
    0x11,0x6a,0x11,0x49,0x09,0x6a,0x09,0xeb,0x19,0xeb,0x19,0xab,0x11,0x8b,0x11,0x8b,
    0x11,0x8b,0x09,0x8b,0x09,0x6a,0x09,0xff,0x6a,0x09,0x2d,0x2a,0xd1,0x6b,0x15,0x95,
    0xf4,0x94,0x0f,0x53,0x8b,0x09,0x8b,0x01,0x2e,0x22,0x4e,0x2a,0xed,0x11,0xcd,0x09,
    0xcd,0x09,0xcd,0x09,0xcd,0x09,0xcd,0x09,0x2e,0x22,0x94,0x8c,0x77,0xad,0xf6,0x94,
    0x8f,0x3a,0xce,0x09,0xcd,0x01,0xad,0x01,0x0e,0x12,0x2f,0x1a,0x0f,0x12,0xee,0x09,
    0xce,0x01,0xce,0x01,0xee,0x09,0x50,0x22,0x2f,0x1a,0xef,0x09,0xef,0x09,0xef,0x09,
    0xce,0x01,0xef,0x01,0x50,0x22,0x50,0x22,0x10,0x0a,0x10,0x0a,0x30,0x0a,0x50,0x1a,
    0x91,0x2a,0xb2,0x32,0xd2,0x3a,0xd2,0x3a,0xb2,0x32,0x92,0x22,0x92,0x22,0x92,0x2a,
    0xd2,0x32,0x54,0x4b,0xb4,0x63,0xb6,0x8c,0xf9,0xbd,0x7a,0xce,0x9b,0xce,0x7a,0xce,
    0x5a,0xc6,0x57,0xa5,0x5a,0xc6,0xbb,0xd6,0x9b,0xd6,0x37,0x9d,0xb4,0x63,0x33,0x4b,
    0x13,0x43,0xf3,0x3a,0xd3,0x2a,0xb3,0x22,0xb3,0x22,0xb2,0x22,0x11,0x53,0x46,0x21,
    0x05,0x21,0x66,0x21,0x09,0x2a,0x6e,0x63,0x2d,0x5b,0x6b,0x42,0xb1,0x63,0x78,0xa5,
    0xd9,0xb5,0xb9,0xb5,0x5a,0xc6,0x5a,0xc6,0x14,0x9d,0x34,0x9d,0xef,0x73,0x8e,0x63,
    0x6d,0x9c,0xef,0x83,0xb2,0x32,0x95,0x84,0x77,0xa5,0x15,0x9d,0x96,0xb5,0xba,0xd6,
    0xdb,0xde,0xdb,0xde,0xdb,0xde,0xba,0xd6,0x7a,0xce,0x38,0xc6,0x96,0xad,0x34,0x9d,
    0xd6,0x8c,0x13,0x43,0x50,0x63,0x10,0x7c,0x2d,0x5b,0xa8,0x29,0x09,0x3a,0x49,0x42,
    0xb6,0xb5,0x36,0x9d,0x72,0x1a,0x52,0x02,0x52,0x02,0x32,0x02,0x32,0x02,0x52,0x02,
    0x52,0x02,0x52,0x02,0x52,0x02,0xff,0x52,0x02,0x52,0x02,0x52,0x0a,0x52,0x02,0x52,
    0x02,0x73,0x02,0x73,0x02,0x93,0x0a,0x93,0x12,0xf4,0x32,0xd9,0xb5,0xdb,0xde,0xdb,
    0xde,0x3a,0xc6,0x95,0x5b,0x55,0x4b,0x55,0x4b,0x75,0x53,0x75,0x53,0x75,0x53,0x75,
    0x53,0x75,0x53,0x75,0x53,0xd6,0x63,0xd9,0xb5,0x3a,0xc6,0x97,0x84,0x95,0x5b,0x95,
    0x5b,0x95,0x53,0x76,0x53,0x75,0x53,0x75,0x53,0x75,0x53,0x75,0x53,0x75,0x53,0x75,
    0x53,0x75,0x53,0x55,0x4b,0x75,0x53,0xb5,0x5b,0x3a,0xc6,0xdb,0xde,0xdb,0xde,0xdb,
    0xde,0x9b,0xd6,0x9a,0xd6,0xdb,0xde,0xdb,0xde,0xdb,0xde,0x99,0xad,0xf6,0x6b,0x16,
    0x74,0x36,0x74,0xf8,0x94,0x3a,0xc6,0xbb,0xd6,0xdb,0xde,0xbb,0xd6,0xbb,0xd6,0x9a,
    0xce,0xf9,0xbd,0x16,0x6c,0xd6,0x63,0xd6,0x63,0xd6,0x63,0xd6,0x63,0xd6,0x63,0xd6,
    0x63,0x99,0xad,0xbb,0xd6,0xdb,0xde,0xdb,0xde,0xdb,0xde,0xbb,0xd6,0x7a,0xce,0x77,
    0x7c,0xd6,0x63,0xd6,0x63,0x16,0x6c,0x77,0x84,0x99,0xad,0x9a,0xce,0xdb,0xd6,0xdb,
    0xde,0xdb,0xd6,0xbb,0xd6,0xdb,0xde,0xdb,0xde,0x9b,0xd6,0x97,0x84,0xd6,0x63,0xd6,
    0x63,0xd6,0x63,0xb6,0x5b,0xd6,0x63,0xf6,0x6b,0xf6,0x6b,0xd6,0x63,0xd6,0x63,0x77,
    0x84,0x7a,0xce,0xdb,0xde,0x7a,0xce,0x57,0x7c,0xf6,0x6b,0xf6,0x6b,0xf6,0x6b,0xf6,
    0x6b,0x56,0x84,0x58,0xce,0xda,0xde,0xda,0xde,0xda,0xde,0xda,0xde,0xda,0xde,0xda,
    0xde,0xda,0xde,0xda,0xde,0xda,0xde,0xda,0xde,0xda,0xde,0xda,0xde,0x78,0xd6,0x37,
    0xce,0x76,0xb5,0x96,0x8c,0xff,0xf5,0x6b,0x95,0x5b,0x75,0x53,0x75,0x4b,0x95,0x53,
    0x47,0x19,0x47,0x19,0x47,0x19,0x47,0x19,0x47,0x19,0x48,0x19,0x48,0x19,0x48,0x19,
    0x48,0x19,0x48,0x19,0x28,0x11,0x07,0x11,0x68,0x19,0xa9,0x19,0x89,0x19,0x69,0x11,
    0x69,0x11,0x48,0x11,0xe9,0x29,0x8e,0x63,0x10,0x74,0x2e,0x5b,0xca,0x21,0xaa,0x11,
    0xeb,0x19,0x0b,0x22,0xaa,0x19,0x8a,0x11,0x8a,0x11,0x6a,0x09,0x49,0x09,0x8a,0x11,
    0xec,0x21,0xcb,0x19,0xab,0x11,0x8b,0x11,0x8b,0x11,0x8b,0x09,0x8b,0x09,0x6a,0x09,
    0x6b,0x09,0x6d,0x32,0x32,0x74,0x15,0x95,0xb4,0x8c,0xce,0x42,0x6b,0x01,0x8c,0x09,
    0x2e,0x22,0x2e,0x22,0xcd,0x11,0xcd,0x09,0xcd,0x09,0xcd,0x09,0xcd,0x09,0xcd,0x01,
    0x8f,0x3a,0xf5,0x94,0x97,0xad,0x94,0x8c,0x6f,0x32,0xce,0x01,0xad,0x01,0xad,0x01,
    0x0e,0x12,0x2f,0x1a,0xee,0x09,0xee,0x09,0xce,0x01,0xae,0x01,0xef,0x11,0x50,0x22,
    0x2f,0x1a,0xef,0x09,0xef,0x09,0xee,0x01,0xce,0x01,0xef,0x09,0x50,0x22,0x50,0x1a,
    0x0f,0x0a,0x10,0x0a,0x10,0x0a,0x10,0x0a,0x30,0x12,0x51,0x12,0x71,0x22,0xb2,0x2a,
    0xd3,0x3a,0xf3,0x3a,0x13,0x43,0x13,0x43,0x13,0x43,0x13,0x43,0xf3,0x3a,0xd3,0x32,
    0x92,0x22,0x92,0x22,0x94,0x5b,0xb6,0x8c,0xd9,0xb5,0x7b,0xce,0xbb,0xd6,0x9b,0xd6,
    0xbb,0xd6,0x19,0xbe,0xf5,0x6b,0x92,0x22,0x92,0x22,0xb3,0x22,0xb3,0x22,0xb3,0x22,
    0xb3,0x22,0xb3,0x22,0xd3,0x32,0xf2,0x4a,0xcd,0x19,0x27,0x19,0x46,0x21,0xe9,0x29,
    0xb1,0x63,0x16,0x95,0xff,0x56,0x9d,0x39,0xc6,0x5a,0xc6,0x3a,0xc6,0xf9,0xb5,0xf9,
    0xbd,0x78,0xa5,0x73,0x84,0x71,0x84,0x14,0x9d,0x8d,0x6b,0x6d,0x4a,0x51,0x02,0x52,
    0x12,0x50,0x22,0xf0,0x42,0x51,0x53,0x11,0x43,0xb0,0x3a,0x13,0x74,0x35,0xa5,0x59,
    0xce,0xdb,0xde,0xdb,0xde,0xdb,0xde,0x59,0xce,0x96,0x84,0xf3,0x3a,0xf2,0x42,0x32,
    0x84,0x4e,0x63,0xac,0x42,0xee,0x4a,0xf2,0x6b,0x4b,0x3a,0x30,0x53,0x11,0x02,0x32,
    0x02,0x32,0x02,0x31,0x02,0x32,0x02,0x32,0x02,0x52,0x02,0x52,0x02,0x52,0x02,0x52,
    0x02,0x52,0x0a,0xec,0x21,0xeb,0x29,0x4e,0x32,0x71,0x22,0xb3,0x1a,0xb3,0x1a,0xb4,
    0x22,0xd4,0x22,0x95,0x5b,0x9a,0xd6,0xdb,0xde,0xdb,0xde,0x96,0x84,0x14,0x3b,0x35,
    0x43,0x55,0x4b,0x75,0x53,0x75,0x53,0x75,0x53,0x95,0x53,0x75,0x53,0x55,0x4b,0xd7,
    0x8c,0xdb,0xde,0xdb,0xde,0x7a,0xce,0xb6,0x5b,0x75,0x53,0x75,0x53,0x75,0x53,0x75,
    0x53,0x75,0x53,0x75,0x53,0x75,0x53,0x75,0x53,0x75,0x4b,0x75,0x4b,0x75,0x53,0x16,
    0x74,0x5a,0xc6,0xdb,0xde,0xdb,0xde,0x5a,0xce,0xb7,0x8c,0xb6,0x5b,0x95,0x5b,0x98,
    0xad,0xdb,0xde,0xdb,0xde,0xbb,0xd6,0x7a,0xce,0xbb,0xd6,0x7a,0xce,0xd9,0xb5,0xf8,
    0x94,0x77,0x7c,0xb7,0x8c,0x57,0x7c,0xf6,0x6b,0xd6,0x63,0xb6,0x63,0xd6,0x63,0xd6,
    0x63,0xd6,0x63,0xd6,0x63,0xd6,0x63,0xf6,0x63,0xd9,0xb5,0xdb,0xde,0xdb,0xde,0xba,
    0xd6,0x98,0xad,0xf8,0x94,0x97,0x84,0x16,0x6c,0x77,0x84,0x38,0x9d,0x99,0xad,0xd9,
    0xb5,0x1a,0xc6,0xff,0xd9,0xb5,0xf7,0x94,0xf7,0x94,0x78,0xa5,0x5a,0xc6,0xdb,0xde,
    0xdb,0xde,0x9a,0xd6,0x97,0x84,0xd6,0x63,0xd6,0x63,0xd6,0x63,0xb6,0x5b,0xd6,0x63,
    0xf6,0x6b,0xf6,0x63,0xd6,0x63,0xd6,0x63,0x97,0x84,0x7a,0xce,0xdb,0xde,0x5a,0xc6,
    0x57,0x7c,0xf6,0x6b,0xf6,0x6b,0xf6,0x6b,0xf6,0x6b,0x76,0x8c,0x58,0xd6,0xda,0xde,
    0xda,0xde,0xda,0xde,0xda,0xde,0xda,0xde,0xda,0xde,0xda,0xde,0xda,0xde,0xda,0xde,
    0xda,0xde,0xda,0xde,0xda,0xde,0xda,0xde,0xda,0xde,0xda,0xde,0xda,0xde,0xd9,0xde,
    0x99,0xd6,0x18,0xc6,0x37,0xa5,0xf5,0x6b,0x55,0x4b,0x47,0x19,0x47,0x19,0x47,0x19,
    0x47,0x19,0x48,0x19,0x48,0x19,0x48,0x19,0x48,0x19,0x48,0x19,0x27,0x11,0x27,0x11,
    0x89,0x19,0xa9,0x19,0x69,0x19,0x69,0x11,0x49,0x11,0x48,0x11,0x2a,0x32,0xcf,0x6b,
    0xf0,0x73,0xed,0x4a,0x8a,0x19,0xaa,0x19,0xeb,0x21,0xeb,0x21,0xaa,0x11,0x8a,0x11,
    0x8a,0x11,0x6a,0x09,0x49,0x09,0x8b,0x11,0xec,0x21,0xab,0x19,0x8a,0x11,0x8a,0x09,
    0x8b,0x11,0x8b,0x11,0x8b,0x09,0x6a,0x01,0x8b,0x09,0xae,0x3a,0x73,0x7c,0x15,0x9d,
    0x93,0x84,0x4d,0x32,0x6b,0x01,0xac,0x09,0x2e,0x22,0x2e,0x22,0xcd,0x09,0xad,0x09,
    0xcd,0x09,0xcd,0x09,0xcd,0x09,0xcd,0x09,0x10,0x4b,0x36,0x9d,0x77,0xa5,0x74,0x84,
    0x0e,0x1a,0xce,0x01,0xad,0x01,0xad,0x01,0x0f,0x12,0x0f,0x1a,0xee,0x09,0xee,0x09,
    0xce,0x01,0xae,0x01,0x0f,0x12,0x50,0x22,0x0f,0x12,0xef,0x09,0xef,0x01,0xee,0x01,
    0xce,0x01,0xff,0x0f,0x0a,0x70,0x22,0x30,0x1a,0x0f,0x0a,0x10,0x0a,0x10,0x0a,0x10,
    0x0a,0x10,0x0a,0x30,0x0a,0x30,0x0a,0x30,0x12,0x51,0x12,0x51,0x1a,0x71,0x22,0x92,
    0x22,0x92,0x22,0x92,0x22,0x92,0x22,0x72,0x1a,0x72,0x1a,0x72,0x1a,0x72,0x1a,0x92,
    0x1a,0x92,0x1a,0x92,0x22,0x74,0x53,0x38,0xa5,0x19,0xbe,0x7a,0xce,0xbb,0xd6,0xbb,
    0xd6,0x5a,0xc6,0x76,0x84,0xb3,0x2a,0xb3,0x22,0xb3,0x22,0xb3,0x22,0xb3,0x22,0xb3,
    0x2a,0xb3,0x22,0x92,0x22,0xb2,0x2a,0xcd,0x11,0x0c,0x22,0x2f,0x4b,0x74,0x7c,0xd5,
    0x8c,0x19,0xbe,0x9a,0xce,0x37,0x9d,0x95,0x84,0x70,0x5b,0x33,0x74,0x0d,0x53,0xd7,
    0xb5,0x34,0xa5,0x2d,0x3a,0x72,0x12,0x51,0x02,0x50,0x1a,0x2c,0x32,0xad,0x42,0xad,
    0x42,0xcd,0x42,0x0e,0x53,0x30,0x53,0x8f,0x32,0xb0,0x32,0x73,0x84,0xf8,0xbd,0x19,
    0xc6,0x35,0x7c,0xf3,0x3a,0x53,0x53,0x75,0x84,0x55,0x7c,0xf0,0x4a,0xcd,0x19,0xcd,
    0x19,0xad,0x52,0x51,0x22,0x72,0x0a,0x52,0x02,0x31,0x02,0x31,0x02,0x31,0x02,0x31,
    0x02,0x32,0x02,0x52,0x02,0x52,0x02,0x52,0x02,0x31,0x02,0xeb,0x29,0xe7,0x31,0xc7,
    0x29,0xa7,0x29,0xa6,0x29,0xea,0x31,0x6f,0x2a,0x92,0x22,0xb3,0x22,0xf4,0x2a,0xb9,
    0xb5,0xdb,0xde,0xdb,0xde,0x5a,0xc6,0x97,0x84,0xd5,0x63,0x55,0x4b,0x55,0x4b,0x76,
    0x53,0x75,0x53,0x75,0x53,0x55,0x4b,0x75,0x4b,0x95,0x5b,0x9a,0xd6,0xdb,0xde,0xdb,
    0xde,0x78,0xa5,0x76,0x53,0x75,0x53,0x75,0x53,0x75,0x53,0x75,0x53,0x75,0x53,0x75,
    0x53,0xcb,0x75,0x4b,0x75,0x4b,0x55,0x4b,0x55,0x43,0x99,0xad,0xdb,0xde,0xdb,0xde,
    0xbb,0xd6,0x56,0x7c,0x95,0x5b,0x95,0x5b,0x16,0x6c,0x5a,0xc6,0xdb,0xde,0xdb,0xde,
    0xdb,0xde,0x9a,0xce,0x7a,0xce,0xbb,0xd6,0xdb,0xde,0xdb,0xde,0xd9,0xb5,0xd6,0x63,
    0xd6,0x63,0xd6,0x63,0xd6,0x63,0xd6,0x63,0xd6,0x63,0xd6,0x63,0xd6,0x63,0xb6,0x5b,
    0x96,0x5b,0x99,0xad,0xdb,0xde,0xdb,0xde,0xba,0xd6,0xb7,0x8c,0xb6,0x5b,0xb6,0x5b,
    0xd6,0x63,0x78,0xa5,0xdb,0xde,0xdb,0xde,0xdb,0xde,0xdb,0xde,0xdb,0xde,0xdb,0xde,
    0xdb,0xde,0xbb,0xd6,0xd7,0x94,0xf6,0x63,0x57,0x7c,0xb7,0x8c,0x16,0x6c,0xd6,0x63,
    0xd6,0x63,0xd6,0x63,0xb6,0x5b,0xd6,0x63,0xf6,0x6b,0xf6,0x6b,0xd6,0x63,0xd6,0x63,
    0xb7,0x8c,0x9a,0xd6,0xdb,0xde,0x5a,0xc6,0x37,0x74,0xf6,0x6b,0xf6,0x6b,0xf6,0x6b,
    0xf6,0x6b,0x76,0x8c,0x78,0xd6,0xda,0xde,0x15,0xda,0xde,0xff,0x39,0xce,0x47,0x19,
    0x47,0x19,0x47,0x19,0x48,0x19,0x48,0x19,0x48,0x19,0x48,0x19,0x48,0x19,0x07,0x11,
    0x27,0x11,0xa9,0x19,0xa9,0x19,0x69,0x19,0x49,0x11,0x49,0x11,0x28,0x11,0x8b,0x42,
    0xef,0x73,0xef,0x73,0x8c,0x42,0x8a,0x19,0xaa,0x19,0xeb,0x21,0xeb,0x19,0x8a,0x11,
    0x6a,0x11,0x6a,0x11,0x49,0x09,0x49,0x09,0xab,0x19,0xec,0x19,0xab,0x11,0x8a,0x09,
    0x8a,0x09,0x8b,0x09,0x8b,0x09,0x8b,0x09,0x4a,0x01,0xab,0x11,0xef,0x4a,0xb3,0x8c,
    0x15,0x9d,0x32,0x74,0xec,0x21,0x4b,0x01,0xcc,0x11,0x4e,0x2a,0x0d,0x1a,0xcd,0x09,
    0xad,0x09,0xad,0x09,0xcd,0x09,0xcd,0x09,0xcd,0x09,0x71,0x5b,0x56,0xa5,0x77,0xa5,
    0xd2,0x6b,0xee,0x11,0xce,0x01,0xad,0x01,0xcd,0x01,0x0f,0x12,0x0f,0x12,0xee,0x09,
    0xee,0x01,0xce,0x01,0xae,0x01,0x0f,0x1a,0x50,0x22,0x0f,0x12,0xee,0x09,0xef,0x09,
    0xee,0x01,0xce,0x01,0x0f,0x12,0x70,0x22,0x30,0x12,0x0f,0x0a,0x0f,0x0a,0x10,0x0a,
    0x10,0x0a,0x10,0x0a,0x30,0x0a,0x30,0x0a,0x30,0x0a,0x30,0x0a,0x31,0x12,0x31,0x12,
    0x51,0x12,0x51,0x12,0x51,0x12,0x51,0x12,0x72,0x12,0x72,0x1a,0x72,0x1a,0x72,0x1a,
    0x72,0x1a,0x92,0x1a,0x92,0x1a,0x92,0x1a,0x92,0x1a,0x92,0x22,0xf3,0x32,0x94,0x5b,
    0xd7,0x94,0x19,0xbe,0x7a,0xce,0x37,0x9d,0xd3,0x2a,0xb3,0x22,0xb3,0x22,0xb3,0x22,
    0xb3,0x22,0xb3,0x22,0xb3,0x22,0xb3,0x22,0xb3,0x22,0x72,0x12,0x51,0x0a,0x71,0x22,
    0x52,0x5b,0x37,0x9d,0x7b,0xc6,0xbb,0xd6,0x59,0xc6,0xff,0xb7,0xad,0x94,0x84,0xf2,
    0x73,0x2d,0x5b,0x71,0x94,0x6f,0x3a,0xb3,0x22,0x93,0x1a,0xd1,0x3a,0xcc,0x4a,0xa7,
    0x29,0x25,0x21,0x66,0x21,0x87,0x29,0xe9,0x29,0xe9,0x29,0xea,0x29,0xeb,0x21,0xee,
    0x4a,0x94,0x84,0xb4,0x63,0xb1,0x32,0xd0,0x42,0xb2,0x6b,0xb8,0xb5,0x19,0xc6,0x7a,
    0xce,0x17,0x9d,0xf3,0x3a,0xd3,0x2a,0xd3,0x2a,0x73,0x12,0x52,0x02,0x31,0x02,0x31,
    0x02,0x31,0x02,0x31,0x02,0x32,0x02,0x32,0x02,0x52,0x02,0x72,0x1a,0x72,0x8c,0x51,
    0x84,0x8a,0x42,0x49,0x3a,0x08,0x32,0xe7,0x31,0xc7,0x29,0xc7,0x29,0xc8,0x29,0x0a,
    0x32,0x30,0x53,0x76,0x7c,0xf9,0xbd,0xdb,0xd6,0xdb,0xde,0xdb,0xde,0x9a,0xd6,0x19,
    0xbe,0xd7,0x94,0xb6,0x63,0x75,0x53,0x55,0x4b,0x75,0x53,0x75,0x53,0xd9,0xb5,0xdb,
    0xde,0xdb,0xde,0xbb,0xd6,0x58,0xa5,0x75,0x53,0x75,0x53,0x75,0x53,0x75,0x53,0x75,
    0x53,0x75,0x53,0x75,0x4b,0x75,0x4b,0x55,0x4b,0x55,0x4b,0x75,0x53,0x16,0x74,0xbb,
    0xd6,0xdb,0xde,0xdb,0xde,0xb7,0x8c,0x96,0x53,0x95,0x5b,0x77,0x84,0xbb,0xd6,0xdb,
    0xde,0xdb,0xde,0x38,0xa5,0x16,0x6c,0xf6,0x6b,0x38,0x9d,0xdb,0xde,0xdb,0xde,0x9a,
    0xd6,0x56,0x7c,0xd6,0x63,0xd6,0x63,0xd6,0x63,0xd6,0x63,0xd6,0x63,0xb6,0x5b,0x96,
    0x5b,0x75,0x53,0x75,0x4b,0x97,0x84,0xdb,0xd6,0xdb,0xde,0xbb,0xd6,0x36,0x74,0x95,
    0x53,0x95,0x5b,0x38,0x9d,0xbb,0xd6,0xdb,0xde,0xdb,0xde,0xf9,0xbd,0x97,0x84,0x97,
    0x84,0x1a,0xc6,0xdb,0xde,0xdb,0xde,0x3a,0xc6,0x98,0xf6,0x63,0xd6,0x63,0xd6,0x63,
    0xd6,0x63,0xd6,0x63,0xd6,0x63,0xb6,0x5b,0xd6,0x63,0xf6,0x6b,0xf6,0x63,0xd6,0x63,
    0xd6,0x63,0xd7,0x8c,0xbb,0xd6,0xdb,0xde,0x3a,0xc6,0x36,0x74,0xf6,0x6b,0xf6,0x6b,
    0xf6,0x63,0xb6,0x63,0x95,0x8c,0x99,0xd6,0xda,0xde,0x17,0xda,0xde,0xff,0x47,0x19,
    0x47,0x19,0x48,0x19,0x48,0x19,0x48,0x19,0x48,0x19,0x28,0x11,0x07,0x11,0x48,0x11,
    0xa9,0x19,0x89,0x19,0x48,0x11,0x48,0x11,0x48,0x11,0x48,0x11,0xec,0x52,0x10,0x74,
    0xaf,0x6b,0x4b,0x3a,0x89,0x11,0xca,0x19,0xeb,0x21,0xca,0x19,0x8a,0x11,0x6a,0x11,
    0x6a,0x11,0x49,0x09,0x49,0x09,0xcb,0x19,0xeb,0x19,0xab,0x11,0x8a,0x09,0x8a,0x09,
    0x8b,0x09,0x8b,0x09,0x6a,0x09,0x4a,0x01,0xcc,0x19,0x50,0x5b,0xd4,0x8c,0x15,0x95,
    0xd1,0x6b,0x8b,0x09,0x6b,0x01,0xed,0x19,0x4e,0x22,0xed,0x19,0xcd,0x09,0xac,0x09,
    0xad,0x09,0xcd,0x09,0xcd,0x09,0xed,0x11,0xf2,0x6b,0x77,0xa5,0x56,0xa5,0x71,0x5b,
    0xcd,0x01,0xcd,0x01,0xad,0x01,0xce,0x09,0x0f,0x1a,0x0f,0x12,0xee,0x09,0xce,0x01,
    0xce,0x01,0xce,0x01,0x2f,0x1a,0x50,0x1a,0xef,0x09,0xee,0x01,0xee,0x01,0xce,0x01,
    0xce,0x01,0x30,0x1a,0x50,0x22,0x30,0x12,0x0f,0x0a,0x0f,0x0a,0x10,0x0a,0x10,0x0a,
    0x10,0x0a,0x30,0x0a,0x30,0x0a,0x30,0x0a,0x30,0x12,0x31,0x12,0x31,0x12,0x51,0x12,
    0x51,0x12,0x51,0x12,0x51,0x12,0x72,0x12,0x72,0x1a,0x72,0x1a,0x72,0x1a,0x72,0x1a,
    0x92,0x1a,0x92,0x1a,0x92,0x1a,0x92,0x22,0x92,0x22,0x92,0x22,0x93,0x22,0x93,0x22,
    0x93,0x1a,0x92,0x1a,0xf3,0x32,0xb3,0x22,0xb3,0x22,0xb3,0x22,0xb3,0x22,0xb3,0x22,
    0xb3,0x22,0xb3,0x22,0xd3,0x2a,0xd3,0x2a,0x93,0x1a,0x72,0x12,0x93,0x1a,0x92,0x1a,
    0x72,0x12,0xf1,0x01,0xf2,0x4a,0x95,0x84,0x16,0x9d,0x57,0xa5,0xff,0x13,0x7c,0x6f,
    0x63,0x49,0x4a,0x50,0x2a,0xf4,0x3a,0xf3,0x32,0xf3,0x32,0x0e,0x53,0x88,0x29,0xab,
    0x4a,0xab,0x52,0x46,0x21,0x46,0x21,0xc9,0x21,0xad,0x3a,0x70,0x5b,0x6f,0x63,0x2b,
    0x3a,0xa9,0x19,0xcf,0x42,0x0e,0x53,0x52,0x84,0x73,0x84,0x70,0x63,0x35,0x7c,0xd6,
    0x8c,0xf5,0x6b,0xf4,0x3a,0xd4,0x2a,0x93,0x1a,0x52,0x02,0x31,0x02,0x31,0x02,0x31,
    0x02,0x31,0x02,0x32,0x02,0x32,0x02,0x32,0x02,0x32,0x02,0xf0,0x4a,0x4d,0x5b,0x8e,
    0x6b,0x72,0x8c,0x51,0x84,0x30,0x84,0x0c,0x5b,0x28,0x32,0x08,0x32,0x08,0x32,0x8e,
    0x6b,0xd7,0xbd,0x75,0x84,0x14,0x33,0xb5,0x5b,0x17,0x95,0xf9,0xbd,0xbb,0xd6,0xdb,
    0xde,0xdb,0xde,0xbb,0xd6,0xd9,0xb5,0x58,0xa5,0x58,0xa5,0x39,0xc6,0xdb,0xde,0xdb,
    0xde,0x9a,0xce,0xb7,0x8c,0x75,0x53,0x75,0x53,0x75,0x53,0x75,0x53,0x75,0x53,0x75,
    0x53,0x55,0x4b,0x75,0x4b,0x55,0x4b,0x55,0x43,0x75,0x53,0x75,0x53,0x75,0x53,0x58,
    0xa5,0x9a,0xd6,0x9b,0xd6,0xf8,0x94,0x96,0x5b,0x96,0x5b,0xb6,0x5b,0x97,0x84,0x18,
    0x95,0x77,0x7c,0xb6,0x5b,0xb6,0x5b,0xb6,0x5b,0x58,0xa5,0xdb,0xde,0xdb,0xde,0xdb,
    0xde,0xd7,0x8c,0xd6,0x63,0x78,0xad,0x19,0xbe,0x78,0xa5,0x77,0x7c,0xb6,0x5b,0x96,
    0x53,0x96,0x53,0xd6,0x63,0x16,0x74,0x5a,0xce,0xdb,0xde,0xdb,0xde,0xbb,0xd6,0x19,
    0xc6,0x5a,0xce,0xdb,0xde,0xdb,0xde,0xdb,0xde,0x99,0xad,0xf6,0x6b,0xd6,0x63,0xd6,
    0x63,0x18,0x9d,0xdb,0xde,0xdb,0xde,0xdb,0xde,0xd8,0x94,0x96,0xd6,0x63,0xd6,0x63,
    0xd6,0x63,0xd6,0x63,0xb6,0x5b,0xd6,0x63,0xf6,0x6b,0xf6,0x63,0xd6,0x63,0xd6,0x63,
    0xf8,0x94,0xba,0xd6,0xdb,0xde,0x19,0xbe,0x36,0x74,0xf6,0x6b,0xf6,0x6b,0xf6,0x63,
    0x95,0x53,0x55,0x84,0xb9,0xde,0xda,0xde,0x18,0xda,0xde,0xff,0x47,0x19,0x48,0x19,
    0x48,0x19,0x48,0x19,0x48,0x19,0x27,0x11,0x07,0x11,0x48,0x11,0xa9,0x19,0x69,0x19,
    0x48,0x11,0x48,0x11,0x48,0x11,0x69,0x19,0x4e,0x5b,0xf0,0x73,0x8e,0x63,0xea,0x29,
    0x89,0x11,0xca,0x19,0xeb,0x21,0xaa,0x19,0x8a,0x11,0x6a,0x11,0x6a,0x11,0x49,0x09,
    0x49,0x09,0xcb,0x19,0xcb,0x19,0x8b,0x11,0x8a,0x09,0x8a,0x09,0x8a,0x09,0x8b,0x09,
    0x6a,0x09,0x4a,0x09,0xec,0x21,0xb1,0x63,0xf4,0x94,0xf4,0x94,0x50,0x5b,0x6b,0x09,
    0x6b,0x01,0x0d,0x1a,0x2e,0x22,0xed,0x11,0xac,0x09,0xac,0x09,0xad,0x09,0xcd,0x09,
    0xcd,0x09,0x0d,0x22,0x53,0x7c,0x77,0xa5,0x36,0x9d,0xf0,0x4a,0xcd,0x09,0xad,0x01,
    0xad,0x01,0xee,0x09,0x2f,0x1a,0xee,0x09,0xee,0x01,0xce,0x01,0xad,0x01,0xce,0x01,
    0x2f,0x1a,0x2f,0x1a,0xef,0x09,0xee,0x01,0xee,0x01,0xce,0x01,0xce,0x01,0x30,0x1a,
    0x50,0x22,0x0f,0x0a,0x0f,0x0a,0x10,0x0a,0x10,0x0a,0x10,0x0a,0x10,0x0a,0x30,0x0a,
    0x30,0x0a,0x30,0x0a,0x30,0x0a,0x30,0x12,0x51,0x12,0x51,0x12,0x51,0x12,0x51,0x12,
    0x51,0x12,0x51,0x12,0x72,0x1a,0x72,0x1a,0x72,0x1a,0x72,0x1a,0x92,0x1a,0x92,0x1a,
    0x92,0x1a,0x92,0x1a,0x92,0x22,0x92,0x22,0x92,0x22,0x92,0x22,0x93,0x22,0x93,0x22,
    0x92,0x22,0xb3,0x22,0xb3,0x22,0xb3,0x22,0xd3,0x2a,0xd3,0x2a,0xf3,0x32,0xf3,0x32,
    0xf4,0x32,0xf4,0x3a,0xf4,0x32,0xb3,0x22,0x93,0x1a,0x93,0x1a,0xb3,0x22,0x94,0x5b,
    0xd9,0xb5,0x5a,0xce,0x98,0xad,0xb4,0x63,0xb2,0x3a,0xff,0x51,0x22,0xaf,0x4a,0x71,
    0x22,0xb3,0x2a,0xb3,0x2a,0xb3,0x2a,0x52,0x5b,0x2b,0x32,0x26,0x21,0x45,0x21,0x86,
    0x29,0x25,0x21,0xa8,0x29,0xe9,0x29,0xad,0x3a,0xf2,0x6b,0xb9,0xb5,0x5a,0xc6,0xf4,
    0x9c,0xaf,0x6b,0x6c,0x6b,0x50,0x8c,0x72,0x84,0x52,0x7c,0x31,0x8c,0x13,0x4b,0x14,
    0x3b,0xf4,0x32,0xb3,0x22,0x72,0x12,0x52,0x02,0x52,0x02,0x31,0x02,0x32,0x02,0x32,
    0x02,0x52,0x02,0x52,0x02,0x72,0x1a,0xf2,0x73,0xb2,0x8c,0x50,0x84,0xef,0x73,0xae,
    0x6b,0x6d,0x63,0x4d,0x63,0x72,0x8c,0x14,0x9d,0xae,0x6b,0xaf,0x73,0xf8,0xbd,0xb3,
    0x63,0x17,0x9d,0x19,0xbe,0x16,0x6c,0x55,0x43,0x75,0x4b,0x75,0x53,0xb7,0x8c,0x3a,
    0xc6,0xbb,0xd6,0xdb,0xde,0xdb,0xde,0xdb,0xde,0xbb,0xd6,0xbb,0xd6,0x9a,0xce,0xd7,
    0x94,0x75,0x53,0x75,0x53,0x75,0x53,0x75,0x53,0x75,0x53,0x75,0x53,0x55,0x4b,0x75,
    0x53,0x55,0x4b,0xb5,0x5b,0xf6,0x6b,0x36,0x74,0xd7,0x8c,0x58,0xa5,0xf7,0x94,0x36,
    0x74,0xd6,0x63,0xb6,0x5b,0xb6,0x5b,0xb6,0x5b,0xb6,0x5b,0xb6,0x5b,0xb6,0x5b,0xf6,
    0x63,0x16,0x74,0x57,0x7c,0x99,0xad,0xdb,0xde,0xdb,0xde,0xdb,0xd6,0x58,0xa5,0xf6,
    0x6b,0xb9,0xb5,0xdb,0xde,0xdb,0xde,0xbb,0xd6,0xbb,0xd6,0x5a,0xce,0x58,0xa5,0x77,
    0x7c,0x36,0x74,0x16,0x6c,0xb7,0x8c,0x3a,0xc6,0x9b,0xd6,0xbb,0xd6,0xbb,0xd6,0xbb,
    0xd6,0x9a,0xd6,0x7a,0xce,0x79,0xad,0xd6,0x63,0xf6,0x63,0x16,0x6c,0xd7,0x8c,0x9a,
    0xce,0xdb,0xde,0xdb,0xde,0x3a,0xc6,0x16,0x6c,0xff,0xd6,0x63,0xd6,0x63,0xd6,0x63,
    0xb6,0x5b,0xf6,0x63,0xf6,0x6b,0xf6,0x6b,0xd6,0x63,0xd6,0x63,0x18,0x95,0xbb,0xd6,
    0xdb,0xde,0x19,0xbe,0x16,0x74,0xf6,0x6b,0xf6,0x6b,0xd6,0x63,0x75,0x53,0x35,0x7c,
    0x79,0xd6,0xda,0xde,0xda,0xde,0xda,0xde,0xda,0xde,0xda,0xde,0xda,0xde,0xda,0xde,
    0xda,0xde,0xda,0xde,0xda,0xde,0xda,0xde,0xda,0xde,0xba,0xde,0xba,0xde,0xb9,0xde,
    0xb9,0xde,0xda,0xde,0xda,0xde,0xda,0xde,0xda,0xde,0xda,0xde,0xda,0xde,0xda,0xde,
    0xda,0xde,0xda,0xde,0xda,0xde,0x47,0x19,0x47,0x19,0x48,0x19,0x48,0x19,0x27,0x11,
    0x07,0x11,0x68,0x19,0xa9,0x19,0x69,0x19,0x48,0x11,0x48,0x11,0x28,0x11,0xc9,0x29,
    0x8e,0x63,0xf0,0x73,0x2e,0x5b,0xca,0x21,0x89,0x11,0xca,0x19,0xeb,0x19,0xaa,0x11,
    0x6a,0x11,0x6a,0x11,0x69,0x09,0x29,0x09,0x6a,0x11,0xcb,0x19,0xab,0x19,0x8a,0x09,
    0x8a,0x09,0x8a,0x09,0x8a,0x09,0x8a,0x09,0x4a,0x09,0x6a,0x09,0x2d,0x2a,0xf2,0x73,
    0x14,0x95,0xd4,0x8c,0xee,0x4a,0x4b,0x01,0x6b,0x01,0x0d,0x22,0x2e,0x22,0xcd,0x11,
    0xac,0x09,0xac,0x09,0xad,0x09,0xcd,0x09,0xad,0x01,0x4e,0x2a,0xb4,0x8c,0x97,0xad,
    0xf5,0x94,0x8f,0x3a,0xcd,0x01,0xad,0x01,0xad,0x01,0xee,0x09,0x0f,0x12,0xee,0x09,
    0xce,0x01,0xce,0x01,0xad,0x01,0xce,0x09,0x50,0x1a,0x2f,0x1a,0xee,0x09,0xee,0x01,
    0xef,0x01,0xce,0x01,0xcf,0x01,0x50,0x1a,0x50,0x1a,0x0f,0x0a,0x0f,0x0a,0x10,0x0a,
    0x10,0x0a,0x10,0x0a,0x10,0x0a,0x30,0x0a,0xff,0x30,0x0a,0x30,0x0a,0x30,0x0a,0x31,
    0x12,0x51,0x12,0x51,0x12,0x51,0x12,0x51,0x12,0x51,0x12,0x72,0x12,0x72,0x12,0x72,
    0x1a,0xd3,0x32,0x53,0x53,0x92,0x1a,0x72,0x1a,0x72,0x1a,0x72,0x1a,0x92,0x1a,0x92,
    0x1a,0x92,0x1a,0xb3,0x22,0xb3,0x2a,0xd3,0x2a,0xd3,0x32,0xf3,0x32,0xf3,0x32,0xf3,
    0x32,0xf3,0x32,0xd3,0x32,0xd3,0x2a,0xd3,0x2a,0xd3,0x2a,0xd3,0x2a,0xd3,0x2a,0xd3,
    0x2a,0xd3,0x2a,0xb3,0x22,0xb3,0x22,0x94,0x5b,0x39,0xc6,0xdb,0xd6,0xdb,0xd6,0xdb,
    0xde,0xbb,0xd6,0x3a,0xc6,0x57,0xa5,0xd4,0x6b,0xb2,0x2a,0x52,0x0a,0x72,0x12,0x31,
    0x5b,0x91,0x9c,0x26,0x19,0x25,0x21,0x87,0x21,0x09,0x32,0x4e,0x5b,0x2d,0x5b,0xee,
    0x4a,0x74,0x7c,0x19,0xbe,0x5a,0xc6,0x3a,0xc6,0x77,0xa5,0x35,0xa5,0x34,0xa5,0x75,
    0xad,0x30,0x7c,0xf8,0xbd,0x12,0x7c,0xf4,0x3a,0xf4,0x32,0xb3,0x22,0x93,0x12,0x72,
    0x0a,0x52,0x02,0x52,0x02,0x52,0x02,0x52,0x02,0x52,0x02,0x52,0x02,0x92,0x22,0x36,
    0xa5,0xf7,0xbd,0xb6,0xad,0x55,0xa5,0x13,0x9d,0xb2,0x8c,0x71,0x84,0x0f,0x74,0xae,
    0x6b,0x4d,0x63,0x92,0x8c,0xd4,0x9c,0xd4,0x6b,0x14,0x43,0x57,0xa5,0xdb,0xde,0x9a,
    0xce,0xd7,0x8c,0x35,0x43,0x14,0x33,0x35,0x3b,0x55,0x4b,0xf6,0x6b,0xb7,0x84,0x38,
    0x9d,0xb7,0x8c,0x57,0x7c,0x36,0x74,0xb6,0x5b,0x75,0x53,0x75,0x53,0x75,0x53,0x75,
    0x53,0x75,0x53,0x75,0x53,0x55,0x4b,0x75,0x4b,0x55,0x43,0x38,0x9d,0x7a,0xce,0xbb,
    0xd6,0xdb,0xde,0xdb,0xde,0xdb,0xde,0xff,0xdb,0xde,0x9a,0xd6,0x19,0xbe,0x38,0x9d,
    0xf6,0x6b,0xb6,0x5b,0xb6,0x5b,0xb6,0x5b,0xd7,0x8c,0x5a,0xce,0xbb,0xd6,0xdb,0xde,
    0xdb,0xde,0xdb,0xde,0xdb,0xde,0x18,0x9d,0xf6,0x6b,0xf9,0xbd,0xdb,0xde,0xdb,0xde,
    0x99,0xad,0xb7,0x8c,0x79,0xad,0x7a,0xce,0xdb,0xde,0xbb,0xd6,0x5a,0xc6,0x99,0xad,
    0x97,0x84,0x16,0x6c,0x77,0x7c,0xd7,0x8c,0xb7,0x8c,0x77,0x7c,0x36,0x74,0xf6,0x6b,
    0x77,0x84,0xb9,0xb5,0x3a,0xc6,0x7a,0xce,0xbb,0xd6,0xdb,0xde,0xdb,0xde,0x1a,0xbe,
    0x16,0x74,0xd6,0x63,0xd6,0x63,0xd6,0x63,0xb6,0x5b,0xf6,0x63,0x16,0x6c,0xf6,0x6b,
    0xd6,0x63,0xd6,0x63,0x38,0x9d,0xbb,0xd6,0xdb,0xde,0xd9,0xb5,0x16,0x74,0xf6,0x6b,
    0xf6,0x6b,0xf6,0x6b,0x95,0x5b,0x95,0x8c,0x99,0xd6,0xda,0xde,0xda,0xde,0xda,0xde,
    0xda,0xde,0xda,0xde,0xda,0xde,0xda,0xde,0xda,0xde,0xda,0xde,0xda,0xde,0x77,0xd6,
    0x51,0xbd,0x2d,0x9c,0xcb,0x9b,0xca,0xa3,0xea,0xb3,0x2b,0xbc,0x4d,0xb4,0xaf,0xb4,
    0x73,0xbd,0x16,0xce,0xb8,0xde,0xda,0xde,0xda,0xde,0xda,0xde,0xda,0xde,0xda,0xde,
    0x47,0x19,0x48,0x19,0x28,0x11,0x07,0x11,0x07,0x11,0x69,0x19,0xa9,0x19,0x68,0x19,
    0x48,0x11,0x48,0x11,0x28,0x11,0x2a,0x32,0xaf,0x6b,0xef,0x73,0xed,0x4a,0x89,0x19,
    0x89,0x11,0xca,0x19,0xeb,0x19,0x8a,0x11,0x69,0x09,0x69,0x09,0x49,0x09,0x29,0x09,
    0x8a,0x11,0xcb,0x19,0xab,0x11,0x8a,0x09,0x8a,0x09,0x8a,0x09,0x8a,0x09,0x6a,0x09,
    0x4a,0x01,0x6a,0x09,0x8e,0x3a,0xff,0x52,0x7c,0x15,0x95,0x93,0x84,0x6d,0x3a,0x4b,
    0x01,0x8b,0x09,0x2d,0x22,0x0d,0x22,0xcd,0x09,0xac,0x09,0xac,0x09,0xac,0x09,0xad,
    0x01,0xcd,0x01,0xaf,0x3a,0xf5,0x94,0x97,0xad,0x94,0x84,0x0e,0x22,0xcd,0x01,0xad,
    0x01,0xad,0x01,0xee,0x11,0x0f,0x12,0xee,0x09,0xce,0x01,0xce,0x01,0xad,0x01,0xee,
    0x09,0x50,0x1a,0x0f,0x12,0xee,0x01,0xee,0x01,0xce,0x01,0xce,0x01,0xce,0x01,0x50,
    0x1a,0x50,0x1a,0x0f,0x0a,0x0f,0x02,0x10,0x0a,0x10,0x0a,0x10,0x0a,0x10,0x0a,0x30,
    0x0a,0x30,0x0a,0x30,0x0a,0x30,0x0a,0x30,0x0a,0x31,0x12,0x51,0x12,0x51,0x12,0x51,
    0x12,0x51,0x12,0x51,0x12,0x51,0x12,0x92,0x2a,0xf7,0x94,0x5a,0xce,0x9b,0xd6,0xd7,
    0x94,0xb2,0x2a,0xb3,0x2a,0xd3,0x2a,0xd3,0x32,0xd3,0x32,0xf3,0x32,0xd3,0x32,0xd3,
    0x2a,0xd3,0x2a,0xd3,0x2a,0xd3,0x2a,0xb3,0x22,0xb3,0x22,0xb3,0x22,0xb3,0x22,0xd3,
    0x2a,0xb3,0x2a,0xd3,0x2a,0xd3,0x2a,0xd3,0x2a,0xd3,0x2a,0xd3,0x2a,0xd3,0x2a,0xf5,
    0x6b,0x5a,0xc6,0xdb,0xde,0xbb,0xd6,0x98,0xad,0x38,0x9d,0x19,0xc6,0xbb,0xd6,0xdb,
    0xde,0xbb,0xd6,0x7a,0xce,0x57,0xa5,0x92,0x22,0x51,0x0a,0x50,0x22,0xed,0x21,0x27,
    0x19,0x46,0x21,0xe9,0x29,0x4f,0x53,0x32,0x74,0x36,0x9d,0x5a,0xc6,0x7a,0xce,0x39,
    0xc6,0x56,0xa5,0x57,0xa5,0xd1,0x6b,0xb2,0x8c,0x54,0xa5,0x38,0xce,0x77,0xad,0x14,
    0x3b,0xf4,0x32,0xb3,0x22,0x93,0x1a,0x93,0x12,0x72,0x0a,0x72,0x02,0x52,0x02,0x52,
    0x02,0x52,0x02,0x72,0x12,0xff,0xf4,0x6b,0xd8,0xb5,0xba,0xd6,0xba,0xd6,0x7a,0xce,
    0x39,0xc6,0xf7,0xbd,0xb6,0xad,0x55,0xa5,0x13,0x9d,0xb2,0x8c,0x14,0x9d,0x97,0xad,
    0xd1,0x42,0x14,0x3b,0xd2,0x3a,0xb3,0x94,0xdb,0xde,0x7a,0xce,0xd7,0xbd,0x74,0x5b,
    0x35,0x3b,0x55,0x4b,0x35,0x43,0xf4,0x32,0x75,0x4b,0x75,0x4b,0x75,0x53,0x75,0x53,
    0x75,0x53,0x75,0x53,0x75,0x53,0x75,0x53,0x75,0x53,0x75,0x53,0x75,0x53,0x55,0x4b,
    0x75,0x53,0x55,0x4b,0x38,0x9d,0xdb,0xde,0xdb,0xde,0xbb,0xd6,0x3a,0xc6,0xb9,0xb5,
    0xd9,0xb5,0x5a,0xc6,0xbb,0xd6,0xdb,0xde,0xdb,0xde,0xbb,0xd6,0xb7,0x8c,0xb6,0x5b,
    0xb6,0x5b,0x77,0x84,0x1a,0xc6,0x3a,0xc6,0x19,0xbe,0xd9,0xb5,0x99,0xad,0xb7,0x8c,
    0xb6,0x63,0xb7,0x8c,0x7a,0xce,0xba,0xd6,0x18,0xc6,0x76,0xb5,0xd6,0x94,0x57,0x84,
    0x16,0x6c,0xd8,0x8c,0xd9,0xb5,0x5a,0xce,0xdb,0xd6,0xdb,0xde,0x3a,0xc6,0x58,0xa5,
    0x97,0x84,0x16,0x74,0x16,0x6c,0x16,0x6c,0x16,0x74,0x38,0xa5,0xbb,0xd6,0xdb,0xde,
    0x9a,0xd6,0x7a,0xce,0x5a,0xc6,0xd9,0xb5,0x16,0x6c,0xd6,0x63,0xd6,0x63,0xd6,0x63,
    0xb6,0x5b,0xf6,0x6b,0x16,0x6c,0xf6,0x63,0xd6,0x63,0xf6,0x63,0x38,0x9d,0xbb,0xd6,
    0xdb,0xde,0xd9,0xb5,0x16,0x6c,0xf6,0x6b,0xf6,0x6b,0xf6,0x6b,0xd6,0x63,0xd6,0x94,
    0x99,0xde,0xda,0xde,0xda,0xde,0xda,0xde,0xda,0xde,0xda,0xde,0xda,0xde,0xda,0xde,
    0xda,0xde,0xda,0xde,0xb9,0xde,0xd3,0xcd,0xca,0xab,0x84,0xa2,0xe4,0xba,0x25,0xc3,
    0x65,0xc3,0x86,0xc3,0xff,0x86,0xc3,0x86,0xc3,0x65,0xc3,0x45,0xc3,0x45,0xbb,0x26,
    0xab,0x4d,0xac,0xf5,0xc5,0xd9,0xde,0xda,0xde,0xda,0xde,0x48,0x19,0x28,0x11,0x07,
    0x11,0x27,0x11,0x89,0x19,0x89,0x19,0x48,0x11,0x48,0x11,0x28,0x11,0x28,0x11,0x8b,
    0x42,0xcf,0x6b,0xef,0x73,0x8c,0x42,0x89,0x19,0x8a,0x11,0xeb,0x19,0xca,0x19,0x8a,
    0x11,0x69,0x09,0x69,0x09,0x49,0x09,0x29,0x09,0x8a,0x11,0xcb,0x19,0x8a,0x11,0x8a,
    0x09,0x6a,0x09,0x8a,0x09,0x8a,0x09,0x6a,0x09,0x4a,0x01,0x8b,0x11,0xae,0x42,0x93,
    0x84,0x15,0x95,0x52,0x7c,0xec,0x21,0x4b,0x01,0xac,0x09,0x2e,0x22,0xed,0x19,0xac,
    0x09,0xac,0x09,0xac,0x01,0xac,0x01,0xac,0x01,0xcd,0x09,0xf0,0x4a,0x36,0x9d,0x77,
    0xa5,0x13,0x74,0x0e,0x1a,0xad,0x01,0xad,0x01,0xad,0x01,0x0e,0x12,0x0f,0x12,0xce,
    0x09,0xce,0x01,0xae,0x01,0xad,0x01,0x0f,0x12,0x50,0x1a,0x0f,0x0a,0xee,0x01,0xee,
    0x01,0xce,0x01,0xce,0x01,0xce,0x01,0xef,0x01,0xef,0x09,0x0f,0x02,0x0f,0x02,0x10,
    0x02,0x10,0x02,0x10,0x02,0x10,0x0a,0x10,0x0a,0x30,0x0a,0x10,0x02,0x10,0x02,0x10,
    0x02,0x30,0x02,0x30,0x0a,0x31,0x0a,0x51,0x12,0x51,0x12,0x72,0x1a,0x92,0x22,0x13,
    0x43,0xb8,0xb5,0xbb,0xd6,0xbb,0xd6,0xf9,0xbd,0x74,0x5b,0xd3,0x2a,0xd3,0x32,0xf3,
    0x3a,0x13,0x43,0x74,0x53,0xd3,0x32,0xb3,0x22,0xb3,0x22,0xb3,0x22,0xb3,0x22,0xb3,
    0x22,0xb3,0x22,0xb3,0x22,0xb3,0x22,0xb3,0x22,0xd3,0x2a,0xd3,0x2a,0xd3,0x2a,0xd3,
    0x2a,0xf3,0x32,0xff,0xf4,0x32,0xf4,0x3a,0x56,0x7c,0x7a,0xce,0xdb,0xde,0xbb,0xd6,
    0x17,0x9d,0xd3,0x2a,0xb3,0x22,0xf3,0x3a,0xb4,0x5b,0x37,0x9d,0xbb,0xd6,0xdb,0xde,
    0xbb,0xd6,0x15,0x6c,0x93,0x1a,0x93,0x1a,0xb3,0x2a,0x71,0x22,0xac,0x11,0xea,0x21,
    0xcd,0x42,0xb1,0x63,0x74,0x84,0x19,0xbe,0x5a,0xc6,0x77,0xa5,0xf6,0x8c,0xac,0x42,
    0x2a,0x32,0x8e,0x6b,0x9a,0xce,0x16,0x9d,0x92,0x22,0xf4,0x2a,0xd3,0x22,0xb3,0x1a,
    0x93,0x12,0x72,0x12,0x72,0x0a,0x72,0x02,0x72,0x02,0x52,0x02,0x52,0x02,0x95,0x84,
    0xba,0xd6,0xdb,0xde,0xdb,0xde,0xba,0xd6,0xbb,0xd6,0xdb,0xde,0xba,0xd6,0x7a,0xce,
    0x39,0xc6,0xf7,0xbd,0xf7,0xbd,0x56,0xa5,0x34,0x4b,0x51,0x2a,0xb2,0x32,0xcc,0x52,
    0x54,0xad,0xd6,0xbd,0x59,0xce,0xf5,0x9c,0x14,0x3b,0x55,0x43,0x15,0x3b,0xf4,0x32,
    0x55,0x4b,0x75,0x4b,0x55,0x4b,0x75,0x53,0x75,0x53,0x75,0x53,0x75,0x53,0x75,0x53,
    0x75,0x53,0x75,0x53,0x75,0x53,0x55,0x4b,0x75,0x53,0x55,0x4b,0x78,0xa5,0xdb,0xde,
    0xdb,0xde,0xbb,0xd6,0x38,0x9d,0xb6,0x5b,0x96,0x53,0x96,0x5b,0xd6,0x63,0x56,0x7c,
    0x5a,0xc6,0xdb,0xde,0xdb,0xde,0x19,0xbe,0xd6,0x63,0xd6,0x63,0xf6,0x63,0xf6,0x6b,
    0xf6,0x6b,0xd6,0x63,0xd6,0x63,0xd6,0x63,0xd6,0x63,0xd6,0x63,0x16,0x74,0x17,0xce,
    0xda,0xde,0xda,0xde,0xda,0xde,0xb9,0xde,0x98,0xd6,0x39,0xc6,0x18,0x9d,0x57,0x7c,
    0x37,0x74,0x77,0x84,0x99,0xad,0x9a,0xce,0xdb,0xde,0xbb,0xd6,0x9a,0xce,0x99,0xad,
    0x77,0x84,0xff,0x57,0x7c,0x16,0x74,0x57,0x7c,0x57,0x7c,0x37,0x74,0x16,0x74,0x16,
    0x6c,0xf6,0x63,0xd6,0x63,0xd6,0x63,0xd6,0x63,0xb6,0x5b,0xf6,0x6b,0x16,0x6c,0xf6,
    0x6b,0xd6,0x63,0xf6,0x6b,0x78,0xa5,0xdb,0xde,0xdb,0xde,0xb9,0xb5,0x16,0x6c,0xf6,
    0x6b,0xf6,0x6b,0xf6,0x6b,0xf6,0x6b,0xf6,0x9c,0xb9,0xde,0xda,0xde,0xda,0xde,0xda,
    0xde,0xda,0xde,0xda,0xde,0xda,0xde,0xda,0xde,0xda,0xde,0xda,0xde,0xb8,0xde,0xcf,
    0xc4,0xe5,0xba,0xe4,0xba,0x25,0xc3,0x45,0xc3,0x65,0xc3,0x86,0xc3,0x86,0xc3,0x86,
    0xc3,0x86,0xc3,0x86,0xc3,0x65,0xc3,0x65,0xc3,0x25,0xc3,0x04,0xbb,0xa5,0xb2,0xec,
    0x9b,0x98,0xd6,0xda,0xde,0x27,0x11,0x07,0x11,0x28,0x11,0x89,0x19,0x89,0x19,0x48,
    0x11,0x48,0x11,0x28,0x11,0x28,0x11,0xec,0x52,0xef,0x73,0xaf,0x6b,0x4b,0x32,0x69,
    0x11,0xaa,0x19,0xeb,0x19,0xaa,0x19,0x69,0x11,0x69,0x11,0x6a,0x09,0x49,0x09,0x49,
    0x09,0xab,0x11,0xcb,0x19,0x8a,0x11,0x6a,0x09,0x6a,0x09,0x8a,0x09,0x6a,0x09,0x6a,
    0x09,0x4a,0x01,0xab,0x11,0x0f,0x53,0xb3,0x8c,0x15,0x95,0xf1,0x6b,0xcb,0x19,0x4b,
    0x01,0xcc,0x11,0x2e,0x22,0xed,0x19,0xac,0x09,0xac,0x09,0xac,0x01,0xac,0x01,0xac,
    0x01,0xad,0x01,0x91,0x63,0x56,0xa5,0x77,0xa5,0xd2,0x6b,0xcd,0x09,0xad,0x01,0x8d,
    0x01,0xcd,0x01,0x0e,0x12,0xee,0x11,0xce,0x01,0xce,0x01,0xae,0x01,0xad,0x01,0x0f,
    0x12,0x2f,0x1a,0xef,0x09,0xee,0x01,0xee,0x01,0xce,0x01,0xce,0x01,0xce,0x01,0xef,
    0x01,0xff,0xcf,0x01,0xae,0x01,0xae,0x01,0xce,0x01,0xef,0x01,0xef,0x01,0xef,0x01,
    0xef,0x01,0x10,0x02,0x30,0x12,0x51,0x1a,0x71,0x22,0x92,0x22,0x92,0x2a,0xb2,0x2a,
    0xb2,0x2a,0xb2,0x2a,0xb2,0x2a,0xb2,0x2a,0x53,0x53,0xd9,0xb5,0x9b,0xd6,0x9b,0xd6,
    0x98,0xad,0x13,0x43,0x35,0x74,0xb9,0xb5,0x19,0xbe,0x5a,0xc6,0xbb,0xd6,0xbb,0xd6,
    0x3a,0xc6,0x58,0xa5,0x15,0x74,0xb3,0x2a,0xb3,0x22,0xd3,0x2a,0xd3,0x32,0xf3,0x32,
    0xf3,0x32,0xf4,0x32,0xf4,0x32,0xf4,0x32,0xf4,0x32,0xf4,0x32,0xf3,0x32,0x34,0x43,
    0xd7,0x94,0x9a,0xd6,0xdb,0xde,0xbb,0xd6,0xb6,0x8c,0xb3,0x2a,0xb3,0x22,0xb3,0x22,
    0xb3,0x22,0xb3,0x22,0xd3,0x2a,0x19,0xbe,0xdb,0xde,0xdb,0xde,0x98,0xad,0xb3,0x22,
    0x93,0x1a,0x93,0x12,0x93,0x12,0xf3,0x3a,0x33,0x53,0xf1,0x42,0x31,0x4b,0xb5,0x8c,
    0x3a,0xc6,0x7a,0xc6,0xf8,0xbd,0x97,0xad,0x53,0x7c,0xac,0x42,0x71,0x84,0x95,0x8c,
    0x92,0x1a,0xd4,0x2a,0xd4,0x2a,0xb3,0x22,0x93,0x1a,0x93,0x12,0x93,0x12,0x72,0x0a,
    0x72,0x0a,0x72,0x02,0x92,0x22,0x16,0x9d,0xdb,0xde,0xdb,0xde,0xdb,0xde,0xdb,0xde,
    0xdb,0xde,0xdb,0xde,0xdb,0xde,0xdb,0xde,0xbb,0xd6,0xdb,0xde,0x9a,0xd6,0x16,0x9d,
    0x13,0x43,0xb2,0x32,0x0f,0x1a,0x4b,0x3a,0x0b,0x63,0x0f,0x84,0x58,0xce,0x16,0xa5,
    0x34,0x43,0x55,0x43,0xf4,0x32,0xf4,0x32,0x55,0x43,0x55,0x4b,0x55,0x4b,0x75,0x4b,
    0x75,0x53,0x75,0x53,0x75,0x53,0x75,0x53,0x75,0x53,0x75,0x53,0x75,0x4b,0x55,0x4b,
    0xff,0x75,0x53,0x75,0x53,0xd9,0xb5,0xdb,0xde,0xdb,0xde,0xbb,0xd6,0xf8,0x94,0x96,
    0x53,0x96,0x53,0x96,0x53,0x96,0x5b,0x96,0x5b,0x96,0x5b,0x99,0xad,0xdb,0xde,0xdb,
    0xde,0xbb,0xd6,0x19,0xbe,0x3a,0xc6,0x7a,0xce,0x9a,0xd6,0x7a,0xce,0x97,0x84,0xd6,
    0x63,0xd6,0x63,0xd6,0x63,0x16,0x74,0xd7,0xc5,0xda,0xde,0xdb,0xde,0xda,0xde,0xda,
    0xde,0xdb,0xde,0xdb,0xde,0xdb,0xde,0xdb,0xde,0x9a,0xd6,0xf9,0xbd,0x18,0x9d,0x36,
    0x7c,0x16,0x74,0xd7,0x8c,0x99,0xad,0x5a,0xce,0xdb,0xde,0xdb,0xde,0x5a,0xce,0xb9,
    0xb5,0xb7,0x8c,0xd6,0x63,0xd6,0x63,0xd6,0x63,0xf6,0x63,0xf6,0x63,0xd6,0x63,0xd6,
    0x5b,0xb6,0x5b,0xf6,0x6b,0x16,0x6c,0xf6,0x63,0xf6,0x63,0xf6,0x6b,0x99,0xad,0xdb,
    0xde,0xdb,0xde,0x99,0xad,0xf6,0x6b,0xf6,0x6b,0xf6,0x6b,0xf6,0x6b,0xf6,0x6b,0x36,
    0xad,0xda,0xde,0xda,0xde,0xda,0xde,0xda,0xde,0xda,0xde,0xda,0xde,0xda,0xde,0xda,
    0xde,0xda,0xde,0xda,0xde,0xd9,0xde,0xcf,0xc4,0x82,0xba,0xe4,0xba,0x04,0xc3,0x45,
    0xc3,0x65,0xc3,0x86,0xc3,0x86,0xc3,0xa6,0xc3,0xa6,0xc3,0xa6,0xc3,0x86,0xc3,0x86,
    0xc3,0x65,0xc3,0x45,0xc3,0x04,0xc3,0xe4,0xba,0x83,0xb2,0x89,0xab,0x98,0xd6,0x07,
    0x11,0x48,0x11,0xa9,0x19,0x68,0x19,0x48,0x11,0x48,0x11,0x28,0x11,0x68,0x19,0x2d,
    0x5b,0xef,0x73,0x6e,0x63,0xea,0x21,0x69,0x11,0xaa,0x19,0xeb,0x19,0xaa,0x11,0x69,
    0x11,0x69,0x09,0x69,0x09,0x29,0x09,0x49,0x09,0xab,0x19,0xcb,0x19,0x8a,0x09,0xff,
    0x6a,0x09,0x6a,0x09,0x8a,0x09,0x6a,0x09,0x6a,0x09,0x4a,0x01,0xcc,0x19,0x70,0x5b,
    0xd4,0x94,0xf4,0x94,0x90,0x63,0x6b,0x09,0x4b,0x01,0xcc,0x11,0x2e,0x22,0xcd,0x11,
    0xac,0x09,0xac,0x09,0xac,0x01,0xac,0x01,0xac,0x01,0xed,0x19,0xf2,0x6b,0x77,0xa5,
    0x56,0x9d,0x31,0x53,0xcd,0x01,0xad,0x01,0x8d,0x01,0xcd,0x01,0x0e,0x12,0xee,0x09,
    0xce,0x01,0xce,0x01,0xad,0x01,0xae,0x01,0x0f,0x12,0x2f,0x1a,0xee,0x09,0xee,0x01,
    0xce,0x01,0xce,0x01,0xce,0x01,0xee,0x01,0xef,0x09,0x0f,0x0a,0x10,0x0a,0x0f,0x0a,
    0xef,0x01,0xef,0x01,0x0f,0x12,0x51,0x1a,0x91,0x2a,0xb2,0x2a,0xb2,0x2a,0x92,0x2a,
    0x92,0x22,0x71,0x22,0x71,0x1a,0x51,0x1a,0x51,0x12,0x51,0x12,0x72,0x12,0x72,0x12,
    0x73,0x5b,0x19,0xbe,0x9b,0xd6,0x9b,0xd6,0x57,0xa5,0xf3,0x3a,0x96,0x84,0x9b,0xd6,
    0xbb,0xd6,0x9a,0xce,0x5a,0xc6,0x19,0xbe,0x3a,0xc6,0x9b,0xd6,0xbb,0xd6,0xbb,0xd6,
    0x7a,0xce,0xd7,0x8c,0xf4,0x3a,0xd3,0x32,0xd3,0x2a,0xd3,0x2a,0xd3,0x2a,0xd3,0x2a,
    0xd3,0x2a,0xd3,0x2a,0xd3,0x2a,0x14,0x3b,0x37,0x9d,0xdb,0xd6,0xdb,0xde,0xdb,0xde,
    0x9a,0xce,0x37,0x9d,0xd5,0x63,0x14,0x43,0xb3,0x22,0xb3,0x22,0x13,0x3b,0x38,0x9d,
    0xbb,0xd6,0xdb,0xde,0x9a,0xce,0xf7,0x94,0x54,0x4b,0x17,0x9d,0xf9,0xbd,0x7a,0xce,
    0xbb,0xd6,0xdb,0xde,0x9a,0xce,0x17,0x9d,0xb4,0x63,0x32,0x53,0x75,0x84,0x37,0x9d,
    0x57,0xa5,0x70,0x5b,0x6c,0x3a,0x0f,0x1a,0x93,0x1a,0xf4,0x2a,0xd4,0x2a,0xff,0xb4,
    0x22,0x93,0x1a,0x93,0x1a,0x93,0x12,0x93,0x12,0x93,0x12,0x93,0x0a,0x72,0x02,0x72,
    0x53,0x14,0x9d,0x39,0xc6,0x9a,0xd6,0xdb,0xde,0xdb,0xde,0xdb,0xde,0xdb,0xde,0xdb,
    0xde,0xdb,0xde,0xdb,0xde,0x9a,0xd6,0x16,0x9d,0x13,0x43,0xd3,0x3a,0x6f,0x32,0x89,
    0x21,0x86,0x29,0x2c,0x6b,0x59,0xce,0x57,0xa5,0xf4,0x32,0x35,0x3b,0xf4,0x2a,0xf4,
    0x2a,0x35,0x43,0x55,0x43,0x55,0x4b,0x55,0x4b,0x75,0x4b,0x75,0x4b,0x75,0x4b,0x75,
    0x53,0x75,0x4b,0x75,0x53,0x75,0x4b,0x55,0x4b,0x75,0x53,0x35,0x43,0xb6,0x5b,0x3a,
    0xc6,0xbb,0xd6,0xdb,0xde,0xdb,0xde,0x9a,0xce,0x78,0xa5,0x57,0x7c,0xd6,0x63,0x96,
    0x53,0xb6,0x5b,0x38,0x9d,0xdb,0xde,0xdb,0xde,0xdb,0xde,0xdb,0xde,0xdb,0xde,0xbb,
    0xd6,0x9a,0xd6,0x7a,0xce,0xf9,0xbd,0x16,0x74,0xd6,0x63,0xd6,0x63,0x16,0x74,0xf7,
    0xc5,0xda,0xde,0xdb,0xde,0xdb,0xde,0xdb,0xde,0xdb,0xde,0xdb,0xde,0xdb,0xde,0xda,
    0xde,0xda,0xde,0xdb,0xde,0xdb,0xde,0xdb,0xde,0xdb,0xde,0x19,0xc6,0x17,0x9d,0x97,
    0x8c,0x57,0x7c,0x97,0x84,0xb9,0xb5,0x7a,0xce,0xbb,0xd6,0xdb,0xde,0x7a,0xce,0x78,
    0xa5,0x97,0x84,0x37,0x74,0xd6,0x63,0xd6,0x5b,0xb6,0x5b,0xf6,0x6b,0x16,0x6c,0xf6,
    0x6b,0xd6,0x63,0xf6,0x6b,0x99,0xad,0xdb,0xde,0xdb,0xde,0x99,0xad,0xf6,0x6b,0xf6,
    0x6b,0xf6,0x6b,0xf6,0x6b,0xf6,0x6b,0x56,0xad,0xda,0xde,0xda,0xde,0xda,0xde,0xda,
    0xde,0xda,0xde,0xda,0xde,0xda,0xde,0xda,0xde,0xda,0xde,0xda,0xde,0xff,0xda,0xde,
    0x16,0xd6,0xe5,0xba,0xc4,0xba,0x04,0xbb,0x25,0xc3,0x45,0xc3,0x86,0xc3,0xa6,0xc3,
    0xa6,0xc3,0xa6,0xc3,0xa6,0xc3,0xa6,0xc3,0xa6,0xc3,0x86,0xc3,0x86,0xc3,0x45,0xc3,
    0x25,0xc3,0xe4,0xba,0xa4,0xba,0x83,0xb2,0x52,0xc5,0x48,0x19,0x89,0x19,0x68,0x19,
    0x48,0x11,0x28,0x11,0x28,0x11,0xa9,0x21,0x6e,0x63,0xef,0x73,0x2d,0x53,0xaa,0x21,
    0x69,0x11,0xca,0x19,0xca,0x19,0x8a,0x11,0x69,0x09,0x69,0x09,0x49,0x09,0x29,0x09,
    0x49,0x09,0xcb,0x19,0xab,0x11,0x6a,0x09,0x6a,0x09,0x6a,0x09,0x6a,0x09,0x6a,0x09,
    0x4a,0x09,0x4a,0x01,0x0c,0x22,0xd1,0x6b,0xf4,0x94,0xf4,0x94,0x0f,0x53,0x4b,0x01,
    0x6b,0x01,0xed,0x19,0x2e,0x22,0xcd,0x11,0xac,0x09,0xac,0x09,0xac,0x01,0xac,0x01,
    0xac,0x01,0xed,0x19,0x74,0x84,0x77,0xa5,0x16,0x9d,0xcf,0x42,0xad,0x01,0xad,0x01,
    0x8d,0x01,0xce,0x09,0x0e,0x12,0xee,0x09,0xce,0x01,0xce,0x01,0xad,0x01,0xce,0x01,
    0x2f,0x1a,0x0f,0x12,0xee,0x09,0xce,0x01,0xce,0x01,0xce,0x01,0xce,0x01,0xce,0x01,
    0xef,0x09,0x0f,0x0a,0x0f,0x0a,0x10,0x0a,0x30,0x0a,0x30,0x12,0x71,0x22,0x71,0x22,
    0x51,0x1a,0x30,0x12,0x30,0x12,0x31,0x0a,0x31,0x0a,0x31,0x0a,0x31,0x0a,0x51,0x12,
    0x51,0x12,0x51,0x12,0x51,0x12,0x51,0x0a,0xf4,0x6b,0x5a,0xc6,0x9b,0xd6,0x9b,0xd6,
    0x17,0x9d,0xf3,0x3a,0x74,0x53,0x5a,0xce,0xbb,0xd6,0x9b,0xd6,0x76,0x7c,0x13,0x43,
    0xd3,0x32,0xf3,0x3a,0xb4,0x63,0x58,0xa5,0xbb,0xd6,0xdb,0xd6,0xff,0x5a,0xce,0x54,
    0x4b,0xd3,0x2a,0xd3,0x2a,0xd3,0x2a,0xd3,0x2a,0xd3,0x2a,0xd3,0x2a,0xd3,0x2a,0x14,
    0x3b,0x78,0xa5,0xdb,0xd6,0xdb,0xde,0x9a,0xce,0x5a,0xc6,0xdb,0xde,0xdb,0xde,0xbb,
    0xd6,0x5a,0xce,0x98,0xad,0x98,0xad,0x39,0xc6,0xdb,0xde,0xdb,0xde,0x5a,0xce,0x35,
    0x74,0xb3,0x2a,0xf5,0x6b,0xbb,0xd6,0xdb,0xde,0xbb,0xd6,0x5a,0xc6,0x9a,0xce,0xdb,
    0xde,0xdb,0xde,0xba,0xd6,0x5a,0xce,0x58,0xa5,0x72,0x22,0x31,0x0a,0x71,0x22,0x72,
    0x1a,0xd3,0x22,0xf4,0x32,0xd4,0x2a,0xd4,0x22,0xb3,0x22,0x93,0x1a,0x93,0x1a,0x93,
    0x1a,0x93,0x12,0x93,0x12,0x93,0x12,0x72,0x02,0x96,0x84,0xf6,0x94,0xf1,0x42,0xf2,
    0x73,0x92,0x8c,0xf7,0xbd,0xdb,0xde,0xdb,0xde,0xdb,0xde,0xdb,0xde,0xba,0xd6,0xb5,
    0x94,0x13,0x43,0xd3,0x3a,0xf1,0x4a,0x2b,0x32,0x09,0x3a,0x8c,0x42,0x13,0x9d,0xb5,
    0x94,0xb3,0x2a,0x15,0x3b,0xd4,0x2a,0xf4,0x2a,0x35,0x3b,0x35,0x43,0x55,0x43,0x55,
    0x4b,0x55,0x4b,0x55,0x4b,0x75,0x4b,0x75,0x4b,0x75,0x4b,0x75,0x53,0x75,0x4b,0x55,
    0x4b,0x75,0x4b,0x55,0x43,0x55,0x4b,0x75,0x4b,0xb6,0x5b,0x56,0x7c,0x58,0xa5,0x7a,
    0xce,0xdb,0xde,0xdb,0xde,0xbb,0xd6,0x7a,0xce,0xd9,0xb5,0xb9,0xb5,0xdb,0xde,0xdb,
    0xde,0xbb,0xd6,0x98,0xad,0xd7,0x8c,0x77,0x84,0x56,0x7c,0x16,0x74,0xf6,0x63,0xd6,
    0x63,0xd6,0x5b,0xd6,0x63,0x36,0x7c,0x37,0xce,0xda,0xde,0xdb,0xde,0xdb,0xde,0xdb,
    0xde,0xdb,0xde,0xdb,0xde,0xdb,0xde,0xdb,0xde,0xdb,0xde,0xff,0xdb,0xde,0xdb,0xde,
    0xdb,0xde,0xdb,0xde,0xdb,0xde,0xdb,0xde,0xda,0xde,0x78,0xd6,0xb6,0xc5,0xd6,0x9c,
    0x16,0x74,0x16,0x6c,0x77,0x84,0x58,0xa5,0x7a,0xce,0xdb,0xde,0xbb,0xd6,0x7a,0xce,
    0x97,0x84,0xb6,0x5b,0x16,0x6c,0xf6,0x6b,0xf6,0x6b,0xf6,0x63,0x16,0x6c,0xd9,0xb5,
    0xdb,0xde,0xdb,0xde,0x58,0xa5,0xf6,0x6b,0xf6,0x6b,0xf6,0x6b,0xf6,0x6b,0xf6,0x6b,
    0x76,0xb5,0xda,0xde,0xda,0xde,0xda,0xde,0xda,0xde,0xda,0xde,0xda,0xde,0xda,0xde,
    0xda,0xde,0xda,0xde,0xda,0xde,0xda,0xde,0xda,0xde,0x72,0xcd,0xa4,0xb2,0xe4,0xba,
    0x04,0xbb,0x45,0xc3,0x65,0xc3,0x86,0xc3,0xa6,0xc3,0xc6,0xc3,0xc6,0xc3,0xc6,0xc3,
    0xc6,0xc3,0xa6,0xc3,0xa6,0xc3,0x86,0xc3,0x65,0xc3,0x45,0xc3,0x04,0xbb,0xc4,0xba,
    0xa3,0xb2,0xaa,0xb3,0x27,0x11,0xe6,0x08,0x07,0x09,0x28,0x11,0x08,0x11,0x0a,0x32,
    0xaf,0x6b,0xef,0x73,0xed,0x4a,0x89,0x19,0x89,0x11,0xca,0x19,0xca,0x19,0x89,0x11,
    0x69,0x09,0x69,0x09,0x49,0x09,0x29,0x09,0x6a,0x11,0xcb,0x19,0xab,0x11,0x6a,0x09,
    0x6a,0x09,0x6a,0x09,0x6a,0x09,0x6a,0x09,0x4a,0x01,0x4a,0x09,0x4d,0x32,0x12,0x74,
    0x14,0x95,0xb3,0x8c,0xae,0x42,0x4a,0x01,0x6b,0x01,0x0d,0x1a,0x0d,0x1a,0xac,0x09,
    0xac,0x01,0xac,0x09,0xac,0x01,0xac,0x01,0xac,0x01,0x4e,0x32,0xb4,0x8c,0x77,0xa5,
    0xd5,0x8c,0x6f,0x32,0xad,0x01,0xad,0x01,0x8d,0x01,0xce,0x09,0x0e,0x12,0xee,0x09,
    0xce,0x01,0xce,0x01,0xad,0x01,0xce,0x01,0x2f,0x1a,0xff,0x0f,0x12,0xee,0x01,0xce,
    0x01,0xce,0x01,0xce,0x01,0xae,0x01,0xef,0x01,0xef,0x09,0x0f,0x0a,0x10,0x0a,0x10,
    0x0a,0x30,0x0a,0x50,0x12,0x71,0x22,0x71,0x1a,0x30,0x0a,0x30,0x0a,0x30,0x0a,0x30,
    0x0a,0x30,0x0a,0x30,0x02,0x31,0x02,0x31,0x0a,0x51,0x12,0x71,0x1a,0x92,0x22,0x92,
    0x22,0xb2,0x22,0x96,0x84,0x5a,0xce,0xbb,0xd6,0xbb,0xd6,0x7a,0xce,0x78,0xad,0xf7,
    0x94,0x9a,0xce,0xbb,0xd6,0x5a,0xc6,0x13,0x43,0xb3,0x22,0xb3,0x22,0xb3,0x22,0xb3,
    0x22,0x34,0x4b,0x5a,0xce,0xdb,0xd6,0xbb,0xd6,0xd7,0x94,0xd3,0x2a,0xd3,0x2a,0xd3,
    0x2a,0xd3,0x2a,0xd3,0x2a,0xd3,0x2a,0xd3,0x32,0x58,0xa5,0xdb,0xde,0xdb,0xde,0x3a,
    0xc6,0xd5,0x63,0xf4,0x32,0x56,0x7c,0x9a,0xd6,0xdb,0xde,0xdb,0xde,0xdb,0xde,0xdb,
    0xde,0xbb,0xd6,0x9b,0xd6,0x19,0xc6,0x56,0x7c,0xd3,0x2a,0xd3,0x22,0xb3,0x22,0x14,
    0x3b,0x74,0x53,0x14,0x3b,0xb3,0x22,0xf4,0x32,0x36,0x74,0x98,0xad,0xbb,0xd6,0xdb,
    0xde,0xdb,0xd6,0x36,0x74,0x93,0x12,0x93,0x12,0xb3,0x22,0xd4,0x2a,0xd4,0x2a,0xd4,
    0x2a,0xd4,0x22,0xb3,0x22,0xb3,0x22,0xb3,0x1a,0x93,0x1a,0x93,0x1a,0x93,0x1a,0x93,
    0x12,0x93,0x0a,0x15,0x74,0x11,0x4b,0xaf,0x3a,0x8e,0x3a,0xef,0x42,0x8e,0x32,0x2f,
    0x5b,0xf4,0x9c,0xf7,0xbd,0x59,0xce,0x94,0x8c,0x13,0x43,0x13,0x43,0x13,0x4b,0x33,
    0x84,0xc9,0x31,0x0a,0x32,0x6c,0x3a,0xd0,0x42,0xd3,0x2a,0x15,0x3b,0xd4,0x2a,0xf4,
    0x2a,0x15,0x3b,0x35,0x3b,0x35,0x43,0x55,0x43,0xff,0x55,0x43,0x55,0x4b,0x55,0x4b,
    0x55,0x4b,0x75,0x4b,0x75,0x4b,0x55,0x4b,0x55,0x4b,0x75,0x4b,0x55,0x4b,0x75,0x8c,
    0xd5,0x94,0xd5,0x73,0x95,0x5b,0x75,0x4b,0x75,0x4b,0x75,0x53,0x77,0x7c,0x99,0xad,
    0x5a,0xc6,0xdb,0xde,0xdb,0xde,0xdb,0xde,0xdb,0xde,0xdb,0xde,0x79,0xad,0xd6,0x63,
    0xb6,0x5b,0xb6,0x5b,0xb6,0x5b,0xb6,0x5b,0xd6,0x5b,0xd6,0x63,0xd6,0x63,0x56,0x84,
    0x38,0xce,0xda,0xde,0xdb,0xde,0xdb,0xde,0xdb,0xde,0xdb,0xde,0xdb,0xde,0xdb,0xde,
    0xdb,0xde,0xdb,0xde,0xdb,0xde,0xdb,0xde,0xdb,0xde,0xdb,0xde,0xdb,0xde,0xdb,0xde,
    0xdb,0xde,0xdb,0xde,0xdb,0xde,0xda,0xde,0x98,0xde,0x37,0xd6,0x96,0xbd,0xd6,0x9c,
    0x36,0x7c,0x78,0xad,0xdb,0xde,0xdb,0xde,0x99,0xad,0xd6,0x63,0xf6,0x6b,0x17,0x6c,
    0xf6,0x63,0xf6,0x63,0x16,0x6c,0xd9,0xb5,0xdb,0xde,0xbb,0xd6,0x58,0xa5,0xf6,0x6b,
    0xf6,0x6b,0xf6,0x6b,0xf6,0x6b,0xf6,0x6b,0x97,0xb5,0xda,0xde,0xda,0xde,0xda,0xde,
    0xda,0xde,0xda,0xde,0xda,0xde,0xda,0xde,0xda,0xde,0xda,0xde,0xda,0xde,0xda,0xde,
    0xda,0xde,0xda,0xde,0xb4,0xcd,0xe4,0xba,0xe4,0xba,0x24,0xc3,0x65,0xc3,0x86,0xc3,
    0xa6,0xc3,0xc6,0xc3,0xc6,0xc3,0xc7,0xc3,0xc7,0xc3,0xc6,0xc3,0xc6,0xc3,0xa6,0xc3,
    0xa6,0xc3,0x85,0xc3,0x45,0xc3,0x04,0xbb,0xe4,0xba,0xa4,0xb2,0xa9,0xbb,0xad,0x42,
    0x6c,0x3a,0x68,0x19,0x06,0x09,0x0a,0x32,0xae,0x6b,0xcf,0x6b,0x8c,0x42,0x69,0x11,
    0x89,0x11,0xca,0x19,0xaa,0x19,0x69,0x11,0xff,0x69,0x09,0x69,0x09,0x49,0x09,0x29,
    0x09,0x8a,0x11,0xcb,0x19,0x8a,0x11,0x6a,0x09,0x6a,0x09,0x6a,0x09,0x6a,0x09,0x6a,
    0x09,0x4a,0x01,0x6a,0x09,0x8e,0x3a,0x53,0x7c,0x15,0x95,0x73,0x84,0x0c,0x2a,0x4a,
    0x01,0x8b,0x09,0x0d,0x1a,0xed,0x19,0xac,0x09,0x8c,0x09,0xac,0x01,0xac,0x01,0xac,
    0x01,0xac,0x01,0xaf,0x42,0x15,0x95,0x77,0xa5,0x94,0x84,0x0e,0x22,0xad,0x01,0xad,
    0x01,0xad,0x01,0xee,0x09,0xee,0x11,0xce,0x01,0xce,0x01,0xae,0x01,0x8d,0x01,0xce,
    0x09,0x2f,0x1a,0x0f,0x12,0xce,0x01,0xce,0x01,0xce,0x01,0xae,0x01,0xce,0x01,0xee,
    0x01,0x0f,0x0a,0x0f,0x0a,0x10,0x0a,0x10,0x0a,0x10,0x0a,0x50,0x1a,0x71,0x22,0x51,
    0x1a,0x30,0x0a,0x30,0x0a,0x30,0x0a,0x30,0x0a,0x30,0x0a,0x51,0x1a,0x92,0x2a,0xb2,
    0x2a,0xd3,0x32,0xb3,0x2a,0xb2,0x2a,0x92,0x22,0x92,0x22,0x92,0x1a,0xd2,0x2a,0x33,
    0x43,0x76,0x84,0xf9,0xbd,0x9b,0xce,0xbb,0xd6,0xbb,0xd6,0xbb,0xd6,0xbb,0xd6,0xb9,
    0xb5,0xb3,0x22,0xb3,0x22,0xb3,0x22,0xb3,0x22,0x34,0x43,0x58,0xa5,0xbb,0xd6,0xdb,
    0xd6,0x7a,0xce,0x15,0x6c,0xd3,0x2a,0xd3,0x2a,0xd3,0x2a,0xd3,0x2a,0xd3,0x2a,0xd4,
    0x2a,0xf4,0x32,0xb5,0x63,0x78,0xa5,0xb7,0x8c,0x54,0x4b,0xf4,0x2a,0xf4,0x32,0xd4,
    0x2a,0x78,0xa5,0xdb,0xde,0xdb,0xde,0x7a,0xce,0x56,0x7c,0x74,0x53,0x34,0x43,0x14,
    0x3b,0xd4,0x2a,0xd3,0x2a,0xd3,0x2a,0xd3,0x2a,0xd4,0x2a,0x14,0x3b,0x74,0x53,0x54,
    0x43,0x14,0x3b,0xf4,0x2a,0x14,0x33,0xd3,0xf9,0xbd,0xdb,0xde,0xdb,0xde,0xf9,0xbd,
    0xf4,0x32,0xd4,0x2a,0xf4,0x2a,0xf4,0x2a,0xf4,0x2a,0xd4,0x2a,0xd4,0x22,0xb4,0x22,
    0xb3,0x22,0xb3,0x22,0xb3,0x1a,0xb3,0x1a,0xb3,0x1a,0xb3,0x1a,0xb3,0x1a,0x51,0x53,
    0xcd,0x4a,0x0a,0x32,0x6b,0x3a,0xec,0x4a,0x2d,0x53,0x0e,0x53,0xce,0x42,0xcf,0x42,
    0x52,0x5b,0x14,0x43,0x13,0x3b,0x37,0x9d,0xf9,0xbd,0x74,0x84,0xf1,0x4a,0x50,0x22,
    0x92,0x2a,0x14,0x3b,0x55,0x4b,0xf4,0x32,0xf4,0x32,0x14,0x33,0x14,0x3b,0x35,0x3b,
    0x35,0x43,0x35,0x43,0x55,0x43,0x55,0x4b,0x55,0x4b,0x75,0x4b,0x75,0x4b,0x55,0x4b,
    0x55,0x4b,0x75,0x4b,0x75,0x4b,0xd6,0x9c,0xb9,0xde,0xda,0xde,0x99,0xd6,0xb6,0xbd,
    0xd5,0x9c,0x15,0x74,0x95,0x53,0x75,0x53,0x96,0x53,0xb6,0x5b,0x16,0x74,0x99,0xad,
    0x9a,0xce,0xbb,0xd6,0xdb,0xde,0xdb,0xde,0x9a,0xd6,0xb9,0xad,0x16,0x6c,0xb6,0x5b,
    0xd6,0x63,0xd6,0x5b,0xd6,0x63,0x56,0x84,0x58,0xd6,0xda,0xde,0xdb,0xde,0x12,0xdb,
    0xde,0xff,0xda,0xde,0xdb,0xde,0xda,0xde,0xb9,0xde,0x17,0xce,0xdb,0xd6,0xdb,0xde,
    0x99,0xad,0xd6,0x63,0xf6,0x6b,0x16,0x6c,0xf6,0x6b,0xf6,0x63,0x16,0x6c,0xf9,0xbd,
    0xdb,0xde,0xbb,0xd6,0x38,0x9d,0xf6,0x6b,0xf6,0x6b,0xf6,0x6b,0xf6,0x6b,0x16,0x74,
    0xb6,0xbd,0xda,0xde,0xda,0xde,0xda,0xde,0xda,0xde,0xda,0xde,0xda,0xde,0xda,0xde,
    0xda,0xde,0xda,0xde,0xda,0xde,0xda,0xde,0xda,0xde,0xda,0xde,0xda,0xde,0x99,0xde,
    0xca,0xbb,0x04,0xbb,0x45,0xc3,0x65,0xc3,0xa6,0xc3,0xc6,0xc3,0xc6,0xc3,0xc7,0xc3,
    0xe7,0xc3,0xe7,0xc3,0xe7,0xc3,0xc6,0xc3,0xc6,0xc3,0xa6,0xc3,0x86,0xc3,0x65,0xc3,
    0x25,0xbb,0xe4,0xba,0xc4,0xb2,0x30,0xcd,0x48,0x11,0xaa,0x21,0xeb,0x29,0xd0,0x73,
    0x14,0x9d,0xcf,0x6b,0xe9,0x29,0xe7,0x00,0x48,0x11,0xca,0x19,0xaa,0x19,0x69,0x11,
    0x69,0x09,0x49,0x09,0x29,0x09,0x29,0x09,0x8a,0x11,0xcb,0x19,0x8a,0x11,0x6a,0x09,
    0x6a,0x09,0x6a,0x09,0x6a,0x09,0x4a,0x09,0x2a,0x01,0x8b,0x09,0xef,0x4a,0x93,0x84,
    0x15,0x95,0x12,0x74,0xcc,0x21,0x4a,0x01,0xac,0x09,0x0d,0x1a,0xed,0x11,0xac,0x09,
    0x8c,0x01,0x8c,0x01,0xac,0x01,0xac,0x01,0xac,0x01,0x50,0x53,0x36,0x9d,0x77,0xa5,
    0x13,0x74,0xcd,0x11,0xad,0x01,0x8d,0x01,0xad,0x01,0xee,0x09,0xee,0x09,0xce,0x01,
    0xce,0x01,0xad,0x01,0xad,0x01,0xee,0x09,0x2f,0x1a,0xef,0x09,0xce,0x01,0xce,0x01,
    0xce,0x01,0xae,0x01,0xce,0x01,0xef,0x01,0xef,0x09,0x0f,0x0a,0x10,0x0a,0x10,0x0a,
    0xff,0x30,0x0a,0x50,0x1a,0x71,0x22,0x51,0x1a,0x30,0x0a,0x30,0x0a,0x30,0x0a,0x30,
    0x0a,0x30,0x0a,0x71,0x1a,0x92,0x22,0x71,0x1a,0x51,0x12,0x51,0x12,0x52,0x12,0x92,
    0x22,0x55,0x7c,0xd6,0x94,0x57,0xa5,0xd9,0xb5,0xf9,0xbd,0xb8,0xad,0x55,0x7c,0xf5,
    0x6b,0x96,0x84,0xd9,0xb5,0x9b,0xd6,0x9a,0xce,0xf7,0x94,0xd3,0x32,0xd5,0x63,0xd7,
    0x94,0x78,0xa5,0x19,0xbe,0xbb,0xd6,0xdb,0xde,0x3a,0xc6,0xd5,0x63,0xd3,0x2a,0xd3,
    0x2a,0xd3,0x2a,0xd3,0x2a,0xd3,0x2a,0xf4,0x2a,0xf4,0x32,0xf4,0x32,0xf4,0x32,0xd4,
    0x2a,0xd4,0x2a,0xf4,0x32,0xf4,0x32,0xf4,0x32,0xf4,0x32,0xf5,0x6b,0xbb,0xd6,0xdb,
    0xde,0x9a,0xd6,0xb5,0x63,0xd4,0x2a,0xd4,0x2a,0x74,0x53,0x75,0x53,0xf4,0x32,0xd4,
    0x2a,0xd4,0x2a,0x14,0x33,0xd9,0xb5,0xbb,0xd6,0x7a,0xce,0x19,0xbe,0xb9,0xb5,0xf9,
    0xbd,0x9a,0xd6,0xdb,0xde,0xdb,0xde,0x37,0x9d,0xf4,0x32,0xf4,0x2a,0xf4,0x32,0xf4,
    0x32,0xf4,0x2a,0xd4,0x2a,0xd4,0x2a,0xd4,0x22,0xb4,0x22,0xb3,0x1a,0xb4,0x1a,0xb3,
    0x22,0xb3,0x1a,0xb3,0x1a,0xf0,0x4a,0xe8,0x31,0x46,0x21,0xc8,0x29,0x2a,0x32,0x0e,
    0x4b,0x2e,0x5b,0x8a,0x42,0x8b,0x42,0x4b,0x32,0x91,0x2a,0xd3,0x32,0xf2,0x3a,0xf6,
    0x9c,0x97,0xad,0x9a,0xd6,0x9a,0xd6,0x36,0x74,0x14,0x3b,0x75,0x4b,0x15,0x3b,0x14,
    0x3b,0x14,0x33,0x14,0x33,0x14,0x3b,0x35,0x3b,0x35,0x43,0x55,0x43,0x55,0x43,0x55,
    0x4b,0x55,0x4b,0x75,0x4b,0x55,0x4b,0x75,0x4b,0x55,0x4b,0x75,0x4b,0x36,0xa5,0x9b,
    0xb9,0xde,0xda,0xde,0xda,0xde,0xda,0xde,0xfa,0xde,0xda,0xde,0x78,0xd6,0xd7,0xbd,
    0xd5,0x9c,0x15,0x74,0x95,0x5b,0x75,0x53,0x96,0x53,0xd6,0x5b,0x97,0x84,0x58,0xa5,
    0x5a,0xce,0xdb,0xde,0xdb,0xde,0x38,0x9d,0xb6,0x5b,0xd6,0x5b,0xd6,0x63,0x96,0x94,
    0x78,0xd6,0xda,0xde,0xdb,0xde,0x13,0xdb,0xde,0xff,0xda,0xde,0xda,0xde,0xda,0xde,
    0x75,0xb5,0x98,0xb5,0x5a,0xc6,0x38,0x9d,0xd6,0x63,0x16,0x6c,0x16,0x6c,0xf6,0x6b,
    0xf6,0x63,0x16,0x74,0x1a,0xbe,0xdb,0xde,0xbb,0xd6,0x38,0x9d,0x37,0x74,0x37,0x74,
    0x37,0x74,0x16,0x74,0x16,0x6c,0xd7,0xbd,0xda,0xde,0xda,0xde,0xda,0xde,0xda,0xde,
    0xda,0xde,0xda,0xde,0xda,0xde,0xda,0xde,0xda,0xde,0xda,0xde,0xda,0xde,0xda,0xde,
    0xda,0xde,0xda,0xde,0xda,0xde,0xda,0xde,0x78,0xd6,0x2c,0xc4,0x45,0xc3,0x86,0xc3,
    0xa6,0xc3,0xc6,0xc3,0xe7,0xc3,0xe7,0xc3,0x07,0xc4,0xe7,0xc3,0xe7,0xc3,0xe7,0xc3,
    0xc6,0xc3,0xc6,0xc3,0xa6,0xc3,0x86,0xc3,0x45,0xbb,0x04,0xbb,0x0a,0xbc,0x98,0xd6,
    0x28,0x11,0x68,0x19,0x0d,0x53,0xef,0x73,0xcf,0x6b,0x4f,0x5b,0xae,0x42,0x6c,0x3a,
    0xca,0x29,0x07,0x09,0x07,0x01,0x28,0x09,0x49,0x09,0x29,0x09,0x29,0x09,0xab,0x11,
    0xab,0x11,0x6a,0x09,0x6a,0x09,0x6a,0x09,0x6a,0x09,0x6a,0x09,0x4a,0x09,0x2a,0x01,
    0xab,0x19,0x2f,0x53,0xb4,0x8c,0xf4,0x94,0xb1,0x6b,0x6b,0x09,0x4a,0x01,0xac,0x11,
    0x0d,0x1a,0xcd,0x11,0x8c,0x09,0x8c,0x01,0x8c,0x01,0x8c,0x01,0xac,0x01,0xcd,0x09,
    0x91,0x63,0x57,0xa5,0x56,0xa5,0x92,0x63,0xad,0x01,0xad,0x01,0x8d,0x01,0xad,0x01,
    0xee,0x11,0xee,0x09,0xce,0x01,0xce,0x01,0xad,0x01,0xad,0x01,0xee,0x11,0x2f,0x1a,
    0xee,0x09,0xce,0x01,0xce,0x01,0xce,0x01,0xae,0x01,0xce,0x01,0xef,0x01,0xef,0x09,
    0x0f,0x0a,0x10,0x0a,0x10,0x0a,0x30,0x0a,0xff,0x50,0x1a,0x71,0x22,0x30,0x12,0x30,
    0x0a,0x30,0x0a,0x30,0x0a,0x30,0x02,0x31,0x0a,0x71,0x1a,0x71,0x1a,0x51,0x12,0x51,
    0x12,0x51,0x12,0x51,0x12,0xf2,0x42,0xb8,0xb5,0x9b,0xd6,0xbb,0xd6,0x9b,0xd6,0x7a,
    0xce,0x9b,0xce,0xbb,0xd6,0xbb,0xd6,0x3a,0xc6,0x33,0x4b,0x93,0x1a,0x13,0x43,0xf3,
    0x3a,0xb3,0x22,0x76,0x84,0xbb,0xd6,0xdb,0xd6,0xbb,0xd6,0xbb,0xd6,0x7a,0xce,0xf9,
    0xbd,0x94,0x53,0xd3,0x2a,0xd3,0x2a,0xd3,0x2a,0xd3,0x2a,0xd3,0x2a,0xf3,0x32,0xf4,
    0x32,0xf4,0x32,0xf4,0x32,0xf4,0x32,0xf4,0x32,0xf4,0x32,0xf4,0x32,0xf4,0x32,0xf4,
    0x32,0xf4,0x32,0x14,0x43,0xf9,0xbd,0xdb,0xde,0x9a,0xd6,0x56,0x7c,0xd4,0x2a,0x76,
    0x84,0xbb,0xd6,0xdb,0xde,0xb9,0xad,0xf4,0x32,0xf4,0x2a,0xf4,0x32,0x17,0x9d,0x5a,
    0xc6,0xbb,0xd6,0xdb,0xde,0xdb,0xde,0xdb,0xde,0xba,0xd6,0x9a,0xce,0x17,0x9d,0xf4,
    0x32,0xd4,0x2a,0xf4,0x2a,0xf4,0x2a,0x34,0x43,0x95,0x5b,0xf5,0x63,0x36,0x74,0x96,
    0x84,0x37,0x9d,0xb8,0xb5,0x58,0xa5,0x34,0x4b,0xb3,0x22,0xf0,0x42,0xcc,0x52,0x4d,
    0x63,0xc8,0x29,0x0a,0x2a,0x2f,0x53,0x37,0x9d,0x19,0xbe,0xf9,0xbd,0xf4,0x9c,0xec,
    0x52,0xd1,0x3a,0x31,0x53,0x11,0x74,0x73,0x84,0x52,0x53,0xf5,0x6b,0x76,0x7c,0x55,
    0x4b,0x35,0x43,0x14,0x33,0x15,0x3b,0x14,0x3b,0x14,0x33,0x14,0x3b,0x15,0x3b,0x35,
    0x3b,0x35,0x43,0x55,0x43,0x55,0x43,0x55,0x4b,0x55,0x4b,0x55,0x4b,0x55,0x4b,0x55,
    0x4b,0x75,0x53,0x56,0xad,0xd9,0xde,0x99,0xda,0xde,0xda,0xde,0xda,0xde,0xda,0xde,
    0xda,0xde,0xda,0xde,0xda,0xde,0xda,0xde,0xda,0xde,0x78,0xd6,0xb6,0xbd,0xf6,0x9c,
    0xf5,0x73,0xb6,0x63,0x96,0x53,0x96,0x5b,0xb6,0x5b,0x37,0x74,0xf6,0x6b,0xb6,0x5b,
    0xd6,0x5b,0xd6,0x63,0xb6,0x94,0x98,0xd6,0xdb,0xde,0x16,0xdb,0xde,0xff,0xda,0xde,
    0x55,0xb5,0x35,0x84,0xf6,0x6b,0xb6,0x5b,0xd6,0x63,0x16,0x6c,0xf6,0x6b,0xf6,0x6b,
    0xf6,0x63,0x37,0x74,0x1a,0xc6,0xdb,0xde,0xbb,0xd6,0xf8,0x94,0xf6,0x6b,0xf6,0x6b,
    0xf6,0x6b,0x16,0x74,0x37,0x74,0xb7,0x94,0x39,0xce,0xba,0xd6,0xda,0xde,0xda,0xde,
    0xda,0xde,0xda,0xde,0xda,0xde,0xda,0xde,0xda,0xde,0xda,0xde,0xda,0xde,0xda,0xde,
    0xda,0xde,0xda,0xde,0xda,0xde,0xda,0xde,0xda,0xde,0xda,0xde,0xba,0xde,0x53,0xcd,
    0x2b,0xc4,0xa6,0xc3,0xe6,0xc3,0xe7,0xc3,0x07,0xc4,0x07,0xc4,0x07,0xc4,0x07,0xc4,
    0xe7,0xc3,0xe7,0xc3,0xc6,0xc3,0xa6,0xc3,0x86,0xc3,0xa7,0xc3,0xce,0xc4,0x98,0xd6,
    0xda,0xde,0x67,0x19,0x0d,0x53,0xcf,0x6b,0x2d,0x5b,0xa9,0x21,0x69,0x11,0xca,0x19,
    0x2c,0x2a,0x6d,0x3a,0xce,0x42,0x4c,0x32,0x48,0x11,0xe7,0x00,0x08,0x01,0x8a,0x11,
    0xaa,0x11,0x6a,0x09,0x6a,0x09,0x6a,0x09,0x6a,0x09,0x6a,0x09,0x4a,0x01,0x4a,0x01,
    0xec,0x19,0x90,0x63,0xd4,0x94,0xf4,0x94,0x2f,0x53,0x6a,0x09,0x4b,0x01,0xcc,0x11,
    0x0d,0x1a,0xcc,0x11,0x8c,0x01,0x8c,0x01,0x8c,0x01,0xac,0x01,0xac,0x01,0xcd,0x11,
    0x13,0x74,0x77,0xa5,0x36,0x9d,0x10,0x4b,0xad,0x01,0x8d,0x01,0x8c,0x01,0xad,0x01,
    0xee,0x11,0xce,0x09,0xce,0x01,0xce,0x01,0xad,0x01,0xad,0x01,0x0f,0x12,0x2f,0x12,
    0xee,0x01,0xce,0x01,0xce,0x01,0xce,0x01,0xae,0x01,0xce,0x01,0xef,0x01,0xef,0x09,
    0x0f,0x0a,0x0f,0x0a,0x10,0x0a,0x30,0x0a,0x51,0x1a,0x71,0x22,0xff,0x30,0x12,0x30,
    0x0a,0x30,0x0a,0x30,0x02,0x30,0x02,0x31,0x12,0x72,0x1a,0x71,0x1a,0x51,0x12,0x51,
    0x12,0x51,0x12,0x52,0x12,0x33,0x4b,0xf9,0xbd,0x9b,0xd6,0x9b,0xd6,0x98,0xad,0xd4,
    0x63,0x33,0x4b,0x94,0x5b,0x19,0xbe,0xbb,0xd6,0xbb,0xd6,0xd6,0x8c,0xb3,0x22,0xb3,
    0x22,0xb3,0x22,0xb3,0x22,0xf3,0x3a,0x56,0x7c,0x35,0x7c,0xf5,0x6b,0x94,0x5b,0x54,
    0x4b,0x13,0x3b,0xd3,0x2a,0xd3,0x2a,0xd3,0x2a,0xd3,0x2a,0xf4,0x2a,0xf3,0x32,0xf4,
    0x32,0xf4,0x32,0xf4,0x32,0xf4,0x32,0xf4,0x32,0xf4,0x32,0xf4,0x32,0xf4,0x32,0xf4,
    0x32,0xf4,0x32,0xf4,0x32,0xf4,0x32,0x54,0x4b,0x15,0x6c,0xd5,0x63,0x14,0x3b,0xf4,
    0x32,0xd5,0x63,0xbb,0xd6,0xdb,0xde,0xbb,0xd6,0x16,0x74,0x14,0x33,0xf4,0x32,0xf4,
    0x32,0x34,0x43,0x78,0xad,0xdb,0xde,0xdb,0xde,0x5a,0xc6,0xd5,0x63,0x75,0x53,0x75,
    0x53,0xb7,0x8c,0x58,0xa5,0xf9,0xb5,0x5a,0xc6,0x9a,0xce,0x9a,0xd6,0xba,0xd6,0xdb,
    0xde,0xdb,0xde,0xdb,0xde,0xdb,0xde,0x9a,0xd6,0xd5,0x63,0xd2,0x3a,0xc9,0x29,0xc8,
    0x31,0x8a,0x4a,0x09,0x2a,0x0e,0x4b,0xf6,0x94,0xd9,0xb5,0xbb,0xd6,0xdb,0xde,0xbb,
    0xd6,0x56,0x9d,0x2d,0x5b,0x75,0xad,0x4f,0x84,0x75,0xad,0x70,0x6b,0x14,0x43,0xf4,
    0x32,0x55,0x4b,0x14,0x33,0x15,0x3b,0x15,0x3b,0x14,0x3b,0x14,0x3b,0x15,0x3b,0x35,
    0x3b,0x35,0x43,0x35,0x43,0x55,0x43,0x55,0x4b,0x55,0x4b,0x55,0x43,0x75,0x4b,0x55,
    0x43,0x75,0x53,0x97,0xbd,0xda,0xde,0xda,0xde,0xda,0xde,0x98,0xda,0xde,0xda,0xde,
    0xda,0xde,0xda,0xde,0xda,0xde,0xda,0xde,0xda,0xde,0xda,0xde,0xda,0xde,0xda,0xde,
    0xba,0xde,0x99,0xd6,0xd6,0xbd,0xb4,0x9c,0x36,0x74,0x95,0x53,0xb6,0x5b,0xb6,0x5b,
    0xb6,0x63,0xd6,0x63,0xd6,0x9c,0x99,0xd6,0xda,0xde,0xdb,0xde,0x15,0xdb,0xde,0xff,
    0xda,0xde,0x14,0xad,0x35,0x84,0xf6,0x6b,0xb6,0x5b,0xd6,0x63,0x16,0x74,0x16,0x6c,
    0xf6,0x6b,0xf6,0x63,0x37,0x74,0x3a,0xc6,0xdb,0xde,0xbb,0xd6,0xd7,0x8c,0xd6,0x63,
    0x96,0x5b,0x96,0x53,0x55,0x4b,0x55,0x4b,0x75,0x4b,0x95,0x53,0xd6,0x63,0x56,0x7c,
    0x38,0xa5,0x59,0xce,0xda,0xde,0xda,0xde,0xda,0xde,0xda,0xde,0xda,0xde,0xda,0xde,
    0xda,0xde,0xda,0xde,0xda,0xde,0xda,0xde,0xda,0xde,0xda,0xde,0xda,0xde,0xda,0xde,
    0xda,0xde,0xda,0xde,0xba,0xde,0x17,0xd6,0xf0,0xcc,0x09,0xc4,0x28,0xc4,0x28,0xc4,
    0x28,0xc4,0x27,0xc4,0x07,0xc4,0x07,0xc4,0xe8,0xc3,0x2a,0xc4,0x4f,0xcd,0x57,0xd6,
    0xda,0xde,0xda,0xde,0xda,0xde,0x92,0x8c,0xb3,0x8c,0xcc,0x4a,0x07,0x09,0x07,0x09,
    0x89,0x11,0xaa,0x19,0x69,0x11,0x49,0x09,0x69,0x09,0xeb,0x29,0x2c,0x2a,0x8d,0x3a,
    0x8d,0x3a,0x8a,0x19,0xe8,0x00,0x08,0x01,0x49,0x09,0x6a,0x09,0x6a,0x09,0x4a,0x01,
    0x4a,0x01,0x0c,0x2a,0xf1,0x6b,0xf4,0x94,0xb4,0x8c,0xce,0x4a,0x4a,0x01,0x6b,0x01,
    0xed,0x19,0x0d,0x1a,0xac,0x09,0x8c,0x01,0x8c,0x01,0x8c,0x01,0x8c,0x01,0xac,0x01,
    0x0d,0x22,0x74,0x84,0x77,0xa5,0xf5,0x94,0xaf,0x42,0x8d,0x01,0x8d,0x01,0x8c,0x01,
    0xcd,0x01,0xee,0x11,0xce,0x09,0xae,0x01,0xae,0x01,0x8d,0x01,0xad,0x01,0x0f,0x12,
    0x0f,0x12,0xce,0x01,0xce,0x01,0xce,0x01,0xce,0x01,0xae,0x01,0xce,0x01,0xef,0x01,
    0xef,0x09,0x0f,0x0a,0x0f,0x0a,0x10,0x0a,0x30,0x12,0x51,0x1a,0x71,0x1a,0xff,0x30,
    0x0a,0x30,0x0a,0x30,0x0a,0x30,0x02,0x30,0x02,0x31,0x12,0x71,0x1a,0x71,0x1a,0x51,
    0x12,0x51,0x12,0x51,0x12,0x52,0x12,0xb2,0x2a,0xf9,0xbd,0x9b,0xd6,0x9b,0xd6,0x78,
    0xa5,0xd3,0x32,0x72,0x1a,0x72,0x1a,0x92,0x1a,0xb6,0x8c,0xbb,0xd6,0xbb,0xd6,0xf9,
    0xbd,0xf3,0x32,0xb3,0x22,0xb3,0x22,0xb3,0x22,0xb4,0x5b,0x96,0x84,0x95,0x5b,0xd3,
    0x22,0xd3,0x2a,0xd3,0x2a,0xd3,0x2a,0xd3,0x2a,0xd3,0x2a,0xd3,0x2a,0xf4,0x2a,0xf4,
    0x32,0xf4,0x32,0xf4,0x32,0xf4,0x32,0xf4,0x32,0xf4,0x32,0xf4,0x32,0xf4,0x32,0xf4,
    0x32,0xf4,0x32,0xf4,0x32,0xf4,0x32,0xf4,0x32,0xf4,0x32,0x14,0x33,0xf4,0x32,0xf4,
    0x32,0xf4,0x32,0xf4,0x32,0x34,0x43,0x39,0xc6,0xdb,0xde,0xdb,0xde,0x9a,0xd6,0xd9,
    0xb5,0xd7,0x8c,0x16,0x74,0x96,0x84,0xd9,0xb5,0xdb,0xde,0xdb,0xde,0x7a,0xce,0x75,
    0x53,0x14,0x3b,0x1a,0xbe,0xdb,0xde,0xdb,0xde,0xdb,0xde,0xdb,0xde,0xdb,0xde,0x5a,
    0xc6,0xf9,0xbd,0xbb,0xd6,0xdb,0xde,0xdb,0xde,0x7a,0xce,0xf5,0x6b,0xb4,0x73,0xae,
    0x7b,0x05,0x19,0x87,0x29,0x4a,0x3a,0x0d,0x53,0x94,0x84,0x7a,0xc6,0x9b,0xce,0x9b,
    0xce,0x19,0xbe,0x78,0xa5,0x8f,0x63,0x96,0xb5,0xb6,0xb5,0xf7,0xc5,0x97,0xb5,0x74,
    0x53,0x55,0x4b,0x75,0x4b,0x55,0x4b,0x55,0x4b,0x55,0x4b,0x55,0x4b,0x55,0x4b,0x55,
    0x4b,0x35,0x43,0x35,0x3b,0x35,0x43,0x35,0x43,0x55,0x43,0x55,0x4b,0x55,0x43,0x75,
    0x4b,0x35,0x43,0x95,0x5b,0xd7,0xbd,0xda,0xde,0xda,0xde,0xda,0xde,0xff,0xda,0xde,
    0xda,0xde,0xda,0xde,0xda,0xde,0xda,0xde,0xda,0xde,0xda,0xde,0xda,0xde,0xda,0xde,
    0xda,0xde,0xda,0xde,0xda,0xde,0xda,0xde,0xda,0xde,0x99,0xd6,0xf3,0x73,0xb6,0x5b,
    0xb6,0x5b,0xd6,0x63,0xd6,0x63,0x16,0xa5,0xb9,0xde,0xdb,0xde,0xdb,0xde,0xdb,0xde,
    0xdb,0xde,0xdb,0xde,0xdb,0xde,0xdb,0xde,0xdb,0xde,0xba,0xde,0x99,0xd6,0x78,0xd6,
    0xba,0xde,0xdb,0xde,0xdb,0xde,0xdb,0xde,0xdb,0xde,0xdb,0xde,0xdb,0xde,0xdb,0xde,
    0xdb,0xde,0xdb,0xde,0xdb,0xde,0xdb,0xde,0xba,0xde,0xf4,0xa4,0x15,0x7c,0xf6,0x6b,
    0xd6,0x63,0xd6,0x63,0x16,0x6c,0x16,0x6c,0xf6,0x63,0xf6,0x63,0x57,0x7c,0x5a,0xce,
    0xdb,0xde,0x9a,0xd6,0xb7,0x8c,0xd6,0x63,0x95,0x53,0x75,0x53,0x95,0x5b,0xb6,0x5b,
    0xd6,0x63,0xd6,0x63,0xd6,0x63,0xd6,0x63,0xd6,0x63,0xb6,0x5b,0xd6,0x63,0x97,0x84,
    0x78,0xad,0x39,0xc6,0xba,0xd6,0xda,0xde,0xda,0xde,0xda,0xde,0xda,0xde,0xda,0xde,
    0xda,0xde,0xda,0xde,0xda,0xde,0xda,0xde,0xda,0xde,0xda,0xde,0xda,0xde,0xda,0xde,
    0xda,0xde,0xdb,0xde,0xba,0xde,0x78,0xde,0x36,0xd6,0x15,0xd6,0x15,0xd6,0x15,0xd6,
    0x36,0xd6,0x77,0xd6,0xd9,0xde,0xda,0xde,0xda,0xde,0xda,0xde,0xda,0xde,0xda,0xde,
    0xcf,0x6b,0x0d,0x53,0xad,0x42,0xce,0x42,0x2c,0x32,0x68,0x19,0xe7,0x00,0x08,0x09,
    0x29,0x09,0x29,0x09,0x29,0x09,0x6a,0x09,0xcb,0x19,0x0c,0x2a,0xae,0x3a,0xae,0x3a,
    0xec,0x21,0x69,0x11,0x08,0x01,0x09,0x01,0x4a,0x01,0x4d,0x32,0xff,0x32,0x7c,0x14,
    0x95,0x93,0x84,0x4d,0x32,0x4a,0x01,0x6b,0x01,0xed,0x19,0xed,0x19,0xac,0x09,0x8c,
    0x01,0x8c,0x01,0x8c,0x01,0x8c,0x01,0x8c,0x01,0x6e,0x32,0xd5,0x8c,0x77,0xa5,0xb5,
    0x8c,0x2e,0x22,0xad,0x01,0x8c,0x01,0x8c,0x01,0xcd,0x09,0xee,0x11,0xce,0x01,0xad,
    0x01,0xad,0x01,0x8d,0x01,0xce,0x01,0x0f,0x12,0x0f,0x12,0xce,0x01,0xce,0x01,0xce,
    0x01,0xae,0x01,0xce,0x01,0xce,0x01,0xef,0x01,0xef,0x09,0x0f,0x0a,0x0f,0x0a,0x10,
    0x0a,0x30,0x12,0x51,0x1a,0x51,0x1a,0x30,0x0a,0x10,0x02,0x10,0x0a,0x10,0x02,0x30,
    0x02,0x51,0x12,0x72,0x1a,0x51,0x12,0x51,0x12,0x51,0x12,0x51,0x12,0x52,0x12,0x52,
    0x12,0x92,0x22,0x98,0xad,0x9b,0xd6,0xbb,0xd6,0x17,0x9d,0x92,0x22,0x72,0x1a,0x92,
    0x1a,0x92,0x1a,0x54,0x53,0x7a,0xce,0xbb,0xd6,0x9b,0xd6,0xd5,0x63,0xb3,0x22,0xd3,
    0x32,0x96,0x84,0x7a,0xce,0xdb,0xd6,0x3a,0xc6,0x14,0x43,0xd3,0x2a,0xd3,0x2a,0xd3,
    0x2a,0xd3,0x2a,0xf4,0x2a,0xf4,0x2a,0xf4,0x32,0xf4,0x32,0xf4,0x32,0xf4,0x32,0xf4,
    0x32,0xf4,0x32,0xf4,0x32,0xf4,0x32,0xf4,0x32,0xf4,0x32,0xf4,0x32,0xf4,0x32,0x14,
    0x3b,0x14,0x3b,0x14,0x3b,0x14,0x3b,0x14,0x3b,0x14,0x3b,0x14,0x3b,0xf4,0x32,0xf4,
    0x3a,0x54,0x43,0xb7,0x8c,0x19,0xbe,0x9a,0xd6,0xdb,0xde,0xdb,0xde,0xdb,0xde,0xdb,
    0xde,0xdb,0xde,0xdb,0xde,0x7a,0xce,0x16,0x74,0xf4,0x32,0xf4,0x32,0xd5,0x63,0x98,
    0xad,0x7a,0xce,0xbb,0xd6,0xdb,0xde,0xdb,0xde,0x9a,0xce,0xfe,0x5a,0xc6,0xdb,0xde,
    0xdb,0xde,0x5a,0xce,0xb5,0x5b,0xb4,0x22,0x33,0x53,0xee,0x5a,0x27,0x21,0x67,0x21,
    0x0a,0x2a,0xd1,0x6b,0x16,0x9d,0x39,0xc6,0xdb,0xd6,0x5a,0xc6,0x98,0xad,0xf6,0x94,
    0xf0,0x73,0x54,0xa5,0x59,0xce,0xb8,0xb5,0xb2,0x2a,0x14,0x3b,0x75,0x4b,0x75,0x4b,
    0x75,0x4b,0x75,0x4b,0x75,0x4b,0x75,0x4b,0x75,0x53,0x95,0x53,0x95,0x5b,0x55,0x4b,
    0x35,0x43,0x35,0x43,0x55,0x43,0x55,0x43,0x55,0x4b,0x35,0x43,0x55,0x4b,0x16,0x74,
    0x77,0xb5,0x58,0xce,0xb9,0xde,0xda,0xde,0xda,0xde,0xda,0xde,0xda,0xde,0xda,0xde,
    0xda,0xde,0xda,0xde,0xda,0xde,0xda,0xde,0xda,0xde,0xda,0xde,0xda,0xde,0xda,0xde,
    0xda,0xde,0x79,0xce,0xb2,0x6b,0x95,0x53,0x96,0x5b,0xb6,0x5b,0xd6,0x63,0x16,0xa5,
    0xb9,0xde,0xda,0xde,0xba,0xd6,0xba,0xd6,0x99,0xd6,0x59,0xce,0x17,0xc6,0xb6,0xbd,
    0x35,0xb5,0x94,0x94,0x75,0x8c,0x35,0x84,0xf5,0x6b,0x57,0xad,0xba,0xd6,0xdb,0xde,
    0xdb,0xde,0xdb,0xde,0xdb,0xde,0xdb,0xde,0xdb,0xde,0xdb,0xde,0xdb,0xde,0xdb,0xde,
    0xba,0xd6,0xd3,0xa4,0x15,0x7c,0xf6,0x6b,0xf6,0x63,0xf6,0x6b,0xf6,0x6b,0xf6,0x6b,
    0xf6,0x6b,0xf6,0x63,0x77,0x7c,0x7a,0xce,0xdb,0xde,0x9a,0xd6,0x97,0x84,0xd6,0x63,
    0xb6,0x5b,0xb6,0x5b,0xd6,0x63,0x16,0x6c,0x16,0x74,0x16,0x74,0x16,0x74,0x16,0x74,
    0x16,0x74,0x16,0x6c,0x16,0x6c,0xf6,0x63,0xd6,0x63,0xd6,0x63,0x16,0x74,0x77,0x84,
    0x78,0xad,0x5a,0xce,0xba,0xd6,0xda,0xde,0x19,0xda,0xde,0xff,0x2b,0x32,0x49,0x11,
    0x69,0x11,0xeb,0x21,0x2c,0x32,0x6d,0x32,0xae,0x42,0x0b,0x2a,0x08,0x01,0xc7,0x00,
    0x28,0x09,0x8a,0x11,0x6a,0x11,0x4a,0x09,0x6a,0x09,0xab,0x11,0x0c,0x2a,0x6e,0x32,
    0x6e,0x32,0x2c,0x2a,0x4c,0x32,0x11,0x74,0xd4,0x8c,0x32,0x7c,0xec,0x29,0x4a,0x01,
    0x8b,0x09,0xed,0x19,0xed,0x11,0x8c,0x09,0x8c,0x01,0x8c,0x01,0x8c,0x01,0x8c,0x01,
    0x8c,0x01,0xcf,0x42,0x15,0x95,0x77,0xa5,0x53,0x7c,0x0d,0x22,0xad,0x01,0x8c,0x01,
    0x8d,0x01,0xee,0x09,0xee,0x09,0xce,0x01,0xad,0x01,0xad,0x01,0x8d,0x01,0xce,0x01,
    0x0f,0x12,0xee,0x09,0xce,0x01,0xce,0x01,0xce,0x01,0xae,0x01,0xce,0x01,0xee,0x01,
    0xef,0x01,0xef,0x09,0x0f,0x0a,0x0f,0x0a,0x0f,0x0a,0x30,0x12,0x71,0x1a,0x50,0x1a,
    0x30,0x0a,0x30,0x02,0x10,0x02,0x10,0x02,0x30,0x0a,0x51,0x12,0x71,0x1a,0x51,0x12,
    0x51,0x12,0x51,0x12,0x51,0x12,0x52,0x12,0x72,0x12,0x72,0x12,0x72,0x12,0x55,0x7c,
    0x9b,0xd6,0xbb,0xd6,0xb8,0xad,0xd3,0x32,0xb2,0x22,0xb3,0x22,0xb3,0x22,0xb3,0x22,
    0x78,0xad,0xbb,0xd6,0xbb,0xd6,0x78,0xad,0xd3,0x32,0xd7,0x94,0x9b,0xd6,0xdb,0xde,
    0x9a,0xd6,0x96,0x84,0xd3,0x2a,0xd3,0x2a,0xd3,0x2a,0xd3,0x2a,0xf4,0x2a,0xf4,0x2a,
    0xf4,0x32,0xf4,0x32,0xf4,0x32,0xf4,0x32,0xf4,0x32,0xf4,0x32,0xf4,0x32,0xf4,0x32,
    0xf4,0x32,0xf4,0x32,0xf4,0x32,0xf4,0x3a,0x14,0x3b,0x14,0x3b,0x14,0x3b,0x14,0x3b,
    0x14,0x3b,0x14,0x3b,0x14,0x3b,0x14,0x3b,0x14,0x3b,0xff,0x14,0x3b,0x14,0x3b,0x14,
    0x33,0x14,0x3b,0xb5,0x63,0xb7,0x8c,0xf9,0xbd,0xf8,0xbd,0x76,0xad,0xf7,0x94,0x76,
    0x7c,0xb5,0x5b,0x14,0x33,0x14,0x3b,0x14,0x3b,0x14,0x3b,0xf4,0x32,0x55,0x4b,0x36,
    0x74,0x58,0xa5,0x7a,0xce,0xdb,0xde,0xdb,0xde,0xdb,0xde,0xdb,0xde,0xb9,0xb5,0x75,
    0x53,0xf4,0x2a,0xd4,0x2a,0xd3,0x32,0xb2,0x32,0xac,0x11,0x4c,0x32,0xb1,0x63,0x37,
    0x9d,0x7b,0xce,0x9a,0xce,0x56,0xa5,0x36,0x9d,0x50,0x53,0xcb,0x4a,0xd7,0xbd,0x36,
    0xa5,0xf3,0x3a,0x34,0x43,0x55,0x4b,0x55,0x4b,0x55,0x4b,0x55,0x4b,0x55,0x4b,0x55,
    0x4b,0x75,0x4b,0x75,0x4b,0x96,0x53,0xb6,0x5b,0x75,0x53,0x75,0x4b,0x55,0x4b,0x14,
    0x33,0x55,0x4b,0x35,0x43,0x55,0x4b,0x16,0x6c,0x78,0xa5,0x78,0xa5,0x56,0x7c,0x96,
    0x8c,0x57,0xad,0x38,0xce,0xb9,0xde,0xda,0xde,0xda,0xde,0xda,0xde,0xda,0xde,0xda,
    0xde,0xda,0xde,0xda,0xde,0xda,0xde,0xda,0xde,0xda,0xde,0x38,0xce,0xd3,0x6b,0xf6,
    0x6b,0xd6,0x63,0x96,0x5b,0x95,0x5b,0x17,0xa5,0x96,0xbd,0x15,0xa5,0xd5,0x9c,0x75,
    0x8c,0x35,0x7c,0xb4,0x6b,0xf4,0x73,0x14,0x7c,0x16,0xa5,0x15,0xa5,0xf8,0xbd,0x18,
    0xc6,0x79,0xce,0x12,0x84,0x36,0x7c,0x38,0xce,0xda,0xde,0xdb,0xde,0xdb,0xde,0xdb,
    0xde,0xdb,0xde,0xdb,0xde,0xdb,0xde,0xdb,0xde,0xba,0xde,0x93,0x9c,0x16,0x7c,0xf6,
    0x6b,0xf6,0x63,0xf6,0x6b,0x17,0x6c,0x16,0x6c,0xd6,0x63,0xd6,0x63,0x97,0x84,0x7a,
    0xce,0xdb,0xde,0x9a,0xd6,0x77,0x84,0xd6,0x63,0x98,0xd6,0x63,0xf6,0x63,0xd6,0x63,
    0x16,0x6c,0x16,0x74,0x16,0x74,0x37,0x74,0x37,0x74,0x37,0x7c,0x37,0x74,0x16,0x74,
    0x16,0x6c,0x16,0x6c,0xf6,0x6b,0xd6,0x63,0xd6,0x63,0xf6,0x63,0xf6,0x6b,0x37,0x74,
    0xd7,0x8c,0x58,0xa5,0x19,0xc6,0xba,0xde,0xda,0xde,0x16,0xda,0xde,0xff,0x49,0x11,
    0x89,0x11,0xaa,0x19,0x89,0x11,0x49,0x11,0x49,0x09,0x69,0x11,0x0b,0x2a,0x4d,0x32,
    0x8e,0x3a,0x2c,0x32,0x49,0x11,0xe8,0x00,0x29,0x01,0x49,0x09,0x6a,0x09,0x4a,0x01,
    0x29,0x01,0xab,0x11,0xb1,0x63,0xb7,0xb5,0x97,0xad,0xf2,0x73,0x6a,0x11,0x09,0x01,
    0x4a,0x01,0xec,0x19,0xcc,0x11,0x8c,0x01,0x8c,0x01,0x8c,0x01,0x8c,0x01,0x8c,0x01,
    0x8c,0x01,0x50,0x5b,0x36,0x9d,0x77,0xa5,0xf2,0x73,0xcd,0x09,0x8d,0x01,0x8c,0x01,
    0x8d,0x01,0xee,0x09,0xee,0x09,0xcd,0x01,0xad,0x01,0xad,0x01,0x8d,0x01,0xee,0x09,
    0x2f,0x12,0xee,0x09,0xce,0x01,0xce,0x01,0xce,0x01,0xae,0x01,0xce,0x01,0xef,0x01,
    0xef,0x01,0xef,0x09,0x0f,0x0a,0x0f,0x0a,0x10,0x0a,0x30,0x12,0x71,0x1a,0x50,0x1a,
    0x10,0x0a,0x10,0x02,0x10,0x02,0x10,0x02,0x30,0x0a,0x51,0x1a,0x71,0x1a,0x51,0x12,
    0x51,0x0a,0x51,0x12,0x51,0x12,0x51,0x02,0x52,0x02,0x72,0x1a,0x13,0x43,0xb4,0x63,
    0x33,0x4b,0xb4,0x63,0x76,0x84,0x54,0x53,0xb3,0x2a,0xb3,0x2a,0xd3,0x2a,0xd3,0x2a,
    0xd3,0x2a,0xf5,0x6b,0x9b,0xd6,0xbb,0xd6,0x7a,0xce,0x78,0xad,0xbb,0xd6,0xdb,0xde,
    0x7a,0xce,0x56,0x7c,0xd3,0x22,0xd3,0x2a,0xd3,0x2a,0xd3,0x2a,0xd3,0x2a,0xf4,0x2a,
    0xf4,0x32,0xf4,0x32,0xf4,0x32,0xf4,0x32,0xf4,0x32,0xf4,0x32,0xf4,0x32,0xf4,0x32,
    0xf4,0x32,0xf4,0x32,0x14,0x3b,0x14,0x3b,0x14,0x3b,0x14,0x3b,0x14,0x3b,0x14,0x3b,
    0x14,0x3b,0x14,0x3b,0x14,0x3b,0x14,0x3b,0x14,0x43,0x33,0x43,0xff,0x53,0x4b,0x52,
    0x53,0x51,0x53,0x70,0x5b,0x70,0x63,0x8e,0x63,0x8e,0x63,0x6d,0x63,0x8d,0x63,0xcf,
    0x73,0xf1,0x73,0xd3,0x63,0x94,0x53,0x14,0x3b,0x14,0x3b,0x14,0x3b,0x14,0x3b,0x14,
    0x3b,0x14,0x33,0xb5,0x63,0x39,0xc6,0xdb,0xde,0xdb,0xde,0x9a,0xce,0xbb,0xd6,0x9a,
    0xd6,0xb7,0x8c,0xf4,0x32,0xf4,0x32,0x14,0x33,0x14,0x3b,0x93,0x1a,0x51,0x12,0xf1,
    0x42,0x55,0x7c,0xd9,0xb5,0x7a,0xce,0x19,0xbe,0x37,0x9d,0xb1,0x63,0x8b,0x42,0x70,
    0x63,0xd3,0x2a,0x75,0x4b,0x95,0x53,0x55,0x4b,0x55,0x4b,0x55,0x4b,0x55,0x4b,0x55,
    0x4b,0x55,0x4b,0x75,0x4b,0x75,0x4b,0x75,0x4b,0xb6,0x5b,0xb6,0x5b,0x75,0x53,0x55,
    0x4b,0x35,0x43,0x35,0x3b,0x55,0x4b,0x96,0x53,0xd7,0x8c,0x7a,0xce,0xdb,0xde,0xdb,
    0xde,0x3a,0xc6,0x38,0x9d,0xb7,0x8c,0x96,0x8c,0x77,0xb5,0x38,0xce,0x99,0xd6,0xda,
    0xde,0xda,0xde,0xda,0xde,0xda,0xde,0xda,0xde,0xda,0xde,0x18,0xc6,0x93,0x63,0xf6,
    0x63,0x16,0x6c,0x16,0x74,0x16,0x74,0x36,0x7c,0x55,0x7c,0x95,0x8c,0xf6,0x94,0x16,
    0xa5,0xd7,0xbd,0xf7,0xc5,0x99,0xd6,0xba,0xd6,0xda,0xde,0xdb,0xde,0xdb,0xde,0xdb,
    0xde,0xda,0xde,0xdb,0xde,0x38,0xce,0xb4,0x6b,0x57,0xad,0xba,0xd6,0xda,0xde,0xda,
    0xde,0xdb,0xde,0xdb,0xde,0xdb,0xde,0xdb,0xde,0x99,0xd6,0x72,0x94,0xf5,0x73,0xf6,
    0x63,0xf6,0x63,0xf6,0x63,0xf6,0x63,0xf6,0x6b,0x16,0x74,0xf6,0x6b,0x97,0x84,0x9a,
    0xd6,0xdb,0xde,0x7a,0xce,0x77,0x84,0xf6,0x6b,0xd6,0x63,0x9b,0xf6,0x6b,0x16,0x74,
    0x37,0x74,0x16,0x74,0x16,0x74,0x16,0x74,0x16,0x6c,0xf6,0x6b,0xf6,0x6b,0xf6,0x6b,
    0x16,0x6c,0x16,0x6c,0x16,0x6c,0x16,0x6c,0x16,0x6c,0xf6,0x6b,0xd6,0x63,0xf6,0x63,
    0xd6,0x63,0xf6,0x63,0x16,0x74,0x57,0x7c,0xb7,0x8c,0x98,0xb5,0x3a,0xce,0xba,0xd6,
    0xda,0xde,0x13,0xda,0xde,0xff,0x89,0x11,0xaa,0x19,0x69,0x11,0x49,0x09,0x49,0x09,
    0x49,0x09,0x28,0x09,0x29,0x09,0xaa,0x11,0xcb,0x19,0x0c,0x2a,0xae,0x42,0xae,0x3a,
    0xcb,0x21,0x28,0x09,0x08,0x01,0x09,0x01,0xab,0x11,0x50,0x5b,0xd4,0x8c,0xf4,0x94,
    0xb1,0x6b,0x0d,0x2a,0x4e,0x2a,0xcf,0x42,0x2d,0x2a,0x4a,0x09,0x29,0x01,0x4b,0x01,
    0x8c,0x01,0x8c,0x01,0x8c,0x01,0xac,0x11,0xd2,0x6b,0x56,0xa5,0x56,0xa5,0x71,0x5b,
    0xad,0x09,0x8c,0x01,0x8c,0x01,0xad,0x01,0xee,0x09,0xce,0x09,0xad,0x01,0xad,0x01,
    0xad,0x01,0x8d,0x01,0xee,0x09,0x0f,0x12,0xee,0x01,0xce,0x01,0xce,0x01,0xce,0x01,
    0xad,0x01,0xce,0x01,0xef,0x01,0xef,0x01,0x0f,0x0a,0x0f,0x0a,0x0f,0x0a,0x10,0x0a,
    0x30,0x12,0x51,0x1a,0x30,0x12,0x10,0x02,0x10,0x02,0x10,0x02,0x10,0x02,0x30,0x0a,
    0x51,0x1a,0x71,0x1a,0x51,0x12,0x51,0x0a,0x51,0x0a,0x51,0x12,0xb2,0x32,0xf7,0x94,
    0xd9,0xbd,0x3a,0xc6,0x9a,0xce,0xbb,0xd6,0x9a,0xce,0xb8,0xad,0xf5,0x6b,0x13,0x43,
    0xd3,0x32,0xd3,0x32,0xd3,0x32,0xd3,0x32,0xd3,0x2a,0x14,0x43,0x1a,0xc6,0xbb,0xd6,
    0xbb,0xd6,0xbb,0xd6,0xdb,0xd6,0x5a,0xc6,0xd5,0x63,0xd3,0x2a,0xd3,0x2a,0xd3,0x2a,
    0xd3,0x2a,0xd3,0x2a,0xf4,0x2a,0xf4,0x32,0xf4,0x32,0xf4,0x32,0xf4,0x32,0xf4,0x32,
    0xf4,0x32,0xf4,0x32,0xf4,0x32,0xf4,0x32,0xf4,0x32,0x14,0x3b,0x14,0x3b,0x14,0x3b,
    0x14,0x3b,0x14,0x3b,0x14,0x3b,0x14,0x3b,0x14,0x3b,0x14,0x3b,0x92,0x5b,0x8f,0x63,
    0x8e,0x63,0x8e,0x63,0xff,0x8e,0x63,0x6d,0x63,0x8d,0x63,0x8d,0x63,0x8e,0x6b,0x8e,
    0x63,0x8e,0x63,0x6d,0x63,0x8d,0x63,0x8e,0x63,0x8e,0x6b,0x8e,0x63,0xcf,0x6b,0x31,
    0x7c,0xf3,0x63,0x54,0x43,0x35,0x43,0x15,0x3b,0xf6,0x6b,0x7a,0xce,0xdb,0xde,0xdb,
    0xde,0xd9,0xb5,0x75,0x4b,0x95,0x5b,0x75,0x53,0x14,0x3b,0x14,0x33,0xf4,0x32,0x14,
    0x33,0x14,0x3b,0x14,0x3b,0x14,0x33,0xd4,0x2a,0x93,0x1a,0xb2,0x2a,0x12,0x4b,0x72,
    0x5b,0x71,0x5b,0x6d,0x42,0x70,0x32,0xf4,0x32,0x35,0x43,0x96,0x53,0x75,0x53,0x75,
    0x4b,0x55,0x4b,0x55,0x4b,0x55,0x4b,0x55,0x43,0x55,0x4b,0x75,0x4b,0x75,0x4b,0x75,
    0x4b,0x95,0x53,0xb6,0x63,0xb6,0x5b,0x55,0x43,0xf4,0x32,0x15,0x74,0x78,0xd6,0x76,
    0xb5,0x35,0x84,0x16,0x74,0x97,0x84,0xd9,0xb5,0x9a,0xd6,0xdb,0xde,0xbb,0xd6,0x7a,
    0xce,0x58,0xa5,0x56,0x7c,0xb7,0x94,0x77,0xb5,0x38,0xce,0xba,0xde,0xda,0xde,0xda,
    0xde,0xf7,0xc5,0x73,0x5b,0xb6,0x5b,0xb6,0x5b,0xd6,0x63,0xf6,0x6b,0xb7,0xbd,0xba,
    0xd6,0xba,0xd6,0xda,0xde,0xda,0xde,0xda,0xde,0xda,0xde,0xdb,0xde,0xdb,0xde,0xdb,
    0xde,0xdb,0xde,0xdb,0xde,0xdb,0xde,0xda,0xde,0xdb,0xde,0xda,0xde,0xda,0xde,0x74,
    0x8c,0x77,0x84,0x18,0xce,0xdb,0xde,0xdb,0xde,0xdb,0xde,0xdb,0xde,0xdb,0xde,0x99,
    0xd6,0x32,0x8c,0xf6,0x73,0xf6,0x6b,0xf6,0x63,0xf6,0x63,0xf6,0x63,0xf6,0x63,0xf6,
    0x6b,0x16,0x6c,0xd7,0x8c,0x9a,0xd6,0xdb,0xde,0x5a,0xce,0x37,0x74,0xf6,0x6b,0x16,
    0x74,0xf6,0x6b,0xff,0xf6,0x6b,0x37,0x74,0x57,0x7c,0x36,0x74,0x16,0x74,0x16,0x74,
    0x16,0x6c,0xf6,0x63,0xd6,0x63,0xf6,0x6b,0x16,0x6c,0x16,0x74,0x16,0x6c,0x36,0x74,
    0x36,0x74,0x16,0x6c,0xf6,0x6b,0xf6,0x63,0xd6,0x63,0xd6,0x63,0xf6,0x63,0xf6,0x63,
    0xf6,0x6b,0x37,0x74,0x77,0x84,0xb7,0x8c,0x58,0xad,0x5a,0xce,0xba,0xde,0xda,0xde,
    0xda,0xde,0xda,0xde,0xda,0xde,0xda,0xde,0xda,0xde,0xda,0xde,0xda,0xde,0xda,0xde,
    0xda,0xde,0xda,0xde,0xda,0xde,0xda,0xde,0xda,0xde,0xda,0xde,0xda,0xde,0xda,0xde,
    0x89,0x11,0x69,0x11,0x49,0x09,0x49,0x09,0x29,0x09,0x08,0x09,0x49,0x09,0xaa,0x11,
    0x8a,0x11,0x4a,0x09,0x4a,0x09,0x4a,0x09,0xcb,0x19,0x4d,0x32,0x4d,0x32,0x4d,0x32,
    0x8d,0x42,0x4f,0x5b,0x93,0x84,0x93,0x84,0x0e,0x53,0x2a,0x01,0x4a,0x01,0xcc,0x11,
    0x4e,0x2a,0x8f,0x32,0xaf,0x3a,0x8f,0x3a,0xed,0x21,0x2a,0x01,0x2a,0x01,0xac,0x11,
    0x33,0x7c,0x77,0xa5,0x16,0x9d,0x10,0x4b,0x8d,0x01,0x8c,0x01,0x8c,0x01,0xad,0x01,
    0xee,0x09,0xce,0x01,0xad,0x01,0xad,0x01,0x8d,0x01,0xad,0x01,0xef,0x09,0x0f,0x12,
    0xce,0x01,0xce,0x01,0xce,0x01,0xae,0x01,0xae,0x01,0xce,0x01,0xef,0x01,0xef,0x09,
    0xef,0x01,0x0f,0x02,0x0f,0x02,0x10,0x0a,0x50,0x1a,0x51,0x1a,0x30,0x12,0x10,0x02,
    0x10,0x02,0x10,0x02,0x30,0x02,0x31,0x0a,0x71,0x1a,0x51,0x1a,0x51,0x0a,0x51,0x0a,
    0x51,0x12,0x51,0x12,0x13,0x43,0xb8,0xb5,0xbb,0xd6,0x9b,0xd6,0x9b,0xce,0x19,0xc6,
    0xf9,0xbd,0xff,0x9b,0xce,0xdb,0xd6,0xbb,0xd6,0x5a,0xc6,0x98,0xad,0x94,0x5b,0xd3,
    0x32,0xf3,0x32,0xd3,0x32,0xd3,0x32,0x17,0x9d,0xbb,0xd6,0xbb,0xd6,0xbb,0xd6,0xf9,
    0xbd,0x94,0x5b,0xd3,0x22,0xd3,0x2a,0xd3,0x2a,0xd3,0x2a,0xd3,0x2a,0xf4,0x2a,0xf4,
    0x32,0xf4,0x32,0xf4,0x32,0xf4,0x32,0xf4,0x32,0xf4,0x32,0xf4,0x32,0xf4,0x32,0xf4,
    0x32,0x14,0x3b,0x14,0x3b,0x14,0x3b,0x14,0x3b,0x14,0x3b,0x14,0x3b,0x14,0x3b,0x14,
    0x3b,0x14,0x3b,0x14,0x3b,0xb2,0x5b,0x8e,0x63,0x6d,0x63,0x6d,0x63,0x6d,0x63,0x4d,
    0x63,0x8e,0x63,0x8e,0x6b,0x8e,0x6b,0x8d,0x63,0x8d,0x63,0x6d,0x63,0x6d,0x63,0x8e,
    0x63,0x8e,0x63,0x6d,0x63,0x6d,0x63,0x6d,0x63,0x8e,0x63,0xae,0x6b,0x10,0x74,0x12,
    0x74,0x54,0x7c,0x5a,0xce,0xdb,0xde,0xdb,0xde,0x78,0xad,0x55,0x43,0x14,0x3b,0x14,
    0x3b,0x14,0x3b,0x14,0x3b,0x14,0x33,0x14,0x33,0x14,0x3b,0x14,0x3b,0x14,0x3b,0x34,
    0x3b,0x35,0x3b,0x14,0x3b,0xf4,0x32,0xd4,0x2a,0xb3,0x1a,0x93,0x12,0xd3,0x2a,0x14,
    0x3b,0x55,0x43,0x55,0x43,0x96,0x53,0x96,0x53,0x75,0x4b,0x75,0x4b,0x55,0x4b,0x75,
    0x4b,0x55,0x4b,0x75,0x4b,0x75,0x4b,0x75,0x4b,0x75,0x4b,0x75,0x53,0x95,0x53,0x34,
    0x43,0xd4,0x22,0x15,0x7c,0x78,0xd6,0xda,0xde,0xfa,0xde,0xd9,0xde,0x58,0xce,0x97,
    0xb5,0x75,0x8c,0x16,0x74,0xd7,0x94,0xb9,0xb5,0x7a,0xce,0xdb,0xde,0xbb,0xd6,0x3a,
    0xc6,0x79,0xad,0x97,0x8c,0xb6,0x94,0x77,0xb5,0xb7,0xbd,0x74,0x5b,0x95,0x53,0x96,
    0x53,0xff,0x96,0x53,0xb5,0x63,0xd7,0xc5,0xda,0xde,0xdb,0xde,0xda,0xde,0xda,0xde,
    0xdb,0xde,0xdb,0xde,0xda,0xde,0xdb,0xde,0xdb,0xde,0xdb,0xde,0xdb,0xde,0xdb,0xde,
    0xda,0xde,0xdb,0xde,0xdb,0xde,0xdb,0xde,0xda,0xde,0xd6,0xbd,0xd5,0x6b,0x98,0xb5,
    0xba,0xd6,0xdb,0xde,0xdb,0xde,0xdb,0xde,0x79,0xd6,0x33,0x8c,0xf6,0x73,0xf6,0x6b,
    0xf6,0x63,0xf6,0x63,0xf6,0x6b,0xf6,0x6b,0xf6,0x6b,0xf6,0x63,0xf8,0x94,0xbb,0xd6,
    0xdb,0xde,0x3a,0xc6,0x37,0x74,0xf6,0x63,0xf6,0x6b,0x16,0x6c,0xf6,0x6b,0xf6,0x63,
    0x17,0x74,0x57,0x7c,0x77,0x7c,0x57,0x7c,0x36,0x74,0x16,0x74,0x16,0x74,0x16,0x74,
    0x16,0x74,0x16,0x74,0x36,0x74,0x37,0x7c,0x57,0x7c,0x37,0x74,0x16,0x6c,0xf6,0x6b,
    0xd6,0x63,0xd6,0x63,0xd6,0x63,0xd6,0x63,0xd6,0x63,0xd6,0x63,0xd6,0x63,0xf6,0x6b,
    0x16,0x6c,0x16,0x74,0x57,0x7c,0xd7,0x94,0x58,0xa5,0xf9,0xbd,0xba,0xd6,0xda,0xde,
    0xda,0xde,0xda,0xde,0xda,0xde,0xda,0xde,0xda,0xde,0xda,0xde,0xda,0xde,0xda,0xde,
    0xda,0xde,0xda,0xde,0xda,0xde,0xda,0xde,0xda,0xde,0x48,0x11,0xe7,0x00,0x08,0x01,
    0x28,0x09,0x08,0x09,0x49,0x09,0xaa,0x11,0x6a,0x11,0x4a,0x09,0x4a,0x09,0x4a,0x09,
    0x6a,0x09,0x4a,0x09,0x29,0x01,0x4a,0x09,0x6d,0x32,0xf5,0x94,0xf8,0xb5,0x15,0x9d,
    0x6d,0x3a,0x09,0x01,0x09,0x01,0xab,0x11,0xcc,0x11,0xac,0x09,0x8c,0x01,0x8c,0x01,
    0xcd,0x11,0x8f,0x32,0xd0,0x42,0xf0,0x4a,0x94,0x8c,0x36,0x9d,0xd5,0x8c,0x6e,0x3a,
    0xff,0x8c,0x01,0x8c,0x01,0x8c,0x01,0xad,0x01,0xee,0x09,0xce,0x01,0xad,0x01,0xad,
    0x01,0x8d,0x01,0xad,0x01,0x0f,0x0a,0x0f,0x0a,0xce,0x01,0xce,0x01,0xce,0x01,0xae,
    0x01,0xae,0x01,0xce,0x01,0xef,0x01,0xef,0x01,0xef,0x01,0x0f,0x02,0x0f,0x02,0x30,
    0x0a,0x50,0x1a,0x51,0x1a,0x30,0x0a,0x10,0x02,0x10,0x02,0x10,0x02,0x10,0x02,0x31,
    0x0a,0x71,0x1a,0x51,0x12,0x51,0x0a,0x51,0x0a,0x51,0x0a,0x51,0x12,0x73,0x53,0x19,
    0xbe,0x9b,0xd6,0x9b,0xd6,0x98,0xad,0x54,0x4b,0xd3,0x2a,0xf3,0x32,0x34,0x4b,0xd6,
    0x8c,0x5a,0xc6,0xbb,0xd6,0xbb,0xd6,0x17,0x9d,0xd3,0x2a,0xd3,0x2a,0xd3,0x2a,0xd3,
    0x2a,0x74,0x53,0xd9,0xb5,0x3a,0xc6,0xb9,0xb5,0x34,0x43,0xd3,0x2a,0xd3,0x2a,0xd3,
    0x2a,0xd3,0x2a,0xd4,0x2a,0xf4,0x32,0xf4,0x32,0xf4,0x32,0xf4,0x32,0xf4,0x32,0xf4,
    0x32,0xf4,0x32,0xf4,0x32,0xf4,0x32,0xf4,0x3a,0x14,0x3b,0x14,0x3b,0x14,0x3b,0x14,
    0x3b,0x14,0x3b,0x14,0x3b,0x14,0x3b,0x14,0x3b,0x14,0x3b,0x34,0x43,0x92,0x63,0x6d,
    0x63,0x6d,0x63,0x6d,0x63,0x6d,0x63,0x6d,0x63,0x8e,0x63,0x4d,0x63,0x6d,0x63,0x6e,
    0x63,0x8e,0x63,0x6d,0x63,0x8d,0x63,0x8e,0x6b,0x8d,0x63,0x6d,0x63,0x8d,0x63,0xae,
    0x6b,0x8e,0x63,0x8e,0x63,0x8e,0x6b,0x6d,0x63,0x8d,0x63,0xae,0x6b,0x10,0x7c,0x34,
    0x9d,0x56,0xa5,0x94,0x53,0x35,0x43,0x15,0x3b,0x15,0x3b,0x14,0x3b,0x14,0x3b,0x14,
    0x3b,0x14,0x3b,0x14,0x3b,0x14,0x3b,0x15,0x3b,0x35,0x3b,0x35,0x3b,0x35,0x43,0xff,
    0x35,0x43,0x35,0x3b,0x14,0x3b,0x14,0x33,0x35,0x43,0x55,0x43,0xf4,0x32,0x35,0x3b,
    0x75,0x4b,0x96,0x53,0x95,0x53,0x75,0x4b,0x75,0x4b,0x75,0x4b,0x75,0x4b,0x75,0x4b,
    0x75,0x4b,0x75,0x4b,0x75,0x4b,0x75,0x53,0x35,0x43,0xd4,0x22,0x35,0x84,0x78,0xd6,
    0xda,0xde,0xda,0xde,0xda,0xde,0xda,0xde,0xda,0xde,0xda,0xde,0xda,0xde,0x78,0xd6,
    0x56,0xad,0x96,0x8c,0x16,0x74,0xd7,0x94,0xf9,0xbd,0x9a,0xce,0xdb,0xde,0xdb,0xde,
    0x79,0xad,0xd6,0x63,0xd6,0x63,0xd6,0x63,0xd6,0x63,0xb6,0x5b,0xd6,0x6b,0xf8,0xbd,
    0xda,0xde,0xdb,0xde,0xdb,0xde,0xdb,0xde,0xda,0xde,0xda,0xde,0xda,0xde,0xdb,0xde,
    0xdb,0xde,0xdb,0xde,0xdb,0xde,0xdb,0xde,0xdb,0xde,0xdb,0xde,0xdb,0xde,0xdb,0xde,
    0xdb,0xde,0xda,0xde,0xda,0xde,0x73,0x94,0x77,0x84,0x59,0xce,0xdb,0xde,0xdb,0xde,
    0x58,0xce,0xf2,0x83,0xf6,0x73,0xf6,0x6b,0xf6,0x6b,0xf6,0x6b,0xf6,0x63,0xf6,0x6b,
    0xf6,0x63,0xf6,0x6b,0xf8,0x94,0xbb,0xd6,0xdb,0xde,0x3a,0xc6,0x37,0x74,0xf6,0x63,
    0xf6,0x63,0xf6,0x63,0xd6,0x63,0xf6,0x63,0xb6,0x63,0xb6,0x5b,0x16,0x6c,0x57,0x7c,
    0x77,0x7c,0x77,0x84,0x77,0x84,0x57,0x7c,0x57,0x7c,0x57,0x7c,0x57,0x7c,0x57,0x7c,
    0x57,0x7c,0x37,0x74,0x16,0x74,0xf6,0x6b,0xf6,0x63,0xf6,0x63,0xd6,0x63,0xd6,0x63,
    0xf6,0x63,0xd6,0x63,0xd6,0x63,0xd6,0x63,0xd6,0x63,0xd6,0x63,0xd6,0x63,0xd6,0x63,
    0xf6,0x6b,0x16,0x74,0x36,0x74,0x77,0x84,0x58,0xa5,0x3a,0xc6,0x9a,0xd6,0xff,0xda,
    0xde,0xda,0xde,0xda,0xde,0xda,0xde,0xda,0xde,0xda,0xde,0xda,0xde,0xda,0xde,0xda,
    0xde,0xda,0xde,0xda,0xde,0x6d,0x32,0x8d,0x3a,0xaa,0x19,0x08,0x01,0xe7,0x00,0x49,
    0x09,0x49,0x09,0x4a,0x09,0x4a,0x09,0x4a,0x09,0x4a,0x09,0x4a,0x09,0x29,0x01,0x4a,
    0x09,0x6d,0x3a,0x52,0x7c,0xf4,0x94,0x73,0x84,0x8e,0x42,0xec,0x19,0xaf,0x3a,0xcf,
    0x42,0xcc,0x19,0x29,0x01,0x2a,0x01,0x6b,0x01,0x8c,0x01,0x8c,0x01,0x8c,0x01,0x8e,
    0x3a,0x15,0x95,0xd8,0xb5,0x57,0xa5,0xf0,0x4a,0xac,0x11,0x4b,0x01,0x4b,0x01,0xad,
    0x01,0xce,0x09,0xcd,0x01,0xad,0x01,0xad,0x01,0x8d,0x01,0xad,0x01,0x0f,0x12,0xee,
    0x09,0xce,0x01,0xce,0x01,0xce,0x01,0xad,0x01,0xae,0x01,0xce,0x01,0xef,0x01,0xef,
    0x01,0xef,0x01,0xef,0x01,0x0f,0x02,0x10,0x0a,0x50,0x1a,0x50,0x1a,0x10,0x0a,0x10,
    0x02,0x10,0x02,0x10,0x02,0x10,0x02,0x31,0x0a,0x51,0x12,0x51,0x1a,0xf1,0x3a,0x51,
    0x1a,0x51,0x12,0x51,0x12,0xb4,0x63,0x3a,0xc6,0x9b,0xd6,0x9b,0xd6,0x17,0x9d,0xd3,
    0x32,0x93,0x1a,0xb3,0x2a,0xf3,0x32,0xf4,0x3a,0xd3,0x2a,0xb6,0x8c,0xbb,0xd6,0xdb,
    0xd6,0x5a,0xce,0xf5,0x6b,0xb6,0x8c,0x58,0xa5,0x99,0xad,0x78,0xa5,0x94,0x5b,0x34,
    0x43,0xf3,0x32,0xd3,0x2a,0xd3,0x2a,0xd3,0x2a,0xd3,0x2a,0xf4,0x2a,0xf4,0x2a,0xf4,
    0x32,0xf4,0x32,0xf4,0x32,0xf4,0x32,0xf4,0x32,0xf4,0x32,0xf4,0x32,0xf4,0x32,0xf4,
    0x3a,0x14,0x3b,0x14,0x3b,0x14,0x3b,0x14,0x3b,0x14,0x3b,0x14,0x3b,0xdf,0x14,0x3b,
    0x14,0x3b,0x14,0x3b,0x34,0x43,0xb1,0x63,0x8e,0x6b,0x6d,0x63,0x6e,0x63,0x8d,0x63,
    0x8d,0x63,0x6d,0x63,0x8e,0x63,0x8e,0x6b,0x6d,0x63,0x4d,0x5b,0x6d,0x63,0x6d,0x63,
    0x8e,0x63,0x6d,0x63,0x8e,0x63,0x8e,0x6b,0x8e,0x63,0x8e,0x6b,0x8e,0x63,0x8e,0x6b,
    0x8d,0x63,0x8e,0x6b,0x8e,0x6b,0x6d,0x63,0x8e,0x63,0x8d,0x63,0xae,0x6b,0xcf,0x73,
    0x73,0x84,0xf4,0x6b,0x54,0x43,0x35,0x3b,0x35,0x3b,0x15,0x3b,0x15,0x3b,0x15,0x3b,
    0x35,0x3b,0x35,0x3b,0x35,0x3b,0x35,0x3b,0x35,0x43,0x35,0x43,0x35,0x43,0x35,0x3b,
    0x35,0x3b,0x55,0x4b,0x14,0x3b,0x14,0x3b,0x35,0x43,0x55,0x43,0x75,0x4b,0x95,0x53,
    0x96,0x53,0x76,0x53,0x76,0x53,0x95,0x53,0x75,0x53,0x75,0x4b,0x75,0x53,0x95,0x53,
    0x14,0x3b,0xf4,0x2a,0x75,0x8c,0x98,0xd6,0xda,0xde,0xda,0xde,0xda,0xde,0xda,0xde,
    0xda,0xde,0xda,0xde,0xda,0xde,0xda,0xde,0xda,0xde,0xfa,0xde,0xba,0xd6,0x99,0xd6,
    0x96,0xb5,0x54,0x84,0x56,0x7c,0xb7,0x8c,0x18,0x9d,0x77,0x84,0xd6,0x63,0xd6,0x63,
    0xd6,0x63,0xd6,0x63,0x36,0x7c,0x38,0xc6,0xda,0xde,0xdb,0xde,0x12,0xdb,0xde,0xff,
    0xf7,0xc5,0xf5,0x73,0x57,0xad,0xba,0xde,0x58,0xce,0xf3,0x83,0xf6,0x73,0xf6,0x6b,
    0xf6,0x6b,0xf6,0x6b,0xf6,0x6b,0xf6,0x63,0xf6,0x63,0xf6,0x6b,0x18,0x95,0xbb,0xd6,
    0xdb,0xde,0x1a,0xc6,0x37,0x74,0xf6,0x6b,0xf6,0x63,0xf6,0x63,0xd6,0x5b,0xb6,0x5b,
    0xd6,0x63,0xf6,0x6b,0xd6,0x63,0xb6,0x63,0xb6,0x5b,0xd6,0x63,0xd6,0x63,0xd6,0x63,
    0xd6,0x63,0xb5,0x63,0xb5,0x63,0xb5,0x63,0xb6,0x63,0xb6,0x63,0xb6,0x5b,0xb6,0x5b,
    0xd6,0x63,0xd6,0x63,0xd6,0x63,0xf6,0x63,0xd6,0x63,0xd6,0x63,0xd6,0x63,0xd6,0x63,
    0xd6,0x63,0xd6,0x63,0xd6,0x63,0xd6,0x63,0xd6,0x63,0xd6,0x63,0xd6,0x63,0xd6,0x63,
    0xf6,0x63,0xf6,0x6b,0x36,0x74,0x77,0x84,0x18,0x9d,0xf8,0xbd,0x9a,0xd6,0xda,0xde,
    0xda,0xde,0xda,0xde,0xda,0xde,0xda,0xde,0xda,0xde,0xda,0xde,0xf7,0xc5,0x29,0x09,
    0x49,0x09,0xeb,0x21,0x8e,0x3a,0x8d,0x3a,0xeb,0x29,0x28,0x09,0xe8,0x00,0x29,0x01,
    0x49,0x09,0x49,0x01,0x29,0x01,0x6a,0x09,0xce,0x42,0x73,0x84,0xf4,0x94,0x11,0x74,
    0xcb,0x21,0x2a,0x01,0x8b,0x09,0xed,0x19,0x4e,0x32,0x8f,0x3a,0x8f,0x3a,0x6e,0x32,
    0xac,0x19,0x2a,0x01,0x2a,0x01,0xef,0x4a,0x15,0x95,0x77,0xa5,0x33,0x7c,0xcd,0x11,
    0x0e,0x22,0x6f,0x32,0x70,0x32,0x8f,0x3a,0xed,0x21,0x4b,0x01,0x6c,0x01,0x8c,0x01,
    0x8d,0x01,0xce,0x01,0x0f,0x12,0xee,0x09,0xce,0x01,0xce,0x01,0xce,0x01,0xad,0x01,
    0xae,0x01,0xce,0x01,0xef,0x01,0xef,0x01,0x0f,0x02,0xef,0x01,0x0f,0x02,0xff,0x30,
    0x0a,0x50,0x1a,0x50,0x12,0x10,0x0a,0x10,0x02,0x10,0x02,0x10,0x02,0x10,0x02,0x30,
    0x0a,0x30,0x02,0x30,0x1a,0x70,0x5b,0xce,0x73,0x30,0x7c,0xf1,0x6b,0xd3,0x6b,0x5a,
    0xc6,0xbb,0xd6,0xbb,0xd6,0x5a,0xce,0x96,0x84,0x54,0x4b,0x93,0x1a,0xb3,0x22,0xd3,
    0x2a,0xf4,0x32,0xf5,0x6b,0x19,0xbe,0xdb,0xd6,0xdb,0xd6,0xdb,0xde,0xdb,0xde,0xdb,
    0xde,0xdb,0xde,0xdb,0xd6,0x5a,0xc6,0xf5,0x6b,0xd3,0x2a,0xd3,0x2a,0xd3,0x2a,0xd3,
    0x2a,0xd3,0x2a,0xf4,0x2a,0xf4,0x2a,0xf4,0x32,0xf4,0x32,0xf4,0x32,0xf4,0x32,0xf4,
    0x32,0xf4,0x32,0xf4,0x32,0xf4,0x3a,0xf4,0x3a,0x14,0x3b,0x14,0x3b,0x14,0x3b,0x14,
    0x3b,0x14,0x3b,0x14,0x3b,0x14,0x3b,0x14,0x3b,0x14,0x3b,0x54,0x4b,0xb0,0x63,0x6d,
    0x63,0x6d,0x63,0x4d,0x63,0x8d,0x63,0x6d,0x63,0x6d,0x63,0x6d,0x63,0x6d,0x63,0x6d,
    0x63,0x8e,0x63,0x8e,0x6b,0x6d,0x63,0x8d,0x63,0x8d,0x63,0x8e,0x6b,0x8e,0x63,0x6d,
    0x63,0x8d,0x63,0x8e,0x6b,0x8e,0x63,0x6d,0x63,0x8e,0x6b,0x6d,0x63,0x8e,0x6b,0x8e,
    0x6b,0x6d,0x63,0xae,0x6b,0x8e,0x6b,0xae,0x6b,0x6d,0x63,0xae,0x6b,0x30,0x7c,0x33,
    0x74,0xd4,0x63,0x74,0x4b,0x15,0x3b,0x35,0x3b,0x35,0x3b,0x35,0x3b,0x35,0x3b,0x35,
    0x3b,0x35,0x3b,0x35,0x43,0x35,0x3b,0x14,0x3b,0x35,0x43,0x35,0x3b,0x35,0x3b,0x35,
    0x43,0x55,0x43,0x55,0x43,0x55,0x43,0x55,0x43,0x55,0x4b,0x75,0x4b,0x96,0x5b,0xb6,
    0x63,0x96,0x53,0x96,0x5b,0xb6,0x5b,0x55,0x43,0x14,0x3b,0x16,0xa5,0x9b,0x98,0xd6,
    0xda,0xde,0xda,0xde,0xda,0xde,0xda,0xde,0xda,0xde,0xda,0xde,0xda,0xde,0xda,0xde,
    0xda,0xde,0xda,0xde,0xda,0xde,0xda,0xde,0xda,0xde,0xda,0xde,0xda,0xde,0x58,0xce,
    0x76,0xb5,0xd5,0x6b,0xd6,0x63,0xd6,0x63,0xd6,0x63,0xd6,0x63,0x56,0x84,0x38,0xce,
    0xda,0xde,0xdb,0xde,0x13,0xdb,0xde,0xff,0xba,0xd6,0x33,0x84,0xd7,0x94,0xf7,0xc5,
    0x13,0x84,0xf6,0x73,0xf6,0x6b,0xf6,0x6b,0xf6,0x6b,0xf6,0x63,0xf6,0x63,0xf6,0x6b,
    0xf6,0x63,0x38,0x9d,0xbb,0xd6,0xdb,0xde,0x19,0xbe,0x37,0x74,0xf6,0x6b,0xf6,0x63,
    0xf6,0x63,0xb6,0x5b,0xb6,0x5b,0xd6,0x63,0xd6,0x63,0x95,0x53,0x55,0x4b,0xf5,0x73,
    0x13,0x7c,0x94,0x94,0xf5,0x9c,0x76,0xad,0x96,0xb5,0xb7,0xb5,0xf8,0xc5,0xd7,0xbd,
    0xb7,0xb5,0xb7,0xb5,0x55,0xad,0x36,0xa5,0xd6,0x94,0x34,0x84,0x94,0x5b,0x95,0x53,
    0xb6,0x5b,0xd6,0x63,0xd6,0x63,0xd6,0x63,0xd6,0x63,0xd6,0x63,0xd6,0x63,0xd6,0x63,
    0xd6,0x63,0xd6,0x63,0xd6,0x63,0xd6,0x63,0xd6,0x63,0xb5,0x5b,0x95,0x53,0x75,0x4b,
    0x75,0x53,0x95,0x53,0x16,0x74,0xf7,0x9c,0xd9,0xbd,0x9a,0xd6,0xda,0xde,0xda,0xde,
    0xda,0xde,0xf7,0xc5,0x35,0x7c,0x08,0x09,0x28,0x09,0x8a,0x11,0x8a,0x11,0x8a,0x11,
    0x0c,0x2a,0xae,0x3a,0x6d,0x32,0x8a,0x19,0x08,0x01,0xe8,0x00,0x6a,0x09,0x0f,0x4b,
    0xb3,0x8c,0xf4,0x94,0x90,0x63,0x6a,0x09,0x4a,0x01,0x8b,0x09,0xed,0x19,0xac,0x09,
    0x8b,0x01,0x6b,0x01,0x8c,0x09,0xed,0x19,0xb0,0x3a,0xd0,0x42,0xd2,0x6b,0x36,0x9d,
    0x16,0x95,0xb1,0x63,0x8c,0x09,0x8c,0x01,0x8c,0x01,0x8c,0x01,0xee,0x09,0x4f,0x22,
    0xb1,0x3a,0xd1,0x42,0x2f,0x22,0x8c,0x11,0x6c,0x09,0xad,0x09,0xce,0x01,0xae,0x01,
    0xce,0x01,0xae,0x01,0xad,0x01,0xae,0x01,0xce,0x01,0xef,0x01,0xef,0x01,0xef,0x01,
    0xef,0x01,0x0f,0x0a,0x30,0x12,0xff,0x50,0x1a,0x30,0x12,0x10,0x02,0x10,0x02,0x10,
    0x02,0x10,0x02,0x30,0x02,0x31,0x0a,0x31,0x12,0x31,0x0a,0xf1,0x73,0xcf,0x73,0x50,
    0x84,0x91,0x84,0xb1,0x8c,0xd2,0x94,0xf3,0x94,0xd7,0xb5,0x7a,0xce,0xba,0xd6,0xbb,
    0xd6,0x7a,0xce,0x98,0xad,0x35,0x74,0x54,0x4b,0xd5,0x63,0x5a,0xc6,0xdb,0xd6,0xbb,
    0xd6,0x7a,0xce,0x3a,0xc6,0x98,0xad,0xf7,0x94,0x56,0x7c,0x94,0x53,0x14,0x3b,0xf3,
    0x2a,0xd3,0x2a,0xd3,0x2a,0xd3,0x2a,0xd3,0x2a,0xd3,0x2a,0xf4,0x32,0xf4,0x32,0xf4,
    0x32,0xf4,0x32,0xf4,0x32,0xf4,0x32,0xf4,0x32,0xf4,0x32,0xf4,0x32,0xf4,0x3a,0x14,
    0x3b,0x14,0x3b,0x14,0x3b,0x14,0x3b,0x14,0x3b,0x14,0x3b,0x14,0x3b,0x14,0x3b,0x14,
    0x3b,0x54,0x4b,0xb0,0x6b,0x6d,0x63,0x8e,0x63,0x6d,0x63,0x8e,0x63,0x6d,0x63,0x6d,
    0x63,0x4d,0x63,0x6d,0x63,0x6d,0x63,0x6d,0x63,0x6d,0x63,0x6d,0x63,0xae,0x6b,0x8e,
    0x63,0x6d,0x63,0x8e,0x63,0x6d,0x63,0x6d,0x63,0x6d,0x63,0x6d,0x63,0x6d,0x63,0x6d,
    0x63,0x6d,0x63,0x8e,0x6b,0x6d,0x63,0x6d,0x63,0x8e,0x6b,0x6d,0x63,0x8e,0x63,0x6d,
    0x63,0xae,0x6b,0x8e,0x6b,0x8e,0x6b,0x8d,0x63,0xae,0x6b,0x10,0x74,0x52,0x7c,0xb4,
    0x5b,0x54,0x4b,0x35,0x43,0x35,0x43,0x35,0x43,0x55,0x43,0x35,0x43,0x55,0x43,0x55,
    0x43,0x35,0x3b,0x35,0x3b,0x55,0x43,0x55,0x43,0x55,0x43,0x55,0x43,0x55,0x43,0x55,
    0x43,0x55,0x43,0x75,0x4b,0x76,0x53,0x75,0x53,0x96,0x53,0xb6,0x5b,0x35,0x43,0x55,
    0x43,0x37,0xa5,0xb9,0xde,0x11,0xda,0xde,0x89,0x35,0xa5,0xb5,0x63,0xd6,0x63,0x77,
    0x84,0x99,0xad,0x98,0xad,0x79,0xce,0xda,0xde,0xdb,0xde,0x12,0xdb,0xde,0xff,0xda,
    0xde,0xda,0xde,0xdb,0xde,0xb6,0xbd,0xd5,0x6b,0x77,0x84,0x16,0x74,0xf6,0x6b,0xf6,
    0x6b,0xf6,0x6b,0xf6,0x6b,0xf6,0x6b,0xf6,0x6b,0x16,0x6c,0x58,0xa5,0xdb,0xde,0xdb,
    0xde,0xf9,0xbd,0x17,0x74,0xf6,0x6b,0xf6,0x6b,0xf6,0x63,0xb6,0x5b,0x95,0x53,0x95,
    0x53,0x54,0x53,0xd4,0x6b,0x15,0xa5,0xf6,0xc5,0x99,0xd6,0xda,0xde,0xdb,0xde,0xda,
    0xde,0xdb,0xde,0xda,0xde,0xda,0xde,0xda,0xde,0xda,0xde,0xda,0xde,0xda,0xde,0xda,
    0xde,0xda,0xde,0xda,0xde,0xd9,0xde,0x99,0xd6,0x97,0xb5,0xb6,0x8c,0xf5,0x6b,0x95,
    0x5b,0xd6,0x5b,0xd6,0x63,0xd6,0x63,0xd6,0x63,0xd6,0x63,0xd6,0x63,0xd6,0x63,0xd6,
    0x63,0xb6,0x63,0x95,0x53,0x75,0x4b,0x55,0x43,0x55,0x43,0x75,0x4b,0x95,0x53,0x95,
    0x5b,0x95,0x5b,0xb5,0x5b,0xf6,0x6b,0xf7,0x9c,0x19,0xc6,0xf8,0xc5,0x36,0x7c,0xd6,
    0x63,0xe7,0x00,0x08,0x01,0x49,0x09,0x49,0x09,0x49,0x09,0x49,0x09,0x4a,0x09,0xab,
    0x19,0x0c,0x22,0x4d,0x2a,0x0f,0x53,0xf1,0x73,0x72,0x84,0x93,0x84,0x0e,0x53,0x4a,
    0x01,0x4a,0x01,0xac,0x11,0xec,0x11,0xac,0x09,0x6b,0x01,0x6b,0x01,0x8c,0x01,0x8c,
    0x01,0x8c,0x01,0x8c,0x01,0xf2,0x6b,0xb7,0xad,0xd8,0xb5,0x34,0x74,0x4e,0x32,0x6b,
    0x09,0x2b,0x01,0x4b,0x01,0xcd,0x09,0xcd,0x01,0xad,0x01,0xad,0x01,0xcd,0x09,0x0e,
    0x1a,0xb1,0x3a,0x12,0x4b,0x6f,0x32,0x8d,0x09,0x4c,0x01,0x8d,0x01,0xad,0x01,0xce,
    0x01,0xce,0x01,0xef,0x01,0xef,0x01,0xef,0x01,0x0f,0x02,0x10,0x0a,0xff,0x30,0x12,
    0x50,0x1a,0x30,0x12,0x10,0x02,0x10,0x02,0x10,0x02,0x10,0x02,0x30,0x0a,0x31,0x0a,
    0x31,0x12,0x51,0x12,0xd0,0x3a,0x8e,0x6b,0x0f,0x7c,0xcf,0x73,0x91,0x8c,0xf2,0x94,
    0xf2,0x94,0xf3,0x94,0xf3,0x94,0x13,0x9d,0x75,0xa5,0xd7,0xb5,0x7a,0xce,0xdb,0xd6,
    0xbb,0xd6,0x7a,0xce,0x9a,0xce,0xdb,0xd6,0xbb,0xd6,0x17,0x9d,0x14,0x3b,0xd3,0x2a,
    0xd3,0x2a,0xd3,0x2a,0xd3,0x2a,0xd3,0x2a,0xd3,0x2a,0xd3,0x2a,0xd3,0x2a,0xd3,0x2a,
    0xd3,0x2a,0xf4,0x2a,0xf4,0x32,0xf4,0x32,0xf4,0x32,0xf4,0x32,0xf4,0x32,0xf4,0x32,
    0xf4,0x32,0xf4,0x32,0xf4,0x32,0xf4,0x3a,0x14,0x3b,0x14,0x3b,0x14,0x3b,0x14,0x3b,
    0x14,0x3b,0x14,0x3b,0x14,0x3b,0x14,0x3b,0x14,0x3b,0x74,0x53,0xaf,0x6b,0x6d,0x63,
    0x6d,0x63,0x6d,0x63,0x6d,0x63,0x4d,0x63,0x6d,0x63,0x8e,0x6b,0x8e,0x6b,0x8e,0x63,
    0x8d,0x63,0x8d,0x63,0x6d,0x63,0x6d,0x63,0x8e,0x63,0x6d,0x63,0x6d,0x63,0x6d,0x63,
    0x6d,0x63,0x6d,0x63,0x6d,0x63,0x8e,0x63,0x8e,0x63,0x8d,0x63,0x6d,0x63,0x8d,0x63,
    0xae,0x6b,0x8e,0x6b,0xae,0x6b,0x8e,0x6b,0x8e,0x6b,0x8e,0x6b,0xce,0x6b,0x8e,0x6b,
    0x8d,0x63,0xae,0x6b,0xae,0x6b,0x8e,0x6b,0x8e,0x63,0xcf,0x73,0xf0,0x73,0x32,0x7c,
    0x14,0x6c,0x75,0x4b,0x35,0x3b,0x35,0x3b,0x55,0x43,0x35,0x3b,0x55,0x43,0x55,0x43,
    0x55,0x43,0x55,0x43,0x55,0x43,0x55,0x43,0x55,0x43,0x55,0x43,0x55,0x43,0x75,0x4b,
    0x55,0x4b,0x96,0x53,0x96,0x5b,0x35,0x3b,0x35,0x3b,0x76,0x53,0x9b,0x56,0x7c,0x16,
    0xa5,0x17,0xce,0x98,0xd6,0xd9,0xde,0xda,0xde,0xda,0xde,0xda,0xde,0xda,0xde,0xda,
    0xde,0xda,0xde,0xda,0xde,0xda,0xde,0xda,0xde,0xda,0xde,0xda,0xde,0xda,0xde,0xda,
    0xde,0xd4,0x9c,0x95,0x5b,0xd6,0x63,0xf8,0x94,0xbb,0xd6,0xdb,0xde,0xdb,0xde,0xda,
    0xde,0xdb,0xde,0x16,0xdb,0xde,0xff,0xf6,0xc5,0xd4,0x73,0xf6,0x6b,0xf6,0x63,0xf6,
    0x6b,0xf6,0x6b,0xf6,0x6b,0xf6,0x6b,0xf6,0x6b,0xf6,0x6b,0x79,0xad,0xdb,0xd6,0xdb,
    0xde,0xd9,0xb5,0x37,0x74,0xf6,0x6b,0xf6,0x6b,0xf6,0x63,0x95,0x53,0x14,0x3b,0x34,
    0x53,0xf5,0xa4,0x37,0xce,0xba,0xde,0xda,0xde,0xdb,0xde,0xda,0xde,0xda,0xde,0xda,
    0xde,0xda,0xde,0xda,0xde,0xdb,0xde,0xda,0xde,0xda,0xde,0xda,0xde,0xda,0xde,0xdb,
    0xde,0xdb,0xde,0xda,0xde,0xda,0xde,0xda,0xde,0xda,0xde,0xda,0xde,0xda,0xde,0xba,
    0xd6,0xd7,0xbd,0x34,0x7c,0x95,0x5b,0xb6,0x5b,0xd6,0x63,0xf6,0x63,0xd6,0x63,0xd6,
    0x63,0xd6,0x63,0x96,0x5b,0x95,0x53,0x75,0x53,0xd6,0x63,0xf6,0x6b,0xf6,0x6b,0xf6,
    0x6b,0xf6,0x6b,0xf6,0x6b,0xf6,0x6b,0xf6,0x6b,0xd6,0x63,0xd6,0x63,0x16,0x6c,0x16,
    0x74,0x37,0x7c,0xae,0x42,0x2c,0x2a,0x8a,0x19,0x08,0x01,0xe8,0x00,0x29,0x01,0x29,
    0x01,0x29,0x01,0x29,0x01,0x0c,0x22,0x12,0x74,0xd7,0xb5,0x97,0xad,0x30,0x53,0x6a,
    0x11,0x29,0x01,0x4a,0x01,0xac,0x11,0x8b,0x09,0x6b,0x01,0x6b,0x01,0x6c,0x01,0x6c,
    0x01,0x8c,0x01,0xed,0x19,0x33,0x7c,0x77,0xa5,0x16,0x9d,0xcf,0x4a,0xad,0x01,0x4f,
    0x2a,0x90,0x32,0x90,0x32,0x4e,0x32,0x8c,0x11,0x4b,0x01,0x6c,0x01,0x8c,0x01,0x8d,
    0x01,0xee,0x09,0xee,0x09,0xee,0x09,0x50,0x2a,0xd1,0x3a,0x70,0x2a,0xee,0x19,0xcd,
    0x11,0x8d,0x01,0xae,0x01,0xce,0x01,0xef,0x01,0xef,0x01,0x0f,0x0a,0x30,0x12,0x50,
    0x12,0x30,0x0a,0x10,0x02,0xff,0x10,0x02,0x10,0x02,0x10,0x02,0x30,0x02,0x31,0x0a,
    0x51,0x12,0x51,0x12,0xf0,0x42,0xae,0x6b,0x0f,0x7c,0x70,0x84,0xd2,0x94,0x92,0x8c,
    0x30,0x84,0x91,0x8c,0xb2,0x8c,0x13,0x9d,0x33,0x9d,0x34,0x9d,0x34,0xa5,0x55,0xa5,
    0x77,0xa5,0x19,0xbe,0xbb,0xd6,0xdb,0xde,0xdb,0xd6,0x9b,0xd6,0x58,0xa5,0x56,0x7c,
    0x14,0x43,0xb3,0x22,0xb3,0x22,0xd3,0x22,0xd3,0x2a,0xd3,0x2a,0xd3,0x2a,0xd3,0x2a,
    0xd3,0x2a,0xf4,0x2a,0xf4,0x2a,0xf4,0x32,0xf4,0x32,0xf4,0x32,0xf4,0x32,0xf4,0x32,
    0xf4,0x32,0xf4,0x32,0xf4,0x3a,0x14,0x3b,0x14,0x3b,0x14,0x3b,0x14,0x3b,0x14,0x3b,
    0x14,0x3b,0x14,0x3b,0x14,0x3b,0x14,0x3b,0x34,0x3b,0x73,0x53,0x8e,0x63,0x4d,0x63,
    0x6d,0x63,0x6d,0x63,0x6d,0x63,0x6d,0x63,0x8d,0x63,0x6d,0x63,0x4d,0x63,0x6d,0x63,
    0x6d,0x63,0x6d,0x63,0x6d,0x63,0x8e,0x6b,0x8e,0x6b,0x6d,0x63,0x8e,0x6b,0x8e,0x63,
    0x8e,0x6b,0xae,0x6b,0x8e,0x6b,0x8e,0x63,0x6e,0x63,0x8e,0x6b,0x8e,0x63,0x8e,0x6b,
    0x8d,0x63,0x8d,0x63,0x8d,0x63,0x6d,0x63,0x8d,0x63,0x6d,0x63,0x6d,0x63,0x4d,0x63,
    0x6d,0x63,0x8e,0x6b,0x8e,0x63,0x6d,0x63,0xae,0x6b,0xae,0x6b,0x8e,0x6b,0x8e,0x6b,
    0x8e,0x63,0xae,0x6b,0x51,0x7c,0x33,0x74,0xf4,0x63,0x95,0x53,0x55,0x43,0x55,0x43,
    0x55,0x43,0x55,0x43,0x55,0x43,0x55,0x43,0x55,0x43,0x55,0x43,0x55,0x43,0x75,0x4b,
    0x55,0x4b,0x55,0x43,0x75,0x4b,0x35,0x43,0x55,0x43,0x75,0x4b,0x75,0x4b,0x75,0x4b,
    0x96,0x53,0xb6,0x5b,0x9b,0x56,0x84,0x56,0xad,0x17,0xce,0x99,0xd6,0xd9,0xde,0xda,
    0xde,0xda,0xde,0xda,0xde,0xda,0xde,0xda,0xde,0xda,0xde,0xda,0xde,0xda,0xde,0xba,
    0xd6,0xb4,0x94,0xb5,0x5b,0xd6,0x63,0x18,0x9d,0xbb,0xd6,0xdb,0xde,0x3a,0xc6,0x97,
    0x8c,0x36,0xa5,0x18,0xc6,0x9a,0xd6,0xda,0xde,0xdb,0xde,0x12,0xdb,0xde,0xff,0xd6,
    0xc5,0x14,0x8c,0x16,0x74,0xf6,0x6b,0xf6,0x63,0xf6,0x6b,0xf6,0x6b,0xf6,0x6b,0xf6,
    0x6b,0xf6,0x6b,0x99,0xad,0xdb,0xde,0xdb,0xde,0xd9,0xb5,0x16,0x6c,0xf6,0x6b,0xf6,
    0x6b,0xd6,0x63,0x55,0x4b,0x74,0x53,0x16,0xa5,0x78,0xd6,0xda,0xde,0xdb,0xde,0xda,
    0xde,0xda,0xde,0xda,0xde,0xdb,0xde,0xda,0xde,0xda,0xde,0xdb,0xde,0xda,0xde,0xda,
    0xde,0xda,0xde,0xdb,0xde,0xdb,0xde,0xdb,0xde,0xda,0xde,0xdb,0xde,0xda,0xde,0xda,
    0xde,0xda,0xde,0xda,0xde,0xda,0xde,0xda,0xde,0xda,0xde,0xda,0xde,0xda,0xde,0x58,
    0xce,0x96,0x8c,0x95,0x5b,0xd6,0x63,0xd6,0x63,0xd6,0x63,0xd6,0x63,0xb6,0x63,0xb6,
    0x5b,0xd6,0x63,0xf6,0x6b,0xf6,0x6b,0x16,0x6c,0x16,0x74,0x36,0x74,0x36,0x74,0x16,
    0x6c,0xf6,0x6b,0xf6,0x6b,0xd6,0x63,0xb6,0x63,0xd6,0x63,0xd6,0x63,0x6a,0x11,0xab,
    0x19,0x4d,0x2a,0xae,0x3a,0x2c,0x2a,0x29,0x09,0xe8,0x00,0x08,0x01,0x2c,0x2a,0x32,
    0x74,0xf4,0x94,0x93,0x84,0x6d,0x3a,0x8b,0x11,0x2d,0x22,0x10,0x4b,0x8e,0x3a,0x6b,
    0x11,0x29,0x01,0x2a,0x01,0x6b,0x01,0x6b,0x01,0x8c,0x01,0x0d,0x2a,0xb4,0x8c,0x77,
    0xa5,0xd5,0x94,0x4e,0x32,0x8c,0x01,0x8c,0x01,0x6c,0x01,0xad,0x01,0x0e,0x1a,0x4f,
    0x2a,0xd1,0x3a,0xb1,0x3a,0xcd,0x11,0x6c,0x09,0x6c,0x01,0xad,0x09,0xad,0x01,0xae,
    0x01,0xae,0x01,0xae,0x01,0xce,0x09,0x2f,0x1a,0xd2,0x3a,0xd2,0x42,0x2f,0x22,0xae,
    0x09,0xae,0x01,0xcf,0x01,0x30,0x12,0x50,0x12,0x10,0x0a,0x10,0x02,0xff,0x10,0x02,
    0x10,0x02,0x10,0x02,0x30,0x0a,0x31,0x0a,0x51,0x12,0x51,0x1a,0x0f,0x4b,0xae,0x6b,
    0x30,0x7c,0x91,0x84,0xb1,0x8c,0xf3,0x94,0xd3,0x94,0xf3,0x9c,0x13,0x9d,0xf3,0x9c,
    0x10,0x7c,0x71,0x8c,0x54,0xa5,0x55,0xa5,0x77,0xad,0xf4,0x6b,0xd4,0x6b,0x94,0x5b,
    0xf7,0x94,0x5a,0xc6,0xbb,0xd6,0xbb,0xd6,0xbb,0xd6,0x3a,0xc6,0x14,0x43,0xd3,0x22,
    0xd3,0x22,0xd3,0x2a,0xd3,0x2a,0xd3,0x2a,0xd3,0x2a,0xf4,0x2a,0xf4,0x32,0xf4,0x32,
    0xf4,0x32,0xf4,0x32,0xf4,0x32,0xf4,0x32,0xf4,0x32,0xf4,0x32,0xf4,0x32,0x14,0x3b,
    0x14,0x3b,0x14,0x3b,0x14,0x3b,0x14,0x3b,0x14,0x3b,0x14,0x3b,0x14,0x3b,0x14,0x3b,
    0x34,0x3b,0x93,0x5b,0x8e,0x63,0x6d,0x63,0x6d,0x63,0x6d,0x63,0x6d,0x63,0x8e,0x6b,
    0x6d,0x63,0x6d,0x63,0x8e,0x63,0x4d,0x63,0x6d,0x63,0x6d,0x63,0x6d,0x63,0x6d,0x63,
    0x6d,0x63,0x6d,0x63,0x6d,0x63,0x6d,0x63,0x8d,0x63,0x6e,0x63,0x6d,0x63,0x8e,0x6b,
    0x8e,0x63,0x8e,0x63,0x6d,0x63,0x8e,0x6b,0x8d,0x63,0x6d,0x63,0x6d,0x63,0x6d,0x63,
    0x8e,0x63,0x8e,0x63,0x8e,0x6b,0x8e,0x6b,0xae,0x6b,0xae,0x6b,0xae,0x6b,0x8e,0x6b,
    0xae,0x6b,0x6d,0x63,0x8e,0x6b,0xae,0x6b,0xae,0x6b,0x8e,0x6b,0xae,0x6b,0x8e,0x63,
    0xae,0x6b,0xae,0x6b,0x10,0x7c,0x73,0x84,0xf5,0x6b,0x75,0x4b,0x55,0x43,0x55,0x43,
    0x55,0x43,0x55,0x4b,0x55,0x4b,0x55,0x4b,0x55,0x4b,0x55,0x43,0x75,0x4b,0x35,0x43,
    0x55,0x43,0x75,0x4b,0x75,0x4b,0x75,0x4b,0x75,0x53,0x76,0x53,0xff,0x76,0x53,0x96,
    0x53,0xb6,0x5b,0xf6,0x6b,0x56,0x84,0x57,0xad,0x37,0xce,0xb9,0xde,0xda,0xde,0xda,
    0xde,0xda,0xde,0xda,0xde,0xda,0xde,0xba,0xd6,0x54,0x8c,0xb6,0x63,0xd6,0x63,0x97,
    0x84,0xbb,0xd6,0xdb,0xde,0xdb,0xde,0x1a,0xbe,0xb7,0x84,0xf6,0x6b,0xf6,0x6b,0x36,
    0x74,0x17,0x9d,0x38,0xce,0xba,0xde,0xda,0xde,0xdb,0xde,0xdb,0xde,0xdb,0xde,0xdb,
    0xde,0xdb,0xde,0xdb,0xde,0xdb,0xde,0xdb,0xde,0xdb,0xde,0xdb,0xde,0xdb,0xde,0xdb,
    0xde,0xdb,0xde,0xdb,0xde,0xda,0xde,0x95,0xbd,0x14,0x84,0x16,0x74,0xf6,0x6b,0xf6,
    0x6b,0xf6,0x6b,0xf6,0x6b,0xf6,0x63,0xf6,0x6b,0x16,0x6c,0xb9,0xb5,0xdb,0xde,0xdb,
    0xde,0x99,0xad,0x16,0x6c,0xf6,0x6b,0xf6,0x6b,0xd6,0x63,0x34,0x43,0x95,0x94,0x16,
    0xce,0xba,0xde,0xdb,0xde,0xdb,0xde,0xdb,0xde,0xdb,0xde,0xda,0xde,0xda,0xde,0xda,
    0xde,0xda,0xde,0xdb,0xde,0xdb,0xde,0xdb,0xde,0xda,0xde,0xda,0xde,0xda,0xde,0xda,
    0xde,0xda,0xde,0xdb,0xde,0xdb,0xde,0xdb,0xde,0xdb,0xde,0xda,0xde,0xda,0xde,0xda,
    0xde,0xda,0xde,0xda,0xde,0xda,0xde,0xda,0xde,0xda,0xde,0xba,0xde,0xd7,0xbd,0xb5,
    0x63,0xb6,0x5b,0xd6,0x63,0xf6,0x63,0xf6,0x6b,0xf6,0x6b,0xf6,0x6b,0xf6,0x6b,0x16,
    0x6c,0xf6,0x6b,0xf6,0x6b,0xf6,0x6b,0xf6,0x6b,0xf6,0x6b,0xf6,0x6b,0xf6,0x6b,0xf6,
    0x6b,0xf6,0x63,0xd6,0x63,0xd6,0x63,0x49,0x09,0x49,0x09,0x29,0x01,0x6a,0x09,0xeb,
    0x21,0x0c,0x22,0x8e,0x3a,0xd1,0x73,0x32,0x7c,0xb3,0x84,0xff,0xf1,0x73,0xcb,0x21,
    0x2a,0x01,0x6b,0x01,0xcc,0x11,0xec,0x19,0x0d,0x2a,0x6f,0x32,0x8f,0x32,0x4e,0x32,
    0x8b,0x11,0x0a,0x01,0x4d,0x32,0xd5,0x8c,0x77,0xa5,0x74,0x84,0x0d,0x2a,0x8c,0x01,
    0x6c,0x01,0x8c,0x01,0xad,0x01,0xce,0x09,0xad,0x01,0x8d,0x01,0x8d,0x01,0xcd,0x09,
    0x4f,0x22,0xf1,0x42,0xd1,0x42,0x2e,0x22,0x6c,0x01,0x6c,0x01,0x8d,0x01,0xad,0x01,
    0xce,0x01,0xce,0x01,0xef,0x01,0x2f,0x1a,0x91,0x32,0xd2,0x3a,0xf2,0x42,0x90,0x32,
    0xee,0x11,0xce,0x01,0xef,0x01,0xf0,0x01,0x10,0x02,0x10,0x02,0x30,0x0a,0x31,0x0a,
    0x51,0x12,0x71,0x1a,0x2f,0x53,0xce,0x73,0x30,0x7c,0x91,0x84,0xb2,0x8c,0x34,0x9d,
    0xf3,0x94,0xd2,0x94,0x34,0xa5,0x54,0xa5,0x13,0x9d,0x34,0xa5,0x34,0x9d,0x13,0x9d,
    0x16,0x9d,0x33,0x4b,0x93,0x63,0x76,0xa5,0xb5,0x8c,0x54,0x4b,0xd3,0x2a,0xf5,0x6b,
    0x17,0x9d,0x58,0xa5,0xd7,0x94,0x14,0x3b,0xd3,0x22,0xd3,0x2a,0xd3,0x2a,0xd3,0x2a,
    0xd3,0x2a,0xf4,0x2a,0xf4,0x32,0xf4,0x32,0xf4,0x32,0xf4,0x32,0xf4,0x32,0xf4,0x32,
    0xf4,0x32,0xf4,0x3a,0xf4,0x3a,0x14,0x3b,0x14,0x3b,0x14,0x3b,0x14,0x3b,0x14,0x3b,
    0x14,0x3b,0x14,0x3b,0x14,0x3b,0x14,0x3b,0x14,0x3b,0x92,0x5b,0x8e,0x6b,0x4d,0x63,
    0x6d,0x63,0x6d,0x63,0x4d,0x63,0x6e,0x63,0x4d,0x63,0x6d,0x63,0x6d,0x63,0x6d,0x63,
    0x8e,0x63,0x6d,0x63,0x6d,0x63,0x6d,0x63,0x8e,0x63,0x6d,0x63,0x6d,0x63,0x6e,0x63,
    0x6d,0x63,0x6d,0x63,0x6d,0x63,0x6d,0x63,0x8e,0x63,0xff,0x6d,0x63,0x8e,0x63,0x8d,
    0x63,0x6d,0x63,0x8e,0x6b,0x8e,0x6b,0x8e,0x63,0x8e,0x6b,0xae,0x6b,0x8d,0x63,0x8e,
    0x63,0x8e,0x6b,0x8e,0x6b,0x8e,0x63,0x8e,0x63,0x8e,0x6b,0x8e,0x6b,0x8e,0x63,0x8e,
    0x6b,0xae,0x6b,0x8d,0x63,0x6d,0x63,0x8d,0x63,0xae,0x6b,0x8e,0x6b,0xae,0x6b,0x8e,
    0x6b,0x8e,0x6b,0xcf,0x73,0x31,0x7c,0x33,0x74,0x35,0x74,0x95,0x53,0x55,0x4b,0x55,
    0x4b,0x75,0x4b,0x55,0x43,0x75,0x4b,0x55,0x43,0x55,0x43,0x75,0x4b,0x75,0x4b,0x75,
    0x4b,0x76,0x53,0x76,0x53,0x96,0x53,0x96,0x53,0x96,0x53,0x96,0x53,0x96,0x53,0x96,
    0x5b,0xb6,0x5b,0xf6,0x6b,0x96,0x8c,0x77,0xad,0x38,0xce,0xb9,0xde,0xda,0xde,0x99,
    0xd6,0x54,0x84,0xb5,0x5b,0xd6,0x63,0xd6,0x63,0xf6,0x6b,0x18,0x9d,0xd9,0xb5,0x9a,
    0xce,0xdb,0xde,0xdb,0xde,0x7a,0xce,0xd9,0xb5,0xd7,0x94,0xd6,0x63,0xb6,0x5b,0x56,
    0x7c,0x37,0xa5,0x18,0xc6,0xba,0xde,0xdb,0xde,0xdb,0xde,0xdb,0xde,0xdb,0xde,0xdb,
    0xde,0xdb,0xde,0xdb,0xde,0xdb,0xde,0xdb,0xde,0xdb,0xde,0xdb,0xde,0xdb,0xde,0x95,
    0xbd,0x14,0x84,0x16,0x74,0xf6,0x6b,0xf6,0x6b,0xf6,0x6b,0xf6,0x6b,0xf6,0x6b,0xf6,
    0x6b,0xf6,0x6b,0xd9,0xb5,0xdb,0xde,0xdb,0xde,0x99,0xad,0x16,0x6c,0xf6,0x6b,0xf6,
    0x6b,0xd6,0x5b,0x55,0x4b,0xd5,0x9c,0xba,0xde,0xdb,0xde,0xdb,0xde,0xdb,0xde,0xdb,
    0xde,0xdb,0xde,0xdb,0xde,0xdb,0xde,0xdb,0xde,0xdb,0xde,0xdb,0xde,0xda,0xde,0x57,
    0xd6,0xd4,0xc5,0x93,0xbd,0x93,0xbd,0xb3,0xc5,0xff,0xf4,0xc5,0x15,0xce,0x98,0xd6,
    0xda,0xde,0xda,0xde,0xda,0xde,0xda,0xde,0xdb,0xde,0xda,0xde,0xda,0xde,0xda,0xde,
    0xda,0xde,0xda,0xde,0xda,0xde,0xda,0xde,0xda,0xde,0x38,0xce,0x15,0x7c,0xb5,0x5b,
    0xf6,0x6b,0x16,0x74,0x37,0x74,0x16,0x74,0xf6,0x6b,0x16,0x6c,0xf6,0x6b,0xd6,0x63,
    0xb5,0x5b,0xb6,0x63,0xd6,0x63,0xf6,0x6b,0xf6,0x6b,0xf6,0x6b,0x16,0x6c,0xf6,0x6b,
    0x36,0x7c,0x49,0x09,0x49,0x09,0x49,0x09,0x29,0x01,0x29,0x01,0x6a,0x11,0xef,0x4a,
    0xf4,0x94,0xb7,0xb5,0x94,0x84,0xcc,0x19,0x4a,0x09,0x29,0x01,0x8b,0x09,0x8b,0x09,
    0x6b,0x01,0x6b,0x01,0x6b,0x01,0x8c,0x01,0x0e,0x22,0xb0,0x3a,0xd2,0x6b,0x56,0xa5,
    0x36,0x9d,0xf2,0x73,0xac,0x11,0x6c,0x01,0x6c,0x01,0x8c,0x01,0xcd,0x01,0xce,0x09,
    0xad,0x01,0xad,0x01,0x8d,0x01,0x8d,0x01,0xad,0x01,0xee,0x09,0xee,0x09,0xee,0x09,
    0x90,0x32,0xd1,0x42,0x4f,0x22,0xee,0x11,0xad,0x09,0x8d,0x01,0xce,0x01,0xef,0x01,
    0xef,0x01,0xef,0x01,0x10,0x0a,0x71,0x22,0xf2,0x42,0x13,0x43,0xb2,0x32,0x30,0x1a,
    0xef,0x09,0x10,0x02,0x30,0x0a,0x30,0x0a,0x31,0x0a,0x70,0x22,0x4e,0x5b,0xee,0x73,
    0x50,0x7c,0x91,0x84,0xb1,0x8c,0xd2,0x94,0xb2,0x94,0x75,0xa5,0x34,0x9d,0x34,0x9d,
    0x13,0x9d,0x34,0x9d,0x34,0xa5,0x95,0xad,0x36,0x9d,0xd2,0x3a,0xb0,0x3a,0x6f,0x63,
    0x35,0x9d,0x32,0x7c,0x13,0x74,0x13,0x43,0xb3,0x22,0xb3,0x22,0xd3,0x2a,0xb3,0x22,
    0xd3,0x22,0xd3,0x2a,0xd3,0x2a,0xd3,0x2a,0xff,0xd3,0x2a,0xd3,0x2a,0xf4,0x2a,0xf4,
    0x32,0xf4,0x32,0xf4,0x32,0xf4,0x32,0xf4,0x32,0xf4,0x32,0xf4,0x32,0x14,0x3b,0x14,
    0x3b,0x14,0x3b,0x14,0x3b,0x14,0x3b,0x14,0x3b,0x14,0x3b,0x14,0x3b,0x14,0x3b,0x14,
    0x3b,0x34,0x43,0xb2,0x63,0x6d,0x63,0x4d,0x63,0x6d,0x63,0x6d,0x63,0x6d,0x63,0x6d,
    0x63,0x4d,0x63,0x6d,0x63,0x6d,0x63,0x6d,0x63,0x6d,0x63,0x6d,0x63,0x6d,0x63,0x8d,
    0x63,0x6d,0x63,0x6d,0x63,0x8e,0x6b,0x8e,0x63,0x6d,0x63,0x8e,0x6b,0x8e,0x6b,0x6d,
    0x63,0x8e,0x6b,0x6d,0x63,0x6d,0x63,0x6d,0x63,0x8e,0x63,0x8e,0x6b,0x6e,0x63,0x6d,
    0x63,0x8e,0x6b,0x8e,0x6b,0x6d,0x63,0x8e,0x63,0xae,0x6b,0x8d,0x63,0x6d,0x63,0xae,
    0x6b,0x6d,0x63,0x6d,0x63,0x8e,0x63,0xae,0x6b,0x8e,0x6b,0x6d,0x63,0x8e,0x63,0xae,
    0x6b,0x8e,0x6b,0x8e,0x63,0x8e,0x6b,0x6d,0x63,0x8e,0x63,0x8e,0x63,0xae,0x6b,0xae,
    0x6b,0xae,0x6b,0xcf,0x6b,0x92,0x84,0x74,0x7c,0xd5,0x63,0x95,0x53,0x75,0x4b,0x35,
    0x43,0x75,0x4b,0x75,0x4b,0x75,0x4b,0x76,0x53,0x76,0x53,0x76,0x53,0x96,0x53,0x96,
    0x53,0x96,0x53,0x96,0x53,0x96,0x53,0x96,0x53,0x96,0x53,0x96,0x5b,0x96,0x5b,0xb6,
    0x5b,0xd6,0x63,0xf6,0x6b,0x96,0x8c,0x97,0xb5,0x14,0x84,0xd6,0x63,0xd6,0x63,0xd6,
    0x63,0xd6,0x63,0xd6,0x63,0xd6,0x63,0xd6,0x63,0xf6,0x63,0xd8,0x94,0xf9,0xbd,0x9a,
    0xce,0xdb,0xde,0xdb,0xde,0xbb,0xd6,0xb9,0xb5,0x97,0x84,0x16,0x6c,0xd6,0x63,0x36,
    0x74,0x57,0xad,0x39,0xce,0xba,0xd6,0xff,0xda,0xde,0xdb,0xde,0xdb,0xde,0xdb,0xde,
    0xdb,0xde,0xdb,0xde,0xdb,0xde,0xda,0xde,0x95,0xbd,0x15,0x84,0x16,0x74,0xf6,0x6b,
    0xf6,0x6b,0xf6,0x6b,0xf6,0x6b,0xf6,0x6b,0xf6,0x6b,0x16,0x74,0xf9,0xbd,0xdb,0xde,
    0xdb,0xde,0x78,0xa5,0x16,0x6c,0xf6,0x6b,0xf6,0x6b,0xd6,0x63,0x75,0x4b,0xf6,0x9c,
    0xba,0xde,0xda,0xde,0xdb,0xde,0xdb,0xde,0xdb,0xde,0xdb,0xde,0xdb,0xde,0xdb,0xde,
    0xdb,0xde,0xda,0xde,0xda,0xde,0x35,0xd6,0x4b,0xac,0xc6,0x92,0xa5,0xa2,0x05,0xbb,
    0x66,0xc3,0x86,0xcb,0xa6,0xcb,0xa7,0xcb,0x87,0xbb,0xc9,0xb3,0xef,0xbc,0xb3,0xc5,
    0x78,0xd6,0xda,0xde,0xda,0xde,0xda,0xde,0xda,0xde,0xda,0xde,0xda,0xde,0xda,0xde,
    0xda,0xde,0xda,0xde,0xda,0xde,0x99,0xd6,0x15,0x74,0xd6,0x63,0x16,0x74,0x36,0x7c,
    0x77,0x7c,0x36,0x74,0x16,0x6c,0xf6,0x6b,0xf6,0x6b,0xf6,0x6b,0xf6,0x6b,0xf6,0x6b,
    0xf6,0x6b,0x16,0x6c,0x36,0x74,0x36,0x74,0x77,0x84,0x5a,0xce,0x49,0x09,0x49,0x09,
    0x29,0x01,0x29,0x01,0xab,0x11,0x4f,0x5b,0xb3,0x8c,0xd4,0x8c,0x4f,0x5b,0xab,0x19,
    0xac,0x11,0x8f,0x3a,0xf0,0x4a,0x0d,0x22,0x2a,0x01,0x09,0x01,0x4a,0x01,0x6b,0x01,
    0x6c,0x01,0x8c,0x09,0x91,0x63,0x56,0xa5,0x97,0xad,0x34,0x7c,0xd0,0x3a,0x0d,0x22,
    0x4b,0x01,0x2a,0x01,0x8c,0x01,0xad,0x01,0xad,0x01,0xad,0x01,0x8d,0x01,0x8d,0x01,
    0xce,0x01,0xee,0x11,0xce,0x01,0xae,0x01,0xae,0x01,0xad,0x01,0xae,0x01,0xee,0x09,
    0x70,0x22,0xf2,0x42,0xb1,0x3a,0xff,0x0f,0x1a,0xad,0x01,0xae,0x01,0xef,0x01,0x30,
    0x12,0x30,0x12,0x0f,0x02,0x10,0x02,0x50,0x1a,0x91,0x22,0xb2,0x2a,0xb2,0x32,0x71,
    0x22,0x50,0x22,0xf0,0x42,0x6e,0x63,0xef,0x73,0x50,0x84,0x91,0x8c,0xd2,0x94,0x95,
    0xad,0xd2,0x94,0x96,0xad,0x13,0x9d,0x13,0x9d,0x33,0x9d,0x34,0x9d,0x54,0xa5,0xb6,
    0xb5,0xb5,0x8c,0x13,0x43,0x6f,0x32,0x8b,0x4a,0x30,0x8c,0x18,0xc6,0x55,0xa5,0x74,
    0xb5,0x35,0xad,0xd3,0x32,0xb3,0x22,0xd3,0x22,0xd3,0x22,0xd3,0x2a,0xd3,0x2a,0xd3,
    0x2a,0xd3,0x2a,0xd3,0x2a,0xf4,0x2a,0xf4,0x32,0xf4,0x32,0xf4,0x32,0xf4,0x32,0xf4,
    0x32,0xf4,0x32,0xf4,0x32,0xf4,0x32,0x14,0x3b,0x14,0x3b,0x14,0x3b,0x14,0x3b,0x14,
    0x3b,0x14,0x3b,0x14,0x3b,0x14,0x3b,0x14,0x3b,0x34,0x43,0x90,0x63,0x6e,0x63,0x6d,
    0x63,0x6d,0x63,0x4d,0x63,0x4d,0x63,0x6d,0x63,0x6d,0x63,0x6d,0x63,0x6e,0x63,0x6d,
    0x63,0x6d,0x63,0x6d,0x63,0x6d,0x63,0x4d,0x63,0x8e,0x63,0x8e,0x63,0x8d,0x63,0x4d,
    0x5b,0x6d,0x63,0x8e,0x6b,0x8e,0x63,0x6d,0x63,0x8d,0x63,0x4d,0x63,0x6d,0x63,0x8e,
    0x6b,0x8e,0x63,0x6d,0x63,0x8e,0x63,0x8e,0x63,0x8e,0x63,0x6d,0x63,0x8e,0x63,0x8e,
    0x6b,0x8e,0x6b,0x8e,0x63,0x8e,0x6b,0xae,0x6b,0x8e,0x63,0xae,0x6b,0xae,0x6b,0x6d,
    0x63,0x6d,0x63,0xae,0x6b,0xae,0x6b,0xae,0x6b,0xae,0x6b,0x6d,0x63,0x8e,0x6b,0xce,
    0x6b,0xae,0x6b,0x8e,0x6b,0x8e,0x6b,0x8e,0x63,0x8e,0x6b,0xae,0x6b,0x8e,0x6b,0xae,
    0x6b,0xce,0x6b,0xcf,0x73,0xff,0x31,0x7c,0x94,0x84,0x15,0x6c,0x96,0x53,0x75,0x53,
    0x75,0x4b,0x76,0x53,0x76,0x53,0x96,0x53,0x96,0x53,0x96,0x53,0x96,0x53,0x96,0x53,
    0x96,0x53,0x96,0x53,0x96,0x5b,0x96,0x5b,0xb6,0x5b,0xb6,0x5b,0xb6,0x5b,0xb6,0x5b,
    0xb6,0x5b,0xd6,0x63,0x16,0x6c,0xf6,0x6b,0xd6,0x63,0xd6,0x63,0xd6,0x63,0xd6,0x63,
    0xd6,0x63,0xd6,0x63,0xd6,0x63,0xd6,0x63,0xd6,0x63,0x16,0x6c,0xd7,0x8c,0x3a,0xc6,
    0xbb,0xd6,0xdb,0xde,0xbb,0xd6,0x7a,0xce,0xd9,0xb5,0x97,0x84,0xd6,0x63,0xf6,0x6b,
    0x76,0x7c,0x37,0xa5,0x38,0xce,0xda,0xde,0xdb,0xde,0xdb,0xde,0xdb,0xde,0xda,0xde,
    0x34,0xad,0x15,0x84,0x16,0x74,0xf6,0x6b,0xf6,0x6b,0xf6,0x6b,0xf6,0x63,0xf6,0x6b,
    0xf6,0x6b,0x16,0x74,0x1a,0xbe,0xdb,0xde,0xdb,0xd6,0x38,0x9d,0x16,0x6c,0xf6,0x6b,
    0xf6,0x63,0xd6,0x63,0x75,0x4b,0xf6,0x6b,0x78,0xd6,0xda,0xde,0xdb,0xde,0xdb,0xde,
    0xdb,0xde,0xdb,0xde,0xdb,0xde,0xdb,0xde,0xdb,0xde,0xdb,0xde,0xb8,0xde,0x52,0xc5,
    0x68,0xbb,0x25,0xc3,0x65,0xcb,0xa6,0xcb,0xa6,0xcb,0xc6,0xcb,0xc6,0xcb,0xc6,0xcb,
    0xc6,0xcb,0xc6,0xcb,0xa6,0xcb,0x86,0xcb,0x66,0xc3,0xa8,0xbb,0x6f,0xac,0x98,0xd6,
    0xda,0xde,0xda,0xde,0xda,0xde,0xda,0xde,0xda,0xde,0xda,0xde,0xda,0xde,0xda,0xde,
    0xda,0xde,0x38,0xce,0xd5,0x6b,0xd6,0x63,0x36,0x74,0x57,0x7c,0x77,0x84,0x77,0x84,
    0x77,0x7c,0x37,0x7c,0x36,0x74,0x36,0x74,0x36,0x74,0x57,0x7c,0x57,0x7c,0x57,0x7c,
    0x97,0x84,0x7a,0xce,0xff,0xdb,0xde,0x29,0x09,0x29,0x01,0x29,0x01,0xcb,0x21,0x90,
    0x63,0xd4,0x8c,0xb3,0x8c,0xee,0x4a,0x2a,0x01,0x4a,0x01,0xac,0x11,0xcc,0x11,0xcc,
    0x11,0x4e,0x2a,0x8f,0x32,0x6e,0x32,0xed,0x21,0x4a,0x01,0x4a,0x01,0xb1,0x6b,0x56,
    0xa5,0x36,0x9d,0x30,0x53,0x6c,0x01,0xad,0x09,0x2e,0x22,0x90,0x32,0xb0,0x3a,0x2e,
    0x2a,0x6c,0x09,0x4b,0x01,0x6c,0x01,0x8c,0x01,0xce,0x09,0xee,0x09,0xce,0x01,0xae,
    0x01,0xae,0x01,0xad,0x01,0xad,0x01,0xae,0x01,0xce,0x01,0xce,0x01,0xef,0x01,0x50,
    0x22,0xb1,0x3a,0xd2,0x3a,0xb1,0x3a,0x4f,0x2a,0xce,0x01,0xce,0x01,0xef,0x01,0x10,
    0x02,0x10,0x02,0x10,0x02,0x30,0x0a,0x71,0x22,0x13,0x4b,0xb0,0x6b,0xef,0x73,0x50,
    0x84,0x91,0x8c,0xb1,0x8c,0xd2,0x8c,0xf3,0x94,0xd2,0x94,0x34,0xa5,0x13,0x9d,0x13,
    0x9d,0x33,0x9d,0x34,0xa5,0x34,0xa5,0xb6,0xb5,0x95,0x84,0xd2,0x3a,0x6f,0x32,0x2a,
    0x3a,0x89,0x4a,0xad,0x73,0xd2,0x9c,0x59,0xce,0x36,0xa5,0x13,0x43,0xb3,0x22,0xb3,
    0x22,0xd3,0x22,0xd3,0x2a,0xd3,0x2a,0xd3,0x2a,0xd3,0x2a,0xd4,0x2a,0xf4,0x2a,0xf4,
    0x32,0xf4,0x32,0xf4,0x32,0xf4,0x32,0xf4,0x32,0xf4,0x32,0xf4,0x32,0xf4,0x3a,0xf4,
    0x3a,0x14,0x3b,0x14,0x3b,0x14,0x3b,0x14,0x3b,0x14,0x3b,0x14,0x3b,0x14,0x3b,0x35,
    0x3b,0x54,0x4b,0xb0,0x63,0x6d,0x63,0x4d,0x63,0x6d,0x63,0x6d,0x63,0x6d,0x63,0x4d,
    0x63,0x4d,0x63,0x6d,0x63,0x8e,0x63,0x6d,0x63,0x6d,0x63,0x6d,0x63,0x6d,0x63,0x6d,
    0x63,0x8e,0x63,0xff,0x6d,0x63,0x6d,0x63,0x6d,0x63,0x8e,0x6b,0x6e,0x63,0x4d,0x63,
    0x6d,0x63,0x6d,0x63,0x6d,0x63,0x8e,0x6b,0x6d,0x63,0x6d,0x63,0x6d,0x63,0x8d,0x63,
    0x6d,0x63,0x8e,0x6b,0x8e,0x63,0x8e,0x6b,0x6d,0x63,0x6d,0x63,0x8e,0x63,0x8e,0x63,
    0x8e,0x63,0x8e,0x63,0x8e,0x63,0x6d,0x63,0x8e,0x63,0x8e,0x63,0x8e,0x6b,0x8d,0x63,
    0x8e,0x63,0x8e,0x63,0x8e,0x6b,0xae,0x6b,0x8e,0x6b,0x8d,0x63,0x8e,0x6b,0x8e,0x63,
    0x8e,0x6b,0xae,0x6b,0x8e,0x6b,0x8e,0x6b,0x8d,0x63,0x8e,0x6b,0x8d,0x63,0x8e,0x6b,
    0x8e,0x6b,0x8d,0x63,0xef,0x73,0x72,0x84,0x54,0x7c,0x35,0x74,0xb6,0x5b,0x76,0x53,
    0x96,0x53,0x96,0x53,0x96,0x53,0x96,0x53,0x96,0x53,0x96,0x53,0x96,0x5b,0xb6,0x5b,
    0xb6,0x5b,0xb6,0x5b,0xb6,0x5b,0xb6,0x5b,0xb6,0x5b,0xb6,0x5b,0xb6,0x5b,0xf6,0x63,
    0x17,0x6c,0xf6,0x63,0xd6,0x63,0xd6,0x63,0xd6,0x5b,0xd6,0x63,0xd6,0x63,0xd6,0x63,
    0xd6,0x63,0xb6,0x5b,0xd6,0x63,0xf6,0x63,0xd6,0x63,0x37,0x74,0x38,0x9d,0xf9,0xbd,
    0x9a,0xd6,0xdb,0xde,0xdb,0xde,0x5a,0xce,0x99,0xad,0xb7,0x8c,0xf6,0x6b,0xd6,0x63,
    0x76,0x84,0x77,0xad,0x39,0xc6,0xba,0xd6,0x59,0xce,0x19,0xc6,0x18,0x9d,0xf6,0x6b,
    0xf6,0x6b,0xf6,0x6b,0xf6,0x6b,0xf6,0x6b,0xf6,0x6b,0x37,0x74,0x1a,0xbe,0xdb,0xde,
    0xbb,0xd6,0x38,0x9d,0x17,0x6c,0xf6,0x6b,0xf6,0x6b,0xf6,0x63,0xb6,0x5b,0xb5,0x5b,
    0xb8,0xb5,0xda,0xde,0xdb,0xde,0xdb,0xde,0xdb,0xde,0xdb,0xde,0xdb,0xde,0xdb,0xde,
    0xdb,0xde,0xff,0xda,0xde,0xd9,0xde,0xcf,0xc4,0xc4,0xc2,0x25,0xc3,0x65,0xcb,0x86,
    0xcb,0xa6,0xcb,0xc6,0xcb,0xc6,0xcb,0xc6,0xcb,0xc6,0xcb,0xc6,0xcb,0xc6,0xcb,0xc6,
    0xcb,0x86,0xcb,0x65,0xcb,0x45,0xc3,0xc4,0xc2,0x07,0xa3,0x36,0xce,0xda,0xde,0xda,
    0xde,0xda,0xde,0xda,0xde,0xda,0xde,0xda,0xde,0xda,0xde,0xda,0xde,0xda,0xde,0x77,
    0xad,0x95,0x53,0xf6,0x6b,0x16,0x6c,0x37,0x74,0x57,0x7c,0x77,0x7c,0x77,0x84,0x77,
    0x84,0x77,0x7c,0x57,0x7c,0x57,0x7c,0x56,0x7c,0x97,0x84,0x5a,0xce,0xdb,0xde,0x9a,
    0xce,0x29,0x01,0x29,0x01,0x0c,0x2a,0xf1,0x6b,0xd4,0x94,0x93,0x84,0x4c,0x3a,0x2a,
    0x01,0x4a,0x01,0xac,0x11,0xcc,0x11,0x6b,0x01,0x6b,0x01,0x6b,0x01,0x6c,0x01,0xac,
    0x09,0x2e,0x2a,0x11,0x4b,0xf5,0x94,0x56,0xa5,0xd5,0x8c,0x6d,0x3a,0x6b,0x01,0x6c,
    0x01,0x6c,0x01,0x8d,0x01,0xcd,0x09,0xee,0x11,0x4f,0x2a,0xd1,0x3a,0x4f,0x2a,0xcd,
    0x11,0x8c,0x11,0x8c,0x01,0x8d,0x01,0xad,0x01,0xad,0x01,0xad,0x01,0xad,0x01,0xae,
    0x01,0xce,0x01,0xee,0x01,0xef,0x01,0xef,0x01,0xef,0x01,0x0f,0x02,0x30,0x12,0x91,
    0x2a,0xf2,0x42,0xf2,0x42,0x71,0x2a,0x0f,0x12,0x0f,0x02,0x10,0x02,0x30,0x0a,0x31,
    0x0a,0x71,0x22,0xb0,0x6b,0xef,0x73,0x50,0x84,0x91,0x8c,0xb1,0x8c,0xd2,0x94,0xf2,
    0x94,0xf3,0x94,0x13,0x9d,0xd2,0x94,0x13,0x9d,0x34,0x9d,0x34,0x9d,0x54,0xa5,0xb7,
    0xb5,0xf4,0x6b,0xf2,0x3a,0x2e,0x2a,0x6b,0x3a,0x49,0x3a,0x29,0x3a,0x4d,0x63,0x79,
    0xce,0xff,0x97,0xad,0xd3,0x32,0xf4,0x32,0xf4,0x32,0xd3,0x2a,0xd3,0x22,0xd3,0x22,
    0xd3,0x2a,0xd3,0x2a,0xd3,0x2a,0xf4,0x32,0xf4,0x32,0xf4,0x32,0xf4,0x32,0xf4,0x32,
    0xf4,0x32,0xf4,0x32,0xf4,0x32,0xf4,0x32,0x14,0x3b,0x14,0x3b,0x14,0x3b,0x14,0x3b,
    0x14,0x3b,0x14,0x3b,0x14,0x3b,0x14,0x3b,0x14,0x3b,0x54,0x4b,0x8f,0x63,0x4d,0x63,
    0x4d,0x63,0x6d,0x63,0x6d,0x63,0x6d,0x63,0x6d,0x63,0x8e,0x6b,0x6d,0x63,0x6d,0x63,
    0x4d,0x63,0x6d,0x63,0x6d,0x63,0x6d,0x63,0x6d,0x63,0x6d,0x63,0x4d,0x63,0x6d,0x63,
    0x6d,0x63,0x6d,0x63,0x6d,0x63,0x6d,0x63,0x8e,0x63,0x8e,0x63,0x8e,0x63,0x6d,0x63,
    0x8d,0x63,0x8d,0x63,0x8e,0x6b,0x8d,0x63,0x8e,0x63,0x8e,0x63,0x8e,0x63,0x8e,0x63,
    0x6d,0x63,0x8e,0x6b,0xae,0x6b,0xae,0x6b,0x8e,0x63,0x6d,0x63,0x8e,0x6b,0x8e,0x6b,
    0xae,0x6b,0x8e,0x63,0x8e,0x63,0x6d,0x63,0x6d,0x63,0x8e,0x63,0x8e,0x63,0xae,0x6b,
    0x8d,0x63,0x8e,0x6b,0x8e,0x63,0x8e,0x63,0xae,0x6b,0x8e,0x63,0x8e,0x63,0x8e,0x6b,
    0x8e,0x6b,0xae,0x6b,0x8e,0x6b,0x8e,0x63,0xae,0x6b,0x8e,0x6b,0xae,0x6b,0xae,0x6b,
    0x8e,0x6b,0xae,0x6b,0xef,0x73,0x72,0x84,0x94,0x84,0xd5,0x63,0xb6,0x5b,0x96,0x53,
    0x96,0x53,0x96,0x53,0xb6,0x5b,0xb6,0x5b,0xb6,0x5b,0xb6,0x5b,0xb6,0x5b,0xb6,0x5b,
    0xb6,0x5b,0xb6,0x5b,0xb6,0x5b,0xb6,0x5b,0xb6,0x5b,0xd6,0x63,0xf6,0x63,0xd6,0x63,
    0xd6,0x63,0xd6,0x63,0xd6,0x63,0xd6,0x63,0xd6,0x63,0xb6,0x5b,0xd6,0x63,0xf6,0x63,
    0xff,0xd6,0x63,0xd6,0x63,0xd6,0x63,0xd6,0x63,0xf6,0x6b,0x16,0x74,0xf8,0x94,0x3a,
    0xc6,0xba,0xd6,0xdb,0xde,0xdb,0xde,0x7a,0xce,0x99,0xad,0x77,0x7c,0xf6,0x6b,0x16,
    0x74,0x39,0xc6,0xdb,0xde,0xbb,0xd6,0x18,0x9d,0xf6,0x6b,0xf6,0x6b,0xf6,0x6b,0xf6,
    0x6b,0xf6,0x6b,0x57,0x7c,0x5a,0xc6,0xdb,0xde,0xbb,0xd6,0xf8,0x94,0xf6,0x6b,0xf6,
    0x6b,0xf6,0x6b,0xf6,0x6b,0xf6,0x6b,0xf6,0x6b,0x36,0x74,0x59,0xce,0xdb,0xde,0xdb,
    0xde,0xdb,0xde,0xdb,0xde,0xdb,0xde,0xdb,0xde,0xdb,0xde,0xdb,0xde,0xda,0xde,0x52,
    0xcd,0xc4,0xba,0x04,0xc3,0x45,0xc3,0x66,0xcb,0xa6,0xcb,0xc6,0xcb,0xc6,0xcb,0xe7,
    0xcb,0xe7,0xcb,0xe7,0xcb,0xe7,0xcb,0xc6,0xcb,0xc6,0xcb,0xa6,0xcb,0x86,0xc3,0x45,
    0xc3,0x04,0xc3,0xc4,0xba,0x89,0xb3,0xb8,0xde,0xda,0xde,0xda,0xde,0xda,0xde,0xda,
    0xde,0xda,0xde,0xda,0xde,0xda,0xde,0xda,0xde,0xb9,0xde,0x16,0x74,0xd6,0x63,0xd6,
    0x63,0xd6,0x63,0xf6,0x6b,0xf6,0x6b,0x16,0x6c,0x16,0x6c,0x16,0x6c,0x16,0x6c,0xf6,
    0x6b,0x57,0x7c,0x7a,0xce,0xdb,0xde,0x9a,0xd6,0x77,0x84,0x49,0x01,0x4d,0x32,0x32,
    0x7c,0xf4,0x94,0x32,0x7c,0x0c,0x2a,0x2a,0x01,0x4a,0x01,0xcc,0x11,0xac,0x11,0x6b,
    0x01,0x6b,0x01,0x6b,0x01,0x6b,0x01,0x6b,0x01,0x6b,0x01,0x2d,0x2a,0xb4,0x8c,0x97,
    0xad,0x16,0x9d,0x31,0x53,0x6f,0x32,0xac,0x11,0x2a,0x01,0x4b,0x01,0x8c,0x01,0xad,
    0x01,0x8d,0x01,0x8d,0x01,0x8d,0x01,0xee,0x11,0xb0,0x32,0xf1,0x42,0xb0,0x3a,0xff,
    0xee,0x19,0x6c,0x01,0x6c,0x01,0x8d,0x01,0xae,0x01,0xce,0x01,0xef,0x01,0xef,0x01,
    0xef,0x01,0xef,0x01,0x0f,0x02,0x30,0x12,0x30,0x12,0x10,0x02,0xef,0x01,0x10,0x0a,
    0x71,0x22,0x92,0x2a,0xb2,0x32,0xb2,0x32,0x51,0x1a,0x30,0x0a,0x30,0x0a,0xcd,0x19,
    0xae,0x4a,0xaf,0x6b,0xb2,0x94,0xd2,0x94,0xf2,0x94,0x13,0x95,0x13,0x9d,0x13,0x9d,
    0x13,0x9d,0x34,0x9d,0x34,0xa5,0x54,0xa5,0xb7,0xb5,0xf4,0x6b,0x13,0x43,0xd1,0x42,
    0x6c,0x3a,0x09,0x32,0x8a,0x42,0x2c,0x5b,0x38,0xc6,0xf5,0x9c,0xb3,0x22,0xb3,0x22,
    0xd4,0x2a,0xf4,0x32,0xf4,0x32,0xf4,0x32,0xf4,0x32,0xd3,0x2a,0xd3,0x2a,0xd3,0x2a,
    0xf3,0x2a,0xf4,0x32,0xf4,0x32,0xf4,0x32,0xf4,0x32,0xf4,0x32,0xf4,0x32,0xf4,0x32,
    0x14,0x3b,0x14,0x3b,0x14,0x3b,0x14,0x3b,0x14,0x3b,0x14,0x3b,0x14,0x3b,0x14,0x3b,
    0x14,0x3b,0x53,0x4b,0x8f,0x63,0x6d,0x63,0x6d,0x63,0x6d,0x63,0x6d,0x63,0x4d,0x63,
    0x6d,0x63,0x6d,0x63,0x6d,0x63,0x6d,0x63,0x6d,0x63,0x6d,0x63,0x6d,0x63,0x6d,0x63,
    0x6d,0x63,0x6d,0x63,0x6d,0x63,0x6d,0x63,0x6d,0x63,0x6d,0x63,0x8e,0x6b,0x8d,0x63,
    0x8d,0x63,0x6d,0x63,0x6d,0x63,0x6d,0x63,0x8e,0x6b,0x6d,0x63,0x8e,0x63,0x8e,0x63,
    0x8e,0x6b,0x8d,0x63,0x6d,0x63,0x8e,0x63,0x6d,0x63,0x8e,0x63,0x8d,0x63,0x6d,0x63,
    0x6d,0x63,0x8e,0x6b,0x8e,0x6b,0x8e,0x6b,0x8e,0x63,0x6d,0x63,0x8e,0x6b,0xae,0x6b,
    0x6d,0x63,0x8e,0x63,0xaf,0x6b,0x8e,0x6b,0xae,0x6b,0x8e,0x6b,0x6d,0x63,0xff,0x8e,
    0x6b,0x6d,0x63,0x8d,0x63,0xae,0x6b,0xae,0x6b,0x8e,0x6b,0xae,0x6b,0x8e,0x6b,0x8e,
    0x63,0x8e,0x63,0x8e,0x63,0x8e,0x63,0x8e,0x6b,0x8d,0x63,0x8e,0x6b,0x8e,0x6b,0x8d,
    0x63,0x8e,0x6b,0xae,0x6b,0x10,0x7c,0x11,0x7c,0x74,0x7c,0x35,0x74,0xb6,0x5b,0xb6,
    0x5b,0x96,0x5b,0x96,0x53,0x96,0x53,0x96,0x53,0x96,0x53,0x75,0x53,0x96,0x53,0x96,
    0x5b,0xb6,0x5b,0xd6,0x5b,0xf6,0x63,0xf6,0x63,0xd6,0x63,0xd6,0x63,0xd6,0x63,0xd6,
    0x63,0xd6,0x5b,0xb6,0x5b,0xd6,0x63,0xf6,0x63,0xd6,0x63,0xd6,0x63,0xd6,0x63,0xd6,
    0x63,0xd6,0x63,0xd6,0x63,0xd6,0x63,0xd6,0x63,0xd6,0x63,0x57,0x7c,0x18,0x95,0xf9,
    0xbd,0xbb,0xd6,0xdb,0xde,0xdb,0xd6,0x5a,0xce,0x5a,0xc6,0xdb,0xde,0xbb,0xd6,0x18,
    0x95,0xf6,0x63,0xf6,0x6b,0xf6,0x6b,0xf6,0x6b,0xf6,0x6b,0x57,0x7c,0x5a,0xc6,0xdb,
    0xde,0xbb,0xd6,0xf8,0x94,0x16,0x6c,0xd6,0x63,0xf6,0x63,0xf6,0x6b,0xf6,0x6b,0x16,
    0x6c,0x37,0x74,0x97,0x84,0xba,0xde,0xda,0xde,0xdb,0xde,0xda,0xde,0xda,0xde,0xda,
    0xde,0xdb,0xde,0xdb,0xde,0xdb,0xde,0x99,0xde,0xaa,0xbb,0x04,0xc3,0x25,0xc3,0x65,
    0xcb,0x86,0xcb,0xa6,0xcb,0xc6,0xcb,0xe7,0xcb,0xe7,0xcb,0x07,0xcc,0x07,0xcc,0xe7,
    0xcb,0xe7,0xcb,0xc7,0xcb,0xc6,0xcb,0x86,0xc3,0x45,0xc3,0x25,0xc3,0xe4,0xba,0x83,
    0xb2,0x52,0xc5,0xda,0xde,0xda,0xde,0xda,0xde,0xda,0xde,0xda,0xde,0xda,0xde,0xda,
    0xde,0xda,0xde,0xda,0xde,0x17,0x9d,0xd6,0x63,0xd6,0x63,0xd6,0x63,0xff,0xd6,0x63,
    0xd6,0x63,0xd6,0x63,0xd6,0x63,0xd6,0x63,0xd6,0x63,0x56,0x7c,0x7a,0xce,0xdb,0xde,
    0x9a,0xce,0x77,0x84,0xb6,0x63,0xae,0x42,0x73,0x84,0xf4,0x94,0xf1,0x73,0xab,0x19,
    0x2a,0x01,0x6b,0x01,0xcc,0x11,0xac,0x09,0x6b,0x01,0x6b,0x01,0x6b,0x01,0x6b,0x01,
    0x6b,0x01,0x6b,0x01,0xae,0x42,0xf5,0x94,0x56,0xa5,0x53,0x84,0xcc,0x19,0x8c,0x01,
    0xcd,0x11,0x4f,0x2a,0xb0,0x3a,0x6f,0x32,0xac,0x19,0x4b,0x01,0x4b,0x01,0x6c,0x01,
    0x8d,0x01,0xee,0x09,0xce,0x01,0xad,0x01,0x0f,0x12,0x90,0x32,0x90,0x32,0x2f,0x1a,
    0xee,0x19,0x8d,0x01,0x8d,0x01,0xce,0x01,0xef,0x01,0xef,0x01,0x0f,0x02,0x30,0x12,
    0x30,0x12,0x0f,0x02,0xef,0x01,0x10,0x02,0x10,0x02,0x10,0x02,0x10,0x02,0x31,0x12,
    0x92,0x2a,0xf3,0x3a,0xf3,0x3a,0x91,0x2a,0x8d,0x01,0x6c,0x01,0x6b,0x01,0x4b,0x01,
    0x4e,0x5b,0x51,0x84,0xd2,0x94,0x34,0x9d,0x33,0x9d,0x34,0x9d,0x54,0xa5,0x75,0xad,
    0x56,0xa5,0x53,0x53,0xf2,0x42,0x92,0x6b,0x53,0xb5,0x2a,0x32,0x8c,0x42,0xd1,0x6b,
    0xab,0x4a,0x91,0x63,0x93,0x1a,0xb3,0x22,0xb3,0x22,0xd3,0x22,0xd3,0x2a,0xd3,0x2a,
    0xd4,0x2a,0xf4,0x32,0x14,0x3b,0x14,0x3b,0xf4,0x32,0xf4,0x32,0xd4,0x32,0xf4,0x32,
    0xf4,0x32,0xf4,0x32,0xf4,0x32,0xf4,0x32,0x14,0x3b,0x14,0x3b,0x14,0x3b,0x14,0x3b,
    0x14,0x3b,0x14,0x3b,0x14,0x3b,0x14,0x3b,0x14,0x3b,0x53,0x53,0x8e,0x63,0x6d,0x63,
    0x4d,0x5b,0x4d,0x5b,0x6d,0x63,0x6d,0x63,0x6d,0x63,0x4d,0x63,0xff,0x4d,0x63,0x6d,
    0x63,0x4d,0x63,0x4d,0x63,0x6d,0x63,0x6d,0x63,0x6d,0x63,0x6d,0x63,0x6d,0x63,0x8e,
    0x63,0x8e,0x63,0x8e,0x63,0x6d,0x63,0x6d,0x63,0x6d,0x63,0x6d,0x63,0x8e,0x63,0x8d,
    0x63,0x6d,0x63,0x6d,0x63,0x6d,0x63,0x6d,0x63,0x6d,0x63,0x6d,0x63,0x8e,0x63,0x6d,
    0x63,0x6d,0x63,0x8e,0x63,0x8e,0x63,0x8e,0x6b,0x8e,0x63,0xae,0x6b,0x8e,0x63,0x8e,
    0x63,0x8d,0x63,0x8e,0x63,0x8e,0x6b,0x6d,0x63,0x6d,0x63,0x8e,0x6b,0x8e,0x6b,0x8d,
    0x63,0x8e,0x63,0x6d,0x63,0x8e,0x6b,0xae,0x6b,0x8e,0x6b,0xae,0x6b,0x8e,0x6b,0x8e,
    0x6b,0x8e,0x63,0x6d,0x63,0x8e,0x63,0x8e,0x6b,0x8e,0x6b,0x8e,0x6b,0x8e,0x6b,0x8e,
    0x6b,0x8e,0x6b,0xae,0x6b,0x8e,0x6b,0xae,0x6b,0x8e,0x6b,0x8e,0x6b,0x8e,0x63,0x8e,
    0x6b,0xae,0x6b,0x8e,0x6b,0xef,0x73,0x72,0x84,0x34,0x74,0xf5,0x6b,0xd6,0x5b,0xb6,
    0x5b,0xb6,0x5b,0xd6,0x63,0xd6,0x63,0xf6,0x63,0xd6,0x63,0xd6,0x63,0xd6,0x63,0xd6,
    0x63,0xd6,0x63,0xd6,0x63,0xd6,0x63,0xd6,0x63,0xd6,0x5b,0xb6,0x5b,0xd6,0x63,0xf6,
    0x63,0xd6,0x63,0xd6,0x63,0xd6,0x63,0xd6,0x63,0xd6,0x63,0xd6,0x63,0xd6,0x63,0xd6,
    0x63,0xf6,0x63,0xf6,0x63,0xf6,0x63,0xf6,0x63,0xf6,0x63,0x37,0x74,0x38,0x9d,0x1a,
    0xc6,0xbb,0xd6,0xdb,0xde,0x9b,0xd6,0xf8,0x94,0xf6,0x6b,0xf6,0x6b,0xf6,0x6b,0xf6,
    0x6b,0xf6,0x6b,0x77,0x7c,0x5a,0xce,0xdb,0xde,0x9a,0xd6,0xd7,0x8c,0x17,0x6c,0x17,
    0x74,0xf6,0x63,0xf6,0x63,0xf6,0x6b,0xf6,0x6b,0xf6,0x6b,0xff,0x57,0x7c,0xb7,0x8c,
    0xba,0xd6,0xdb,0xde,0xda,0xde,0xda,0xde,0xda,0xde,0xda,0xde,0xdb,0xde,0xdb,0xde,
    0xdb,0xde,0x99,0xd6,0x88,0xc3,0x04,0xc3,0x25,0xc3,0x65,0xc3,0xa6,0xcb,0xc6,0xcb,
    0xe7,0xcb,0x07,0xcc,0x07,0xcc,0x07,0xcc,0x07,0xcc,0x07,0xcc,0xe7,0xcb,0xe7,0xcb,
    0xc6,0xcb,0xa6,0xcb,0x66,0xc3,0x25,0xc3,0xe4,0xba,0xc4,0xba,0x6e,0xc4,0xda,0xde,
    0xda,0xde,0xda,0xde,0xda,0xde,0xda,0xde,0xda,0xde,0xda,0xde,0xda,0xde,0xda,0xde,
    0x77,0xad,0xd6,0x63,0xd6,0x63,0xd6,0x63,0xd6,0x63,0xd6,0x63,0xd6,0x63,0xd6,0x63,
    0xd6,0x63,0x77,0x7c,0x7a,0xce,0xdb,0xde,0x9a,0xce,0x97,0x84,0xd6,0x63,0xb6,0x63,
    0x93,0x84,0xd4,0x8c,0x90,0x63,0x6a,0x11,0x2a,0x01,0x8b,0x09,0xcc,0x11,0x8b,0x09,
    0x6b,0x01,0x6b,0x01,0x6b,0x01,0x6b,0x01,0x6b,0x01,0x6c,0x01,0x10,0x4b,0x16,0x9d,
    0x56,0xa5,0xf2,0x6b,0xac,0x11,0x6c,0x01,0x6c,0x01,0x6c,0x01,0xad,0x01,0xcd,0x11,
    0xee,0x19,0x70,0x32,0xb0,0x3a,0x0e,0x1a,0x8c,0x09,0x4b,0x01,0x6c,0x01,0xad,0x01,
    0xad,0x01,0xad,0x01,0xad,0x01,0xce,0x01,0x0f,0x12,0x91,0x32,0xf2,0x42,0x90,0x32,
    0xce,0x11,0xad,0x01,0xce,0x01,0x0f,0x0a,0x30,0x0a,0x0f,0x02,0xef,0x01,0x10,0x02,
    0x10,0x02,0x10,0x02,0x30,0x02,0x31,0x0a,0x31,0x0a,0x31,0x12,0x51,0x12,0x51,0x1a,
    0xd1,0x3a,0xaa,0x21,0x49,0x11,0x48,0x19,0x69,0x19,0x89,0x11,0x6a,0x11,0x0c,0x32,
    0xad,0x4a,0x92,0x8c,0x55,0xa5,0x75,0xad,0x36,0x9d,0xff,0x53,0x53,0x13,0x43,0xf3,
    0x42,0x12,0x53,0x70,0x73,0xe9,0x39,0x69,0x4a,0x0c,0x63,0x70,0x2a,0xf4,0x3a,0xf4,
    0x3a,0xd3,0x2a,0xb3,0x2a,0xb3,0x22,0xb3,0x22,0xd3,0x2a,0xd3,0x2a,0xd3,0x2a,0xf4,
    0x2a,0xf4,0x32,0x14,0x3b,0x14,0x3b,0x14,0x3b,0x14,0x3b,0xf4,0x32,0xf4,0x32,0xf4,
    0x3a,0x34,0x43,0x54,0x4b,0x34,0x43,0x34,0x43,0x34,0x3b,0x14,0x3b,0x14,0x3b,0x14,
    0x3b,0x35,0x43,0x93,0x5b,0x8e,0x63,0x6d,0x63,0x4d,0x63,0x6d,0x63,0x6d,0x63,0x4d,
    0x63,0x4d,0x63,0x6d,0x63,0x4d,0x63,0x6d,0x63,0x6d,0x63,0x8e,0x6b,0x6d,0x63,0x4d,
    0x63,0x6d,0x63,0x6d,0x63,0x6e,0x63,0x6d,0x63,0x6d,0x63,0x8e,0x63,0x6d,0x63,0x6d,
    0x63,0x6d,0x63,0x6d,0x63,0x6d,0x63,0x4d,0x63,0x6d,0x63,0x8e,0x6b,0x8e,0x6b,0x8e,
    0x63,0x6e,0x63,0x8e,0x6b,0x8e,0x63,0x8e,0x63,0x8e,0x6b,0x8e,0x6b,0x8e,0x6b,0x8e,
    0x63,0x8e,0x6b,0xae,0x6b,0x6d,0x63,0x6d,0x63,0x6d,0x63,0x8e,0x6b,0x8d,0x63,0x8e,
    0x6b,0xae,0x6b,0x8e,0x6b,0x8e,0x6b,0x8e,0x6b,0x6d,0x63,0x8e,0x6b,0x8e,0x63,0x8e,
    0x6b,0x6d,0x63,0x8e,0x6b,0x8e,0x63,0x8e,0x63,0x8e,0x6b,0x8e,0x63,0xae,0x6b,0x8e,
    0x6b,0xae,0x6b,0x8e,0x63,0x8e,0x6b,0x8d,0x63,0xae,0x6b,0x8e,0x6b,0x8e,0x6b,0x8e,
    0x6b,0x8e,0x63,0xae,0x6b,0x8d,0x63,0x8e,0x63,0x8e,0x6b,0xae,0x6b,0x8e,0x6b,0xae,
    0x6b,0x8e,0x63,0xae,0x6b,0xcf,0x6b,0x72,0x84,0xb5,0x8c,0x16,0x6c,0xd6,0x63,0xb6,
    0x5b,0xb6,0x5b,0xd6,0x63,0xd6,0x63,0xb6,0x63,0xff,0xd6,0x63,0xd6,0x5b,0xb6,0x5b,
    0xb6,0x5b,0xb6,0x5b,0xb6,0x5b,0xd6,0x63,0xf6,0x63,0xd6,0x63,0xd6,0x63,0xd6,0x63,
    0xd6,0x63,0xd6,0x63,0xf6,0x63,0xd6,0x63,0xd6,0x63,0xf6,0x63,0xf6,0x63,0xf6,0x63,
    0xf6,0x63,0xf6,0x63,0xf6,0x6b,0xf6,0x63,0xf6,0x63,0xf6,0x6b,0x57,0x7c,0x97,0x84,
    0x57,0x74,0xf6,0x63,0xf6,0x6b,0xf6,0x6b,0xf6,0x6b,0xf6,0x6b,0x77,0x84,0x7a,0xce,
    0xdb,0xde,0x9a,0xd6,0x97,0x84,0xf6,0x6b,0xf6,0x6b,0xf6,0x6b,0xf6,0x6b,0xf6,0x6b,
    0xf6,0x6b,0xf6,0x6b,0xf6,0x6b,0x37,0x74,0x97,0x8c,0x9a,0xd6,0xda,0xde,0xdb,0xde,
    0xda,0xde,0xda,0xde,0xdb,0xde,0xdb,0xde,0xdb,0xde,0xdb,0xde,0xba,0xde,0x0c,0xc4,
    0x24,0xc3,0x45,0xc3,0x86,0xc3,0xc6,0xcb,0xe7,0xcb,0x07,0xcc,0x07,0xcc,0x07,0xcc,
    0x27,0xcc,0x27,0xcc,0x07,0xcc,0x07,0xcc,0xe7,0xcb,0xe7,0xcb,0xc6,0xcb,0x86,0xc3,
    0x45,0xc3,0x04,0xc3,0xc4,0xba,0xf0,0xc4,0xda,0xde,0xda,0xde,0xda,0xde,0xda,0xde,
    0xda,0xde,0xda,0xde,0xda,0xde,0xda,0xde,0xda,0xde,0x57,0xad,0xf6,0x6b,0xd6,0x63,
    0xd6,0x63,0xd6,0x63,0xd6,0x63,0xd6,0x63,0xd6,0x63,0x77,0x7c,0x7a,0xce,0xdb,0xde,
    0x9a,0xce,0x77,0x7c,0xd6,0x63,0xd6,0x63,0xd6,0x63,0xb3,0x8c,0x2f,0x53,0x2a,0x01,
    0x2a,0x01,0x8b,0x09,0xcc,0x11,0x8b,0x09,0x6b,0x01,0x4b,0x01,0x6b,0x01,0x6b,0x01,
    0x6b,0x01,0x6b,0x01,0x91,0x63,0x56,0x9d,0x36,0x9d,0x91,0x63,0x8c,0x01,0x6c,0x01,
    0x6c,0x01,0x8c,0x01,0xad,0x01,0xad,0x01,0xff,0x8d,0x01,0x8d,0x01,0x6c,0x01,0x8d,
    0x01,0x2f,0x22,0xd1,0x3a,0xb1,0x3a,0x4f,0x2a,0x8d,0x09,0x4c,0x01,0x6c,0x01,0x8d,
    0x01,0xce,0x01,0xce,0x01,0xce,0x01,0xef,0x01,0x70,0x2a,0xb2,0x32,0xf2,0x42,0xd1,
    0x3a,0xef,0x19,0xae,0x01,0xce,0x01,0xef,0x01,0x10,0x02,0x10,0x02,0x30,0x02,0x31,
    0x0a,0x31,0x0a,0x31,0x12,0x31,0x12,0x51,0x12,0xb1,0x32,0xb1,0x6b,0x26,0x21,0xe5,
    0x18,0x46,0x21,0x87,0x21,0xa8,0x21,0x88,0x21,0x68,0x19,0x69,0x11,0x2a,0x01,0x0c,
    0x32,0x54,0x7c,0x33,0x4b,0x13,0x43,0x33,0x4b,0xf6,0x94,0x16,0x9d,0x54,0x7c,0xb2,
    0x32,0xd1,0x3a,0x13,0x4b,0x34,0x43,0x34,0x43,0xf4,0x32,0xf4,0x2a,0xd3,0x2a,0xd3,
    0x2a,0xd3,0x32,0xd3,0x2a,0xd3,0x2a,0xd3,0x2a,0xd4,0x2a,0xf4,0x32,0xf4,0x32,0xf4,
    0x32,0x14,0x3b,0x14,0x3b,0x34,0x43,0x75,0x4b,0x37,0x9d,0x7a,0xce,0x9a,0xce,0x59,
    0xc6,0xf8,0xb5,0x37,0x9d,0x96,0x84,0xf5,0x63,0x95,0x53,0x72,0x5b,0x8e,0x63,0x4d,
    0x63,0x6d,0x63,0x6d,0x63,0x6d,0x63,0x6d,0x63,0x4d,0x63,0x6d,0x63,0x6d,0x63,0x6d,
    0x63,0x6d,0x63,0x6d,0x63,0x4d,0x63,0x4d,0x63,0x4d,0x63,0x6d,0x63,0x8e,0x63,0x6d,
    0x63,0x6d,0x63,0x8d,0x63,0x4d,0x63,0x6d,0x63,0x4d,0x63,0x6d,0x63,0x6d,0x63,0x6d,
    0x63,0x6e,0x63,0x6d,0x63,0x6e,0x63,0x6d,0x63,0x6d,0x63,0x6d,0x63,0x8e,0x63,0x8d,
    0x63,0x6d,0x63,0x6d,0x63,0x6d,0x63,0x6d,0x63,0x6d,0x63,0x6d,0x63,0x8e,0x63,0x8e,
    0x6b,0x8e,0x6b,0x8e,0x63,0x8e,0x63,0xff,0x8e,0x6b,0x8e,0x63,0x6d,0x63,0x8d,0x63,
    0x8d,0x63,0x8e,0x63,0xae,0x6b,0x8e,0x63,0x8e,0x6b,0x8e,0x6b,0xae,0x6b,0x8e,0x6b,
    0x8e,0x6b,0x8e,0x6b,0x8e,0x6b,0x6d,0x63,0x6d,0x63,0x8e,0x6b,0x8e,0x63,0xae,0x6b,
    0x8e,0x6b,0x8e,0x6b,0x6d,0x63,0x8e,0x6b,0x8e,0x63,0x8e,0x63,0x8e,0x63,0x8e,0x6b,
    0xae,0x6b,0xae,0x6b,0x8e,0x6b,0x8e,0x63,0x8e,0x6b,0x8e,0x6b,0x8d,0x63,0x8e,0x63,
    0x8e,0x63,0x8e,0x6b,0xae,0x6b,0x10,0x7c,0x32,0x7c,0x54,0x7c,0x36,0x74,0x96,0x53,
    0x96,0x53,0x96,0x53,0x96,0x53,0xb6,0x5b,0xb6,0x5b,0xd6,0x5b,0xd6,0x63,0xf6,0x6b,
    0xf6,0x6b,0xf6,0x63,0xd6,0x63,0xd6,0x63,0xd6,0x63,0xd6,0x63,0xf6,0x63,0xf6,0x63,
    0xf6,0x63,0xf6,0x63,0xf6,0x63,0xf6,0x63,0xf6,0x63,0xf6,0x63,0xf6,0x63,0xf6,0x63,
    0xf6,0x63,0xf6,0x63,0xf6,0x63,0xf6,0x63,0xf6,0x63,0xf6,0x63,0xf6,0x6b,0xf6,0x6b,
    0xf6,0x6b,0xf6,0x6b,0xb7,0x84,0x7a,0xce,0xdb,0xde,0x7a,0xce,0x97,0x84,0xf6,0x6b,
    0xf6,0x63,0xd6,0x63,0xf6,0x63,0x17,0x74,0x17,0x6c,0xf6,0x6b,0xf6,0x6b,0xf6,0x6b,
    0xf6,0x6b,0x56,0x7c,0xf9,0xbd,0xdb,0xde,0xda,0xde,0xdb,0xde,0xdb,0xde,0xdb,0xde,
    0xdb,0xde,0xdb,0xde,0xdb,0xde,0xdb,0xde,0x37,0xd6,0x67,0xc3,0x65,0xc3,0xa6,0xc3,
    0xc7,0xcb,0xe7,0xcb,0x07,0xcc,0x27,0xcc,0x27,0xcc,0x28,0xcc,0x27,0xcc,0x27,0xcc,
    0x27,0xcc,0x07,0xcc,0xe7,0xcb,0xc7,0xcb,0xa6,0xc3,0x65,0xc3,0x25,0xbb,0x66,0xbb,
    0x78,0xd6,0xda,0xde,0xda,0xde,0xff,0xda,0xde,0xda,0xde,0xda,0xde,0xda,0xde,0xda,
    0xde,0xda,0xde,0xda,0xde,0xd7,0x94,0xf6,0x6b,0xd6,0x63,0xd6,0x63,0xd6,0x63,0xd6,
    0x63,0xd6,0x63,0x77,0x84,0x7a,0xce,0xdb,0xde,0x7a,0xce,0x77,0x84,0xd6,0x63,0xd6,
    0x63,0xd6,0x63,0xd6,0x63,0x6a,0x11,0x2a,0x01,0x4a,0x01,0xab,0x09,0xac,0x11,0x6b,
    0x01,0x4b,0x01,0x4b,0x01,0x6b,0x01,0x6b,0x01,0x6b,0x01,0xcc,0x19,0xf2,0x73,0x56,
    0xa5,0x36,0x9d,0x10,0x4b,0x8c,0x01,0x6c,0x01,0x6b,0x01,0x8c,0x01,0xad,0x01,0xad,
    0x01,0x8d,0x01,0x8d,0x01,0x8c,0x01,0x8c,0x01,0xcd,0x01,0xee,0x09,0xad,0x01,0xce,
    0x01,0x2f,0x22,0xb1,0x3a,0x50,0x22,0x0e,0x1a,0xad,0x11,0x8d,0x01,0xae,0x01,0xce,
    0x01,0xef,0x01,0xef,0x01,0x10,0x0a,0x30,0x1a,0x91,0x2a,0xf2,0x3a,0xd2,0x3a,0x50,
    0x22,0x0f,0x0a,0x10,0x02,0x10,0x02,0x30,0x0a,0x30,0x0a,0x31,0x12,0x31,0x12,0x31,
    0x12,0x4f,0x1a,0xad,0x42,0xc8,0x31,0x46,0x29,0x05,0x19,0x47,0x19,0xa9,0x21,0x4b,
    0x2a,0x8d,0x3a,0x4b,0x3a,0xc9,0x31,0x27,0x19,0x28,0x11,0x90,0x32,0xf2,0x42,0x31,
    0x53,0x91,0x63,0xb5,0x8c,0xf9,0xbd,0x3a,0xc6,0x94,0x5b,0xf4,0x3a,0x55,0x4b,0x55,
    0x4b,0x34,0x4b,0xf3,0x3a,0xd3,0x2a,0xb3,0x2a,0xd3,0x32,0xf3,0x3a,0x13,0x43,0x14,
    0x43,0x14,0x3b,0xf4,0x32,0xf3,0x32,0xf4,0x32,0xf4,0x32,0xf4,0x32,0xf4,0x32,0xb5,
    0x5b,0xd8,0xb5,0x79,0xce,0x79,0xce,0x79,0xce,0x79,0xce,0x9a,0xd6,0xba,0xd6,0xdb,
    0xd6,0xba,0xd6,0x55,0xa5,0xff,0x8e,0x63,0x4d,0x63,0x6d,0x63,0x4d,0x63,0x6d,0x63,
    0x4d,0x63,0x6d,0x63,0x6d,0x63,0x4d,0x63,0x6d,0x63,0x4d,0x63,0x6d,0x63,0x6d,0x63,
    0x6d,0x63,0x8d,0x63,0x6d,0x63,0x4d,0x63,0x6d,0x63,0x4d,0x63,0x6d,0x63,0x4d,0x63,
    0x6d,0x63,0x8e,0x63,0x8e,0x63,0x8e,0x63,0x6d,0x63,0x6d,0x63,0x8d,0x63,0x8d,0x63,
    0x4d,0x63,0x8e,0x63,0xae,0x6b,0x8e,0x63,0x6d,0x63,0x8e,0x6b,0x8e,0x6b,0x6d,0x63,
    0x6d,0x63,0x8e,0x63,0x8d,0x63,0x8e,0x6b,0x6d,0x63,0x6d,0x63,0x6d,0x63,0x8d,0x63,
    0x8e,0x63,0x8d,0x63,0x6d,0x63,0x8e,0x6b,0x8e,0x6b,0x8e,0x6b,0xae,0x6b,0x6d,0x63,
    0x8e,0x63,0x6d,0x63,0x8d,0x63,0x8d,0x63,0x8e,0x6b,0x8e,0x6b,0x6d,0x63,0x8d,0x63,
    0x8e,0x6b,0x8e,0x6b,0x8e,0x63,0x8d,0x63,0x8e,0x63,0x8e,0x63,0xae,0x6b,0x8e,0x6b,
    0x8e,0x63,0x8e,0x63,0x8e,0x6b,0xae,0x6b,0x8e,0x6b,0x8d,0x63,0x8e,0x63,0x8e,0x6b,
    0x8e,0x6b,0x6d,0x63,0x8e,0x6b,0x8e,0x63,0xce,0x6b,0xae,0x6b,0x8e,0x6b,0xae,0x6b,
    0xae,0x6b,0xae,0x6b,0x8e,0x6b,0xef,0x73,0x92,0x84,0x54,0x7c,0x16,0x74,0x16,0x6c,
    0xf7,0x6b,0xf6,0x6b,0xf6,0x6b,0xf6,0x63,0xf6,0x63,0xd6,0x63,0xd6,0x63,0xd6,0x63,
    0xd6,0x63,0xd6,0x63,0xd6,0x63,0xd6,0x63,0xf6,0x63,0xf6,0x63,0xf6,0x63,0xf6,0x63,
    0xf6,0x63,0xf6,0x63,0xf6,0x63,0xf6,0x63,0xf6,0x63,0xf6,0x63,0xf6,0x63,0xf6,0x6b,
    0xf6,0x63,0xf6,0x63,0xf6,0x6b,0xf6,0x6b,0xf6,0x6b,0xf6,0x6b,0xb7,0x84,0x9a,0xd6,
    0xdb,0xde,0x7a,0xce,0xff,0x77,0x84,0xf6,0x6b,0xf6,0x63,0xd6,0x5b,0xd6,0x63,0x37,
    0x74,0x17,0x74,0xf6,0x6b,0xf6,0x6b,0xf6,0x63,0xd6,0x63,0xb6,0x5b,0x57,0x7c,0xf8,
    0x94,0xba,0xde,0xda,0xde,0xda,0xde,0xda,0xde,0xdb,0xde,0xdb,0xde,0xdb,0xde,0xdb,
    0xde,0xdb,0xde,0xdb,0xde,0x37,0xd6,0x0b,0xcc,0xc6,0xcb,0xe7,0xcb,0x07,0xcc,0x27,
    0xcc,0x27,0xcc,0x48,0xcc,0x48,0xcc,0x28,0xcc,0x28,0xcc,0x27,0xcc,0x07,0xcc,0x07,
    0xcc,0xe7,0xcb,0xa6,0xc3,0x65,0xc3,0xc8,0xc3,0xf5,0xd5,0xda,0xde,0xda,0xde,0xda,
    0xde,0xda,0xde,0xda,0xde,0xda,0xde,0xda,0xde,0xda,0xde,0xda,0xde,0x99,0xd6,0x56,
    0x84,0xf6,0x6b,0xd6,0x63,0xd6,0x63,0xd6,0x63,0xd6,0x63,0x77,0x84,0x7a,0xce,0xdb,
    0xde,0x9a,0xce,0x77,0x7c,0xd6,0x63,0xd6,0x63,0xb6,0x63,0xd6,0x63,0x16,0x74,0x29,
    0x01,0x4a,0x01,0xac,0x11,0xac,0x09,0x6b,0x01,0x4b,0x01,0x4b,0x01,0x6b,0x01,0x6b,
    0x01,0x6b,0x01,0xcc,0x21,0x73,0x84,0x56,0xa5,0xf5,0x94,0x8e,0x3a,0x6c,0x01,0x6c,
    0x01,0x6b,0x01,0x8c,0x01,0xad,0x01,0xad,0x01,0x8d,0x01,0x8d,0x01,0x8c,0x01,0x8d,
    0x01,0xce,0x01,0xce,0x09,0xad,0x01,0xad,0x01,0xad,0x01,0x8d,0x01,0xad,0x01,0xce,
    0x09,0x50,0x22,0xb1,0x3a,0xd1,0x3a,0x2f,0x22,0xad,0x01,0xad,0x01,0xce,0x01,0x30,
    0x12,0x10,0x0a,0xef,0x01,0xef,0x01,0x30,0x12,0x71,0x22,0x92,0x2a,0xd2,0x3a,0x91,
    0x2a,0x30,0x12,0x30,0x0a,0x30,0x0a,0x30,0x12,0x50,0x12,0x8b,0x19,0x27,0x19,0x05,
    0x19,0x86,0x29,0xff,0x26,0x19,0x47,0x19,0x88,0x19,0x2b,0x2a,0x4f,0x53,0x16,0x9d,
    0xd8,0xb5,0x73,0x84,0xc8,0x31,0x6d,0x32,0x8f,0x6b,0x34,0xa5,0x52,0x84,0x13,0x74,
    0x94,0x63,0x75,0x53,0x55,0x53,0x55,0x4b,0x34,0x43,0x34,0x43,0x75,0x53,0x34,0x43,
    0xf3,0x32,0x14,0x3b,0x55,0x4b,0x75,0x53,0x75,0x53,0x75,0x53,0x54,0x4b,0xf3,0x3a,
    0xf3,0x3a,0xf4,0x32,0xf4,0x32,0xf4,0x32,0x14,0x3b,0x32,0x7c,0x2d,0x5b,0x6a,0x42,
    0xcb,0x52,0xec,0x52,0x6d,0x63,0x91,0x8c,0x55,0xa5,0x7a,0xce,0xf3,0x9c,0x4d,0x63,
    0x4d,0x5b,0x4d,0x63,0x4d,0x63,0x6d,0x63,0x4d,0x63,0x6d,0x63,0x4d,0x63,0x4d,0x63,
    0x4d,0x63,0x6d,0x63,0x6d,0x63,0x6d,0x63,0x6d,0x63,0x4d,0x63,0x4d,0x63,0x6d,0x63,
    0x6d,0x63,0x6d,0x63,0x4d,0x63,0x6d,0x63,0x8e,0x63,0x6d,0x63,0x6d,0x63,0x6d,0x63,
    0x6d,0x63,0x8e,0x6b,0x8e,0x63,0x6d,0x63,0x6d,0x63,0x6d,0x63,0x4d,0x63,0x6d,0x63,
    0x6d,0x63,0x6d,0x63,0x6d,0x63,0x6d,0x63,0x8e,0x63,0x6d,0x63,0x6d,0x63,0x6d,0x63,
    0x8d,0x63,0x8e,0x63,0x8e,0x6b,0x8e,0x63,0x8d,0x63,0x8e,0x63,0x8e,0x63,0xae,0x6b,
    0xae,0x6b,0xae,0x6b,0x8e,0x6b,0x6d,0x63,0x8e,0x6b,0x8e,0x6b,0x8e,0x63,0x8e,0x6b,
    0x8e,0x63,0x6d,0x63,0x6d,0x63,0x6d,0x63,0x8e,0x63,0xae,0x6b,0x8e,0x6b,0x8e,0x6b,
    0x8e,0x6b,0x6d,0x63,0x8e,0x6b,0x8e,0x6b,0x8e,0x6b,0x8e,0x63,0xae,0x6b,0xae,0x6b,
    0x6d,0x63,0x8e,0x6b,0xae,0x6b,0x8e,0x6b,0x8e,0x6b,0x8e,0x63,0xae,0x6b,0xae,0x6b,
    0xae,0x6b,0xff,0x8e,0x63,0x8d,0x63,0x6d,0x63,0x8e,0x6b,0x8e,0x6b,0x8e,0x6b,0x8e,
    0x6b,0xae,0x6b,0x8e,0x63,0xcf,0x73,0xef,0x73,0x32,0x7c,0x95,0x84,0x16,0x6c,0xd6,
    0x63,0xd6,0x63,0xd6,0x63,0xd6,0x63,0xf6,0x63,0xd6,0x63,0xd6,0x63,0xd6,0x63,0xd6,
    0x63,0xd6,0x63,0xf6,0x63,0xf6,0x63,0xf6,0x63,0xf6,0x63,0xf6,0x63,0xf6,0x63,0xf6,
    0x63,0xf6,0x63,0xd6,0x63,0xd6,0x63,0xb6,0x5b,0x96,0x53,0x96,0x53,0x95,0x53,0x96,
    0x53,0xb6,0x5b,0xd6,0x63,0xf8,0x94,0x9a,0xd6,0xdb,0xde,0x7a,0xce,0x77,0x7c,0xf6,
    0x6b,0xd6,0x63,0xb6,0x5b,0xd6,0x63,0x37,0x74,0x17,0x74,0xf6,0x6b,0xf6,0x6b,0xf6,
    0x63,0xd6,0x63,0xb6,0x5b,0xd6,0x63,0x37,0x74,0x97,0x8c,0x98,0xad,0xdb,0xde,0xda,
    0xde,0xda,0xde,0xda,0xde,0xdb,0xde,0xda,0xde,0xda,0xde,0xdb,0xde,0xdb,0xde,0xdb,
    0xde,0x99,0xde,0x93,0xd5,0x09,0xc4,0x07,0xcc,0x27,0xcc,0x48,0xcc,0x48,0xcc,0x48,
    0xcc,0x48,0xcc,0x48,0xcc,0x28,0xcc,0x27,0xc4,0x07,0xc4,0xe7,0xc3,0xc7,0xc3,0x2f,
    0xd5,0x78,0xde,0xda,0xde,0xda,0xde,0xda,0xde,0xda,0xde,0xda,0xde,0xda,0xde,0xda,
    0xde,0xda,0xde,0xda,0xde,0xda,0xde,0xf7,0x9c,0x16,0x6c,0xd6,0x63,0xd6,0x63,0xd6,
    0x63,0xd6,0x63,0x97,0x84,0x7a,0xce,0xdb,0xde,0x7a,0xce,0x57,0x7c,0xd6,0x63,0xd6,
    0x63,0xd6,0x63,0xd6,0x63,0xb7,0x8c,0x7a,0xce,0x4a,0x01,0xac,0x11,0xab,0x09,0x6b,
    0x01,0x4b,0x01,0x4b,0x01,0x4b,0x01,0x6b,0x01,0x6b,0x01,0x4d,0x32,0xb4,0x8c,0x56,
    0xa5,0xff,0x94,0x84,0x2d,0x2a,0x6c,0x01,0x6b,0x01,0x6c,0x01,0x8d,0x01,0xad,0x01,
    0x8d,0x01,0x8c,0x01,0x8c,0x01,0x6c,0x01,0x8d,0x01,0xce,0x01,0xce,0x01,0xad,0x01,
    0xad,0x01,0xad,0x01,0xad,0x01,0xad,0x01,0xae,0x01,0xce,0x01,0xce,0x01,0xce,0x01,
    0x0f,0x12,0x91,0x32,0xd2,0x3a,0xd1,0x42,0x50,0x2a,0xce,0x01,0xae,0x01,0xcf,0x01,
    0xef,0x01,0xef,0x01,0x10,0x02,0x30,0x02,0x51,0x12,0xb2,0x32,0xf2,0x3a,0xd2,0x3a,
    0x91,0x2a,0xb0,0x42,0x2f,0x94,0x07,0x4a,0xe4,0x18,0x05,0x21,0x67,0x21,0xc8,0x29,
    0x0b,0x2a,0x8c,0x3a,0x0f,0x4b,0x74,0x84,0x57,0xa5,0xf9,0xb5,0x7a,0xce,0x98,0xad,
    0x31,0x84,0x54,0xa5,0xb1,0x94,0x13,0x9d,0x95,0xb5,0x31,0x5b,0x55,0x53,0x55,0x4b,
    0x34,0x43,0x14,0x3b,0x14,0x3b,0xf4,0x32,0xd3,0x2a,0xf4,0x32,0xf4,0x32,0xf4,0x3a,
    0x14,0x3b,0x14,0x3b,0x54,0x4b,0x95,0x53,0x95,0x53,0xf3,0x32,0xb3,0x2a,0xf4,0x32,
    0xf4,0x32,0xd2,0x3a,0x87,0x29,0x69,0x42,0x4d,0x63,0xb2,0x94,0x74,0xa5,0x54,0xa5,
    0x34,0xa5,0x75,0xa5,0x10,0x74,0x4d,0x63,0x6d,0x63,0x6d,0x63,0x4d,0x63,0x6d,0x63,
    0x4d,0x5b,0x6d,0x63,0x4d,0x63,0x6d,0x63,0x6d,0x63,0x6d,0x63,0x6d,0x63,0x4d,0x63,
    0x6d,0x63,0x4d,0x63,0x6d,0x63,0x6d,0x63,0x6d,0x63,0x6d,0x63,0x6d,0x63,0x8e,0x63,
    0x6d,0x63,0x6d,0x63,0x6e,0x63,0x6d,0x63,0x6d,0x63,0x8d,0x63,0x6d,0x63,0x8e,0x63,
    0x6d,0x63,0x6d,0x63,0x8e,0x63,0x8e,0x63,0x6d,0x63,0x6d,0x63,0x8e,0x63,0x8e,0x63,
    0xff,0x8e,0x63,0x6d,0x63,0x6d,0x63,0x8e,0x6b,0x8e,0x6b,0x6d,0x63,0x6d,0x63,0x6d,
    0x63,0x8d,0x63,0x8e,0x6b,0x8d,0x63,0x8d,0x63,0x8d,0x63,0x6d,0x63,0x6d,0x63,0xae,
    0x6b,0x8e,0x6b,0x8e,0x6b,0x6d,0x63,0x8e,0x63,0x8e,0x63,0x6d,0x63,0x8e,0x63,0x8e,
    0x63,0xae,0x6b,0x8e,0x63,0x6d,0x63,0x8e,0x63,0x8e,0x63,0x8e,0x6b,0x8e,0x6b,0x8d,
    0x63,0x6d,0x63,0x8e,0x63,0x8e,0x6b,0x6d,0x63,0x6d,0x63,0xae,0x6b,0x8e,0x6b,0x8d,
    0x63,0x8e,0x63,0x8d,0x63,0x8e,0x6b,0x8e,0x63,0x8e,0x6b,0x8e,0x63,0x6d,0x63,0x8e,
    0x63,0xae,0x6b,0x8e,0x6b,0x8e,0x6b,0x8e,0x6b,0xae,0x6b,0x8e,0x6b,0x8e,0x6b,0x8d,
    0x63,0x8e,0x6b,0x8e,0x6b,0xae,0x6b,0x30,0x7c,0x73,0x84,0x55,0x7c,0x36,0x74,0xf6,
    0x63,0xd6,0x63,0xd6,0x63,0xd6,0x63,0xd6,0x63,0xd6,0x63,0xf6,0x63,0xf6,0x63,0xf6,
    0x63,0xf6,0x63,0xf6,0x63,0xf6,0x63,0xf6,0x63,0xd6,0x63,0xb6,0x5b,0x55,0x4b,0xf4,
    0x32,0xd3,0x32,0x14,0x43,0x34,0x4b,0x54,0x4b,0x75,0x53,0x75,0x53,0x95,0x5b,0x5a,
    0xc6,0xdb,0xde,0xdb,0xde,0x19,0xbe,0xf8,0x94,0x16,0x6c,0xb6,0x5b,0xf6,0x6b,0x37,
    0x74,0x16,0x74,0xf6,0x6b,0xf6,0x6b,0xf6,0x63,0xd6,0x63,0xd6,0x63,0x16,0x6c,0x37,
    0x74,0x57,0x74,0x97,0x84,0xb7,0x8c,0x19,0xc6,0xda,0xde,0xdb,0xde,0xdb,0xde,0xda,
    0xde,0xda,0xde,0xdb,0xde,0xdb,0xde,0xdb,0xde,0xdb,0xde,0xdb,0xde,0xdb,0xde,0xba,
    0xde,0xf6,0xd5,0x71,0xd5,0xee,0xcc,0xab,0xcc,0x8a,0xcc,0x69,0xcc,0x69,0xcc,0xff,
    0x8a,0xcc,0xab,0xcc,0x0e,0xcd,0xb3,0xd5,0x77,0xde,0xda,0xde,0xda,0xde,0xda,0xde,
    0xda,0xde,0xda,0xde,0xda,0xde,0xda,0xde,0xda,0xde,0xda,0xde,0xda,0xde,0xdb,0xde,
    0x19,0xc6,0x36,0x74,0xf6,0x6b,0xd6,0x63,0xd6,0x63,0xd6,0x63,0x97,0x84,0x7a,0xce,
    0xdb,0xde,0x7a,0xce,0x77,0x7c,0xd6,0x63,0xd6,0x63,0xd6,0x63,0xd6,0x63,0x97,0x84,
    0x7a,0xce,0xdb,0xde,0xac,0x11,0x8b,0x09,0x4b,0x01,0x4b,0x01,0x4b,0x01,0x4b,0x01,
    0x6b,0x01,0x6b,0x01,0xae,0x42,0xf5,0x94,0x56,0xa5,0x53,0x7c,0xcc,0x19,0x6c,0x01,
    0x6b,0x01,0x6b,0x01,0xac,0x01,0xad,0x01,0x8c,0x01,0x8c,0x01,0x8c,0x01,0x6c,0x01,
    0x8d,0x01,0xce,0x09,0xce,0x01,0xad,0x01,0xad,0x01,0xad,0x01,0x8d,0x01,0x8d,0x01,
    0xad,0x01,0xce,0x01,0xce,0x01,0xce,0x01,0xef,0x01,0xef,0x01,0xef,0x01,0x30,0x12,
    0x50,0x22,0xb1,0x32,0xf2,0x3a,0x91,0x32,0x0f,0x12,0x0f,0x0a,0x10,0x02,0x10,0x02,
    0x30,0x0a,0x30,0x0a,0x31,0x12,0x51,0x12,0x51,0x1a,0xb2,0x32,0x33,0x84,0xaf,0xa4,
    0x07,0x4a,0xe4,0x18,0x47,0x21,0xc8,0x21,0x0e,0x4b,0xf1,0x6b,0x53,0x7c,0x98,0xad,
    0x9a,0xce,0x7a,0xc6,0xd8,0xb5,0xb9,0xb5,0x95,0x84,0xd3,0x94,0xb6,0xb5,0x13,0x9d,
    0x99,0xd6,0x95,0x8c,0x75,0x53,0x55,0x4b,0x34,0x4b,0xf4,0x3a,0x14,0x3b,0xd3,0x32,
    0xb3,0x2a,0xf4,0x32,0xf4,0x32,0xf4,0x32,0x14,0x3b,0x34,0x3b,0x34,0x43,0x14,0x3b,
    0x34,0x43,0xb5,0x5b,0x95,0x53,0xb3,0x2a,0x74,0x53,0xb7,0x8c,0xd6,0x94,0xff,0xf0,
    0x7b,0xec,0x52,0x4a,0x42,0x2c,0x5b,0xd2,0x94,0x38,0xc6,0x38,0xc6,0xef,0x73,0x4d,
    0x5b,0x4d,0x5b,0x4d,0x63,0x4d,0x63,0x4d,0x63,0x4d,0x63,0x4d,0x63,0x6d,0x63,0x4d,
    0x5b,0x4d,0x5b,0x4d,0x63,0x4d,0x63,0x4d,0x5b,0x6d,0x63,0x6e,0x63,0x4d,0x63,0x6d,
    0x63,0x6d,0x63,0x4d,0x63,0x4d,0x5b,0x8e,0x63,0x6d,0x63,0x6d,0x63,0x6d,0x63,0x4d,
    0x5b,0x4d,0x63,0x6d,0x63,0x4d,0x63,0x6d,0x63,0x6d,0x63,0x6d,0x63,0x8e,0x63,0x8e,
    0x63,0x6d,0x63,0x6d,0x63,0x8e,0x63,0x6d,0x63,0x6d,0x63,0x6d,0x63,0x8e,0x63,0x6d,
    0x63,0x6d,0x63,0x6d,0x63,0xae,0x6b,0x6d,0x63,0x6d,0x63,0x8e,0x63,0x8e,0x6b,0x6d,
    0x63,0x6d,0x63,0x6e,0x63,0x6d,0x63,0xae,0x6b,0x6d,0x63,0x6d,0x63,0x8e,0x63,0x8e,
    0x6b,0x8d,0x63,0x8e,0x6b,0x8e,0x6b,0x8d,0x63,0x8e,0x6b,0x8e,0x63,0x8e,0x6b,0x8e,
    0x6b,0x8e,0x63,0x8e,0x63,0x6d,0x63,0x8e,0x6b,0x8e,0x63,0xae,0x6b,0x6d,0x63,0x8d,
    0x63,0x8e,0x6b,0x8e,0x63,0x8e,0x6b,0xae,0x6b,0x8e,0x6b,0x8e,0x63,0x8e,0x63,0x6d,
    0x63,0x8e,0x6b,0x6d,0x63,0xae,0x6b,0xae,0x6b,0x8e,0x6b,0xae,0x6b,0xae,0x6b,0x8e,
    0x63,0x6d,0x63,0x8e,0x6b,0x8e,0x6b,0x8e,0x6b,0x8e,0x6b,0x8e,0x63,0x8d,0x63,0x6d,
    0x63,0x8e,0x6b,0x6d,0x63,0xae,0x6b,0x10,0x7c,0xb3,0x8c,0x75,0x7c,0xf6,0x6b,0xf6,
    0x6b,0xf6,0x63,0xf6,0x63,0xf6,0x63,0xf6,0x63,0xf6,0x63,0xf6,0x63,0xf6,0x63,0xf6,
    0x63,0xd6,0x63,0x96,0x53,0x14,0x3b,0x34,0x43,0xd6,0x63,0xf6,0x6b,0xff,0x16,0x6c,
    0x37,0x74,0x37,0x7c,0x57,0x7c,0x57,0x7c,0x57,0x7c,0x16,0x6c,0xd7,0x8c,0x3a,0xc6,
    0xbb,0xd6,0xdb,0xd6,0xbb,0xd6,0x3a,0xc6,0x18,0x9d,0x57,0x7c,0xf6,0x6b,0xf6,0x6b,
    0xf6,0x63,0xd6,0x63,0xd6,0x63,0x17,0x74,0x57,0x7c,0x57,0x7c,0x57,0x7c,0x57,0x7c,
    0x57,0x7c,0x97,0x84,0xd9,0xbd,0xda,0xde,0xdb,0xde,0xdb,0xde,0xdb,0xde,0xdb,0xde,
    0xdb,0xde,0xdb,0xde,0xdb,0xde,0xdb,0xde,0xdb,0xde,0xdb,0xde,0xda,0xde,0xdb,0xde,
    0xda,0xde,0xba,0xde,0xb9,0xde,0xb9,0xde,0xb9,0xde,0xb9,0xde,0xba,0xde,0xda,0xde,
    0xda,0xde,0xda,0xde,0xda,0xde,0xda,0xde,0xda,0xde,0xda,0xde,0xda,0xde,0xda,0xde,
    0xda,0xde,0xda,0xde,0xda,0xde,0xdb,0xde,0x39,0xc6,0x16,0x74,0xf6,0x6b,0xd6,0x63,
    0xd6,0x63,0xd6,0x63,0x97,0x84,0x9a,0xd6,0xdb,0xde,0x7a,0xce,0x56,0x7c,0xd6,0x63,
    0xd6,0x63,0xd6,0x63,0xd6,0x63,0x97,0x84,0x7a,0xce,0xdb,0xde,0xdb,0xde,0x8b,0x09,
    0x4a,0x01,0x4b,0x01,0x4b,0x01,0x4b,0x01,0x6b,0x01,0x6b,0x01,0x50,0x5b,0x15,0x9d,
    0x56,0xa5,0xd2,0x6b,0x8c,0x09,0x6b,0x01,0x4b,0x01,0x6c,0x01,0xad,0x01,0xad,0x01,
    0x8c,0x01,0x8c,0x01,0x8c,0x01,0x6c,0x01,0xad,0x01,0xee,0x09,0xad,0x01,0xad,0x01,
    0x8d,0x01,0x8d,0x01,0x8d,0x01,0xad,0x01,0xae,0x01,0xce,0x01,0xce,0x01,0xce,0x01,
    0xce,0x01,0xef,0x01,0xef,0x01,0x10,0x0a,0x10,0x0a,0xef,0x01,0xef,0x01,0x0f,0x02,
    0x50,0x1a,0x71,0x22,0xb2,0x2a,0xd2,0x32,0x51,0x22,0x30,0x0a,0xff,0x30,0x0a,0x31,
    0x0a,0x51,0x12,0x51,0x12,0x51,0x12,0x51,0x12,0x51,0x1a,0x2e,0x22,0xac,0x19,0x68,
    0x19,0xea,0x21,0xee,0x4a,0xd2,0x63,0x16,0x95,0x9a,0xce,0xdb,0xd6,0x7a,0xce,0x97,
    0xad,0x12,0x74,0x90,0x5b,0xec,0x4a,0x54,0xa5,0xba,0xd6,0x74,0x84,0x14,0x43,0x55,
    0x4b,0x34,0x43,0x55,0x4b,0x95,0x5b,0x34,0x4b,0x72,0x12,0xd3,0x2a,0xf4,0x32,0xf4,
    0x32,0xf4,0x32,0xf4,0x32,0x14,0x3b,0x34,0x43,0x34,0x43,0x34,0x3b,0x75,0x53,0xb6,
    0x63,0x96,0x84,0x5a,0xc6,0xbb,0xd6,0xdb,0xde,0xbb,0xd6,0x9a,0xd6,0x39,0xc6,0xb6,
    0xb5,0x55,0xa5,0xf0,0x7b,0xcf,0x73,0x6d,0x63,0x4d,0x63,0x4d,0x63,0x4d,0x5b,0x6d,
    0x63,0x4d,0x5b,0x4d,0x63,0x4d,0x63,0x6d,0x63,0x6d,0x63,0x6d,0x63,0x4d,0x63,0x6d,
    0x63,0x6d,0x63,0x4d,0x63,0x4d,0x63,0x6d,0x63,0x6d,0x63,0x6d,0x63,0x6d,0x63,0x6d,
    0x63,0x6d,0x63,0x6d,0x63,0x6d,0x63,0x6d,0x63,0x8e,0x63,0x8e,0x63,0x6d,0x63,0x8e,
    0x63,0x6d,0x63,0x6d,0x63,0x8e,0x6b,0x6d,0x63,0x6d,0x63,0x6d,0x63,0x6d,0x63,0x6d,
    0x63,0x6e,0x63,0x6d,0x63,0x8e,0x6b,0x8d,0x63,0x6d,0x63,0x8d,0x63,0x6d,0x63,0x6d,
    0x63,0x8e,0x63,0x8e,0x6b,0x6d,0x63,0x6d,0x63,0x8e,0x63,0x8e,0x63,0x6d,0x63,0x8d,
    0x63,0x8e,0x63,0x8e,0x6b,0x8e,0x63,0x6d,0x63,0x8e,0x63,0x8e,0x6b,0x8e,0x6b,0x8e,
    0x6b,0xae,0x6b,0xae,0x6b,0x6d,0x63,0x6d,0x63,0x8e,0x6b,0x8e,0x6b,0x6d,0x63,0x8e,
    0x6b,0xae,0x6b,0xae,0x6b,0x8e,0x6b,0x8e,0x6b,0x8e,0x6b,0xff,0xae,0x6b,0x8e,0x6b,
    0x8e,0x6b,0x6d,0x63,0x8e,0x6b,0x8e,0x6b,0xae,0x6b,0x8e,0x6b,0x8d,0x63,0x8e,0x6b,
    0x8d,0x63,0x8e,0x63,0x8e,0x6b,0xae,0x6b,0x8e,0x6b,0x8e,0x6b,0x8e,0x63,0x8e,0x6b,
    0x8e,0x6b,0x8e,0x6b,0xae,0x6b,0x8e,0x6b,0x8e,0x63,0x8e,0x6b,0xae,0x6b,0x8e,0x6b,
    0x6d,0x63,0x6d,0x63,0x8e,0x6b,0xae,0x6b,0xf0,0x73,0x52,0x7c,0x75,0x84,0x16,0x74,
    0xd6,0x63,0xf6,0x63,0xf6,0x63,0xf6,0x63,0xd6,0x63,0xb6,0x5b,0x96,0x53,0x75,0x53,
    0xd6,0x63,0xf6,0x6b,0x16,0x6c,0x37,0x74,0x37,0x74,0x37,0x74,0x37,0x74,0x37,0x74,
    0x37,0x74,0x57,0x7c,0x97,0x84,0x16,0x74,0x95,0x53,0x57,0x7c,0x18,0x9d,0x19,0xbe,
    0xdb,0xd6,0xdb,0xde,0x9a,0xd6,0x19,0xbe,0x18,0x9d,0xd6,0x63,0xd6,0x63,0x17,0x74,
    0x16,0x74,0xf6,0x6b,0xf6,0x6b,0xf6,0x63,0xf6,0x6b,0x16,0x6c,0x37,0x74,0x77,0x84,
    0x98,0xad,0x7a,0xce,0xda,0xde,0xdb,0xde,0xdb,0xde,0xda,0xde,0xdb,0xde,0xdb,0xde,
    0xdb,0xde,0xdb,0xde,0xdb,0xde,0xdb,0xde,0xdb,0xde,0xdb,0xde,0xdb,0xde,0xdb,0xde,
    0xda,0xde,0xda,0xde,0xda,0xde,0xda,0xde,0xda,0xde,0xda,0xde,0xda,0xde,0xda,0xde,
    0xda,0xde,0xda,0xde,0xda,0xde,0xda,0xde,0xda,0xde,0xda,0xde,0xda,0xde,0x99,0xd6,
    0x98,0xad,0x16,0x74,0x16,0x6c,0xd6,0x63,0xd6,0x63,0xd6,0x63,0x97,0x84,0x9a,0xd6,
    0xdb,0xde,0x5a,0xce,0x57,0x7c,0xd6,0x63,0xd6,0x63,0xd6,0x63,0xb6,0x5b,0xf7,0x94,
    0x9a,0xce,0xdb,0xde,0xdb,0xde,0x3a,0xc6,0x4a,0x01,0xff,0x4b,0x01,0x4b,0x01,0x4b,
    0x01,0x4b,0x01,0x8c,0x09,0x91,0x63,0x36,0x9d,0x36,0x9d,0x50,0x5b,0x6b,0x01,0x6b,
    0x01,0x6b,0x01,0x6c,0x01,0xad,0x01,0xad,0x01,0x8c,0x01,0x8c,0x01,0x6c,0x01,0x6c,
    0x01,0xad,0x01,0xce,0x09,0xad,0x01,0x8d,0x01,0x8d,0x01,0x8d,0x01,0x8d,0x01,0xad,
    0x01,0xae,0x01,0xce,0x01,0xce,0x01,0xce,0x01,0xce,0x01,0xef,0x01,0xef,0x01,0x30,
    0x12,0x10,0x0a,0xef,0x01,0xef,0x01,0xef,0x01,0xef,0x01,0x10,0x02,0x10,0x02,0x30,
    0x0a,0x71,0x22,0xf3,0x3a,0xf3,0x42,0xb2,0x32,0x71,0x22,0x51,0x1a,0x51,0x1a,0x92,
    0x22,0x92,0x22,0x92,0x22,0x71,0x1a,0x51,0x12,0x10,0x0a,0xee,0x11,0xcf,0x42,0xd2,
    0x63,0xf6,0x94,0xf9,0xbd,0x3a,0xbe,0xd5,0x94,0xd5,0x8c,0x4f,0x5b,0x4f,0x53,0x2c,
    0x5b,0x39,0xc6,0xf3,0x73,0xd4,0x32,0x55,0x4b,0x34,0x43,0x14,0x3b,0x14,0x43,0x95,
    0x5b,0x95,0x5b,0x92,0x22,0xb3,0x2a,0xf4,0x32,0xf4,0x32,0xf4,0x32,0xf4,0x32,0x14,
    0x3b,0x34,0x3b,0x34,0x3b,0x34,0x43,0x55,0x4b,0x55,0x7c,0x55,0xa5,0x75,0xad,0xd7,
    0xb5,0xf7,0xbd,0x38,0xc6,0x7a,0xce,0x9a,0xce,0xdb,0xde,0x38,0xc6,0xae,0x6b,0x4d,
    0x5b,0x2c,0x5b,0x4d,0x5b,0x4d,0x63,0x6d,0x63,0x4d,0x63,0x4d,0x63,0x4d,0x63,0x6d,
    0x63,0x4d,0x5b,0x4d,0x63,0x4d,0x63,0x4d,0x63,0x6d,0x63,0x6d,0x63,0x6d,0x63,0x6d,
    0x63,0x6d,0x63,0x6d,0x63,0x6d,0x63,0x4d,0x63,0x8e,0x63,0x6d,0x63,0x6d,0x63,0x6d,
    0x63,0x6d,0x63,0x6d,0x63,0x4d,0x63,0x6d,0x63,0xff,0x4d,0x63,0x6d,0x63,0x6d,0x63,
    0x4d,0x5b,0x6d,0x63,0x6d,0x63,0x6d,0x63,0x6d,0x63,0x8e,0x63,0x6d,0x63,0x8e,0x63,
    0x6d,0x63,0x6d,0x63,0x8e,0x6b,0x8e,0x63,0x8e,0x63,0x8e,0x63,0x8d,0x63,0x6d,0x63,
    0x8e,0x63,0x8e,0x63,0x6d,0x63,0x6d,0x63,0xae,0x6b,0x8e,0x63,0x6d,0x63,0x6d,0x63,
    0x8e,0x63,0x8e,0x63,0x6d,0x63,0x6d,0x63,0x8d,0x63,0x6d,0x63,0x4d,0x63,0x6d,0x63,
    0x8e,0x6b,0x8e,0x6b,0x8e,0x63,0x6d,0x63,0xae,0x6b,0x8d,0x63,0x8e,0x6b,0x8e,0x63,
    0x8e,0x63,0x8e,0x6b,0x8d,0x63,0x6d,0x63,0x8e,0x63,0x8e,0x6b,0xae,0x6b,0x8e,0x6b,
    0x8e,0x63,0x8d,0x63,0x8e,0x63,0xae,0x6b,0xae,0x6b,0x8e,0x63,0x8e,0x6b,0x8d,0x63,
    0x8d,0x63,0x8d,0x63,0xae,0x6b,0xae,0x6b,0x8e,0x6b,0x8d,0x63,0x8e,0x63,0x6d,0x63,
    0x8e,0x63,0x8e,0x6b,0x8e,0x63,0x6d,0x63,0x8e,0x6b,0xae,0x6b,0xae,0x6b,0x6d,0x63,
    0x8e,0x6b,0xae,0x6b,0x8e,0x63,0x8e,0x6b,0x10,0x7c,0x93,0x84,0x35,0x74,0x16,0x6c,
    0xb6,0x5b,0xd6,0x63,0xf6,0x6b,0x37,0x74,0x57,0x7c,0x57,0x7c,0xf6,0x6b,0x17,0x74,
    0x17,0x74,0x37,0x74,0x57,0x7c,0x57,0x7c,0x57,0x7c,0x37,0x74,0x37,0x74,0x57,0x7c,
    0x97,0x84,0xb6,0x63,0x95,0x5b,0xd6,0x63,0xd6,0x63,0xf6,0x6b,0x38,0x9d,0x19,0xc6,
    0x9a,0xd6,0xdb,0xde,0xbb,0xd6,0xd9,0xb5,0xf8,0x94,0xf6,0x6b,0x96,0x53,0x96,0x53,
    0xb6,0x5b,0xb6,0x5b,0xd6,0x63,0xf6,0x63,0x17,0x74,0x77,0x84,0xb7,0x8c,0x19,0xc6,
    0x9a,0xd6,0xda,0xde,0xdb,0xde,0xda,0xde,0xff,0xdb,0xde,0xdb,0xde,0xdb,0xde,0xda,
    0xde,0xdb,0xde,0xda,0xde,0xdb,0xde,0xdb,0xde,0xda,0xde,0xda,0xde,0xda,0xde,0xda,
    0xde,0xdb,0xde,0xda,0xde,0xda,0xde,0xda,0xde,0xda,0xde,0xda,0xde,0xda,0xde,0xda,
    0xde,0xda,0xde,0xda,0xde,0xba,0xd6,0x19,0xc6,0x77,0x84,0xf6,0x6b,0xf6,0x6b,0xd6,
    0x63,0xd6,0x63,0xd6,0x63,0x97,0x84,0x9a,0xd6,0xdb,0xde,0x7a,0xce,0x56,0x7c,0xd6,
    0x63,0xd6,0x63,0xd6,0x63,0x36,0x74,0x7a,0xc6,0x9a,0xce,0xdb,0xde,0xdb,0xde,0xdb,
    0xde,0xbb,0xd6,0x4b,0x01,0x4b,0x01,0x4b,0x01,0x4b,0x01,0x8c,0x11,0x12,0x74,0x56,
    0x9d,0x15,0x95,0xcf,0x42,0x6c,0x01,0x6b,0x01,0x6b,0x01,0x8c,0x01,0xad,0x01,0xad,
    0x01,0x8c,0x01,0x8c,0x01,0x8c,0x01,0x8c,0x01,0xad,0x01,0xce,0x09,0xad,0x01,0x8d,
    0x01,0x8d,0x01,0x8d,0x01,0x8d,0x01,0xad,0x01,0xce,0x01,0xce,0x01,0xce,0x01,0xce,
    0x01,0xce,0x01,0xef,0x01,0xef,0x01,0x0f,0x0a,0x0f,0x02,0xef,0x01,0xef,0x01,0xef,
    0x01,0xef,0x01,0x10,0x02,0x10,0x02,0x30,0x0a,0x30,0x0a,0x30,0x0a,0x31,0x0a,0x51,
    0x1a,0x92,0x22,0xf3,0x3a,0x13,0x43,0xd3,0x32,0xb2,0x2a,0x71,0x22,0x71,0x1a,0x51,
    0x12,0x51,0x12,0x51,0x12,0x31,0x0a,0x30,0x0a,0x50,0x22,0xf0,0x4a,0xb5,0x8c,0x19,
    0xbe,0x5a,0xc6,0x19,0xbe,0xf6,0x94,0xd1,0x63,0x8b,0x42,0xf1,0x4a,0xf4,0x32,0x14,
    0x3b,0x14,0x3b,0xf4,0x32,0xf4,0x32,0x14,0x3b,0x54,0x4b,0x95,0x5b,0x75,0x53,0xd3,
    0x32,0xf3,0x3a,0xf4,0x3a,0xf4,0x3a,0xff,0x14,0x3b,0x14,0x3b,0x14,0x3b,0x14,0x3b,
    0xf4,0x32,0x33,0x4b,0x6a,0x42,0xe8,0x31,0x29,0x3a,0xaa,0x4a,0x0b,0x53,0x4d,0x63,
    0x71,0x84,0x34,0x9d,0x76,0xad,0xae,0x6b,0x4d,0x5b,0x6d,0x63,0x6d,0x63,0x6d,0x63,
    0x4d,0x63,0x4d,0x5b,0x4d,0x63,0x6d,0x63,0x4d,0x63,0x6d,0x63,0x8d,0x63,0x6d,0x63,
    0x8d,0x63,0x6d,0x63,0x4d,0x63,0x6d,0x63,0x6d,0x63,0x4d,0x63,0x2c,0x5b,0x6d,0x63,
    0x6d,0x63,0x6d,0x63,0x8e,0x63,0x6d,0x63,0x6d,0x63,0x6d,0x63,0x6d,0x63,0x6d,0x63,
    0x6d,0x63,0x6d,0x63,0x6d,0x63,0x6d,0x63,0x6d,0x63,0x8e,0x63,0x6d,0x63,0x6d,0x63,
    0x6d,0x63,0x6d,0x63,0x6d,0x63,0x8e,0x63,0x8e,0x63,0x8d,0x63,0x6d,0x63,0x6d,0x63,
    0x6d,0x63,0x6d,0x63,0x8e,0x6b,0x6d,0x63,0x6d,0x63,0x6d,0x63,0x8e,0x63,0xae,0x6b,
    0x4d,0x63,0x8e,0x63,0x8e,0x63,0x8e,0x63,0x8e,0x6b,0x8e,0x6b,0x8e,0x63,0xae,0x6b,
    0x8e,0x63,0x8e,0x6b,0xae,0x6b,0xae,0x6b,0x8e,0x6b,0x8e,0x6b,0x6d,0x63,0x8e,0x63,
    0x8e,0x63,0x8e,0x63,0x8e,0x63,0x6d,0x63,0x8e,0x6b,0x8e,0x6b,0x8e,0x6b,0x6d,0x63,
    0x8e,0x6b,0x8e,0x6b,0x8d,0x63,0x6d,0x63,0xae,0x6b,0x8e,0x6b,0xae,0x6b,0x6d,0x63,
    0x8e,0x6b,0x8e,0x63,0x8e,0x6b,0x6d,0x63,0x8e,0x6b,0xae,0x6b,0xae,0x6b,0x8e,0x63,
    0x8e,0x63,0x6d,0x63,0xae,0x6b,0x6d,0x63,0x6d,0x63,0x8e,0x6b,0x8e,0x6b,0xae,0x6b,
    0xae,0x6b,0x8e,0x63,0x8e,0x6b,0x8e,0x63,0x6d,0x63,0xae,0x6b,0x8e,0x6b,0x8d,0x63,
    0x8e,0x6b,0x8e,0x63,0x8e,0x6b,0xff,0xcf,0x6b,0xf0,0x73,0x93,0x84,0x96,0x84,0x36,
    0x74,0x57,0x7c,0x77,0x84,0x16,0x74,0x16,0x6c,0x17,0x74,0x17,0x74,0x16,0x6c,0xf6,
    0x6b,0xf6,0x6b,0x16,0x6c,0x17,0x74,0x17,0x74,0x17,0x74,0x16,0x6c,0xd6,0x63,0x95,
    0x53,0xd6,0x63,0xd6,0x63,0x16,0x6c,0x37,0x74,0x37,0x7c,0x97,0x84,0x18,0x9d,0x1a,
    0xc6,0xbb,0xd6,0xbb,0xd6,0x9a,0xd6,0xd9,0xb5,0x77,0x7c,0x96,0x5b,0x96,0x53,0x96,
    0x53,0xb6,0x5b,0xd6,0x63,0xf6,0x6b,0x37,0x74,0x77,0x84,0xb7,0x8c,0x78,0xad,0x9a,
    0xd6,0xda,0xde,0xda,0xde,0xda,0xde,0xda,0xde,0xdb,0xde,0xda,0xde,0xda,0xde,0xda,
    0xde,0xda,0xde,0xda,0xde,0xda,0xde,0xda,0xde,0xda,0xde,0xda,0xde,0xda,0xde,0xdb,
    0xde,0xda,0xde,0xda,0xde,0xda,0xde,0xda,0xde,0xda,0xde,0x99,0xd6,0xd8,0xbd,0x97,
    0x8c,0x16,0x74,0xf6,0x6b,0xd6,0x63,0xd6,0x63,0xd6,0x63,0xd6,0x63,0xb7,0x8c,0x9b,
    0xd6,0xdb,0xde,0x7a,0xce,0x56,0x74,0xd6,0x63,0xd6,0x63,0xd6,0x63,0x36,0x74,0x7a,
    0xce,0xdb,0xde,0xdb,0xde,0xdb,0xde,0xdb,0xde,0xdb,0xde,0xdb,0xde,0x4b,0x01,0x4b,
    0x01,0x4b,0x01,0xed,0x21,0x74,0x84,0x56,0xa5,0xd4,0x8c,0x6e,0x3a,0x6b,0x01,0x6b,
    0x01,0x4b,0x01,0x8c,0x01,0xad,0x01,0x8c,0x01,0x8c,0x01,0x8c,0x01,0x8c,0x01,0x8d,
    0x01,0x8d,0x01,0xad,0x01,0x8d,0x01,0x8d,0x01,0x8d,0x01,0x8d,0x01,0xad,0x01,0xad,
    0x01,0xae,0x01,0xce,0x01,0xce,0x01,0xce,0x01,0xce,0x01,0xcf,0x01,0xef,0x01,0xef,
    0x01,0xef,0x01,0xef,0x01,0xff,0xef,0x01,0xef,0x01,0xef,0x01,0x10,0x02,0x10,0x02,
    0x30,0x0a,0x30,0x0a,0x31,0x0a,0x31,0x0a,0x51,0x12,0x51,0x12,0x51,0x12,0x51,0x12,
    0x72,0x1a,0xf3,0x3a,0x13,0x43,0x71,0x22,0x30,0x0a,0x71,0x12,0x71,0x12,0x51,0x12,
    0x51,0x12,0x72,0x1a,0x72,0x1a,0x51,0x12,0x31,0x02,0x50,0x22,0x31,0x53,0xd2,0x73,
    0xed,0x5a,0xcd,0x52,0x51,0x22,0xf4,0x32,0x14,0x3b,0xf4,0x32,0xd3,0x2a,0xd3,0x22,
    0xb3,0x22,0xd3,0x2a,0xf4,0x32,0x14,0x3b,0x54,0x4b,0x55,0x4b,0x54,0x4b,0x34,0x4b,
    0x34,0x43,0x14,0x43,0x14,0x43,0x34,0x43,0x34,0x4b,0x34,0x4b,0xaf,0x4a,0x25,0x21,
    0x08,0x32,0xab,0x4a,0x0f,0x74,0x34,0x9d,0x95,0xad,0x14,0x9d,0x92,0x8c,0x6d,0x63,
    0x4d,0x5b,0x4d,0x5b,0x2c,0x5b,0x4d,0x5b,0x4d,0x63,0x4d,0x5b,0x6d,0x63,0x4d,0x63,
    0x4d,0x63,0x4d,0x63,0x4d,0x63,0x4d,0x5b,0x4d,0x5b,0x4d,0x63,0x4d,0x63,0x6d,0x63,
    0x4d,0x63,0x4d,0x63,0x6d,0x63,0x6d,0x63,0x6d,0x63,0x4d,0x63,0x6d,0x63,0x4d,0x63,
    0x6d,0x63,0x6d,0x63,0x6d,0x63,0x6d,0x63,0x4d,0x63,0x6d,0x63,0x6d,0x63,0x6d,0x63,
    0x6d,0x63,0x6d,0x63,0x6d,0x63,0x6d,0x63,0x8d,0x63,0x6d,0x63,0x6d,0x63,0x8e,0x6b,
    0x6d,0x63,0x6d,0x63,0x6d,0x63,0x8e,0x63,0x8e,0x63,0x6d,0x63,0x6d,0x63,0x8e,0x63,
    0x6d,0x63,0x6d,0x63,0x8e,0x63,0x6e,0x63,0x6d,0x63,0x8e,0x6b,0x8e,0x6b,0x8e,0x6b,
    0x6d,0x63,0x8e,0x63,0x8e,0x6b,0x8e,0x63,0x8e,0x63,0x8e,0x6b,0x8e,0x63,0x6d,0x63,
    0x6d,0x63,0x6d,0x63,0xff,0x8d,0x63,0x8e,0x63,0x8e,0x63,0x8e,0x63,0x8e,0x63,0x8e,
    0x63,0x8e,0x63,0x6d,0x63,0x6d,0x63,0x8e,0x6b,0x8e,0x6b,0x8e,0x6b,0x6d,0x63,0x8e,
    0x6b,0xae,0x6b,0x6d,0x63,0x8d,0x63,0x8e,0x63,0x8e,0x63,0x8e,0x6b,0x8e,0x6b,0x8d,
    0x63,0xae,0x6b,0x8e,0x63,0x8e,0x63,0x8e,0x63,0x8e,0x6b,0x8e,0x6b,0x8e,0x6b,0x8e,
    0x63,0x8e,0x6b,0x8e,0x6b,0x6d,0x63,0x8e,0x63,0x8e,0x63,0x8e,0x6b,0x8e,0x63,0x8e,
    0x63,0x8e,0x6b,0x8e,0x6b,0x6d,0x63,0x8e,0x63,0x8e,0x6b,0xae,0x6b,0x8e,0x63,0x8e,
    0x63,0x8e,0x63,0x8e,0x6b,0x8d,0x63,0xcf,0x73,0x31,0x7c,0x73,0x84,0xd6,0x8c,0x76,
    0x7c,0xd6,0x63,0xf6,0x6b,0x17,0x6c,0x16,0x6c,0xf6,0x6b,0xf6,0x63,0xf6,0x6b,0x17,
    0x74,0x16,0x6c,0x96,0x5b,0xd6,0x63,0x95,0x5b,0xd6,0x63,0x37,0x74,0x37,0x74,0x37,
    0x74,0x16,0x6c,0xf6,0x63,0xb6,0x5b,0x96,0x53,0x95,0x53,0x57,0x74,0x78,0xa5,0x1a,
    0xc6,0xdb,0xd6,0xdb,0xde,0x7a,0xce,0xb9,0xb5,0xd7,0x94,0xd6,0x63,0xb6,0x5b,0xd6,
    0x5b,0xd6,0x63,0x17,0x6c,0x37,0x74,0x57,0x7c,0xb7,0x8c,0x58,0xa5,0xb8,0xb5,0x19,
    0xc6,0xba,0xd6,0xda,0xde,0xda,0xde,0xda,0xde,0xdb,0xde,0xda,0xde,0xda,0xde,0xda,
    0xde,0xda,0xde,0xda,0xde,0xda,0xde,0xda,0xde,0xda,0xde,0xda,0xde,0x99,0xd6,0x79,
    0xce,0xd8,0xbd,0x58,0xad,0x77,0x84,0xd6,0x63,0xd6,0x5b,0x95,0x53,0x75,0x4b,0x75,
    0x4b,0x95,0x53,0x95,0x5b,0x97,0x84,0x9a,0xd6,0xdb,0xde,0x5a,0xc6,0x36,0x74,0xd6,
    0x63,0xd6,0x63,0xff,0xd6,0x63,0xd6,0x63,0x37,0x9d,0xd7,0xb5,0x18,0xbe,0xbb,0xd6,
    0xdb,0xde,0xdb,0xde,0xdb,0xde,0xdb,0xde,0x4b,0x01,0x4b,0x01,0x4d,0x32,0xd4,0x8c,
    0x56,0xa5,0x94,0x84,0xec,0x21,0x6b,0x01,0x6b,0x01,0x4b,0x01,0x8c,0x01,0xad,0x01,
    0x8c,0x01,0x8c,0x01,0x8c,0x01,0x8c,0x01,0x8d,0x01,0xad,0x01,0xad,0x01,0x6c,0x01,
    0x8d,0x01,0x8d,0x01,0x8d,0x01,0xae,0x01,0xce,0x01,0xce,0x01,0xce,0x01,0xce,0x01,
    0xce,0x01,0xce,0x01,0xef,0x01,0xef,0x01,0xef,0x01,0xce,0x01,0xae,0x01,0xef,0x01,
    0xef,0x01,0xef,0x01,0x10,0x02,0x31,0x12,0x30,0x0a,0x30,0x0a,0x31,0x0a,0x31,0x0a,
    0x51,0x12,0x51,0x12,0x51,0x12,0x51,0x12,0x51,0x12,0x72,0x1a,0xb2,0x2a,0xf3,0x3a,
    0xd3,0x32,0x30,0x12,0x71,0x1a,0x72,0x1a,0x72,0x1a,0x72,0x1a,0x72,0x1a,0x72,0x1a,
    0x92,0x1a,0x92,0x1a,0x92,0x22,0xb2,0x2a,0x72,0x1a,0x51,0x1a,0x72,0x1a,0xb3,0x22,
    0xf4,0x32,0xf4,0x32,0xd3,0x32,0xd3,0x2a,0xb3,0x22,0xb3,0x22,0xb3,0x22,0xb3,0x22,
    0xd3,0x2a,0xd4,0x2a,0x14,0x3b,0x34,0x43,0x34,0x43,0x55,0x4b,0x75,0x53,0x95,0x53,
    0x95,0x5b,0xf5,0x6b,0x35,0x74,0xd2,0x73,0x4a,0x4a,0xc7,0x31,0x45,0x21,0x87,0x21,
    0x6b,0x42,0x51,0x84,0x92,0x8c,0x4d,0x5b,0x6d,0x63,0x4d,0x63,0x4d,0x5b,0x6d,0x63,
    0x2d,0x5b,0x4d,0x5b,0x4d,0x5b,0x2c,0x5b,0x6d,0x63,0x6d,0x63,0x4d,0x63,0x4d,0x63,
    0x6d,0x63,0x6d,0x63,0x4d,0x63,0x8e,0x63,0x6d,0x63,0x4d,0x63,0x6d,0x63,0x4d,0x63,
    0x6d,0x63,0xff,0x8e,0x6b,0x6d,0x63,0x4d,0x63,0x4d,0x63,0x8e,0x63,0x8d,0x63,0x4d,
    0x63,0x6d,0x63,0x8d,0x63,0x8e,0x63,0x6d,0x63,0x6d,0x63,0x6d,0x63,0x8e,0x6b,0x6d,
    0x63,0x8e,0x63,0x6e,0x63,0x8d,0x63,0x6d,0x63,0x6d,0x63,0x6d,0x63,0x6e,0x63,0x8e,
    0x63,0x8e,0x63,0x4d,0x63,0x8e,0x63,0x8e,0x63,0x4d,0x63,0x8e,0x6b,0x8e,0x6b,0x6d,
    0x63,0x8e,0x63,0x8e,0x6b,0x8d,0x63,0x6d,0x63,0x6d,0x63,0x8e,0x63,0x8e,0x63,0x6d,
    0x63,0x8e,0x63,0x8e,0x63,0x6e,0x63,0x6e,0x63,0x6d,0x63,0x8e,0x63,0x8e,0x63,0x6d,
    0x63,0x8e,0x6b,0x8e,0x63,0x8e,0x6b,0x8d,0x63,0xae,0x6b,0xae,0x6b,0xae,0x6b,0x8e,
    0x6b,0x8e,0x63,0x8e,0x63,0x6d,0x63,0x8e,0x6b,0x8d,0x63,0x6e,0x63,0x8e,0x6b,0x6d,
    0x63,0x8e,0x6b,0x8e,0x6b,0x6d,0x63,0x6d,0x63,0x8e,0x6b,0x6d,0x63,0x8e,0x6b,0x6d,
    0x63,0x8d,0x63,0x8e,0x6b,0x8e,0x63,0x6d,0x63,0x8d,0x63,0x8d,0x63,0x8e,0x6b,0xae,
    0x6b,0x8d,0x63,0x8e,0x63,0x8e,0x63,0x8e,0x63,0x8e,0x63,0x8e,0x6b,0x8e,0x6b,0xae,
    0x6b,0x8e,0x6b,0x8d,0x63,0x6d,0x63,0xae,0x6b,0x8e,0x6b,0x8e,0x63,0x8e,0x6b,0x8e,
    0x63,0x6d,0x63,0x6d,0x63,0x8e,0x63,0x8e,0x6b,0x30,0x7c,0x93,0x84,0x35,0x74,0xf6,
    0x6b,0xd6,0x63,0xd6,0x63,0xd6,0x63,0xd6,0x63,0x95,0x53,0x35,0x43,0xb6,0x5b,0xb6,
    0x5b,0x95,0x5b,0x37,0x74,0x17,0x6c,0xf6,0x6b,0xf6,0x6b,0xf6,0x63,0xd6,0x5b,0xb6,
    0x5b,0xd6,0x63,0x16,0x74,0x16,0x74,0x16,0x74,0x37,0x74,0x77,0x7c,0x79,0xa5,0x7a,
    0xce,0xff,0xbb,0xd6,0xdb,0xde,0xbb,0xd6,0xb9,0xb5,0x97,0x84,0x36,0x74,0xf6,0x6b,
    0xd6,0x63,0xf6,0x6b,0x16,0x6c,0x37,0x74,0x77,0x7c,0x97,0x84,0x97,0x84,0xf8,0x9c,
    0x18,0x9d,0xd8,0xbd,0x19,0xc6,0x59,0xce,0x59,0xce,0x79,0xd6,0x59,0xce,0x59,0xce,
    0x39,0xc6,0xd8,0xbd,0x57,0xad,0xd7,0x94,0x57,0x7c,0x16,0x74,0x16,0x6c,0xd6,0x63,
    0x75,0x53,0x55,0x43,0x55,0x4b,0x55,0x4b,0x55,0x4b,0x75,0x4b,0x75,0x53,0x56,0x7c,
    0x9a,0xd6,0xdb,0xde,0x5a,0xce,0x36,0x74,0xd6,0x63,0xd6,0x63,0xd6,0x63,0xd6,0x63,
    0x99,0xa5,0xdb,0xde,0xdb,0xde,0x79,0xce,0x75,0xad,0xb7,0xb5,0x79,0xce,0xba,0xd6,
    0xdb,0xde,0x4b,0x01,0xcf,0x4a,0xf5,0x94,0x56,0xa5,0x12,0x74,0xcc,0x19,0x6b,0x01,
    0x6b,0x01,0x6b,0x01,0x8c,0x01,0xac,0x01,0x8c,0x01,0x6c,0x01,0x8c,0x01,0x8c,0x01,
    0x8c,0x01,0x8d,0x01,0xad,0x01,0xae,0x01,0x6c,0x01,0x8d,0x01,0x8d,0x01,0xad,0x01,
    0xad,0x01,0xee,0x01,0xef,0x01,0xce,0x01,0xce,0x01,0xce,0x01,0xef,0x01,0xef,0x01,
    0xef,0x01,0xef,0x01,0xef,0x01,0xae,0x01,0xef,0x01,0xef,0x01,0xef,0x01,0x10,0x02,
    0x51,0x12,0x31,0x12,0x31,0x0a,0x31,0x0a,0x51,0x12,0x51,0x12,0x51,0x12,0x51,0x12,
    0x51,0x12,0x51,0x12,0x72,0x1a,0x92,0x22,0xd3,0x32,0x13,0x43,0xd3,0x3a,0xb2,0x2a,
    0xb2,0x2a,0xb2,0x2a,0xb2,0x2a,0x92,0x22,0x72,0x1a,0x72,0x1a,0x92,0x22,0xd3,0x32,
    0xb3,0x2a,0xb3,0x22,0xb2,0x22,0xd3,0x32,0xd3,0x32,0xf3,0x32,0xd3,0x32,0xd3,0x32,
    0xff,0xd3,0x32,0xd3,0x32,0xd3,0x32,0xd3,0x2a,0xb3,0x2a,0xd3,0x22,0xd3,0x2a,0xd3,
    0x2a,0xf4,0x2a,0xf4,0x32,0x14,0x3b,0x35,0x43,0x74,0x53,0xf3,0x6b,0x36,0xa5,0x7a,
    0xce,0x9a,0xd6,0x59,0xce,0xd7,0xb5,0x55,0xa5,0x71,0x8c,0x8b,0x4a,0x2d,0x5b,0x4d,
    0x63,0x4d,0x5b,0x2c,0x5b,0x2d,0x5b,0x4d,0x63,0x4d,0x5b,0x4d,0x63,0x4d,0x5b,0x4d,
    0x5b,0x6d,0x63,0x4d,0x5b,0x4d,0x63,0x6d,0x63,0x6d,0x63,0x6d,0x63,0x4d,0x63,0x6d,
    0x63,0x6d,0x63,0x4d,0x63,0x4d,0x63,0x4d,0x63,0x6d,0x63,0x6d,0x63,0x6d,0x63,0x4d,
    0x63,0x4d,0x5b,0x6d,0x63,0x6d,0x63,0x6d,0x63,0x6d,0x63,0x6d,0x63,0x6d,0x63,0x6d,
    0x63,0x8e,0x63,0x8d,0x63,0x4d,0x63,0x6d,0x63,0x8e,0x6b,0x6d,0x63,0x6d,0x63,0x6d,
    0x63,0x4d,0x5b,0x6d,0x63,0x8e,0x6b,0x8e,0x63,0x8e,0x6b,0x8d,0x63,0x8e,0x6b,0x6d,
    0x63,0x6d,0x63,0xae,0x6b,0x8e,0x63,0x6d,0x63,0x6d,0x63,0x8e,0x6b,0x6d,0x63,0x8e,
    0x63,0x8e,0x63,0x6e,0x63,0x8e,0x6b,0x8e,0x63,0x8e,0x63,0x6d,0x63,0x8d,0x63,0x6d,
    0x63,0x8e,0x63,0x6d,0x63,0x8e,0x6b,0x8d,0x63,0x8e,0x63,0x8e,0x63,0x8e,0x63,0x6d,
    0x63,0x8e,0x63,0x6d,0x63,0x8e,0x63,0x8e,0x6b,0x8d,0x63,0x8e,0x63,0x6d,0x63,0x8d,
    0x63,0x6d,0x63,0x6d,0x63,0x8e,0x6b,0x8d,0x63,0x8e,0x6b,0xae,0x6b,0x8e,0x6b,0x8e,
    0x63,0x8e,0x6b,0x8d,0x63,0x6d,0x63,0x6d,0x63,0x8e,0x6b,0x8d,0x63,0x8e,0x6b,0xae,
    0x6b,0x8e,0x6b,0x8e,0x6b,0x8e,0x6b,0x6d,0x63,0x8e,0x63,0x8e,0x63,0x8e,0x6b,0xff,
    0x6d,0x63,0x8e,0x6b,0x6d,0x63,0x6d,0x63,0x8e,0x63,0x6d,0x63,0x6d,0x63,0x6d,0x63,
    0x8e,0x63,0x8e,0x6b,0x8e,0x6b,0x8d,0x63,0x8e,0x63,0x8e,0x6b,0x8e,0x6b,0x6d,0x63,
    0x8e,0x6b,0x8d,0x63,0x8d,0x63,0x4d,0x63,0xcf,0x73,0x10,0x7c,0x93,0x84,0x75,0x84,
    0xf5,0x6b,0xf6,0x6b,0xd6,0x63,0xd6,0x63,0xd6,0x63,0x16,0x6c,0x37,0x74,0x16,0x6c,
    0xf6,0x6b,0xf6,0x6b,0xf6,0x6b,0xf6,0x6b,0xf6,0x6b,0x16,0x6c,0x17,0x74,0x37,0x74,
    0x37,0x74,0x37,0x74,0x57,0x7c,0x57,0x7c,0x57,0x7c,0x37,0x7c,0x97,0x84,0x38,0xa5,
    0x3a,0xc6,0xdb,0xde,0xdb,0xde,0x9a,0xce,0xf9,0xbd,0xd7,0x8c,0xf6,0x6b,0xf6,0x6b,
    0xf6,0x6b,0xf6,0x6b,0x37,0x74,0x77,0x84,0x77,0x84,0x77,0x84,0x57,0x7c,0x57,0x7c,
    0x57,0x7c,0x57,0x7c,0x77,0x84,0x57,0x7c,0x37,0x74,0x37,0x74,0x17,0x74,0x16,0x6c,
    0xf6,0x6b,0xf6,0x6b,0xb6,0x5b,0x95,0x53,0x75,0x4b,0x95,0x5b,0xd6,0x63,0xf6,0x6b,
    0xf6,0x6b,0xf6,0x6b,0x16,0x6c,0xf7,0x94,0x9a,0xd6,0xdb,0xde,0x3a,0xc6,0xf6,0x6b,
    0xb6,0x5b,0xd6,0x63,0xd6,0x63,0xd6,0x63,0x99,0xad,0xdb,0xde,0xdb,0xde,0xdb,0xde,
    0xdb,0xde,0xba,0xd6,0x59,0xce,0x79,0xce,0xf7,0xbd,0x55,0xa5,0x50,0x5b,0x36,0x9d,
    0x36,0x9d,0xb1,0x6b,0x8c,0x01,0x6b,0x01,0x4b,0x01,0x6b,0x01,0x8c,0x01,0xac,0x01,
    0x8c,0x01,0x6c,0x01,0x6c,0x01,0x8c,0x01,0x8c,0x01,0x8d,0x01,0x8d,0x01,0xad,0x01,
    0xce,0x01,0x8d,0x01,0x8d,0x01,0x8d,0x01,0xad,0x01,0xad,0x01,0xce,0x01,0xff,0xef,
    0x01,0xee,0x01,0xce,0x01,0xef,0x01,0xef,0x01,0xef,0x01,0xef,0x01,0xef,0x01,0xef,
    0x01,0xce,0x01,0xef,0x01,0xef,0x01,0x10,0x02,0x10,0x02,0x51,0x0a,0x51,0x12,0x31,
    0x0a,0x31,0x0a,0x51,0x12,0x51,0x12,0x51,0x12,0x51,0x12,0x51,0x12,0x71,0x12,0x72,
    0x1a,0x92,0x22,0x92,0x22,0xb3,0x2a,0xd3,0x32,0xd3,0x32,0xb3,0x2a,0xb3,0x2a,0xb3,
    0x2a,0xb2,0x2a,0xb2,0x2a,0xb3,0x2a,0xb3,0x2a,0xb3,0x2a,0xb3,0x2a,0xd3,0x2a,0xf3,
    0x32,0xf4,0x3a,0x13,0x3b,0xf3,0x3a,0xd3,0x32,0xd3,0x32,0xf3,0x3a,0x13,0x43,0x13,
    0x43,0xf3,0x3a,0xf3,0x32,0xd3,0x32,0xd3,0x2a,0xd3,0x2a,0xd4,0x2a,0xf4,0x32,0xf4,
    0x32,0x13,0x43,0x50,0x5b,0x2e,0x5b,0xef,0x73,0xf3,0x94,0x96,0xad,0x59,0xce,0x9a,
    0xd6,0xdb,0xde,0xba,0xd6,0xd3,0x94,0x6d,0x63,0x4d,0x5b,0x4d,0x5b,0x4d,0x63,0x4d,
    0x63,0x4d,0x5b,0x4d,0x63,0x4d,0x63,0x4d,0x5b,0x4d,0x63,0x4d,0x63,0x4d,0x63,0x4d,
    0x63,0x6d,0x63,0x4d,0x63,0x4d,0x63,0x6d,0x63,0x4d,0x63,0x6d,0x63,0x6d,0x63,0x6d,
    0x63,0x6d,0x63,0x4d,0x63,0x6d,0x63,0x6d,0x63,0x6d,0x63,0x6d,0x63,0x6d,0x63,0x6d,
    0x63,0x6d,0x63,0x6d,0x63,0x6d,0x63,0x6d,0x63,0x6d,0x63,0x4d,0x63,0x6d,0x63,0x8e,
    0x63,0x6d,0x63,0x4d,0x63,0x6d,0x63,0x8e,0x6b,0x6d,0x63,0xae,0x6b,0x6d,0x63,0x6d,
    0x63,0x6d,0x63,0x6d,0x63,0x6d,0x63,0x6d,0x63,0x8e,0x63,0x6d,0x63,0x6d,0x63,0x6d,
    0x63,0x6d,0x63,0x8e,0x63,0x8e,0x63,0x8d,0x63,0x6d,0x63,0x6d,0x63,0xff,0x8e,0x63,
    0x6d,0x63,0x6d,0x63,0x8d,0x63,0x8e,0x63,0x8d,0x63,0x8d,0x63,0x8e,0x63,0x8e,0x6b,
    0x8e,0x6b,0x8e,0x6b,0x8d,0x63,0x8e,0x6b,0x8e,0x63,0x8e,0x6b,0xae,0x6b,0x8e,0x63,
    0x8e,0x63,0x6d,0x63,0x8d,0x63,0x8d,0x63,0x8d,0x63,0x8e,0x6b,0xae,0x6b,0x8e,0x6b,
    0x6d,0x63,0x8d,0x63,0x8e,0x6b,0x6d,0x63,0x8e,0x63,0x8e,0x6b,0x6d,0x63,0x8e,0x63,
    0xae,0x6b,0x8e,0x6b,0x8e,0x6b,0x8e,0x6b,0x6d,0x63,0x8d,0x63,0x8e,0x63,0x8e,0x63,
    0x8e,0x63,0x8e,0x6b,0x8e,0x63,0x6d,0x63,0x8e,0x63,0x8e,0x6b,0x8e,0x63,0x8d,0x63,
    0x8e,0x6b,0x6d,0x63,0x8e,0x6b,0xae,0x6b,0xae,0x6b,0x8d,0x63,0x6d,0x63,0x8e,0x63,
    0x8e,0x6b,0x6d,0x63,0x6d,0x63,0x6d,0x63,0x8e,0x6b,0x8e,0x63,0x8e,0x63,0x8e,0x6b,
    0x8e,0x6b,0x8e,0x6b,0x6d,0x63,0x6d,0x63,0x8e,0x6b,0x51,0x7c,0x74,0x84,0x55,0x7c,
    0x77,0x7c,0x37,0x74,0x17,0x74,0xf6,0x6b,0xf6,0x6b,0xf7,0x6b,0xf6,0x6b,0xf6,0x6b,
    0x17,0x6c,0x37,0x74,0x37,0x74,0x37,0x74,0x17,0x74,0x17,0x74,0x16,0x6c,0xf6,0x6b,
    0xf6,0x6b,0xf6,0x6b,0x16,0x6c,0x16,0x74,0x16,0x74,0x16,0x74,0x97,0x84,0x99,0xad,
    0x5a,0xc6,0xbb,0xd6,0xdb,0xde,0x9a,0xce,0xb9,0xb5,0xd8,0x8c,0x37,0x74,0xf6,0x63,
    0xf6,0x6b,0x36,0x74,0x57,0x7c,0x77,0x7c,0x77,0x7c,0x57,0x7c,0x16,0x74,0x16,0x6c,
    0xf6,0x6b,0x16,0x6c,0x16,0x6c,0xf6,0x6b,0xf6,0x63,0xd6,0x63,0xd6,0x5b,0xb6,0x5b,
    0xb6,0x5b,0xd6,0x63,0x16,0x6c,0x16,0x6c,0x16,0x74,0x16,0x74,0xff,0x36,0x74,0xf8,
    0x94,0xba,0xd6,0xdb,0xde,0x5a,0xc6,0x36,0x74,0xb6,0x5b,0xb6,0x5b,0xb6,0x5b,0xd6,
    0x63,0x99,0xad,0xdb,0xde,0xdb,0xde,0xdb,0xde,0xdb,0xde,0xdb,0xde,0xba,0xd6,0xba,
    0xd6,0x38,0xc6,0xdb,0xde,0xdb,0xde,0x36,0x9d,0x36,0x9d,0x30,0x53,0x6b,0x01,0x6b,
    0x01,0x4b,0x01,0x6c,0x01,0xac,0x01,0x8c,0x01,0x8c,0x01,0x6c,0x01,0x6c,0x01,0x8c,
    0x01,0x8c,0x01,0x8c,0x01,0x8d,0x01,0x8d,0x01,0x8d,0x01,0xce,0x01,0xad,0x01,0x6c,
    0x01,0x8d,0x01,0xad,0x01,0xad,0x01,0xce,0x01,0xef,0x01,0xef,0x01,0xce,0x01,0xef,
    0x01,0xef,0x01,0xef,0x01,0xef,0x01,0xef,0x01,0xef,0x01,0xef,0x01,0xef,0x01,0xef,
    0x01,0x10,0x02,0x10,0x02,0x31,0x0a,0x51,0x12,0x51,0x12,0x51,0x12,0x51,0x12,0x51,
    0x12,0x51,0x12,0x51,0x12,0x72,0x12,0x72,0x1a,0x92,0x1a,0x92,0x1a,0x72,0x1a,0x92,
    0x1a,0x92,0x22,0xb2,0x22,0xb3,0x22,0xb3,0x22,0xb3,0x22,0x92,0x22,0x92,0x22,0xb3,
    0x22,0xd3,0x32,0xd3,0x32,0xf3,0x32,0xf3,0x3a,0xf3,0x32,0xb3,0x2a,0x92,0x22,0xd3,
    0x2a,0xd3,0x32,0xf4,0x32,0xf4,0x3a,0x14,0x3b,0x34,0x43,0x34,0x4b,0xd3,0x32,0xb3,
    0x2a,0xd3,0x32,0xd3,0x32,0xd3,0x32,0xf4,0x2a,0xf3,0x3a,0xed,0x52,0xe8,0x31,0xe8,
    0x31,0x49,0x3a,0x8a,0x42,0x6d,0x63,0x91,0x8c,0x34,0x9d,0x59,0xc6,0x51,0x84,0x4d,
    0x5b,0x4d,0x5b,0x4d,0x5b,0x4d,0x63,0x4d,0x5b,0x4d,0x5b,0x4c,0x5b,0x2c,0x5b,0x2c,
    0x5b,0x4d,0x5b,0x4d,0x63,0x4d,0x5b,0x6d,0x63,0x4d,0x5b,0xff,0x2c,0x5b,0x6d,0x63,
    0x4d,0x5b,0x2c,0x5b,0x4d,0x5b,0x4d,0x63,0x4d,0x63,0x6d,0x63,0x2c,0x5b,0x6d,0x63,
    0x6d,0x63,0x6d,0x63,0x8e,0x63,0x6d,0x63,0x4d,0x5b,0x6d,0x63,0x8e,0x63,0x6d,0x63,
    0x4d,0x63,0x6d,0x63,0x6d,0x63,0x8e,0x63,0x8e,0x6b,0x6d,0x63,0x6d,0x63,0x6e,0x63,
    0x6d,0x63,0x6d,0x63,0x6d,0x63,0x6d,0x63,0x6d,0x63,0x6d,0x63,0x6e,0x63,0x6d,0x63,
    0x6d,0x63,0x6d,0x63,0x6d,0x63,0x6d,0x63,0xae,0x6b,0x8e,0x6b,0x8e,0x63,0x8e,0x63,
    0x6d,0x63,0x6d,0x63,0x6d,0x63,0x8e,0x6b,0x6d,0x63,0x6d,0x63,0x8e,0x63,0x6d,0x63,
    0x8e,0x63,0x8e,0x63,0x8e,0x63,0x8e,0x6b,0x8e,0x63,0x6d,0x63,0x8e,0x63,0x8d,0x63,
    0x8d,0x63,0x8e,0x6b,0x8e,0x63,0x4d,0x63,0x8e,0x6b,0x6d,0x63,0x6d,0x63,0x8e,0x6b,
    0x8d,0x63,0xae,0x6b,0xae,0x6b,0x8e,0x6b,0x8e,0x6b,0x6d,0x63,0x8e,0x6b,0x6d,0x63,
    0x6d,0x63,0x8e,0x63,0x6d,0x63,0x8e,0x6b,0x8e,0x6b,0x8d,0x63,0x6d,0x63,0x8e,0x63,
    0x6d,0x63,0x8e,0x63,0x6d,0x63,0x6d,0x63,0x6d,0x63,0x6d,0x63,0x6d,0x63,0x8e,0x6b,
    0x8e,0x63,0x8e,0x63,0x6d,0x63,0x8e,0x63,0x8e,0x6b,0x8e,0x63,0x8e,0x63,0x6d,0x63,
    0x8e,0x6b,0x8e,0x63,0x6d,0x63,0x6d,0x63,0x6d,0x63,0x6d,0x63,0x6d,0x63,0x6e,0x63,
    0x8e,0x6b,0x8e,0x6b,0x6d,0x63,0x8e,0x63,0x6d,0x63,0x8d,0x63,0x8d,0x63,0x6d,0x63,
    0x8e,0x6b,0x6d,0x63,0x8e,0x63,0x6d,0x63,0x8e,0x63,0x31,0x7c,0xb4,0x8c,0x56,0x7c,
    0x16,0x6c,0xf6,0x6b,0xf7,0x6b,0xf7,0x6b,0xf6,0x6b,0xff,0x17,0x6c,0x57,0x7c,0x57,
    0x7c,0x57,0x7c,0x17,0x74,0x16,0x74,0x17,0x74,0x16,0x6c,0xf6,0x6b,0x16,0x6c,0x16,
    0x74,0x16,0x74,0x16,0x74,0x37,0x74,0x37,0x74,0x37,0x74,0x37,0x74,0x77,0x7c,0x99,
    0xad,0x9a,0xce,0xdb,0xd6,0xdb,0xd6,0x9a,0xd6,0xd9,0xb5,0x97,0x84,0x16,0x6c,0xf6,
    0x6b,0xf6,0x6b,0x16,0x74,0x57,0x7c,0x77,0x7c,0x77,0x7c,0x57,0x7c,0x16,0x6c,0xd6,
    0x63,0xd6,0x63,0xd6,0x63,0xf6,0x63,0xf6,0x63,0xf6,0x63,0xf6,0x63,0x16,0x6c,0x16,
    0x6c,0x16,0x6c,0x16,0x74,0x36,0x74,0x18,0x9d,0xbb,0xd6,0xdb,0xde,0x5a,0xce,0x57,
    0x7c,0xf6,0x6b,0xd6,0x63,0xd6,0x63,0xd6,0x63,0xb9,0xad,0xdb,0xde,0xdb,0xde,0xdb,
    0xde,0xdb,0xde,0xdb,0xde,0xba,0xd6,0x79,0xce,0xdb,0xde,0xdb,0xde,0xdb,0xde,0xdb,
    0xde,0xf5,0x94,0xcf,0x42,0x4b,0x01,0x4b,0x01,0x4b,0x01,0x6c,0x01,0x8c,0x01,0x8c,
    0x01,0x6c,0x01,0x6c,0x01,0x6c,0x01,0x8c,0x01,0x8c,0x01,0x8c,0x01,0x8d,0x01,0x8d,
    0x01,0x8d,0x01,0x8d,0x01,0xad,0x01,0xce,0x01,0x8d,0x01,0x8d,0x01,0xad,0x01,0xae,
    0x01,0xce,0x01,0xef,0x01,0x0f,0x02,0xef,0x01,0xef,0x01,0xef,0x01,0xef,0x01,0x0f,
    0x02,0x0f,0x02,0x10,0x02,0xef,0x01,0xcf,0x01,0xef,0x01,0x10,0x02,0x10,0x02,0x31,
    0x0a,0x51,0x12,0x71,0x12,0x51,0x12,0x51,0x12,0x51,0x12,0x51,0x12,0x72,0x12,0x72,
    0x1a,0x92,0x1a,0x72,0x1a,0x72,0x1a,0x92,0x1a,0x92,0x1a,0x92,0x1a,0x92,0x22,0xb3,
    0x22,0xb3,0x22,0xb3,0x22,0xb2,0x22,0xb3,0x22,0xff,0xb3,0x22,0xb3,0x2a,0xf4,0x3a,
    0x54,0x4b,0xf3,0x3a,0x72,0x1a,0x92,0x1a,0xd3,0x2a,0xd3,0x32,0xd3,0x32,0xf4,0x32,
    0xf4,0x32,0xf4,0x32,0xf4,0x3a,0x75,0x53,0x75,0x53,0x92,0x22,0xb3,0x22,0xd3,0x2a,
    0xf4,0x32,0xf4,0x32,0x6f,0x32,0x25,0x21,0xc7,0x29,0x6a,0x3a,0xef,0x73,0x34,0xa5,
    0x75,0xad,0x95,0xad,0x34,0x9d,0xcf,0x6b,0x4d,0x5b,0x4d,0x5b,0x4d,0x5b,0x4d,0x5b,
    0x6d,0x63,0x4d,0x5b,0x4d,0x63,0x4d,0x5b,0x4d,0x63,0x4d,0x63,0x6d,0x63,0x6d,0x63,
    0x4d,0x5b,0x4d,0x5b,0x6d,0x63,0x6d,0x63,0x4d,0x5b,0x4d,0x63,0x4d,0x63,0x6d,0x63,
    0x6d,0x63,0x4d,0x63,0x4d,0x63,0x6d,0x63,0x6d,0x63,0x6d,0x63,0x4d,0x5b,0x6d,0x63,
    0x4d,0x63,0x8e,0x63,0x6d,0x63,0x4d,0x63,0x6d,0x63,0x6d,0x63,0x8d,0x63,0x6d,0x63,
    0x6d,0x63,0x6d,0x63,0x6d,0x63,0x6d,0x63,0x4d,0x63,0x8e,0x63,0x6d,0x63,0x8e,0x63,
    0x6d,0x63,0x6e,0x63,0x6d,0x63,0x8d,0x63,0x8e,0x63,0x8e,0x6b,0x8e,0x63,0x4d,0x63,
    0x6d,0x63,0x6d,0x63,0x6d,0x63,0x8e,0x63,0x6d,0x63,0x8e,0x63,0x6d,0x63,0x8e,0x63,
    0x6d,0x63,0x8e,0x63,0x8e,0x6b,0x8e,0x6b,0x8d,0x63,0x6d,0x63,0x8e,0x6b,0x8e,0x6b,
    0x6d,0x63,0x6d,0x63,0x8e,0x63,0x8d,0x63,0x6d,0x63,0x8e,0x63,0x8e,0x63,0x6d,0x63,
    0x8e,0x63,0x8d,0x63,0x8e,0x6b,0x8e,0x6b,0x6d,0x63,0x8e,0x6b,0x8e,0x63,0x8e,0x63,
    0x8e,0x6b,0x8d,0x63,0x8d,0x63,0x6d,0x63,0x6d,0x63,0x8e,0x63,0x6d,0x63,0x8e,0x63,
    0x6d,0x63,0x8e,0x63,0x8e,0x63,0x8e,0x63,0xff,0x8e,0x63,0x8e,0x6b,0x8e,0x6b,0x8e,
    0x6b,0xae,0x6b,0x8e,0x6b,0xae,0x6b,0x8e,0x6b,0x6d,0x63,0x8e,0x6b,0x6d,0x63,0x8e,
    0x63,0x6e,0x63,0x8e,0x63,0x8e,0x6b,0x8e,0x6b,0x8e,0x6b,0x6e,0x63,0x8e,0x63,0x8e,
    0x63,0x8e,0x6b,0x8e,0x63,0x6d,0x63,0x8e,0x63,0x8e,0x63,0x8e,0x6b,0x8e,0x63,0x8e,
    0x6b,0x6d,0x63,0x6d,0x63,0x8e,0x63,0x8e,0x63,0x8e,0x63,0x6d,0x63,0x8e,0x6b,0x8e,
    0x63,0x8e,0x6b,0x6d,0x63,0x4d,0x63,0x6d,0x63,0xef,0x73,0x11,0x7c,0x73,0x7c,0x76,
    0x84,0x16,0x6c,0xf7,0x6b,0x17,0x6c,0x37,0x74,0x57,0x7c,0x97,0x84,0x77,0x84,0x57,
    0x7c,0x37,0x74,0x16,0x74,0x17,0x74,0x16,0x74,0x36,0x74,0x37,0x74,0x57,0x7c,0x77,
    0x84,0x57,0x7c,0x37,0x74,0x17,0x6c,0xf6,0x6b,0xf6,0x6b,0x37,0x74,0xd8,0x8c,0x99,
    0xad,0x5a,0xce,0xdb,0xde,0xdb,0xde,0x7a,0xce,0xd9,0xb5,0xd7,0x8c,0xf6,0x6b,0xf6,
    0x63,0xf6,0x6b,0x17,0x74,0x57,0x7c,0x57,0x7c,0x36,0x74,0xd6,0x63,0x95,0x5b,0x96,
    0x5b,0xd6,0x63,0x16,0x6c,0x37,0x74,0x16,0x6c,0x16,0x6c,0x16,0x6c,0xf6,0x6b,0xf7,
    0x94,0xbb,0xd6,0xdb,0xde,0x3a,0xc6,0x57,0x7c,0x16,0x6c,0x16,0x6c,0x16,0x74,0xf6,
    0x6b,0xb9,0xad,0xdb,0xde,0xdb,0xde,0xdb,0xde,0xdb,0xde,0xdb,0xde,0x9a,0xd6,0x7a,
    0xce,0x9a,0xd6,0xba,0xd6,0xdb,0xde,0xdb,0xde,0xdb,0xde,0x2d,0x2a,0x6b,0x01,0x4b,
    0x01,0x4b,0x01,0x6c,0x01,0x8c,0x01,0x8c,0x01,0x6c,0x01,0x6c,0x01,0x6c,0x01,0x6c,
    0x01,0x8c,0x01,0x8c,0x01,0x8c,0x01,0xff,0x8d,0x01,0x8d,0x01,0x8d,0x01,0x8d,0x01,
    0xad,0x01,0xce,0x01,0xad,0x01,0x8d,0x01,0xad,0x01,0xad,0x01,0xad,0x01,0xce,0x01,
    0xef,0x01,0xef,0x01,0xef,0x01,0xef,0x01,0xef,0x01,0xef,0x01,0x10,0x02,0x10,0x02,
    0x10,0x02,0xef,0x01,0xef,0x01,0x10,0x02,0x30,0x02,0x30,0x02,0x51,0x12,0x72,0x1a,
    0x51,0x12,0x51,0x12,0x51,0x12,0x72,0x12,0x72,0x1a,0x72,0x1a,0x72,0x1a,0x72,0x1a,
    0x72,0x1a,0x92,0x1a,0x92,0x1a,0xb2,0x22,0x92,0x22,0xb3,0x22,0xb2,0x22,0xb2,0x22,
    0xb3,0x22,0xb3,0x22,0xb3,0x22,0xd3,0x2a,0x14,0x3b,0x75,0x53,0x92,0x2a,0x72,0x12,
    0xd3,0x2a,0xd3,0x2a,0xd3,0x2a,0xd3,0x2a,0xd4,0x32,0xf4,0x32,0xf4,0x3a,0xf4,0x32,
    0x34,0x43,0xd6,0x63,0x14,0x3b,0x72,0x12,0xd3,0x2a,0x14,0x3b,0x74,0x4b,0x52,0x5b,
    0x09,0x3a,0x87,0x29,0x05,0x19,0xa8,0x29,0x8e,0x6b,0x96,0xad,0xb7,0xb5,0x8e,0x6b,
    0x4d,0x5b,0x2c,0x5b,0x4d,0x63,0x4d,0x63,0x4d,0x5b,0x2c,0x5b,0x4d,0x5b,0x4d,0x5b,
    0x6d,0x63,0x4d,0x5b,0x4d,0x5b,0x2d,0x5b,0x4d,0x5b,0x4d,0x63,0x4d,0x63,0x4d,0x5b,
    0x4d,0x5b,0x6d,0x63,0x6d,0x63,0x6d,0x63,0x4d,0x63,0x4d,0x5b,0x6d,0x63,0x6d,0x63,
    0x6d,0x63,0x4d,0x63,0x4d,0x63,0x6d,0x63,0x4d,0x63,0x6d,0x63,0x4d,0x63,0x6d,0x63,
    0x6d,0x63,0x6d,0x63,0x6d,0x63,0x6d,0x63,0x6d,0x63,0x6d,0x63,0x6d,0x63,0x8e,0x63,
    0x6d,0x63,0x6d,0x63,0x4d,0x63,0x6e,0x63,0x6d,0x63,0x6d,0x63,0x6d,0x63,0x6d,0x63,
    0x6d,0x63,0x6d,0x63,0x4d,0x63,0xff,0x8e,0x63,0x8e,0x6b,0x6d,0x63,0x8d,0x63,0x6d,
    0x63,0x4d,0x63,0x8e,0x63,0x6d,0x63,0x6d,0x63,0x6d,0x63,0x6d,0x63,0x8e,0x63,0x6d,
    0x63,0x6d,0x63,0x8d,0x63,0x6d,0x63,0x6d,0x63,0x8e,0x6b,0xae,0x6b,0x8e,0x6b,0x8d,
    0x63,0x6d,0x63,0x8e,0x6b,0x6d,0x63,0x8e,0x63,0x8e,0x6b,0x8e,0x6b,0x8e,0x6b,0x8e,
    0x6b,0x8e,0x63,0x8e,0x6b,0x6d,0x63,0x8e,0x63,0x6d,0x63,0x6d,0x63,0x8e,0x63,0x8e,
    0x63,0x8e,0x63,0x6d,0x63,0x8e,0x63,0x8e,0x6b,0xae,0x6b,0x8e,0x6b,0x6d,0x63,0x6d,
    0x63,0x8e,0x6b,0x6d,0x63,0x6d,0x63,0x8e,0x6b,0x8e,0x63,0x6d,0x63,0x8d,0x63,0x6d,
    0x63,0x8d,0x63,0x8e,0x63,0x8e,0x63,0x6d,0x63,0x8e,0x63,0xae,0x6b,0x8d,0x63,0x6d,
    0x63,0x6d,0x63,0x8e,0x63,0x8e,0x6b,0x8e,0x63,0x8e,0x63,0x8e,0x63,0x8e,0x63,0xae,
    0x6b,0x6d,0x63,0x8e,0x63,0x4d,0x63,0x6d,0x63,0x8d,0x63,0x8e,0x6b,0xae,0x6b,0x6d,
    0x63,0x6d,0x63,0x8e,0x63,0x8e,0x63,0x6e,0x63,0x6d,0x63,0x8d,0x63,0x6d,0x63,0x8e,
    0x6b,0x8e,0x63,0x6d,0x63,0x8e,0x63,0x6d,0x63,0xae,0x6b,0x71,0x84,0xb5,0x8c,0x35,
    0x74,0x36,0x74,0x37,0x74,0x57,0x7c,0x77,0x84,0x97,0x84,0x97,0x84,0x77,0x84,0x77,
    0x84,0x77,0x84,0x97,0x84,0x97,0x84,0x77,0x84,0x57,0x7c,0x37,0x74,0x16,0x74,0xf6,
    0x6b,0xf6,0x6b,0xf6,0x6b,0xf6,0x6b,0xf6,0x6b,0xf6,0x6b,0x37,0x74,0xb7,0x8c,0xd9,
    0xb5,0x7a,0xce,0xbb,0xd6,0xdb,0xde,0x9a,0xd6,0x99,0xad,0xb7,0x84,0x37,0x74,0xf6,
    0x63,0xf6,0x6b,0x16,0x6c,0xff,0x37,0x7c,0x57,0x7c,0x16,0x74,0xf6,0x63,0xd6,0x63,
    0x16,0x6c,0x36,0x74,0x16,0x6c,0x16,0x6c,0xf8,0x94,0xbb,0xd6,0xdb,0xde,0x5a,0xc6,
    0x57,0x7c,0x16,0x6c,0x16,0x6c,0x37,0x74,0xb7,0x8c,0x5a,0xc6,0xdb,0xde,0xdb,0xde,
    0xdb,0xde,0xdb,0xde,0xdb,0xde,0xba,0xd6,0x79,0xce,0x79,0xce,0x79,0xce,0xdb,0xde,
    0xdb,0xde,0xdb,0xde,0xdb,0xde,0x6b,0x01,0x4b,0x01,0x4b,0x01,0x6c,0x01,0x6c,0x01,
    0x6b,0x01,0x4b,0x01,0x4b,0x01,0x4b,0x01,0x4b,0x01,0x6c,0x01,0x6c,0x01,0x8c,0x01,
    0x8d,0x01,0x8d,0x01,0x8d,0x01,0x8d,0x01,0x8d,0x01,0xad,0x01,0xce,0x01,0xae,0x01,
    0x6d,0x01,0x8d,0x01,0x8d,0x01,0xad,0x01,0xae,0x01,0xce,0x01,0xce,0x01,0xce,0x01,
    0xce,0x01,0xef,0x01,0x0f,0x02,0x10,0x02,0x10,0x02,0x10,0x02,0x10,0x02,0xef,0x01,
    0x10,0x02,0x30,0x02,0x31,0x02,0x51,0x0a,0x72,0x1a,0x72,0x12,0x51,0x12,0x72,0x12,
    0x72,0x1a,0x72,0x1a,0x72,0x1a,0x72,0x1a,0x92,0x1a,0x92,0x1a,0x92,0x1a,0x92,0x22,
    0xb2,0x22,0xb3,0x22,0xb3,0x22,0xb3,0x22,0xb3,0x22,0xb3,0x22,0xb3,0x22,0xb3,0x2a,
    0xd3,0x2a,0x34,0x43,0x95,0x5b,0x92,0x22,0x72,0x1a,0xd3,0x2a,0xd3,0x2a,0xd3,0x2a,
    0xd3,0x2a,0xd3,0x32,0xf4,0x3a,0xf4,0x3a,0xf4,0x32,0x14,0x3b,0x95,0x5b,0xd3,0x32,
    0x72,0x1a,0x52,0x53,0xd2,0x6b,0x53,0x7c,0x35,0x9d,0x97,0xad,0x96,0xad,0x34,0x9d,
    0xf0,0x7b,0xe8,0x39,0xab,0x4a,0x4d,0x63,0x4d,0x5b,0x4d,0x5b,0x2c,0x5b,0x2c,0x5b,
    0x4d,0x5b,0x4d,0x5b,0xff,0x4d,0x5b,0x4d,0x5b,0x4d,0x5b,0x2c,0x5b,0x4d,0x63,0x4d,
    0x63,0x4d,0x63,0x4d,0x5b,0x4d,0x5b,0x4d,0x63,0x6d,0x63,0x4d,0x63,0x4d,0x63,0x6d,
    0x63,0x6d,0x63,0x4d,0x5b,0x4d,0x63,0x4d,0x5b,0x6d,0x63,0x4d,0x63,0x2c,0x5b,0x6d,
    0x63,0x6d,0x63,0x6d,0x63,0x8d,0x63,0x6d,0x63,0x6d,0x63,0x4d,0x5b,0x4d,0x63,0x8d,
    0x63,0x6d,0x63,0x6d,0x63,0x6d,0x63,0x6d,0x63,0x6d,0x63,0x4d,0x63,0x6d,0x63,0x6d,
    0x63,0x8d,0x63,0x6d,0x63,0x8e,0x6b,0x6d,0x63,0x6d,0x63,0x6d,0x63,0x6d,0x63,0x8e,
    0x63,0x6d,0x63,0x8e,0x63,0x6d,0x63,0x6d,0x63,0x8e,0x63,0x8e,0x63,0x6d,0x63,0x6d,
    0x63,0x8e,0x63,0x8e,0x6b,0x8e,0x63,0x8e,0x63,0x8e,0x63,0x8e,0x6b,0x6d,0x63,0x8e,
    0x63,0x6d,0x63,0x6d,0x63,0x8e,0x63,0xae,0x6b,0x8e,0x63,0x8e,0x63,0x8e,0x6b,0x6e,
    0x63,0x8e,0x6b,0x8e,0x6b,0x8e,0x6b,0x8e,0x63,0x6d,0x63,0x8e,0x63,0x8e,0x63,0x8e,
    0x6b,0x8d,0x63,0x8e,0x63,0x8e,0x63,0x4d,0x63,0x8e,0x63,0x8e,0x63,0x8d,0x63,0xae,
    0x6b,0x8e,0x6b,0x4d,0x63,0x6d,0x63,0x6d,0x63,0x8e,0x63,0xae,0x6b,0x8e,0x63,0x6d,
    0x63,0x6d,0x63,0x8e,0x6b,0x8e,0x6b,0x6d,0x63,0x8e,0x6b,0x8e,0x6b,0x8e,0x6b,0x8e,
    0x6b,0x8e,0x6b,0x6d,0x63,0x6e,0x63,0xae,0x6b,0x8e,0x63,0x8e,0x6b,0x8e,0x6b,0x6d,
    0x63,0x6d,0x63,0x6d,0x63,0x8d,0x63,0x8e,0x63,0x6d,0x63,0x8e,0x63,0x8e,0x6b,0x8e,
    0x6b,0x8e,0x63,0x6d,0x63,0x8e,0x63,0x6d,0x63,0x8e,0x6b,0x8e,0x6b,0x6d,0x63,0x6d,
    0x63,0x6d,0x63,0xff,0x6d,0x63,0x6d,0x63,0x6d,0x63,0x8e,0x63,0x6d,0x63,0x6d,0x63,
    0x8e,0x6b,0xae,0x6b,0x6d,0x63,0x6d,0x63,0x8d,0x63,0xcf,0x6b,0x31,0x7c,0xb4,0x8c,
    0x76,0x84,0x36,0x74,0x57,0x7c,0x57,0x7c,0x77,0x7c,0x77,0x84,0x77,0x7c,0x77,0x84,
    0x57,0x7c,0x37,0x74,0x17,0x74,0x16,0x6c,0xf6,0x6b,0xf6,0x6b,0xf6,0x6b,0xf6,0x6b,
    0xf6,0x6b,0xf6,0x6b,0xf6,0x6b,0xf6,0x63,0xf6,0x6b,0xf6,0x6b,0x37,0x74,0xd7,0x8c,
    0x99,0xad,0x7a,0xce,0xdb,0xde,0xbb,0xd6,0x9a,0xce,0xd9,0xb5,0x97,0x84,0xf6,0x6b,
    0xf6,0x6b,0xf6,0x6b,0x16,0x74,0x57,0x7c,0x77,0x84,0x77,0x84,0x57,0x7c,0x36,0x74,
    0x18,0x9d,0xbb,0xd6,0xdb,0xde,0x3a,0xc6,0x57,0x7c,0x16,0x6c,0x37,0x74,0x57,0x7c,
    0xd7,0x8c,0x9a,0xd6,0xdb,0xde,0xdb,0xde,0xdb,0xde,0xdb,0xde,0xdb,0xde,0xdb,0xde,
    0xba,0xd6,0x59,0xc6,0x9a,0xd6,0xdb,0xde,0xdb,0xde,0xdb,0xde,0xdb,0xde,0x59,0xce,
    0x4b,0x01,0x4b,0x01,0x4b,0x01,0x4b,0x01,0x4b,0x01,0x2b,0x01,0x2b,0x01,0x2b,0x01,
    0x2b,0x01,0x2b,0x01,0x2b,0x01,0x4b,0x01,0x4b,0x01,0x6c,0x01,0x8d,0x01,0x8d,0x01,
    0x8d,0x01,0x8d,0x01,0x8d,0x01,0xae,0x01,0xee,0x09,0xad,0x01,0xee,0x11,0x70,0x2a,
    0x91,0x32,0xb1,0x32,0xd1,0x3a,0xd1,0x3a,0x70,0x2a,0xef,0x09,0xce,0x01,0xef,0x01,
    0x10,0x02,0x30,0x02,0x30,0x0a,0x10,0x02,0xef,0x01,0x10,0x02,0x30,0x02,0x31,0x02,
    0x31,0x0a,0x72,0x1a,0x92,0x22,0x72,0x1a,0x72,0x1a,0x72,0x1a,0x72,0x1a,0x72,0x1a,
    0x72,0x1a,0xff,0x92,0x1a,0x92,0x1a,0x92,0x22,0x92,0x22,0xb3,0x22,0xb3,0x22,0xb3,
    0x22,0xb3,0x22,0xb3,0x22,0xb3,0x22,0xb3,0x22,0xb3,0x22,0xd3,0x2a,0x14,0x3b,0x95,
    0x53,0x14,0x3b,0x72,0x1a,0xd3,0x2a,0xd3,0x32,0xd3,0x32,0xf4,0x32,0xf4,0x32,0xf4,
    0x32,0xf4,0x3a,0xf4,0x32,0x14,0x3b,0x14,0x43,0x91,0x22,0x51,0x53,0xd0,0x6b,0x31,
    0x7c,0x92,0x8c,0x35,0x9d,0xb7,0xb5,0x59,0xc6,0xbb,0xd6,0xdb,0xde,0x75,0xad,0x6d,
    0x63,0x4d,0x5b,0x4d,0x5b,0x4d,0x5b,0x6d,0x63,0x4d,0x5b,0x4d,0x5b,0x4d,0x63,0x4d,
    0x5b,0x4d,0x5b,0x4d,0x5b,0x4d,0x63,0x4d,0x5b,0x4d,0x5b,0x4d,0x5b,0x4d,0x5b,0x4d,
    0x63,0x6d,0x63,0x4d,0x63,0x6d,0x63,0x4d,0x5b,0x4d,0x5b,0x6d,0x63,0x6d,0x63,0x6d,
    0x63,0x6d,0x63,0x4d,0x63,0x4d,0x63,0x6d,0x63,0x4d,0x63,0x6d,0x63,0x6d,0x63,0x4d,
    0x63,0x4d,0x63,0x6d,0x63,0x6e,0x63,0x6d,0x63,0x6d,0x63,0x6d,0x63,0x6d,0x63,0x6d,
    0x63,0x6d,0x63,0x6d,0x63,0x6d,0x63,0x6d,0x63,0x6d,0x63,0x6d,0x63,0x6d,0x63,0x6d,
    0x63,0x6d,0x63,0x6d,0x63,0x10,0x7c,0xb3,0x94,0x14,0x9d,0x55,0xa5,0x75,0xad,0x75,
    0xad,0x75,0xad,0xf3,0x9c,0x72,0x8c,0xae,0x6b,0x6d,0x63,0x6d,0x63,0x6d,0x63,0x6d,
    0x63,0x6d,0x63,0x6d,0x63,0x6d,0x63,0x8e,0x63,0x6d,0x63,0x8e,0x6b,0x8e,0x63,0x6d,
    0x63,0x8e,0x63,0x6d,0x63,0x6d,0x63,0x6d,0x63,0x6d,0x63,0x6d,0x63,0x6d,0x63,0x8e,
    0x63,0x8e,0x63,0x8d,0x63,0x6d,0x63,0x6d,0x63,0x6d,0x63,0x8e,0x63,0x6d,0x63,0x6d,
    0x63,0xff,0xae,0x6b,0x8d,0x63,0x8e,0x63,0x8e,0x63,0x6d,0x63,0x8e,0x63,0x8e,0x6b,
    0x8d,0x63,0x8e,0x6b,0x6d,0x63,0x6d,0x63,0x8e,0x63,0xae,0x6b,0x8e,0x63,0x8e,0x63,
    0x8e,0x63,0x8e,0x63,0x8e,0x63,0x8e,0x6b,0x8e,0x63,0x6d,0x63,0x8e,0x63,0x8e,0x6b,
    0x8e,0x6b,0x6d,0x63,0x8e,0x63,0x6d,0x63,0x8e,0x63,0x8e,0x63,0x8e,0x63,0x8e,0x6b,
    0x8d,0x63,0x8e,0x63,0x8e,0x6b,0x8e,0x63,0x6d,0x63,0x8e,0x63,0x6d,0x63,0x8d,0x63,
    0x6d,0x63,0x6d,0x63,0x6e,0x63,0x6d,0x63,0x8e,0x63,0x6d,0x63,0x8e,0x63,0x8e,0x63,
    0x8e,0x63,0x8e,0x63,0x6d,0x63,0x8e,0x63,0x8e,0x63,0x6d,0x63,0x6d,0x63,0x6d,0x63,
    0x8e,0x6b,0x6d,0x63,0x6d,0x63,0x6d,0x63,0x8e,0x63,0xcf,0x73,0x72,0x84,0x74,0x84,
    0x76,0x84,0x36,0x74,0x17,0x6c,0x17,0x6c,0xf6,0x6b,0x16,0x6c,0xf6,0x6b,0xf6,0x6b,
    0xf6,0x6b,0xf6,0x6b,0xf6,0x6b,0xf6,0x6b,0xf6,0x6b,0xf6,0x6b,0xf6,0x6b,0xf6,0x6b,
    0xf6,0x63,0xf6,0x63,0xf6,0x63,0xf6,0x63,0xf6,0x63,0xf6,0x63,0xf6,0x6b,0xd7,0x8c,
    0xb9,0xad,0x5a,0xc6,0xdb,0xde,0xdb,0xde,0x5a,0xce,0x99,0xad,0xb7,0x8c,0xf6,0x6b,
    0xd6,0x63,0x16,0x6c,0x57,0x7c,0x97,0x84,0x99,0xad,0xbb,0xd6,0xdb,0xde,0x3a,0xc6,
    0x77,0x84,0x77,0x7c,0x77,0x7c,0x57,0x7c,0x16,0x74,0x75,0x84,0xd8,0xb5,0x9a,0xd6,
    0xfb,0xde,0xdb,0xde,0xdb,0xde,0xdb,0xde,0xdb,0xde,0xdb,0xde,0xfb,0xde,0xdb,0xde,
    0xdb,0xde,0xdb,0xde,0xdb,0xde,0x59,0xc6,0xd4,0x63,0x4b,0x01,0x4b,0x01,0x4b,0x01,
    0xff,0x4b,0x01,0x4b,0x01,0x6c,0x01,0x8c,0x01,0x8c,0x01,0x8c,0x01,0x6c,0x01,0x4c,
    0x01,0x4b,0x01,0x4b,0x01,0x4b,0x01,0x6c,0x01,0x8d,0x01,0x8d,0x01,0x8d,0x01,0xae,
    0x01,0x50,0x22,0x30,0x1a,0x91,0x32,0xb1,0x32,0x50,0x1a,0x0f,0x12,0x10,0x0a,0x30,
    0x12,0x71,0x22,0xd2,0x3a,0xf3,0x42,0x50,0x1a,0xae,0x01,0xef,0x01,0x10,0x02,0x30,
    0x0a,0x30,0x0a,0x10,0x02,0x10,0x02,0x30,0x02,0x31,0x02,0x31,0x0a,0x51,0x12,0x92,
    0x22,0xd3,0x32,0xb3,0x2a,0x92,0x22,0x92,0x1a,0x92,0x1a,0x92,0x1a,0x92,0x1a,0x92,
    0x22,0xb2,0x22,0xb3,0x22,0xb3,0x22,0xb3,0x22,0xb3,0x22,0xb3,0x22,0xb3,0x22,0xb3,
    0x22,0xb3,0x2a,0xd3,0x2a,0xd3,0x2a,0xd3,0x2a,0xf4,0x32,0x14,0x3b,0x14,0x3b,0xf3,
    0x3a,0xf3,0x3a,0xf4,0x3a,0xf3,0x32,0xf3,0x32,0xf3,0x32,0xd3,0x2a,0xb3,0x2a,0xd3,
    0x32,0x72,0x12,0xaf,0x3a,0x4a,0x3a,0xc8,0x29,0xe8,0x31,0x29,0x3a,0x8a,0x42,0x6d,
    0x63,0x92,0x8c,0xb7,0xb5,0x35,0xa5,0x4d,0x5b,0x4d,0x5b,0x2c,0x5b,0x4d,0x5b,0x4d,
    0x5b,0x2c,0x5b,0x4d,0x63,0x4d,0x5b,0x4d,0x5b,0x4d,0x5b,0x4d,0x63,0x6d,0x63,0x4d,
    0x5b,0x6d,0x63,0x4d,0x63,0x4d,0x63,0x6d,0x63,0x2c,0x5b,0x4d,0x5b,0x2d,0x5b,0x4d,
    0x5b,0x6d,0x63,0x6d,0x63,0x4d,0x5b,0x4d,0x63,0x6d,0x63,0x4d,0x5b,0x6d,0x63,0x6e,
    0x63,0x6d,0x63,0x4d,0x63,0x6d,0x63,0x4d,0x63,0x4d,0x63,0x6d,0x63,0x6d,0x63,0x4d,
    0x63,0x4d,0x63,0x6d,0x63,0x6d,0x63,0x6d,0x63,0x6d,0x63,0x6d,0x63,0x6d,0x63,0xff,
    0x6e,0x63,0x6d,0x63,0x8e,0x63,0x6d,0x63,0xae,0x6b,0xef,0x73,0x14,0x9d,0x59,0xc6,
    0x9a,0xd6,0xba,0xd6,0x9a,0xd6,0x9a,0xd6,0xba,0xd6,0xba,0xd6,0xba,0xd6,0xba,0xd6,
    0xba,0xd6,0xba,0xd6,0xd7,0xb5,0x51,0x84,0xcf,0x6b,0x6d,0x63,0x8e,0x63,0x8e,0x6b,
    0x8e,0x63,0x6d,0x63,0x8e,0x6b,0x6d,0x63,0x8e,0x63,0x8e,0x6b,0x6d,0x63,0x6d,0x63,
    0x6d,0x63,0xae,0x6b,0x8e,0x6b,0xae,0x6b,0x6d,0x63,0x8e,0x63,0x8e,0x63,0x6d,0x63,
    0x8d,0x63,0xae,0x6b,0x8e,0x6b,0x6d,0x63,0x8e,0x63,0x8e,0x63,0x8e,0x63,0x8d,0x63,
    0xae,0x6b,0x6d,0x63,0x8e,0x6b,0x8e,0x63,0x6d,0x63,0x8e,0x63,0x6d,0x63,0xae,0x6b,
    0x6d,0x63,0x6d,0x63,0x6d,0x63,0x6d,0x63,0x6d,0x63,0x6d,0x63,0x8e,0x6b,0x8d,0x63,
    0x8e,0x63,0x6d,0x63,0x6d,0x63,0x6d,0x63,0x6d,0x63,0x6d,0x63,0x8e,0x63,0x6d,0x63,
    0xae,0x6b,0x6d,0x63,0x6d,0x63,0x8d,0x63,0x6d,0x63,0x6d,0x63,0x8e,0x63,0x8e,0x63,
    0x4d,0x63,0x6d,0x63,0x8e,0x6b,0x6d,0x63,0x8e,0x6b,0x8e,0x63,0x8e,0x63,0x6d,0x63,
    0x8e,0x63,0x8e,0x63,0x8d,0x63,0x8e,0x6b,0x6d,0x63,0x6d,0x63,0x6d,0x63,0x8e,0x63,
    0x6d,0x63,0x6d,0x63,0x6d,0x63,0x8e,0x63,0x8e,0x63,0x6d,0x63,0x6d,0x63,0x8e,0x6b,
    0x8e,0x63,0x4d,0x63,0x6d,0x63,0x6d,0x63,0x6d,0x63,0xae,0x6b,0x72,0x84,0xb5,0x84,
    0x36,0x74,0xf6,0x6b,0xf6,0x6b,0xf6,0x6b,0xf6,0x6b,0xf6,0x6b,0xf6,0x6b,0xf6,0x6b,
    0xf6,0x6b,0xf6,0x6b,0xf6,0x6b,0xf6,0x63,0xf6,0x6b,0xf6,0x6b,0xf6,0x63,0xff,0xf6,
    0x63,0xf6,0x63,0xd6,0x63,0xb6,0x5b,0x16,0x6c,0x37,0x74,0xf6,0x6b,0xf6,0x6b,0x57,
    0x7c,0x99,0xad,0x7a,0xce,0xbb,0xd6,0xdb,0xde,0x9a,0xd6,0x98,0xad,0x77,0x7c,0x16,
    0x74,0x18,0x9d,0xbb,0xd6,0xdb,0xde,0x5a,0xce,0xd8,0x8c,0x77,0x84,0x37,0x74,0xf6,
    0x6b,0xf6,0x63,0x36,0x74,0xf1,0x42,0x30,0x1a,0x90,0x32,0x53,0x84,0x39,0xc6,0xba,
    0xd6,0xdb,0xde,0xdb,0xde,0xdb,0xde,0xdb,0xde,0xdb,0xde,0xdb,0xde,0xdb,0xde,0x59,
    0xc6,0xb4,0x63,0x33,0x4b,0x6c,0x01,0x6c,0x01,0x6c,0x01,0x8c,0x01,0x8c,0x01,0xad,
    0x01,0xad,0x01,0xad,0x01,0xad,0x01,0xad,0x01,0xad,0x01,0x8d,0x01,0x6c,0x01,0x4b,
    0x01,0x6c,0x01,0x8d,0x01,0x8d,0x01,0xae,0x01,0x70,0x2a,0x50,0x22,0x50,0x22,0x2f,
    0x1a,0xef,0x01,0x0f,0x02,0x10,0x0a,0x30,0x12,0x30,0x12,0x10,0x0a,0x30,0x0a,0x71,
    0x22,0xf3,0x42,0x30,0x1a,0xae,0x01,0x10,0x02,0x30,0x0a,0x31,0x0a,0x10,0x02,0x10,
    0x02,0x30,0x02,0x31,0x0a,0x51,0x0a,0x51,0x12,0x51,0x12,0x72,0x1a,0x92,0x22,0xb3,
    0x22,0xb3,0x2a,0xb3,0x2a,0xb2,0x22,0x92,0x22,0xb3,0x22,0xb3,0x22,0xb3,0x22,0xb3,
    0x22,0xb3,0x22,0xb3,0x22,0xb3,0x2a,0xb3,0x2a,0xb3,0x2a,0xd3,0x2a,0xd3,0x2a,0xd3,
    0x2a,0xb3,0x22,0xb3,0x22,0xd3,0x2a,0x14,0x3b,0x14,0x3b,0x14,0x3b,0x14,0x43,0x14,
    0x3b,0xf3,0x32,0xd3,0x32,0xb3,0x2a,0xb3,0x22,0x93,0x1a,0x91,0x2a,0xa7,0x29,0xe8,
    0x31,0x6a,0x42,0x8e,0x6b,0x50,0x7c,0xb2,0x8c,0xb2,0x94,0x14,0x9d,0xff,0x51,0x84,
    0x4d,0x5b,0x4d,0x5b,0x4d,0x5b,0x4d,0x5b,0x2d,0x5b,0x4d,0x5b,0x4d,0x63,0x2c,0x5b,
    0x2c,0x5b,0x4d,0x5b,0x2c,0x5b,0x2d,0x5b,0x2c,0x5b,0x4d,0x5b,0x2d,0x5b,0x6d,0x63,
    0x6d,0x63,0x4d,0x5b,0x4d,0x63,0x6d,0x63,0x4d,0x63,0x6d,0x63,0x6d,0x63,0x4d,0x63,
    0x4d,0x63,0x4d,0x5b,0x6d,0x63,0x6d,0x63,0x4d,0x63,0x4d,0x63,0x6d,0x63,0x6d,0x63,
    0x6d,0x63,0x6d,0x63,0x6d,0x63,0x6d,0x63,0x4d,0x5b,0x6d,0x63,0x4d,0x63,0x6d,0x63,
    0x4d,0x63,0x6d,0x63,0x6d,0x63,0x6d,0x63,0x4d,0x63,0x6d,0x63,0x4d,0x5b,0x6d,0x63,
    0x92,0x8c,0xd7,0xb5,0x7a,0xce,0xbb,0xd6,0xbb,0xd6,0xba,0xd6,0xba,0xd6,0xba,0xd6,
    0x9a,0xd6,0x9a,0xd6,0x9a,0xce,0x9a,0xd6,0xba,0xd6,0xba,0xd6,0x9a,0xd6,0xba,0xd6,
    0x9a,0xd6,0x59,0xc6,0xd7,0xb5,0x92,0x8c,0x6d,0x63,0x8e,0x63,0x6d,0x63,0x8e,0x63,
    0x6d,0x63,0x6d,0x63,0x8e,0x63,0x8e,0x63,0x8e,0x63,0x6d,0x63,0x6d,0x63,0x6d,0x63,
    0x6d,0x63,0x8e,0x6b,0x8e,0x6b,0x6e,0x63,0x8e,0x63,0x8e,0x63,0x6d,0x63,0x8d,0x63,
    0x8e,0x6b,0x8e,0x63,0x6d,0x63,0x6d,0x63,0x6d,0x63,0x6d,0x63,0x8e,0x63,0x8d,0x63,
    0x8e,0x6b,0x6d,0x63,0x6d,0x63,0x8e,0x6b,0x8e,0x63,0x6d,0x63,0x8e,0x6b,0x8e,0x6b,
    0x6d,0x63,0x8d,0x63,0x8e,0x6b,0x6d,0x63,0xae,0x6b,0x8e,0x63,0x6d,0x63,0x6d,0x63,
    0xae,0x6b,0xae,0x6b,0x6d,0x63,0x6d,0x63,0x8e,0x63,0x6d,0x63,0xae,0x6b,0xae,0x6b,
    0x8e,0x6b,0x8e,0x63,0x8e,0x63,0x8e,0x6b,0x6d,0x63,0x8e,0x6b,0xff,0x8e,0x63,0x8e,
    0x63,0x6d,0x63,0x6d,0x63,0x6d,0x63,0x6d,0x63,0x6d,0x63,0x6d,0x63,0x6d,0x63,0x6d,
    0x63,0x8e,0x63,0x8e,0x6b,0x8e,0x63,0x6d,0x63,0x6d,0x63,0x6d,0x63,0x6d,0x63,0x8e,
    0x6b,0x6d,0x63,0x8e,0x63,0x8e,0x63,0x6d,0x63,0x6d,0x63,0x8e,0x63,0x6d,0x63,0x6d,
    0x63,0x8e,0x63,0x6d,0x63,0x8e,0x63,0x6d,0x63,0x8d,0x63,0x51,0x7c,0x16,0x6c,0xf6,
    0x6b,0xf6,0x63,0xf6,0x63,0xf6,0x6b,0xf6,0x6b,0xf6,0x6b,0xf6,0x6b,0xf6,0x6b,0xf6,
    0x63,0xf6,0x63,0xf6,0x63,0xf6,0x6b,0xf6,0x63,0xf6,0x63,0xb6,0x63,0xb6,0x5b,0x16,
    0x6c,0x37,0x74,0xf6,0x6b,0xf6,0x63,0xf6,0x63,0xd6,0x63,0x96,0x53,0xf6,0x6b,0xf8,
    0x94,0xb9,0xb5,0x7a,0xce,0xdb,0xde,0xbb,0xd6,0x7a,0xce,0xbb,0xd6,0xdb,0xde,0x1a,
    0xbe,0x37,0x74,0x16,0x6c,0x37,0x74,0x57,0x7c,0x77,0x7c,0x77,0x84,0x57,0xa5,0xb1,
    0x6b,0xef,0x4a,0xaf,0x3a,0x0f,0x12,0xef,0x01,0x10,0x4b,0x53,0x84,0xd7,0xb5,0xba,
    0xd6,0xdb,0xde,0xdb,0xde,0xdb,0xde,0xf8,0xbd,0xd4,0x63,0x13,0x43,0x33,0x53,0x8c,
    0x01,0x8c,0x01,0x8c,0x01,0x8d,0x01,0x8d,0x01,0xad,0x01,0xce,0x01,0xee,0x09,0xce,
    0x01,0xce,0x01,0xad,0x01,0xae,0x01,0xad,0x01,0x6c,0x01,0x6c,0x01,0x8d,0x01,0xae,
    0x01,0xef,0x09,0xf2,0x42,0x2f,0x1a,0xce,0x09,0xef,0x01,0xef,0x01,0xef,0x01,0x0f,
    0x0a,0x10,0x0a,0x30,0x0a,0x30,0x0a,0x30,0x0a,0x30,0x0a,0xf3,0x3a,0xb2,0x32,0xef,
    0x01,0x10,0x02,0x30,0x0a,0x31,0x0a,0x31,0x0a,0x30,0x0a,0xff,0x30,0x0a,0x31,0x0a,
    0x51,0x0a,0x51,0x12,0x51,0x0a,0x51,0x0a,0x51,0x0a,0x72,0x12,0x72,0x1a,0xb2,0x22,
    0xd3,0x32,0xf3,0x32,0xd3,0x32,0xd3,0x2a,0xb3,0x2a,0xb3,0x22,0xb3,0x2a,0xb3,0x2a,
    0xb3,0x2a,0xd3,0x2a,0xb3,0x2a,0xd3,0x2a,0xd3,0x2a,0xb3,0x22,0xb3,0x22,0xb3,0x22,
    0xd3,0x2a,0xd3,0x2a,0xf4,0x32,0x14,0x3b,0x14,0x3b,0xd3,0x2a,0xd3,0x2a,0xd3,0x2a,
    0xd3,0x2a,0x14,0x3b,0x54,0x4b,0x32,0x4b,0xe9,0x31,0x66,0x29,0x25,0x19,0x87,0x21,
    0x10,0x7c,0x75,0xad,0xb6,0xb5,0x30,0x7c,0x4d,0x5b,0x2c,0x5b,0x2c,0x5b,0x4d,0x5b,
    0x4d,0x5b,0x4d,0x5b,0x4d,0x5b,0x2c,0x5b,0x4d,0x63,0x4d,0x63,0x2d,0x5b,0x4d,0x5b,
    0x4d,0x63,0x4d,0x5b,0x4d,0x63,0x4d,0x63,0x4d,0x5b,0x4d,0x63,0x4d,0x5b,0x4d,0x5b,
    0x4d,0x5b,0x4d,0x63,0x4d,0x5b,0x4d,0x5b,0x4d,0x63,0x4d,0x63,0x6d,0x63,0x4d,0x63,
    0x6d,0x63,0x4d,0x63,0x4d,0x63,0x6d,0x63,0x4d,0x63,0x4d,0x5b,0x6d,0x63,0x6d,0x63,
    0x4d,0x63,0x6d,0x63,0x6d,0x63,0x6d,0x63,0x4d,0x63,0x6d,0x63,0x4d,0x63,0x6d,0x63,
    0x4d,0x63,0x6d,0x63,0xef,0x73,0x14,0x9d,0x18,0xc6,0xba,0xd6,0xba,0xd6,0xba,0xd6,
    0xba,0xd6,0x9a,0xd6,0x9a,0xd6,0x9a,0xd6,0x9a,0xd6,0x7a,0xce,0x9a,0xd6,0x9a,0xd6,
    0x9a,0xd6,0x9a,0xd6,0xba,0xd6,0xbb,0xd6,0xba,0xd6,0x9a,0xce,0x9a,0xce,0x9a,0xd6,
    0xbb,0xd6,0x7a,0xce,0x75,0xad,0x92,0x8c,0x8e,0x6b,0x6d,0x63,0x8e,0x6b,0x6d,0x63,
    0x6d,0x63,0x6d,0x63,0x8e,0x63,0x8e,0x6b,0x8d,0x63,0xff,0x6d,0x63,0x6d,0x63,0x6d,
    0x63,0x6d,0x63,0x8d,0x63,0x8d,0x63,0x8e,0x6b,0x8e,0x63,0x6d,0x63,0x8d,0x63,0x6d,
    0x63,0x8e,0x63,0x8e,0x63,0x8e,0x6b,0x8e,0x6b,0x6d,0x63,0x8e,0x63,0x8e,0x6b,0x8e,
    0x6b,0x6d,0x63,0x4d,0x63,0x6d,0x63,0x4d,0x63,0x6d,0x63,0x8e,0x6b,0x6d,0x63,0x6d,
    0x63,0x8e,0x6b,0x4d,0x63,0x6d,0x63,0x8e,0x6b,0x8e,0x63,0x6d,0x63,0x4d,0x63,0x8e,
    0x63,0x8e,0x63,0x8e,0x6b,0x8e,0x63,0x4d,0x63,0x6d,0x63,0x8d,0x63,0x8e,0x63,0x8e,
    0x63,0x8e,0x63,0x8e,0x63,0x6d,0x63,0x8e,0x63,0x6d,0x63,0x8e,0x6b,0x8e,0x6b,0x8e,
    0x63,0x8e,0x6b,0x8e,0x63,0x6d,0x63,0x8e,0x63,0x8e,0x63,0x8d,0x63,0x6d,0x63,0x6d,
    0x63,0x6d,0x63,0x8e,0x63,0x8e,0x63,0x6d,0x63,0x4d,0x63,0x6d,0x63,0x6d,0x63,0x6d,
    0x63,0x6d,0x63,0x6d,0x63,0x6d,0x63,0x6d,0x63,0x6e,0x63,0x6d,0x63,0x6d,0x63,0x4d,
    0x5b,0x6d,0x63,0x6d,0x63,0x8e,0x63,0x74,0x84,0xf6,0x6b,0xf6,0x6b,0xf6,0x6b,0xf6,
    0x6b,0xf6,0x6b,0xf6,0x63,0xf6,0x6b,0xf6,0x6b,0xf6,0x6b,0xf6,0x6b,0xf6,0x6b,0xf6,
    0x6b,0xf6,0x63,0xb6,0x63,0xb6,0x5b,0x16,0x74,0x37,0x74,0xf6,0x6b,0xf6,0x63,0xf6,
    0x63,0xd6,0x63,0xb6,0x5b,0xd6,0x63,0x37,0x74,0x16,0x74,0x16,0x6c,0x37,0x74,0xf8,
    0x94,0xf9,0xbd,0x7a,0xce,0xbb,0xd6,0xf9,0xbd,0xd6,0x63,0xd6,0x63,0xd6,0x63,0xf6,
    0x63,0xf6,0x63,0x36,0x74,0xf6,0x9c,0x35,0xa5,0x6e,0x63,0x0d,0x53,0x6b,0x3a,0xc9,
    0x21,0x89,0x19,0xab,0x11,0xad,0x01,0xae,0x01,0xff,0x8f,0x3a,0xb4,0x8c,0xf8,0xbd,
    0xf8,0xbd,0xd4,0x63,0x33,0x4b,0x33,0x4b,0xd4,0x6b,0xad,0x01,0xad,0x01,0x8c,0x01,
    0x8d,0x01,0x8d,0x01,0x8c,0x01,0x8d,0x01,0x8d,0x01,0xad,0x01,0xae,0x01,0xae,0x01,
    0xae,0x01,0xae,0x01,0xad,0x01,0x8d,0x01,0x8d,0x01,0xae,0x01,0x0f,0x0a,0xf2,0x3a,
    0x30,0x1a,0x8d,0x01,0xcf,0x01,0xef,0x01,0xef,0x01,0xef,0x01,0xef,0x01,0x10,0x02,
    0x30,0x0a,0x30,0x0a,0x30,0x12,0xd2,0x32,0xd2,0x32,0xb1,0x32,0x71,0x1a,0x51,0x12,
    0x51,0x12,0x51,0x12,0x51,0x12,0x51,0x12,0x51,0x12,0x51,0x12,0x51,0x12,0x51,0x12,
    0x31,0x0a,0x51,0x0a,0x51,0x12,0x72,0x12,0x72,0x12,0x92,0x1a,0xd3,0x2a,0xd3,0x32,
    0xf3,0x32,0xf3,0x32,0xd3,0x32,0xd3,0x2a,0xd3,0x2a,0xd3,0x2a,0xd3,0x2a,0xd3,0x2a,
    0xb3,0x2a,0xb3,0x22,0xb3,0x22,0xb3,0x22,0xd3,0x2a,0xd3,0x2a,0xd3,0x32,0xf4,0x32,
    0xf4,0x32,0xd3,0x2a,0xd4,0x2a,0xf4,0x32,0xf4,0x32,0x33,0x4b,0x92,0x5b,0x32,0x7c,
    0xd4,0x94,0xf4,0x94,0xd3,0x94,0xd3,0x94,0x10,0x7c,0x4a,0x42,0x4a,0x42,0xcf,0x73,
    0x2d,0x5b,0x2c,0x5b,0x4d,0x63,0x4d,0x5b,0x2c,0x5b,0x4d,0x5b,0x2c,0x5b,0x4d,0x5b,
    0x4d,0x5b,0x4d,0x63,0x4d,0x63,0x4d,0x63,0x4d,0x63,0x2d,0x5b,0x4d,0x5b,0x4d,0x5b,
    0x4d,0x5b,0x2c,0x5b,0x6d,0x63,0x4d,0x5b,0x6d,0x63,0x6d,0x63,0x4d,0x63,0x4d,0x5b,
    0x4d,0x63,0x4d,0x63,0x6d,0x63,0x4d,0x5b,0x4d,0x5b,0x4d,0x5b,0x6d,0x63,0x4d,0x63,
    0x4d,0x5b,0x6d,0x63,0x4d,0x63,0x4d,0x63,0xff,0x4d,0x63,0x6d,0x63,0x4d,0x63,0x4d,
    0x5b,0x4d,0x63,0x6d,0x63,0x8e,0x6b,0x4d,0x63,0x8e,0x6b,0x10,0x7c,0xb7,0xb5,0x79,
    0xce,0x9a,0xd6,0x9a,0xce,0x9a,0xd6,0xba,0xd6,0xba,0xd6,0xbb,0xd6,0x9a,0xd6,0xba,
    0xd6,0x9a,0xd6,0x7a,0xce,0x79,0xce,0x39,0xc6,0x38,0xc6,0x7a,0xce,0xba,0xd6,0x9a,
    0xd6,0x9a,0xd6,0x9a,0xd6,0xba,0xd6,0xbb,0xd6,0xbb,0xd6,0xbb,0xd6,0xbb,0xd6,0xbb,
    0xd6,0xba,0xd6,0x9a,0xce,0x96,0xad,0xef,0x73,0x8e,0x6b,0x6d,0x63,0x8e,0x6b,0x6d,
    0x63,0x8d,0x63,0xae,0x6b,0x8e,0x6b,0x8e,0x63,0x8e,0x63,0x8e,0x6b,0x6d,0x63,0x6d,
    0x63,0x8e,0x63,0x6d,0x63,0x8e,0x63,0x6d,0x63,0x8e,0x63,0x8e,0x63,0x8e,0x63,0x8e,
    0x6b,0x8e,0x63,0x8e,0x6b,0x8e,0x63,0x6d,0x63,0x6d,0x63,0x8e,0x63,0x8e,0x6b,0x8e,
    0x6b,0x8e,0x63,0x8e,0x6b,0x8e,0x6b,0x8e,0x6b,0x6d,0x63,0x8e,0x63,0x8e,0x6b,0x8e,
    0x6b,0x6d,0x63,0x8e,0x6b,0x6d,0x63,0x8e,0x6b,0x6d,0x63,0x6d,0x63,0x4d,0x5b,0x6e,
    0x63,0xae,0x6b,0x6d,0x63,0x6d,0x63,0x8e,0x63,0x6d,0x63,0x6d,0x63,0x6d,0x63,0x8d,
    0x63,0x6d,0x63,0x6d,0x63,0x6d,0x63,0x8e,0x63,0x8e,0x63,0x6d,0x63,0x6d,0x63,0x8e,
    0x63,0x6d,0x63,0x6d,0x63,0x6d,0x63,0x6d,0x63,0x6d,0x63,0x6d,0x63,0x6d,0x63,0x8e,
    0x63,0x6d,0x63,0x8e,0x63,0x8e,0x63,0x6d,0x63,0x6d,0x63,0x4d,0x5b,0x6d,0x63,0x6d,
    0x63,0x6d,0x63,0x6d,0x63,0x6d,0x63,0x6e,0x63,0x6d,0x63,0x8e,0x63,0x6d,0x63,0x8e,
    0x63,0x30,0x7c,0x16,0x74,0xf6,0x6b,0xff,0xf6,0x6b,0xf6,0x6b,0xf6,0x6b,0xf6,0x6b,
    0xf6,0x6b,0xf6,0x63,0xf6,0x6b,0xf6,0x6b,0xf6,0x63,0xf6,0x63,0xb6,0x5b,0xb6,0x5b,
    0x16,0x74,0x37,0x74,0xf6,0x6b,0xf6,0x63,0xf6,0x63,0xd6,0x63,0xb6,0x5b,0xd6,0x63,
    0x37,0x74,0x16,0x6c,0xf6,0x63,0xf6,0x63,0xd6,0x63,0xf6,0x63,0xf6,0x6b,0x57,0x7c,
    0xb7,0x8c,0x77,0x7c,0xf6,0x6b,0xb6,0x5b,0x95,0x53,0xb6,0x5b,0xd6,0x63,0x53,0x7c,
    0x52,0x84,0x54,0xa5,0xe8,0x39,0xa7,0x29,0x09,0x32,0xac,0x42,0xad,0x42,0xe9,0x31,
    0xc9,0x21,0xaa,0x19,0xcc,0x11,0xcd,0x09,0xee,0x19,0xd5,0x63,0x54,0x53,0x53,0x4b,
    0xb3,0x5b,0xf6,0x9c,0xce,0x01,0xce,0x01,0xad,0x01,0xad,0x01,0x8d,0x01,0x8d,0x01,
    0x8c,0x01,0x8d,0x01,0xad,0x01,0xad,0x01,0xae,0x01,0xae,0x01,0xce,0x01,0xce,0x01,
    0xae,0x01,0xae,0x01,0xae,0x01,0xef,0x01,0x91,0x2a,0xb1,0x32,0x0f,0x1a,0x8d,0x01,
    0xef,0x01,0x0f,0x02,0x0f,0x02,0x10,0x02,0x10,0x0a,0x30,0x0a,0x30,0x0a,0x51,0x1a,
    0xb2,0x2a,0xb1,0x32,0x91,0x22,0x92,0x22,0x92,0x22,0x92,0x22,0x72,0x1a,0x51,0x1a,
    0x51,0x12,0x51,0x12,0x72,0x12,0x72,0x1a,0x72,0x1a,0x51,0x12,0x51,0x12,0x51,0x12,
    0x52,0x12,0x72,0x12,0x72,0x1a,0xb3,0x22,0xb3,0x22,0xb3,0x22,0xb3,0x2a,0xd3,0x32,
    0xf3,0x32,0xf3,0x32,0xd3,0x2a,0xd3,0x2a,0xd3,0x2a,0xb3,0x22,0xb3,0x22,0xd3,0x22,
    0xd3,0x2a,0xd3,0x2a,0xd3,0x32,0xf4,0x32,0xf4,0x32,0xd3,0x2a,0xd3,0x2a,0xf4,0x32,
    0xf4,0x32,0xf4,0x6b,0xd4,0x8c,0xff,0xf4,0x94,0xf4,0x94,0x55,0x9d,0x76,0xa5,0xd7,
    0xb5,0x59,0xc6,0x9a,0xd6,0x18,0xc6,0xae,0x6b,0x4d,0x5b,0x2c,0x5b,0x4d,0x5b,0x2c,
    0x5b,0x4d,0x5b,0x4d,0x5b,0x2c,0x5b,0x2c,0x5b,0x2d,0x5b,0x2d,0x5b,0x2c,0x5b,0x4d,
    0x5b,0x4d,0x5b,0x4d,0x5b,0x4d,0x5b,0x4d,0x5b,0x4d,0x5b,0x2d,0x5b,0x4d,0x63,0x4d,
    0x5b,0x4d,0x63,0x4d,0x5b,0x4d,0x5b,0x4d,0x63,0x4d,0x5b,0x4d,0x63,0x6d,0x63,0x4d,
    0x63,0x6d,0x63,0x4d,0x5b,0x4d,0x63,0x6d,0x63,0x4d,0x63,0x6d,0x63,0x6d,0x63,0x4d,
    0x63,0x4d,0x5b,0x6d,0x63,0x4d,0x63,0x4d,0x5b,0x6d,0x63,0x6d,0x63,0x4d,0x63,0x8e,
    0x63,0x14,0x9d,0xf7,0xbd,0x7a,0xce,0x9a,0xd6,0x9a,0xd6,0x9a,0xd6,0xba,0xd6,0xba,
    0xd6,0xba,0xd6,0xba,0xd6,0xba,0xd6,0x38,0xc6,0x14,0x9d,0x10,0x7c,0x6e,0x63,0x0d,
    0x53,0x2d,0x5b,0x6e,0x63,0xaf,0x6b,0xd0,0x73,0x31,0x7c,0xd3,0x94,0x76,0xad,0x79,
    0xce,0xba,0xd6,0xba,0xd6,0xba,0xd6,0xba,0xd6,0xba,0xd6,0xbb,0xd6,0xba,0xd6,0xba,
    0xd6,0xba,0xd6,0x38,0xc6,0x75,0xad,0x51,0x84,0x4d,0x63,0x8e,0x63,0x6d,0x63,0x6d,
    0x63,0x6d,0x63,0x6d,0x63,0x8e,0x63,0x6d,0x63,0x8e,0x6b,0x6d,0x63,0x6d,0x63,0x8e,
    0x63,0x8e,0x6b,0x8e,0x6b,0x8e,0x6b,0x6d,0x63,0x6d,0x63,0x6d,0x63,0x6d,0x63,0x8e,
    0x63,0x8e,0x63,0x8e,0x6b,0x8d,0x63,0x6d,0x63,0x6d,0x63,0x8e,0x63,0x6d,0x63,0x6d,
    0x63,0x8e,0x63,0x6d,0x63,0x6d,0x63,0x6d,0x63,0x6d,0x63,0x8e,0x63,0x8e,0x63,0x6d,
    0x63,0x8e,0x6b,0x8e,0x63,0xff,0x8e,0x6b,0x8e,0x6b,0x8e,0x63,0x6d,0x63,0x8d,0x63,
    0x6d,0x63,0x6d,0x63,0x6d,0x63,0x6d,0x63,0x8e,0x63,0x6d,0x63,0x6d,0x63,0x8e,0x63,
    0x6d,0x63,0x8e,0x63,0x6d,0x63,0x8e,0x63,0x6d,0x63,0x6d,0x63,0x6d,0x63,0x8d,0x63,
    0x8d,0x63,0x8e,0x63,0x6d,0x63,0x6d,0x63,0x6d,0x63,0x6d,0x63,0x8e,0x6b,0x8e,0x63,
    0x6d,0x63,0x6d,0x63,0x8e,0x63,0x8d,0x63,0x8d,0x63,0x6d,0x63,0x4d,0x63,0x6d,0x63,
    0x6d,0x63,0x6d,0x63,0x8e,0x63,0x6d,0x63,0x6e,0x63,0x6d,0x63,0x8e,0x6b,0x34,0x74,
    0xf6,0x6b,0xf6,0x6b,0xf6,0x6b,0xf6,0x6b,0xf6,0x6b,0xf6,0x63,0xf6,0x63,0xf6,0x6b,
    0xf6,0x63,0xf6,0x63,0xb6,0x5b,0xb6,0x5b,0x17,0x74,0x37,0x74,0xf6,0x6b,0xf6,0x63,
    0xf6,0x63,0xd6,0x63,0x96,0x5b,0xd6,0x63,0x37,0x74,0x16,0x6c,0xf6,0x63,0xf6,0x63,
    0xf6,0x63,0xf6,0x63,0xf6,0x63,0xf6,0x63,0xf6,0x63,0xf6,0x63,0x16,0x6c,0x37,0x74,
    0x57,0x7c,0x37,0x74,0xd6,0x63,0x94,0x5b,0x0e,0x53,0x8a,0x4a,0x51,0x8c,0xf0,0x7b,
    0xc8,0x29,0x09,0x2a,0x6b,0x3a,0xcd,0x42,0x70,0x5b,0xb1,0x63,0xb1,0x6b,0x6b,0x3a,
    0x4b,0x32,0xab,0x19,0xb4,0x63,0xd3,0x6b,0x15,0x9d,0xd4,0x94,0xf2,0x4a,0xce,0x01,
    0x0f,0x0a,0x0f,0x12,0xad,0x01,0xad,0x01,0xad,0x01,0xad,0x01,0xad,0x01,0xae,0x01,
    0xae,0x01,0xce,0x01,0xef,0x09,0x0f,0x12,0xee,0x09,0xce,0x01,0xae,0x01,0xae,0x01,
    0xce,0x01,0x30,0x12,0xb2,0x32,0xf2,0x3a,0x91,0x2a,0x2f,0x1a,0x0f,0x1a,0x30,0x12,
    0x30,0x12,0x30,0x1a,0xff,0x50,0x1a,0x71,0x22,0xb2,0x32,0xd2,0x3a,0x71,0x22,0x30,
    0x0a,0x31,0x0a,0x31,0x0a,0x51,0x12,0x92,0x22,0xb2,0x22,0x92,0x22,0x92,0x22,0x72,
    0x1a,0x92,0x1a,0x92,0x22,0x72,0x1a,0x72,0x12,0x72,0x1a,0x72,0x1a,0x72,0x1a,0x72,
    0x1a,0x92,0x1a,0xb3,0x22,0xb3,0x22,0xb3,0x22,0xb3,0x22,0xb3,0x22,0xd3,0x2a,0xd3,
    0x2a,0xd3,0x2a,0xd3,0x2a,0xd3,0x22,0xd3,0x22,0xd3,0x2a,0xd3,0x2a,0xd3,0x32,0xf4,
    0x32,0xf4,0x32,0xd3,0x2a,0xd3,0x2a,0xf4,0x32,0xf4,0x32,0x93,0x5b,0xcf,0x73,0x8a,
    0x42,0x29,0x32,0x29,0x3a,0xaa,0x4a,0x4d,0x63,0x51,0x84,0x55,0xa5,0xf8,0xbd,0xaf,
    0x6b,0x2c,0x5b,0x2c,0x5b,0x2d,0x5b,0x4d,0x5b,0x4d,0x63,0x2c,0x5b,0x2c,0x5b,0x4d,
    0x5b,0x4d,0x63,0x4d,0x5b,0x2d,0x5b,0x4d,0x5b,0x2c,0x5b,0x4d,0x5b,0x4d,0x5b,0x4d,
    0x5b,0x6d,0x63,0x4d,0x63,0x4d,0x63,0x4d,0x63,0x4d,0x63,0x4d,0x63,0x4d,0x63,0x4d,
    0x5b,0x4d,0x63,0x6d,0x63,0x6d,0x63,0x2c,0x5b,0x4d,0x63,0x4d,0x63,0x6d,0x63,0x2d,
    0x5b,0x4d,0x63,0x4d,0x5b,0x6d,0x63,0x4d,0x5b,0x6d,0x63,0x8e,0x63,0x6d,0x63,0x6d,
    0x63,0x6d,0x63,0x8e,0x63,0x10,0x7c,0x55,0xa5,0x79,0xce,0x7a,0xce,0x9a,0xd6,0xba,
    0xd6,0xba,0xd6,0xba,0xd6,0xba,0xd6,0x9a,0xd6,0x9a,0xd6,0x9a,0xd6,0x79,0xce,0x34,
    0xa5,0x8d,0x6b,0x6d,0x63,0x4d,0x63,0x6d,0x63,0x6d,0x63,0x8e,0x63,0x6d,0x63,0x4d,
    0x63,0x6d,0x63,0x6d,0x63,0x8d,0x63,0x6d,0x63,0x0d,0x5b,0x72,0x84,0xf8,0xbd,0x7a,
    0xce,0xbb,0xd6,0xff,0xbb,0xd6,0xbb,0xd6,0xba,0xd6,0xba,0xd6,0xba,0xd6,0xba,0xd6,
    0xbb,0xd6,0xdb,0xd6,0x59,0xce,0x14,0x9d,0x10,0x7c,0xae,0x6b,0x8e,0x63,0x6d,0x63,
    0x6d,0x63,0x6d,0x63,0x6d,0x63,0x8e,0x6b,0x8e,0x6b,0x8d,0x63,0x8e,0x63,0x4d,0x63,
    0x6d,0x63,0x8e,0x6b,0x8e,0x6b,0x8e,0x63,0x8e,0x6b,0x6d,0x63,0x8d,0x63,0x8e,0x63,
    0x6d,0x63,0x8e,0x63,0x8e,0x63,0x6d,0x63,0x8d,0x63,0x8e,0x63,0x8e,0x63,0x8e,0x6b,
    0x8e,0x63,0x8e,0x6b,0x8e,0x6b,0x6d,0x63,0x8e,0x63,0x6d,0x63,0x4d,0x63,0x8e,0x63,
    0x8e,0x63,0x8e,0x63,0x6d,0x63,0x6d,0x63,0x6d,0x63,0x8e,0x6b,0x6d,0x63,0x6d,0x63,
    0xae,0x6b,0x6e,0x63,0x8e,0x63,0x8e,0x6b,0x6d,0x63,0x8e,0x6b,0x6d,0x63,0x6d,0x63,
    0x4d,0x63,0x6e,0x63,0x6d,0x63,0x6d,0x63,0x6d,0x63,0x6d,0x63,0x6d,0x63,0x6d,0x63,
    0x8e,0x63,0x6d,0x63,0x6d,0x63,0x4d,0x5b,0x6d,0x63,0x6d,0x63,0x6d,0x63,0x4d,0x5b,
    0x6d,0x63,0x6d,0x63,0x6d,0x63,0x6d,0x63,0x4d,0x63,0x6d,0x63,0x6d,0x63,0x6d,0x63,
    0x6d,0x63,0x4d,0x63,0x6d,0x63,0x4d,0x63,0x51,0x84,0xf6,0x6b,0xf6,0x6b,0xf6,0x63,
    0xf6,0x63,0xf6,0x6b,0xf6,0x63,0xf6,0x63,0xf6,0x63,0xf6,0x63,0xb6,0x63,0xb6,0x5b,
    0x16,0x74,0x37,0x74,0xf6,0x6b,0xf6,0x63,0xd6,0x63,0xd6,0x63,0xb6,0x5b,0xd6,0x63,
    0x37,0x74,0x16,0x6c,0xf6,0x63,0xf6,0x63,0xf6,0x63,0xf6,0x63,0xd6,0x63,0xd6,0x63,
    0xd6,0x63,0xd6,0x63,0xd6,0x63,0xd6,0x63,0xd6,0x63,0xd6,0x63,0xd6,0x63,0xd6,0x6b,
    0x70,0x63,0xff,0x29,0x32,0x29,0x3a,0x6a,0x42,0xec,0x52,0xcc,0x4a,0x4a,0x3a,0x0a,
    0x2a,0x6b,0x3a,0xee,0x4a,0x70,0x5b,0x33,0x74,0xb5,0x84,0x32,0x7c,0xcd,0x4a,0xf3,
    0x73,0x96,0xad,0xd7,0xb5,0x58,0xce,0x53,0xb5,0xad,0x01,0xee,0x09,0x0f,0x12,0x2f,
    0x1a,0x4f,0x22,0x2f,0x1a,0x0f,0x12,0x0f,0x12,0x2f,0x1a,0x4f,0x1a,0x30,0x1a,0x30,
    0x1a,0x0f,0x0a,0xce,0x01,0xce,0x01,0xae,0x01,0xae,0x01,0xce,0x01,0xef,0x01,0x10,
    0x0a,0x71,0x22,0xd2,0x3a,0x13,0x43,0x12,0x43,0x12,0x43,0x12,0x43,0x12,0x43,0x13,
    0x43,0x13,0x43,0xb2,0x32,0x30,0x0a,0x10,0x02,0x10,0x02,0x30,0x02,0x31,0x02,0x31,
    0x0a,0x51,0x0a,0x51,0x12,0x72,0x1a,0xb2,0x22,0xb3,0x2a,0xb3,0x2a,0xb3,0x2a,0x92,
    0x22,0x72,0x1a,0x92,0x1a,0x92,0x1a,0x92,0x1a,0x92,0x1a,0x92,0x1a,0x92,0x22,0x92,
    0x22,0x92,0x22,0xb3,0x22,0xb3,0x22,0xb3,0x22,0xb3,0x22,0xb3,0x22,0xb3,0x22,0xd3,
    0x22,0xd3,0x2a,0xf4,0x2a,0xf4,0x32,0xf4,0x32,0xd4,0x32,0xd3,0x2a,0xd3,0x2a,0xf4,
    0x32,0xf4,0x32,0xf3,0x32,0x2b,0x32,0x87,0x29,0x49,0x3a,0x0c,0x53,0x0f,0x7c,0xb2,
    0x8c,0xd2,0x94,0x13,0x9d,0xb2,0x8c,0x8e,0x63,0x0c,0x53,0x2c,0x5b,0x4d,0x5b,0x4d,
    0x5b,0x0c,0x5b,0x2c,0x5b,0x2d,0x5b,0x2c,0x5b,0x4d,0x63,0x2d,0x5b,0x4d,0x5b,0x4d,
    0x5b,0x2c,0x5b,0x2d,0x5b,0x4d,0x63,0x2d,0x5b,0x2c,0x5b,0x2c,0x5b,0x6d,0x63,0x4d,
    0x63,0x4d,0x5b,0x4d,0x5b,0x2d,0x5b,0x4d,0x63,0x4d,0x5b,0x2c,0x5b,0x4d,0x63,0x2c,
    0x5b,0xff,0x6d,0x63,0x6d,0x63,0x6d,0x63,0x4d,0x5b,0x6d,0x63,0x4d,0x63,0x6d,0x63,
    0x4d,0x63,0x6d,0x63,0x6d,0x63,0x6d,0x63,0x6d,0x63,0x6d,0x63,0xf3,0x94,0x18,0xc6,
    0x7a,0xce,0x9a,0xd6,0x9a,0xd6,0x9a,0xd6,0x9a,0xd6,0xba,0xd6,0xba,0xd6,0xba,0xd6,
    0x9a,0xd6,0x9a,0xd6,0x9a,0xd6,0x59,0xce,0xb2,0x94,0x8e,0x6b,0x6d,0x63,0x4d,0x63,
    0x6d,0x63,0x6d,0x63,0x6d,0x63,0x6d,0x63,0x6d,0x63,0x6d,0x63,0x6d,0x63,0x4d,0x63,
    0x6d,0x63,0x6d,0x63,0x6d,0x63,0x6e,0x63,0x4d,0x63,0xaf,0x6b,0x72,0x84,0xd7,0xb5,
    0x9a,0xd6,0x9a,0xd6,0x9a,0xd6,0x9a,0xd6,0xba,0xd6,0xbb,0xd6,0xbb,0xd6,0xbb,0xd6,
    0xba,0xd6,0x9a,0xd6,0x59,0xce,0x55,0xa5,0xcf,0x73,0x8e,0x63,0x8e,0x6b,0x6d,0x63,
    0x8e,0x63,0x6d,0x63,0x6d,0x63,0x6d,0x63,0x8e,0x63,0x8e,0x63,0x8e,0x63,0x8e,0x63,
    0x8e,0x63,0x6d,0x63,0x8d,0x63,0x6d,0x63,0x8e,0x6b,0x8e,0x6b,0x8e,0x63,0x6d,0x63,
    0xae,0x6b,0x8e,0x63,0x4d,0x63,0x8e,0x63,0x8e,0x63,0x6d,0x63,0x6d,0x63,0x6d,0x63,
    0xae,0x6b,0x8e,0x6b,0x6d,0x63,0x8e,0x6b,0x6d,0x63,0x6d,0x63,0x6d,0x63,0xae,0x6b,
    0x6d,0x63,0x6d,0x63,0x6d,0x63,0x6d,0x63,0x8e,0x63,0x6d,0x63,0x6d,0x63,0x6d,0x63,
    0x6d,0x63,0x6d,0x63,0x6d,0x63,0x8e,0x63,0x8e,0x63,0xae,0x6b,0x6d,0x63,0x6d,0x63,
    0x8e,0x6b,0x6d,0x63,0x6d,0x63,0x6d,0x63,0x6d,0x63,0x6d,0x63,0x6d,0x63,0x8e,0x6b,
    0x6d,0x63,0x6d,0x63,0x6d,0x63,0x8e,0x63,0x6d,0x63,0x6d,0x63,0x6d,0x63,0x8e,0x63,
    0xff,0x4d,0x5b,0x6d,0x63,0x8e,0x63,0x6d,0x63,0x4d,0x63,0x6d,0x63,0x6d,0x63,0x8e,
    0x63,0x6e,0x63,0x8e,0x6b,0x35,0x9d,0x18,0x95,0x16,0x6c,0xf6,0x6b,0xf6,0x6b,0xf6,
    0x6b,0xf6,0x63,0xf6,0x63,0xb6,0x5b,0xb6,0x5b,0x16,0x74,0x17,0x74,0xf6,0x6b,0xf6,
    0x63,0xf6,0x63,0xd6,0x63,0xb6,0x5b,0xf6,0x63,0x37,0x74,0x16,0x6c,0xf6,0x63,0xf6,
    0x63,0xf6,0x63,0xf6,0x63,0xd6,0x63,0xf6,0x63,0xf6,0x63,0xd6,0x63,0xd6,0x63,0xd6,
    0x63,0xd6,0x63,0xd6,0x63,0xd6,0x63,0xd6,0x63,0x96,0x8c,0x70,0x9c,0xc7,0x39,0x87,
    0x21,0x4a,0x32,0x4f,0x5b,0x16,0x95,0x57,0xa5,0x93,0x84,0xf1,0x73,0xb1,0x63,0x12,
    0x6c,0xf5,0x94,0xb8,0xad,0x98,0xad,0xf5,0x94,0x96,0xad,0xb7,0xad,0x59,0xce,0xd6,
    0xc5,0xb3,0x6b,0x8d,0x01,0xad,0x01,0xce,0x09,0x0f,0x12,0x2f,0x12,0x2f,0x1a,0x50,
    0x1a,0x50,0x22,0x50,0x1a,0x2f,0x12,0x0f,0x12,0xee,0x01,0xce,0x01,0xae,0x01,0xae,
    0x01,0xae,0x01,0xce,0x01,0xce,0x01,0xce,0x01,0xef,0x01,0xef,0x01,0x0f,0x02,0x30,
    0x12,0x71,0x22,0x71,0x2a,0x91,0x2a,0x91,0x2a,0x71,0x1a,0x71,0x1a,0x71,0x1a,0x71,
    0x1a,0x51,0x12,0x31,0x0a,0x30,0x0a,0x30,0x02,0x31,0x0a,0x51,0x0a,0x51,0x0a,0x51,
    0x0a,0x51,0x12,0x72,0x12,0x92,0x22,0xd3,0x2a,0xf3,0x32,0xb3,0x22,0x92,0x22,0x92,
    0x22,0x92,0x22,0x92,0x22,0xb2,0x22,0xb3,0x2a,0xb3,0x2a,0xb3,0x22,0x92,0x22,0x92,
    0x22,0xb3,0x22,0xb3,0x22,0xb3,0x1a,0xb3,0x22,0xb3,0x22,0xd3,0x22,0xd4,0x2a,0xff,
    0x14,0x3b,0xf4,0x2a,0xd3,0x22,0xf4,0x2a,0xf4,0x32,0xf4,0x32,0x14,0x43,0x13,0x43,
    0xec,0x29,0x85,0x08,0x05,0x11,0xa7,0x29,0x2d,0x5b,0xf3,0x94,0xd6,0xb5,0x14,0x9d,
    0x6d,0x63,0x2c,0x5b,0x4d,0x5b,0x2c,0x5b,0x2c,0x5b,0x2c,0x5b,0x4d,0x5b,0x2c,0x5b,
    0x4d,0x5b,0x2c,0x5b,0x4d,0x5b,0x4d,0x5b,0x2d,0x5b,0x4d,0x5b,0x4d,0x63,0x4d,0x63,
    0x4d,0x5b,0x4d,0x63,0x4d,0x63,0x4d,0x5b,0x2d,0x5b,0x4d,0x5b,0x4d,0x5b,0x4d,0x5b,
    0x4d,0x5b,0x4d,0x63,0x4d,0x63,0x4d,0x63,0x4d,0x5b,0x6d,0x63,0x4d,0x5b,0x4d,0x5b,
    0x4d,0x5b,0x4d,0x63,0x4d,0x63,0x4d,0x63,0x4d,0x5b,0x4d,0x5b,0x4d,0x63,0x4d,0x5b,
    0x30,0x7c,0x35,0xa5,0x59,0xce,0xba,0xd6,0xba,0xd6,0xba,0xd6,0x9a,0xd6,0xba,0xd6,
    0xba,0xd6,0x9a,0xd6,0x9a,0xd6,0xba,0xd6,0x9a,0xd6,0xba,0xd6,0x9a,0xd6,0x9a,0xd6,
    0x14,0x9d,0x6d,0x63,0x4d,0x63,0x6d,0x63,0x6d,0x63,0x8e,0x63,0x6d,0x63,0x6d,0x63,
    0x6d,0x63,0x6d,0x63,0x6d,0x63,0x6d,0x63,0x6d,0x63,0x6d,0x63,0x6d,0x63,0x8e,0x63,
    0x6d,0x63,0x6d,0x63,0x6d,0x63,0x6d,0x63,0x0c,0x53,0x6e,0x63,0xf4,0x94,0xd7,0xbd,
    0x9a,0xce,0xba,0xd6,0x9a,0xd6,0x9a,0xd6,0x9a,0xd6,0xba,0xd6,0xbb,0xd6,0xbb,0xd6,
    0xbb,0xd6,0xba,0xd6,0xf7,0xbd,0x14,0x9d,0x30,0x7c,0x6d,0x63,0x6d,0x63,0x8e,0x6b,
    0x8e,0x63,0x8e,0x6b,0x6d,0x63,0x6d,0x63,0x6d,0x63,0x6d,0x63,0x8e,0x63,0x6d,0x63,
    0x6d,0x63,0x6d,0x63,0x8e,0x63,0x6d,0x63,0x6d,0x63,0x6d,0x63,0x8e,0x63,0xff,0x8e,
    0x6b,0x6d,0x63,0x8d,0x63,0x6d,0x63,0x8e,0x63,0x8e,0x63,0x6d,0x63,0x8d,0x63,0x6d,
    0x63,0x6d,0x63,0x6d,0x63,0x8e,0x6b,0x8e,0x63,0x6d,0x63,0x8e,0x63,0x8e,0x63,0x8d,
    0x63,0x6d,0x63,0x6d,0x63,0x8e,0x6b,0x6d,0x63,0x6d,0x63,0x6d,0x63,0x8e,0x63,0x8e,
    0x63,0x6d,0x63,0x6d,0x63,0x6d,0x63,0x6d,0x63,0x6d,0x63,0x6d,0x63,0x6d,0x63,0x6d,
    0x63,0x6d,0x63,0x8d,0x63,0x8e,0x63,0x6d,0x63,0x4d,0x63,0x6d,0x63,0x6d,0x63,0x6d,
    0x63,0x6d,0x63,0x4d,0x63,0x6d,0x63,0x8e,0x63,0x4d,0x63,0x6d,0x63,0x6d,0x63,0x4d,
    0x63,0x6d,0x63,0x6d,0x63,0x6d,0x63,0x6d,0x63,0x2d,0x5b,0x4d,0x5b,0x6d,0x63,0x10,
    0x74,0x37,0xa5,0x19,0xc6,0xb7,0x8c,0xf6,0x63,0xf6,0x63,0xf6,0x63,0xb6,0x5b,0xb6,
    0x5b,0x16,0x74,0x37,0x74,0xf6,0x6b,0xf6,0x6b,0xf6,0x63,0xd6,0x63,0xb6,0x5b,0xf6,
    0x63,0x37,0x74,0x16,0x6c,0xf6,0x63,0xf6,0x63,0xf6,0x63,0xf6,0x63,0xf6,0x63,0xd6,
    0x63,0xf6,0x63,0xd6,0x63,0xd6,0x63,0xf6,0x63,0xd6,0x63,0xd6,0x63,0xd6,0x63,0xd6,
    0x63,0xf6,0x6b,0x16,0x74,0x74,0x53,0x52,0x5b,0x4d,0x32,0x8c,0x3a,0x13,0x6c,0x58,
    0xa5,0xd9,0xb5,0x78,0xa5,0xf9,0xbd,0x9a,0xce,0xf9,0xb5,0xd5,0x94,0x33,0x7c,0x12,
    0x74,0xd2,0x6b,0x34,0x9d,0x9a,0xd6,0x96,0xb5,0xd1,0x42,0x55,0x4b,0x6c,0x01,0x8d,
    0x01,0x8d,0x01,0x8d,0x01,0xad,0x01,0xce,0x01,0xce,0x01,0xce,0x01,0xce,0x01,0xae,
    0x01,0xae,0x01,0xad,0x01,0xad,0x01,0xae,0x01,0xae,0x01,0xae,0x01,0xff,0xce,0x01,
    0xce,0x01,0xce,0x01,0xcf,0x01,0xef,0x01,0xef,0x01,0xef,0x01,0x10,0x02,0x10,0x02,
    0x10,0x02,0x10,0x02,0x10,0x02,0x30,0x02,0x30,0x02,0x31,0x0a,0x51,0x12,0x72,0x1a,
    0x92,0x1a,0x71,0x1a,0x51,0x12,0x31,0x0a,0x31,0x0a,0x51,0x0a,0x51,0x0a,0x51,0x12,
    0x72,0x12,0x72,0x1a,0xb3,0x22,0xb3,0x22,0xb3,0x2a,0xd3,0x2a,0xd3,0x2a,0xb3,0x2a,
    0xb3,0x22,0xd3,0x2a,0xf3,0x32,0xd3,0x32,0xb3,0x2a,0xb3,0x22,0x92,0x1a,0x92,0x22,
    0xb3,0x22,0xb3,0x22,0xb3,0x22,0xd3,0x2a,0xd3,0x2a,0xb3,0x22,0xb3,0x22,0xd3,0x2a,
    0xf4,0x32,0x54,0x4b,0x75,0x84,0xd5,0x8c,0xd5,0x8c,0xf5,0x94,0xb3,0x8c,0x51,0x84,
    0x4d,0x63,0x29,0x42,0xc8,0x31,0x2d,0x5b,0x4d,0x5b,0x4d,0x5b,0x2c,0x5b,0x2c,0x5b,
    0x0c,0x53,0x2d,0x5b,0x4d,0x63,0x2d,0x5b,0x4d,0x63,0x2c,0x5b,0x4d,0x5b,0x2c,0x5b,
    0x2d,0x5b,0x4d,0x5b,0x4d,0x5b,0x4d,0x5b,0x2c,0x5b,0x4d,0x5b,0x2c,0x5b,0x4d,0x63,
    0x4d,0x63,0x4d,0x5b,0x4d,0x5b,0x4d,0x5b,0x6d,0x63,0x6d,0x63,0x2c,0x5b,0x4d,0x63,
    0x4d,0x5b,0x4d,0x63,0x6d,0x63,0x4d,0x63,0x4d,0x5b,0x4d,0x63,0x6d,0x63,0x4d,0x63,
    0x4d,0x5b,0x4d,0x63,0xae,0x6b,0x51,0x84,0x18,0xbe,0x9a,0xd6,0x9a,0xce,0x9a,0xd6,
    0xba,0xd6,0x9a,0xd6,0x9a,0xd6,0x9a,0xd6,0x9a,0xd6,0x9a,0xd6,0x9a,0xce,0x7a,0xce,
    0x9a,0xd6,0x9a,0xd6,0x9a,0xd6,0x9a,0xd6,0x59,0xc6,0x4d,0x5b,0x4d,0x63,0x6d,0x63,
    0x8e,0x63,0x6d,0x63,0x8e,0x63,0x4d,0x63,0xae,0x6b,0xd3,0x94,0xff,0xb6,0xb5,0x34,
    0xa5,0xef,0x73,0xae,0x6b,0xae,0x6b,0x6d,0x63,0x6d,0x63,0x6d,0x63,0x6d,0x63,0x6d,
    0x63,0x8e,0x6b,0x8e,0x63,0x4d,0x5b,0x6d,0x63,0x2d,0x5b,0x6e,0x63,0x14,0x9d,0x39,
    0xc6,0x7a,0xce,0xba,0xd6,0xbb,0xd6,0xba,0xd6,0xba,0xd6,0xba,0xd6,0x9a,0xd6,0xba,
    0xd6,0x9a,0xd6,0xba,0xd6,0x18,0xbe,0x92,0x8c,0xcf,0x73,0x8e,0x6b,0x6e,0x63,0x8e,
    0x63,0x6d,0x63,0x6d,0x63,0x8e,0x63,0x8e,0x6b,0x8e,0x6b,0x8e,0x63,0x8e,0x63,0x6d,
    0x63,0x8e,0x63,0x8e,0x6b,0x8e,0x6b,0x6d,0x63,0x8d,0x63,0x8e,0x63,0x6d,0x63,0x8e,
    0x6b,0x6d,0x63,0x6d,0x63,0x6d,0x63,0x6d,0x63,0x8e,0x6b,0x6d,0x63,0x6d,0x63,0x4d,
    0x63,0x4d,0x5b,0x6d,0x63,0x8e,0x63,0x4d,0x63,0x6d,0x63,0x6d,0x63,0x6d,0x63,0x6d,
    0x63,0x6d,0x63,0x6e,0x63,0x6d,0x63,0x6d,0x63,0x6d,0x63,0x6d,0x63,0x6d,0x63,0x6d,
    0x63,0x6d,0x63,0x8e,0x63,0x6d,0x63,0x6d,0x63,0x6d,0x63,0x6d,0x63,0x6e,0x63,0x4d,
    0x63,0x6d,0x63,0x6e,0x63,0x6d,0x63,0x6e,0x63,0x4d,0x63,0x4d,0x63,0x6d,0x63,0x6d,
    0x63,0x4d,0x63,0x6e,0x63,0x6d,0x63,0x6d,0x63,0x6d,0x63,0x4d,0x5b,0x4d,0x63,0x6e,
    0x63,0x6d,0x63,0x8e,0x63,0x6d,0x63,0xcb,0x4a,0xc7,0x31,0x12,0x43,0x5a,0xce,0x59,
    0xc6,0x16,0x6c,0xd6,0x63,0xd5,0x63,0xf6,0x6b,0x57,0x7c,0x37,0x74,0xf6,0x6b,0xf6,
    0x63,0xf6,0x63,0xd6,0x63,0x96,0x5b,0xf6,0x6b,0x37,0x74,0x16,0x6c,0xf6,0x63,0xf6,
    0x63,0xf6,0x63,0xf6,0x63,0xd6,0x63,0xd6,0x63,0xd6,0x63,0xff,0xd6,0x63,0xd6,0x63,
    0xd6,0x63,0xd6,0x63,0xd6,0x63,0xd6,0x63,0xd6,0x63,0xd6,0x63,0xd6,0x63,0xd6,0x63,
    0x95,0x5b,0x55,0x4b,0x14,0x3b,0x71,0x1a,0xf1,0x4a,0xd6,0x8c,0xf9,0xb5,0x7a,0xc6,
    0x5a,0xc6,0x5a,0xc6,0xd1,0x6b,0xed,0x4a,0xcd,0x4a,0xed,0x52,0x8c,0x42,0xf7,0xbd,
    0x96,0xb5,0x90,0x3a,0x55,0x4b,0x75,0x53,0x6c,0x01,0x8d,0x01,0x8d,0x01,0x8d,0x01,
    0x8d,0x01,0x8d,0x01,0x8d,0x01,0x8d,0x01,0x8d,0x01,0x8d,0x01,0x8d,0x01,0xad,0x01,
    0xad,0x01,0xad,0x01,0xad,0x01,0xae,0x01,0xce,0x01,0xce,0x01,0xce,0x01,0xce,0x01,
    0xce,0x01,0xef,0x01,0xef,0x01,0xef,0x01,0x10,0x02,0x10,0x02,0x10,0x02,0x10,0x02,
    0x10,0x02,0x30,0x02,0x31,0x02,0x31,0x02,0x31,0x0a,0x51,0x12,0x71,0x12,0x72,0x1a,
    0x92,0x22,0x72,0x1a,0x51,0x12,0x51,0x12,0x51,0x12,0x52,0x12,0x72,0x12,0x92,0x1a,
    0x92,0x1a,0x72,0x12,0x92,0x22,0xb3,0x2a,0xd3,0x32,0xf3,0x32,0xf3,0x32,0xf4,0x3a,
    0xf3,0x32,0xd3,0x2a,0xb3,0x2a,0xb3,0x22,0xb3,0x2a,0xb3,0x22,0xb3,0x2a,0xb3,0x2a,
    0xd3,0x2a,0xb3,0x22,0xb3,0x22,0xd3,0x22,0xd3,0x2a,0xd5,0x63,0x57,0xa5,0x5a,0xce,
    0x9a,0xce,0x59,0xc6,0x18,0xbe,0x18,0xbe,0x39,0xc6,0x7a,0xce,0x18,0xc6,0xef,0x73,
    0x4d,0x63,0x2d,0x5b,0x0c,0x53,0x2c,0x5b,0x2c,0x5b,0x4d,0x5b,0x2c,0x5b,0x2c,0x5b,
    0x2c,0x5b,0x2c,0x5b,0x2c,0x5b,0x4d,0x5b,0x4d,0x63,0x2d,0x5b,0x2c,0x5b,0x4d,0x5b,
    0x4d,0x5b,0x2d,0x5b,0x4d,0x5b,0x2c,0x5b,0x2c,0x5b,0xff,0x2d,0x5b,0x2c,0x5b,0x4d,
    0x5b,0x4d,0x5b,0x4d,0x5b,0x2d,0x5b,0x4d,0x5b,0x4c,0x5b,0x6d,0x63,0x4d,0x5b,0x4d,
    0x5b,0x4d,0x63,0x4d,0x63,0x6d,0x63,0x4d,0x5b,0x6d,0x63,0xae,0x6b,0x75,0xad,0x39,
    0xc6,0xba,0xd6,0xba,0xd6,0xba,0xd6,0xbb,0xd6,0xba,0xd6,0xba,0xd6,0x9a,0xd6,0xba,
    0xd6,0xba,0xd6,0xba,0xd6,0xba,0xd6,0x9a,0xd6,0x7a,0xce,0x79,0xce,0x9a,0xd6,0x9a,
    0xce,0x9a,0xd6,0xd7,0xb5,0x4d,0x63,0x6d,0x63,0x6d,0x63,0x6d,0x63,0x6d,0x63,0x6d,
    0x63,0x6d,0x63,0x71,0x8c,0xbb,0xd6,0xbb,0xd6,0xba,0xd6,0x9a,0xd6,0x38,0xc6,0x55,
    0xad,0xef,0x73,0x6d,0x63,0x6d,0x63,0x6d,0x63,0x4d,0x63,0x6d,0x63,0x6e,0x63,0x6e,
    0x63,0x8d,0x63,0x6d,0x63,0x6d,0x63,0x4d,0x5b,0x4d,0x5b,0x10,0x7c,0x14,0x9d,0x39,
    0xc6,0xbb,0xd6,0xba,0xd6,0xba,0xd6,0xbb,0xd6,0xbb,0xd6,0xbb,0xd6,0xbb,0xd6,0xba,
    0xd6,0xbb,0xd6,0x7a,0xce,0xf7,0xbd,0xd3,0x94,0x8e,0x6b,0x4d,0x5b,0x6d,0x63,0x6d,
    0x63,0x6d,0x63,0x4d,0x63,0x4d,0x63,0x6d,0x63,0x8e,0x63,0x6d,0x63,0x6d,0x63,0x6d,
    0x63,0x8e,0x63,0x8e,0x63,0x6d,0x63,0x8d,0x63,0x6d,0x63,0x8e,0x6b,0x6d,0x63,0x8d,
    0x63,0x6d,0x63,0x4d,0x63,0x8e,0x63,0x8d,0x63,0x6e,0x63,0x8e,0x63,0x8e,0x63,0x6d,
    0x63,0x6d,0x63,0x6d,0x63,0x6d,0x63,0x8e,0x63,0x8e,0x63,0x6d,0x63,0x6d,0x63,0x8e,
    0x6b,0x6e,0x63,0x6d,0x63,0x8d,0x63,0x8e,0x63,0x6d,0x63,0x8e,0x63,0x6d,0x63,0x6d,
    0x63,0x6d,0x63,0x6e,0x63,0x6d,0x63,0x8e,0x63,0xff,0x6d,0x63,0x4d,0x63,0x6d,0x63,
    0x6d,0x63,0x6d,0x63,0x6d,0x63,0x6d,0x63,0x6d,0x63,0x6d,0x63,0x4d,0x63,0x4d,0x63,
    0x4d,0x63,0x6d,0x63,0x6d,0x63,0x4d,0x5b,0x6d,0x63,0x4d,0x5b,0x4d,0x63,0x4d,0x63,
    0xcb,0x4a,0xa7,0x29,0xe5,0x18,0x6e,0x3a,0xf9,0xbd,0x7a,0xce,0x38,0x9d,0xb8,0xb5,
    0x19,0xc6,0x5a,0xce,0x5a,0xce,0xfa,0xbd,0xd8,0x94,0xf6,0x63,0xd6,0x63,0xb6,0x5b,
    0xf6,0x6b,0x37,0x74,0x16,0x6c,0xf6,0x63,0xf6,0x63,0xf6,0x63,0xf6,0x63,0xf6,0x63,
    0xd6,0x63,0xd6,0x63,0xd6,0x63,0xd6,0x63,0xd6,0x63,0xd6,0x63,0xd6,0x63,0xd6,0x63,
    0xd6,0x63,0xd6,0x63,0xd6,0x63,0xd6,0x63,0xd6,0x63,0xb6,0x63,0x95,0x5b,0x75,0x4b,
    0x14,0x3b,0xb3,0x22,0x72,0x12,0x12,0x43,0x34,0x74,0x97,0xad,0x9a,0xce,0x5a,0xc6,
    0xf9,0xbd,0xf5,0x94,0xf2,0x6b,0x2d,0x5b,0xf3,0x9c,0xb0,0x3a,0x34,0x43,0x75,0x4b,
    0x74,0x53,0x6c,0x01,0x6c,0x01,0x6c,0x01,0x6c,0x01,0x6c,0x01,0x6c,0x01,0x6c,0x01,
    0x6d,0x01,0x8d,0x01,0xad,0x01,0xae,0x01,0xce,0x01,0xee,0x01,0xef,0x09,0x0f,0x0a,
    0x30,0x12,0x30,0x12,0x30,0x12,0x30,0x12,0x30,0x0a,0x0f,0x0a,0xef,0x01,0xef,0x01,
    0xef,0x01,0x10,0x02,0x10,0x02,0x10,0x02,0x10,0x02,0x30,0x02,0x30,0x02,0x31,0x02,
    0x31,0x0a,0x31,0x0a,0x51,0x0a,0x51,0x0a,0x51,0x0a,0x51,0x12,0x72,0x1a,0x92,0x22,
    0x92,0x22,0x92,0x1a,0x71,0x1a,0x52,0x12,0x72,0x1a,0x92,0x22,0x72,0x12,0x72,0x12,
    0x92,0x1a,0x92,0x1a,0xb3,0x22,0xd3,0x32,0xff,0x14,0x3b,0x14,0x3b,0xd3,0x32,0xd3,
    0x2a,0xd3,0x2a,0xd3,0x2a,0xd3,0x2a,0xd3,0x32,0xf3,0x32,0xb3,0x2a,0xb3,0x22,0xb3,
    0x2a,0xd3,0x2a,0x13,0x3b,0x32,0x7c,0x2c,0x5b,0x08,0x32,0xec,0x52,0x8e,0x6b,0xae,
    0x6b,0x71,0x84,0x14,0x9d,0x18,0xbe,0xb2,0x8c,0x2c,0x5b,0x0c,0x53,0x2c,0x5b,0x2d,
    0x5b,0x2c,0x5b,0x4d,0x5b,0x2c,0x5b,0x2c,0x5b,0x2d,0x5b,0x4d,0x5b,0x2d,0x5b,0x4d,
    0x5b,0x2c,0x5b,0x2c,0x5b,0x4d,0x5b,0x4d,0x5b,0x4d,0x5b,0x2c,0x5b,0x4d,0x5b,0x4d,
    0x5b,0x4d,0x63,0x4d,0x63,0x4d,0x5b,0x4d,0x63,0x4d,0x5b,0x4d,0x5b,0x2d,0x5b,0x4d,
    0x63,0x4d,0x63,0x6d,0x63,0x4d,0x5b,0x6d,0x63,0x4d,0x63,0x4d,0x5b,0x4d,0x63,0x4d,
    0x5b,0x31,0x84,0xb6,0xb5,0x9a,0xd6,0x9a,0xd6,0x9a,0xd6,0xba,0xd6,0xba,0xd6,0x9a,
    0xd6,0x9a,0xd6,0x9a,0xd6,0x9a,0xd6,0x9a,0xd6,0xba,0xd6,0x9a,0xd6,0x9a,0xd6,0x9a,
    0xd6,0x9a,0xce,0xba,0xd6,0x9a,0xd6,0x7a,0xce,0x9a,0xce,0x9a,0xd6,0x39,0xc6,0x6d,
    0x63,0x6d,0x63,0x6d,0x63,0x6d,0x63,0x6d,0x63,0x6d,0x63,0x6d,0x63,0x8e,0x63,0x38,
    0xc6,0x9a,0xd6,0xba,0xd6,0xba,0xd6,0xbb,0xd6,0xba,0xd6,0xba,0xd6,0xf8,0xbd,0xd3,
    0x94,0x30,0x7c,0x6d,0x63,0x4d,0x63,0x6d,0x63,0x6d,0x63,0x8e,0x63,0x8e,0x63,0x6d,
    0x63,0x6d,0x63,0x6d,0x63,0x4d,0x63,0x4d,0x63,0x0c,0x5b,0xf0,0x73,0x76,0xad,0x39,
    0xc6,0x9a,0xd6,0xba,0xd6,0x9a,0xd6,0xba,0xd6,0xbb,0xd6,0xbb,0xd6,0xba,0xd6,0x9a,
    0xd6,0xba,0xd6,0x9a,0xd6,0xb6,0xb5,0xff,0x92,0x8c,0xef,0x73,0x6e,0x63,0xae,0x6b,
    0x8e,0x6b,0x6d,0x63,0x6d,0x63,0x6d,0x63,0x6d,0x63,0x6e,0x63,0x8e,0x63,0x6d,0x63,
    0x8e,0x63,0x6d,0x63,0x8e,0x63,0x8d,0x63,0x8e,0x63,0x6d,0x63,0x6d,0x63,0x8e,0x63,
    0x6d,0x63,0x6d,0x63,0x6d,0x63,0x6e,0x63,0x6d,0x63,0x8e,0x63,0x8e,0x63,0x6d,0x63,
    0x6d,0x63,0x6d,0x63,0x6d,0x63,0x6d,0x63,0x6e,0x63,0x6d,0x63,0x6d,0x63,0x8e,0x63,
    0x6d,0x63,0x6d,0x63,0x4d,0x63,0x6d,0x63,0x6d,0x63,0x8e,0x63,0x6d,0x63,0x6d,0x63,
    0x4d,0x63,0x4d,0x63,0x8e,0x63,0x8e,0x63,0x6e,0x63,0x6e,0x63,0x4d,0x63,0x6d,0x63,
    0x6d,0x63,0x6d,0x63,0x6d,0x63,0x6d,0x63,0x6d,0x63,0x6d,0x63,0x6d,0x63,0x6d,0x63,
    0x8e,0x63,0x4d,0x5b,0x8e,0x63,0x6d,0x63,0xec,0x52,0xa7,0x29,0xe5,0x18,0xe5,0x18,
    0x88,0x21,0x58,0xa5,0x19,0xc6,0x39,0xc6,0x59,0xc6,0x9a,0xd6,0xdb,0xde,0xdb,0xde,
    0xdb,0xde,0x5a,0xce,0xb8,0xad,0x16,0x6c,0xf6,0x63,0x37,0x74,0x16,0x6c,0xf6,0x63,
    0xf6,0x63,0xf6,0x63,0xf6,0x63,0xf6,0x63,0xd6,0x63,0xd6,0x63,0xd6,0x63,0xf6,0x63,
    0xd6,0x63,0xd6,0x63,0xd6,0x63,0xd6,0x63,0xd6,0x63,0xd6,0x63,0xd6,0x63,0xd6,0x63,
    0xd6,0x63,0xd6,0x63,0xd6,0x63,0xb5,0x5b,0x95,0x53,0x55,0x4b,0x14,0x3b,0xf4,0x2a,
    0xd3,0x2a,0x93,0x1a,0x52,0x0a,0x71,0x2a,0x31,0x53,0xd2,0x73,0x70,0x63,0xcb,0x5a,
    0x69,0x5a,0x91,0x32,0x55,0x4b,0x75,0x4b,0x75,0x4b,0x72,0x5b,0x4c,0x01,0x6c,0x01,
    0x6c,0x01,0x8d,0x01,0xad,0x01,0xff,0xce,0x09,0xee,0x09,0x0f,0x0a,0x0f,0x0a,0x0f,
    0x0a,0xef,0x09,0xef,0x01,0xce,0x01,0xce,0x01,0xce,0x01,0xce,0x01,0xcf,0x01,0xcf,
    0x01,0xef,0x01,0xef,0x01,0x30,0x0a,0x51,0x12,0x51,0x12,0x10,0x02,0x10,0x02,0x10,
    0x02,0x10,0x02,0x10,0x02,0x30,0x02,0x31,0x02,0x31,0x0a,0x31,0x0a,0x51,0x0a,0x51,
    0x0a,0x51,0x0a,0x51,0x0a,0x51,0x12,0x51,0x12,0x72,0x12,0x72,0x1a,0x92,0x22,0xb3,
    0x22,0xb3,0x2a,0x92,0x22,0x92,0x1a,0x72,0x1a,0x72,0x12,0x72,0x1a,0x92,0x1a,0x93,
    0x1a,0xb3,0x22,0xd3,0x2a,0xf4,0x32,0xf3,0x32,0xf3,0x32,0xf4,0x32,0xf3,0x32,0xf4,
    0x32,0xf4,0x3a,0xf4,0x32,0xd3,0x2a,0xd3,0x2a,0xd3,0x2a,0xd3,0x2a,0x8d,0x3a,0xa7,
    0x29,0xc7,0x31,0xe8,0x31,0x2c,0x5b,0x2f,0x7c,0x50,0x84,0x91,0x8c,0x75,0xa5,0xcf,
    0x6b,0x2c,0x5b,0x0c,0x53,0x2c,0x5b,0x2c,0x5b,0x2c,0x5b,0x0c,0x5b,0x2c,0x5b,0x4d,
    0x5b,0x4d,0x63,0x4d,0x5b,0x4d,0x5b,0x4d,0x5b,0x2c,0x5b,0x2c,0x5b,0x2d,0x5b,0x2c,
    0x5b,0x0c,0x5b,0x2c,0x5b,0x6d,0x63,0x2c,0x5b,0x2c,0x5b,0x2d,0x5b,0x4d,0x5b,0x2c,
    0x5b,0x2d,0x5b,0x4d,0x5b,0x4d,0x63,0x4d,0x5b,0x4d,0x5b,0x2c,0x5b,0x6d,0x63,0x6d,
    0x63,0x4d,0x63,0x6d,0x63,0x4d,0x63,0x6d,0x63,0x4d,0x63,0x6e,0x63,0x96,0xad,0x79,
    0xce,0x9a,0xd6,0x9a,0xd6,0x9a,0xd6,0x9a,0xd6,0x7a,0xce,0x7a,0xce,0x9a,0xd6,0xba,
    0xd6,0xba,0xd6,0x9a,0xd6,0xba,0xd6,0xba,0xd6,0xba,0xd6,0xba,0xd6,0xba,0xd6,0x9a,
    0xd6,0xba,0xd6,0x9a,0xd6,0xff,0x9a,0xd6,0xba,0xd6,0xd3,0x94,0x4d,0x5b,0x6d,0x63,
    0x6d,0x63,0x6d,0x63,0x6d,0x63,0x6d,0x63,0x6d,0x63,0x14,0x9d,0xba,0xd6,0xba,0xd6,
    0xba,0xd6,0xba,0xd6,0x9a,0xd6,0xba,0xd6,0x9a,0xd6,0x9a,0xd6,0x9a,0xd6,0x59,0xc6,
    0xd3,0x94,0xae,0x6b,0x6d,0x63,0x4d,0x63,0x4d,0x63,0x4d,0x63,0x6d,0x63,0x6d,0x63,
    0x6d,0x63,0x6d,0x63,0x6e,0x63,0x6d,0x63,0x6d,0x63,0x6e,0x63,0xaf,0x6b,0x35,0xa5,
    0x79,0xce,0xbb,0xd6,0xba,0xd6,0xba,0xd6,0xba,0xd6,0x9a,0xd6,0x9a,0xd6,0x9a,0xd6,
    0xba,0xd6,0x9a,0xd6,0x9a,0xd6,0xd7,0xbd,0x31,0x84,0xae,0x6b,0x6d,0x63,0x6d,0x63,
    0x6d,0x63,0x8e,0x6b,0x8e,0x63,0x6d,0x63,0x8e,0x6b,0x6d,0x63,0x8e,0x63,0x4d,0x63,
    0x8e,0x6b,0x8e,0x63,0x6d,0x63,0x8e,0x63,0x8e,0x63,0x6d,0x63,0x8d,0x63,0x8e,0x63,
    0x4d,0x63,0x6d,0x63,0x6d,0x63,0x6d,0x63,0x8d,0x63,0x6d,0x63,0x8e,0x63,0x6d,0x63,
    0x6d,0x63,0x4d,0x63,0x6e,0x63,0x8e,0x6b,0x6d,0x63,0x8e,0x63,0x6d,0x63,0x8e,0x63,
    0x6d,0x63,0x6d,0x63,0x4d,0x63,0x6d,0x63,0x6d,0x63,0x8e,0x6b,0x6e,0x63,0x4d,0x63,
    0x6d,0x63,0x6d,0x63,0x6d,0x63,0x8e,0x63,0x8d,0x63,0x6d,0x63,0x6d,0x63,0x4d,0x63,
    0x6d,0x63,0x6d,0x63,0x4d,0x5b,0x4d,0x63,0x6d,0x63,0x4d,0x63,0x6d,0x63,0x6d,0x63,
    0xcb,0x4a,0x86,0x29,0xe5,0x18,0xe5,0x18,0xe5,0x18,0x06,0x19,0xf6,0x94,0xdb,0xde,
    0xdb,0xde,0xdb,0xde,0xdb,0xde,0xdb,0xde,0xdb,0xde,0xdb,0xde,0xdb,0xde,0xba,0xd6,
    0xd8,0xb5,0x16,0x74,0xff,0xf6,0x6b,0xf6,0x63,0xf6,0x63,0xf6,0x63,0xf6,0x63,0xf6,
    0x63,0xf6,0x63,0xf6,0x63,0xf6,0x63,0xd6,0x63,0xd6,0x63,0xd6,0x63,0xd6,0x63,0xd6,
    0x63,0xd6,0x63,0xd6,0x63,0xd6,0x63,0xd6,0x63,0xd6,0x63,0xd6,0x63,0xd6,0x63,0xd6,
    0x63,0xb6,0x5b,0x95,0x5b,0x75,0x53,0x55,0x43,0x34,0x3b,0x14,0x33,0xf4,0x2a,0xd3,
    0x2a,0xb3,0x1a,0x92,0x12,0x72,0x0a,0x72,0x1a,0x12,0x53,0xd2,0x3a,0x34,0x43,0x55,
    0x4b,0x75,0x53,0x95,0x5b,0x4f,0x63,0xce,0x09,0xee,0x09,0xee,0x09,0xce,0x01,0xce,
    0x01,0xae,0x01,0xae,0x01,0xad,0x01,0xad,0x01,0xad,0x01,0xad,0x01,0xad,0x01,0xae,
    0x01,0xae,0x01,0xce,0x01,0xef,0x01,0xef,0x01,0xef,0x01,0xce,0x01,0xcf,0x01,0xef,
    0x01,0x10,0x02,0x10,0x0a,0x51,0x12,0x51,0x12,0x51,0x12,0x30,0x0a,0x10,0x02,0x10,
    0x02,0x30,0x02,0x31,0x02,0x51,0x0a,0x51,0x0a,0x51,0x0a,0x51,0x0a,0x51,0x0a,0x51,
    0x12,0x52,0x12,0x72,0x12,0x72,0x12,0x72,0x12,0x72,0x1a,0x92,0x1a,0xb3,0x22,0xd3,
    0x32,0xd3,0x32,0x92,0x22,0x72,0x1a,0x92,0x1a,0x92,0x1a,0x93,0x22,0xb3,0x22,0xd3,
    0x2a,0xd3,0x2a,0xb3,0x22,0xd3,0x2a,0xf4,0x32,0xf4,0x32,0x14,0x3b,0x14,0x3b,0xd3,
    0x32,0xd3,0x2a,0x34,0x43,0x74,0x53,0x4c,0x3a,0xc4,0x10,0xe5,0x18,0xe8,0x31,0x6e,
    0x6b,0x55,0xa5,0x38,0xc6,0xd7,0xbd,0xaf,0x6b,0x2c,0x5b,0x2c,0x5b,0x2c,0x5b,0x2c,
    0x5b,0x2c,0x5b,0x2c,0x5b,0x4d,0x5b,0x2c,0x5b,0x2c,0x5b,0x2c,0x5b,0x2c,0x5b,0x2c,
    0x5b,0x2c,0x5b,0xff,0x2c,0x5b,0x4d,0x5b,0x2c,0x5b,0x2d,0x5b,0x2d,0x5b,0x4d,0x5b,
    0x2c,0x5b,0x4d,0x63,0x2d,0x5b,0x4d,0x5b,0x4d,0x5b,0x4d,0x5b,0x4d,0x5b,0x6d,0x63,
    0x2d,0x5b,0x4d,0x5b,0x4d,0x5b,0x4d,0x5b,0x2d,0x5b,0x4d,0x5b,0x4d,0x5b,0x4d,0x5b,
    0x4d,0x5b,0x4d,0x5b,0x4d,0x5b,0x4d,0x5b,0xeb,0x52,0x4d,0x63,0x72,0x8c,0x96,0xad,
    0x79,0xce,0xba,0xd6,0xba,0xd6,0x9a,0xd6,0x9a,0xce,0x7a,0xce,0x7a,0xce,0x9a,0xce,
    0x9a,0xd6,0x9a,0xce,0x9a,0xce,0x9a,0xd6,0x9a,0xd6,0xba,0xd6,0xba,0xd6,0xba,0xd6,
    0x9a,0xd6,0xba,0xd6,0x18,0xc6,0x8e,0x6b,0x6d,0x63,0x6e,0x63,0x6d,0x63,0x6d,0x63,
    0x6d,0x63,0x6d,0x63,0xcf,0x73,0x79,0xce,0xbb,0xd6,0xba,0xd6,0xba,0xd6,0xba,0xd6,
    0x9a,0xd6,0xba,0xd6,0xbb,0xd6,0xdb,0xde,0xdb,0xde,0xdb,0xde,0x7a,0xce,0xd7,0xbd,
    0xf3,0x94,0xcf,0x73,0x6d,0x63,0x8d,0x63,0x6d,0x63,0x8e,0x63,0x8e,0x63,0x6d,0x63,
    0x8e,0x63,0x8e,0x63,0x6d,0x63,0x6d,0x63,0x4d,0x5b,0x6e,0x63,0x51,0x84,0x76,0xad,
    0x59,0xc6,0xbb,0xd6,0xbb,0xd6,0xbb,0xd6,0xba,0xd6,0x9a,0xd6,0x9a,0xd6,0x9a,0xd6,
    0xba,0xd6,0xdb,0xde,0x59,0xce,0xb6,0xb5,0x92,0x8c,0x8e,0x63,0x6d,0x63,0x6d,0x63,
    0x8e,0x63,0x8d,0x63,0x8e,0x63,0x6d,0x63,0x6d,0x63,0x4d,0x63,0x6d,0x63,0x6d,0x63,
    0x6d,0x63,0x6d,0x63,0x6d,0x63,0x8e,0x63,0x6d,0x63,0x6d,0x63,0x6d,0x63,0x6d,0x63,
    0x6d,0x63,0x6d,0x63,0x6d,0x63,0x6d,0x63,0x8e,0x63,0x6d,0x63,0x8e,0x63,0x6d,0x63,
    0x4d,0x63,0xff,0x6d,0x63,0x6d,0x63,0x6d,0x63,0x6d,0x63,0x8e,0x63,0x6d,0x63,0x8e,
    0x63,0x6d,0x63,0x6d,0x63,0x6d,0x63,0x6d,0x63,0x8e,0x63,0x6d,0x63,0x8d,0x63,0x6d,
    0x63,0x6d,0x63,0x6d,0x63,0x8e,0x63,0x6d,0x63,0x6d,0x63,0x4d,0x63,0x4d,0x5b,0x6d,
    0x63,0x6d,0x63,0x4d,0x63,0x6d,0x63,0x6d,0x63,0xaa,0x4a,0x86,0x29,0xe5,0x18,0xe5,
    0x18,0xe5,0x18,0xe5,0x18,0xe5,0x18,0x53,0x84,0xdb,0xde,0xdb,0xde,0xdb,0xde,0xdb,
    0xde,0xdb,0xde,0xdb,0xde,0xdb,0xde,0xdb,0xde,0xdb,0xde,0x15,0xa5,0x36,0x74,0xf6,
    0x6b,0xf6,0x63,0xf6,0x63,0xf6,0x63,0xf6,0x63,0xd6,0x63,0xf6,0x63,0xd6,0x63,0xf6,
    0x63,0xd6,0x63,0xd6,0x63,0xd6,0x63,0xd6,0x63,0xd6,0x63,0xd6,0x63,0xd6,0x63,0xd6,
    0x63,0xd6,0x63,0xd6,0x63,0xd6,0x63,0xd6,0x63,0xd6,0x63,0xd6,0x63,0xb5,0x5b,0x95,
    0x53,0x75,0x4b,0x55,0x43,0x35,0x43,0x14,0x3b,0x14,0x33,0xf4,0x32,0xd4,0x2a,0xd3,
    0x22,0xb3,0x1a,0xb3,0x1a,0xf4,0x2a,0x55,0x43,0x95,0x53,0x95,0x5b,0xd5,0xa4,0xae,
    0x7b,0x8c,0x01,0x8c,0x01,0x6c,0x01,0x6c,0x01,0x8d,0x01,0x8d,0x01,0x8d,0x01,0xad,
    0x01,0xae,0x01,0xce,0x01,0xef,0x01,0xef,0x09,0x10,0x0a,0x30,0x12,0x30,0x12,0x30,
    0x0a,0x30,0x12,0x51,0x1a,0x51,0x12,0x10,0x0a,0x0f,0x02,0xef,0x01,0xef,0x01,0x10,
    0x02,0x10,0x02,0x31,0x0a,0x51,0x12,0x72,0x1a,0x51,0x12,0x31,0x0a,0x30,0x0a,0x31,
    0x0a,0x51,0x0a,0x51,0x0a,0x51,0x0a,0x51,0x0a,0x51,0x12,0x72,0x12,0x72,0x12,0x72,
    0x12,0xff,0x72,0x12,0x72,0x1a,0x72,0x1a,0x92,0x1a,0xb3,0x22,0xd3,0x2a,0xb3,0x2a,
    0xb3,0x2a,0xb3,0x2a,0xb3,0x22,0x92,0x22,0x92,0x22,0xd3,0x2a,0xd3,0x2a,0x92,0x22,
    0xb3,0x22,0xd3,0x2a,0xd3,0x2a,0xf4,0x32,0x34,0x43,0x34,0x43,0x35,0x74,0x77,0xad,
    0xb8,0xad,0xb7,0xad,0x96,0xad,0xd3,0x94,0x10,0x7c,0xec,0x5a,0x6a,0x4a,0xcf,0x73,
    0x8e,0x6b,0x0c,0x5b,0x2c,0x5b,0x2c,0x5b,0x2c,0x5b,0x2c,0x5b,0x2c,0x5b,0x4d,0x5b,
    0x2c,0x5b,0x2c,0x5b,0x2c,0x5b,0x2c,0x5b,0x2c,0x5b,0x2c,0x5b,0x2c,0x5b,0x4d,0x5b,
    0x2c,0x5b,0x4d,0x5b,0x4d,0x5b,0x4d,0x63,0x2c,0x5b,0x4d,0x5b,0x2c,0x5b,0x4d,0x5b,
    0x2c,0x5b,0x2d,0x5b,0x2c,0x5b,0x6d,0x63,0x2c,0x5b,0x4d,0x5b,0x4d,0x5b,0x4d,0x5b,
    0x2c,0x5b,0x6d,0x63,0x4d,0x5b,0x4d,0x5b,0x2d,0x5b,0x4d,0x5b,0x6d,0x63,0x6d,0x63,
    0x4d,0x5b,0x4d,0x63,0x2c,0x5b,0x2c,0x5b,0x0c,0x5b,0xec,0x52,0xb2,0x8c,0xf7,0xbd,
    0x59,0xce,0x9a,0xd6,0x9a,0xce,0x9a,0xd6,0xba,0xd6,0x9a,0xd6,0x9a,0xd6,0xba,0xd6,
    0x9a,0xd6,0x9a,0xd6,0xba,0xd6,0xba,0xd6,0xba,0xd6,0xba,0xd6,0xba,0xd6,0xba,0xd6,
    0x30,0x7c,0x6e,0x63,0x4d,0x63,0x4d,0x63,0x4d,0x63,0x6d,0x63,0x6d,0x63,0x6d,0x63,
    0x34,0xa5,0x9a,0xd6,0xba,0xd6,0xba,0xd6,0xba,0xd6,0xba,0xd6,0xba,0xd6,0xbb,0xd6,
    0xba,0xd6,0x9a,0xd6,0x7a,0xce,0x9a,0xce,0x7a,0xce,0x9a,0xce,0xba,0xd6,0xd7,0xb5,
    0x51,0x84,0xcf,0x73,0x6d,0x63,0x6d,0x63,0x6d,0x63,0x4d,0x63,0x4d,0x63,0x6d,0x63,
    0xff,0x6d,0x63,0x6d,0x63,0x6d,0x63,0x6d,0x63,0x6d,0x63,0x2d,0x5b,0x52,0x7c,0xb7,
    0xb5,0x59,0xce,0x9a,0xd6,0x9a,0xd6,0xba,0xd6,0xba,0xd6,0xba,0xd6,0xba,0xd6,0x9a,
    0xd6,0x9a,0xce,0x7a,0xce,0x9a,0xce,0x75,0xad,0x10,0x7c,0xae,0x6b,0x8e,0x63,0x4d,
    0x63,0x6d,0x63,0x8d,0x63,0xae,0x6b,0x6d,0x63,0x8e,0x63,0x8e,0x6b,0x8e,0x6b,0x6d,
    0x63,0x4d,0x5b,0x8e,0x63,0x8e,0x63,0x6d,0x63,0x6d,0x63,0x6d,0x63,0x6d,0x63,0x4d,
    0x63,0x6d,0x63,0x6d,0x63,0x8e,0x6b,0x6d,0x63,0x6d,0x63,0x6d,0x63,0x6d,0x63,0x6d,
    0x63,0x8e,0x63,0x6e,0x63,0x4d,0x63,0x6d,0x63,0x4d,0x63,0x6d,0x63,0x4d,0x5b,0x6d,
    0x63,0x4d,0x63,0x4d,0x63,0x6d,0x63,0x4d,0x63,0x4d,0x63,0x6d,0x63,0x4d,0x63,0x2c,
    0x5b,0x6d,0x63,0x6d,0x63,0x6d,0x63,0x6d,0x63,0x6e,0x63,0x6d,0x63,0x6d,0x63,0x6d,
    0x63,0xaa,0x4a,0x86,0x29,0xe5,0x18,0xe5,0x18,0xe5,0x18,0xe5,0x18,0xe5,0x18,0xe5,
    0x18,0x2e,0x5b,0xdb,0xd6,0xdb,0xde,0xdb,0xde,0xdb,0xde,0x7a,0xce,0xdb,0xde,0xdb,
    0xde,0xdb,0xde,0x56,0xad,0x54,0x4b,0x16,0x6c,0xf6,0x63,0xf6,0x63,0xf6,0x63,0xf6,
    0x63,0xf6,0x63,0xf6,0x63,0xf6,0x63,0xd6,0x63,0xd6,0x63,0xd6,0x63,0xd6,0x63,0xd6,
    0x63,0xd6,0x63,0xd6,0x63,0xd6,0x63,0xd6,0x63,0xd6,0x63,0xd6,0x63,0xd6,0x63,0xd6,
    0x63,0xd6,0x63,0xd6,0x63,0xd6,0x63,0xb6,0x5b,0x95,0x5b,0x95,0x53,0x75,0x4b,0x55,
    0x4b,0x55,0x43,0x34,0x43,0x34,0x3b,0x14,0x3b,0x14,0x33,0xf4,0x2a,0xf4,0x2a,0xff,
    0x14,0x33,0x35,0x43,0x75,0x53,0x75,0x53,0x95,0x5b,0x33,0x5b,0x8c,0x01,0x8d,0x01,
    0xce,0x09,0xee,0x09,0xee,0x09,0xef,0x09,0xef,0x09,0xef,0x01,0xef,0x01,0xef,0x01,
    0xef,0x01,0xcf,0x01,0xce,0x01,0xce,0x01,0xcf,0x01,0xcf,0x01,0xef,0x01,0xef,0x01,
    0x10,0x02,0x51,0x12,0x51,0x1a,0x51,0x1a,0x30,0x0a,0x10,0x02,0x10,0x02,0x10,0x02,
    0x30,0x02,0x31,0x0a,0x51,0x12,0x72,0x1a,0x72,0x1a,0x71,0x1a,0x51,0x12,0x31,0x0a,
    0x51,0x0a,0x51,0x0a,0x51,0x12,0x52,0x12,0x72,0x12,0x72,0x12,0x72,0x12,0x72,0x1a,
    0x72,0x1a,0x92,0x1a,0x92,0x1a,0xb3,0x22,0x93,0x22,0x92,0x1a,0xb3,0x22,0xd3,0x2a,
    0xf3,0x32,0xd3,0x32,0xd3,0x2a,0xb3,0x22,0xb2,0x22,0xb3,0x22,0xb3,0x22,0xd3,0x2a,
    0xd3,0x2a,0x14,0x3b,0xf6,0x94,0xf9,0xbd,0x9a,0xd6,0x9a,0xd6,0x9a,0xd6,0xba,0xd6,
    0x7a,0xce,0x9a,0xce,0x9a,0xce,0x35,0xa5,0x2c,0x5b,0x2c,0x5b,0x2c,0x5b,0x2c,0x5b,
    0x2c,0x5b,0x2c,0x5b,0x0c,0x53,0x2c,0x5b,0x2c,0x5b,0x2c,0x5b,0x4d,0x5b,0x2c,0x5b,
    0x4d,0x5b,0x2c,0x5b,0x2c,0x5b,0x2d,0x5b,0x2d,0x5b,0x4d,0x5b,0x2c,0x5b,0x2d,0x5b,
    0x4d,0x5b,0x4d,0x5b,0x4d,0x5b,0x4d,0x63,0x4d,0x5b,0x4d,0x63,0x4d,0x5b,0x2c,0x5b,
    0x4d,0x5b,0x2c,0x5b,0x4d,0x5b,0x2c,0x5b,0x4d,0x5b,0x4d,0x5b,0x2c,0x5b,0x6d,0x63,
    0x6d,0x63,0x6d,0x63,0x4d,0x63,0x4d,0x5b,0x4d,0x63,0x6d,0x63,0x4d,0x5b,0x6d,0x63,
    0x6d,0x63,0x4d,0x63,0x4d,0x63,0x2c,0x5b,0x0c,0x5b,0xaf,0x6b,0x92,0x8c,0xff,0x18,
    0xc6,0x9a,0xd6,0x9a,0xce,0x9a,0xd6,0x7a,0xce,0x7a,0xce,0x9a,0xce,0x9a,0xd6,0x9a,
    0xd6,0xba,0xd6,0xba,0xd6,0xba,0xd6,0xba,0xd6,0xba,0xd6,0x18,0xc6,0x6d,0x63,0x6d,
    0x63,0x8e,0x63,0x6d,0x63,0x4d,0x5b,0x6d,0x63,0x8e,0x63,0xce,0x73,0x38,0xc6,0x9a,
    0xce,0xba,0xd6,0xbb,0xd6,0xbb,0xd6,0xba,0xd6,0x9a,0xd6,0x9a,0xd6,0x9a,0xd6,0x9a,
    0xd6,0x9a,0xd6,0xbb,0xd6,0xba,0xd6,0xba,0xd6,0xbb,0xd6,0xba,0xd6,0x59,0xce,0xf7,
    0xbd,0x71,0x8c,0x8e,0x63,0x6d,0x63,0x4d,0x63,0x6d,0x63,0x6d,0x63,0x6d,0x63,0x6d,
    0x63,0x6d,0x63,0x8d,0x63,0x6d,0x63,0x4d,0x5b,0x4d,0x5b,0x8e,0x6b,0x51,0x84,0xb7,
    0xb5,0x9a,0xd6,0xba,0xd6,0xba,0xd6,0xba,0xd6,0x9a,0xd6,0xba,0xd6,0x9a,0xd6,0x9a,
    0xd6,0xba,0xd6,0xba,0xd6,0x59,0xc6,0x96,0xad,0x10,0x7c,0x6d,0x63,0x8e,0x6b,0x6d,
    0x63,0x8e,0x6b,0x8e,0x63,0x6d,0x63,0x6d,0x63,0x8e,0x6b,0x6e,0x63,0x8e,0x6b,0x6d,
    0x63,0x4d,0x63,0x6d,0x63,0x6d,0x63,0x6d,0x63,0x8e,0x6b,0x6d,0x63,0x6d,0x63,0x6d,
    0x63,0x6d,0x63,0x8d,0x63,0x6d,0x63,0x6d,0x63,0x6d,0x63,0x6d,0x63,0x6d,0x63,0x6d,
    0x63,0x6d,0x63,0x6d,0x63,0x6d,0x63,0x6d,0x63,0x6d,0x63,0x6d,0x63,0x6d,0x63,0x6d,
    0x63,0x6d,0x63,0x6d,0x63,0x6d,0x63,0x4d,0x63,0x6e,0x63,0x6d,0x63,0x4d,0x63,0x4d,
    0x63,0x6d,0x63,0x2d,0x5b,0x6d,0x63,0x6d,0x63,0x8a,0x42,0x86,0x29,0xe5,0x18,0xe5,
    0x18,0xe5,0x18,0xe5,0x18,0xe5,0x18,0xe5,0x18,0xe5,0x18,0x47,0x19,0xff,0xdb,0xd6,
    0xdb,0xde,0xdb,0xde,0x59,0xc6,0xbb,0xd6,0xdb,0xd6,0xdb,0xde,0x36,0xa5,0x14,0x3b,
    0xd6,0x63,0xf6,0x6b,0xf6,0x63,0xf6,0x63,0xf6,0x63,0xf6,0x63,0xf6,0x63,0xd6,0x63,
    0xf6,0x63,0xd6,0x63,0xd6,0x63,0xd6,0x63,0xd6,0x63,0xd6,0x63,0xd6,0x63,0xd6,0x63,
    0xd6,0x63,0xd6,0x63,0xd6,0x63,0xd6,0x63,0xd6,0x63,0xd6,0x63,0xd6,0x63,0xd6,0x63,
    0xb6,0x63,0xb6,0x5b,0xb6,0x5b,0x95,0x5b,0x95,0x53,0x75,0x53,0x75,0x4b,0x55,0x4b,
    0x55,0x43,0x35,0x43,0x35,0x43,0x14,0x3b,0x34,0x3b,0x35,0x43,0x55,0x43,0x34,0x43,
    0xf4,0x3a,0xb2,0x2a,0x92,0x22,0xee,0x09,0xce,0x01,0xce,0x01,0xae,0x01,0xad,0x01,
    0xad,0x01,0xad,0x01,0x8d,0x01,0xad,0x01,0xae,0x01,0xae,0x01,0xce,0x01,0xce,0x01,
    0xef,0x01,0x0f,0x0a,0x0f,0x0a,0xef,0x01,0xef,0x01,0xef,0x01,0xef,0x01,0x10,0x02,
    0x30,0x0a,0x71,0x1a,0x71,0x1a,0x51,0x1a,0x51,0x12,0x30,0x0a,0x30,0x02,0x30,0x02,
    0x31,0x0a,0x51,0x12,0x72,0x1a,0x92,0x1a,0x92,0x22,0x72,0x1a,0x51,0x12,0x51,0x12,
    0x52,0x12,0x72,0x12,0x72,0x12,0x72,0x12,0x72,0x1a,0x92,0x1a,0x92,0x1a,0x92,0x1a,
    0xb3,0x22,0xb3,0x22,0x92,0x1a,0x92,0x1a,0xb3,0x22,0xb3,0x22,0xd3,0x2a,0xf4,0x32,
    0x14,0x3b,0xf3,0x32,0xb3,0x22,0xb3,0x22,0xb3,0x2a,0xd3,0x2a,0xf2,0x73,0x6e,0x63,
    0x49,0x3a,0x6a,0x42,0x4d,0x63,0xae,0x6b,0x71,0x84,0x14,0x9d,0x18,0xbe,0x96,0xad,
    0x4d,0x5b,0x2c,0x5b,0x2c,0x5b,0x2c,0x5b,0x2c,0x5b,0x2c,0x5b,0xff,0x2c,0x5b,0x2c,
    0x5b,0x0c,0x5b,0x2c,0x5b,0x2c,0x5b,0x0c,0x53,0x2c,0x5b,0x2c,0x5b,0x2d,0x5b,0x4d,
    0x5b,0x2c,0x5b,0x2c,0x5b,0x2c,0x5b,0x4d,0x5b,0x2c,0x5b,0x4d,0x5b,0x4d,0x5b,0x2c,
    0x5b,0x2c,0x5b,0x2c,0x5b,0x4d,0x5b,0x4d,0x5b,0x4d,0x63,0x2d,0x5b,0x4d,0x63,0x2d,
    0x5b,0x4d,0x63,0x2d,0x5b,0x4d,0x63,0x4d,0x5b,0x4d,0x5b,0x4d,0x5b,0x2c,0x5b,0x4d,
    0x5b,0x4d,0x63,0x2c,0x5b,0x4d,0x5b,0x4d,0x63,0x4d,0x5b,0x4d,0x63,0x4d,0x63,0x4d,
    0x5b,0x6d,0x63,0x6d,0x63,0x4d,0x5b,0x4d,0x5b,0xeb,0x52,0xcf,0x6b,0x14,0x9d,0xf8,
    0xbd,0x9a,0xd6,0xba,0xd6,0x7a,0xce,0x9a,0xce,0x9a,0xce,0x9a,0xd6,0xba,0xd6,0xba,
    0xd6,0x9a,0xd6,0x9a,0xd6,0x9a,0xd6,0x51,0x84,0x6d,0x63,0x6d,0x63,0x6d,0x63,0x6d,
    0x63,0x6d,0x63,0x4d,0x63,0x6d,0x63,0x96,0xad,0xbb,0xd6,0xba,0xd6,0xba,0xd6,0x9a,
    0xd6,0x9a,0xd6,0xba,0xd6,0x9a,0xd6,0xba,0xd6,0xba,0xd6,0xba,0xd6,0xba,0xd6,0x9a,
    0xd6,0x9a,0xd6,0xba,0xd6,0xba,0xd6,0xbb,0xd6,0xba,0xd6,0xbb,0xd6,0x59,0xce,0x76,
    0xad,0xb2,0x8c,0x8e,0x63,0x6d,0x63,0x6d,0x63,0x8e,0x63,0x6d,0x63,0x4d,0x63,0x6d,
    0x63,0x8e,0x63,0x6d,0x63,0x6d,0x63,0x6d,0x63,0x2c,0x5b,0x8f,0x63,0xd3,0x94,0xd7,
    0xb5,0x79,0xce,0x9a,0xd6,0x9a,0xce,0x7a,0xce,0x9a,0xd6,0x9a,0xd6,0x9a,0xd6,0x9a,
    0xce,0x9a,0xce,0x9a,0xd6,0x18,0xc6,0x14,0x9d,0x51,0x84,0x6d,0x63,0x6d,0x63,0x8e,
    0x63,0x6d,0x63,0x4d,0x63,0x6d,0x63,0x6d,0x63,0x6d,0x63,0xff,0x6d,0x63,0x8e,0x63,
    0x8d,0x63,0x6d,0x63,0x4d,0x63,0x6d,0x63,0x6d,0x63,0x6d,0x63,0x6d,0x63,0x6d,0x63,
    0x8e,0x63,0x6d,0x63,0x4d,0x5b,0x6d,0x63,0x6d,0x63,0x6d,0x63,0x6d,0x63,0x6d,0x63,
    0x6d,0x63,0x6d,0x63,0x6d,0x63,0x6d,0x63,0x4d,0x63,0x6d,0x63,0x8e,0x63,0x6d,0x63,
    0x6d,0x63,0x6d,0x63,0x6d,0x63,0x4d,0x63,0x6d,0x63,0x6d,0x63,0x4d,0x63,0x6e,0x63,
    0x4d,0x63,0xaa,0x4a,0x86,0x29,0xe5,0x18,0x05,0x19,0xe5,0x18,0x05,0x19,0xe5,0x18,
    0xe5,0x18,0xe5,0x18,0xe5,0x18,0x24,0x00,0x38,0xc6,0xdb,0xde,0xd8,0xbd,0x9a,0xce,
    0x9a,0xd6,0xba,0xd6,0x36,0xa5,0xd3,0x2a,0x96,0x53,0xf6,0x63,0xf6,0x6b,0xf6,0x63,
    0xf6,0x63,0xf6,0x63,0xf6,0x63,0xf6,0x63,0xf6,0x63,0xd6,0x63,0xd6,0x63,0xd6,0x63,
    0xd6,0x63,0xd6,0x63,0xd6,0x63,0xd6,0x63,0xd6,0x63,0xd6,0x63,0xd6,0x63,0xd6,0x63,
    0xd6,0x63,0xd6,0x63,0xd6,0x63,0xd6,0x63,0xd6,0x63,0xd6,0x63,0xb6,0x5b,0xb6,0x5b,
    0xb5,0x5b,0x95,0x5b,0x95,0x53,0x75,0x53,0x75,0x53,0x75,0x4b,0x75,0x4b,0x55,0x4b,
    0x55,0x43,0x55,0x43,0x55,0x43,0x14,0x3b,0xd3,0x32,0x13,0x43,0x75,0x53,0xb5,0x5b,
    0x6d,0x01,0x6d,0x01,0x8d,0x01,0x8d,0x01,0x8d,0x01,0xad,0x01,0xae,0x01,0xce,0x01,
    0xef,0x09,0x0f,0x0a,0x30,0x12,0x30,0x12,0x30,0x0a,0x10,0x0a,0x10,0x0a,0x30,0x0a,
    0x30,0x12,0x51,0x12,0x30,0x0a,0x10,0x02,0x10,0x02,0x10,0x02,0x10,0x02,0x30,0x0a,
    0x51,0x12,0x72,0x1a,0x92,0x22,0x71,0x1a,0x51,0x12,0xff,0x31,0x0a,0x31,0x0a,0x51,
    0x0a,0x51,0x12,0x72,0x12,0x72,0x1a,0xb2,0x22,0xb2,0x22,0x72,0x1a,0x72,0x1a,0x72,
    0x12,0x72,0x12,0x72,0x1a,0x72,0x1a,0x92,0x1a,0x92,0x1a,0xb3,0x22,0xd3,0x2a,0x92,
    0x22,0x92,0x1a,0xb3,0x22,0xb3,0x22,0xb3,0x22,0xb3,0x2a,0xf4,0x32,0x14,0x3b,0xf4,
    0x32,0xf4,0x32,0xd3,0x2a,0xb1,0x32,0xa8,0x29,0x86,0x29,0xa7,0x29,0x49,0x3a,0x2c,
    0x5b,0x8d,0x6b,0x4d,0x63,0x50,0x84,0xcf,0x73,0x2c,0x5b,0x0c,0x53,0x2c,0x5b,0x4d,
    0x5b,0x2c,0x5b,0x2c,0x5b,0x2c,0x5b,0x2c,0x5b,0x2c,0x5b,0x2c,0x5b,0x2c,0x5b,0x2c,
    0x5b,0x4d,0x5b,0x2c,0x5b,0x0c,0x53,0x0c,0x53,0x0c,0x53,0x4d,0x5b,0x2c,0x5b,0x0c,
    0x53,0x2c,0x5b,0x2c,0x5b,0x2c,0x5b,0x2c,0x5b,0x4d,0x5b,0x2d,0x5b,0x4d,0x5b,0x4d,
    0x5b,0x4d,0x5b,0x2c,0x5b,0x4d,0x5b,0x4d,0x5b,0x4d,0x5b,0x4d,0x63,0x4d,0x63,0x4d,
    0x5b,0x6d,0x63,0x4d,0x63,0x2c,0x5b,0x4d,0x5b,0x4d,0x5b,0x2c,0x5b,0x6d,0x63,0x2d,
    0x5b,0x4d,0x63,0x4d,0x5b,0x4d,0x5b,0x4d,0x5b,0x4d,0x5b,0x4d,0x5b,0x4d,0x5b,0x4d,
    0x5b,0x2d,0x5b,0x2c,0x5b,0x4d,0x5b,0x4d,0x5b,0x2c,0x5b,0x8e,0x63,0x55,0xa5,0x79,
    0xce,0x9a,0xd6,0xba,0xd6,0x9a,0xd6,0x9a,0xd6,0x9a,0xd6,0x9a,0xd6,0x9a,0xd6,0x9a,
    0xce,0xb6,0xb5,0x2c,0x5b,0x6d,0x63,0x6d,0x63,0x4d,0x63,0x4d,0x5b,0x6d,0x63,0x6d,
    0x63,0x0f,0x7c,0x79,0xce,0x9a,0xce,0x9a,0xd6,0x9a,0xd6,0x9a,0xd6,0x9a,0xd6,0x9a,
    0xd6,0xba,0xd6,0xba,0xd6,0xba,0xd6,0xbb,0xd6,0xff,0xba,0xd6,0x9a,0xd6,0x9a,0xd6,
    0x9a,0xd6,0x9a,0xce,0x9a,0xd6,0xba,0xd6,0xdb,0xde,0xbb,0xd6,0xba,0xd6,0x7a,0xce,
    0x55,0xa5,0xef,0x73,0x6e,0x63,0x6d,0x63,0x6d,0x63,0x4d,0x63,0x6d,0x63,0x8e,0x63,
    0x8e,0x63,0x6d,0x63,0x8d,0x63,0x4d,0x5b,0x6d,0x63,0x4d,0x5b,0x8e,0x6b,0x92,0x84,
    0x18,0xbe,0x7a,0xce,0x9a,0xd6,0x9a,0xd6,0xba,0xd6,0xba,0xd6,0x9a,0xd6,0xba,0xd6,
    0xba,0xd6,0xba,0xd6,0x9a,0xd6,0x59,0xce,0x14,0x9d,0xcf,0x73,0x8e,0x6b,0x6d,0x63,
    0x4d,0x63,0x6d,0x63,0x8e,0x63,0x8e,0x63,0x6d,0x63,0x4d,0x63,0x6e,0x63,0x6d,0x63,
    0x6e,0x63,0x8e,0x6b,0x6d,0x63,0x8e,0x63,0x6d,0x63,0x6d,0x63,0x8d,0x63,0x8e,0x63,
    0x8e,0x63,0x8e,0x63,0x6d,0x63,0x4d,0x5b,0x4d,0x5b,0x4d,0x5b,0x6d,0x63,0x6d,0x63,
    0x8e,0x63,0x4d,0x63,0x6d,0x63,0x4d,0x5b,0x6d,0x63,0x6d,0x63,0x4d,0x63,0x4d,0x63,
    0x4d,0x5b,0x4d,0x63,0x6d,0x63,0x6d,0x63,0x4d,0x5b,0x8a,0x42,0x66,0x21,0x05,0x19,
    0x05,0x19,0x05,0x19,0x05,0x19,0x05,0x19,0xe5,0x18,0xe5,0x18,0xe5,0x18,0xe5,0x18,
    0xc5,0x10,0x72,0x8c,0x16,0x9d,0xd7,0xb5,0x79,0xce,0x59,0xce,0x15,0x9d,0xf3,0x32,
    0x96,0x4b,0xd6,0x63,0xf6,0x63,0xf6,0x63,0xf6,0x63,0xf6,0x63,0xf6,0x63,0xf6,0x63,
    0xf6,0x63,0xf6,0x63,0xd6,0x63,0xd6,0x63,0xd6,0x63,0xd6,0x63,0xd6,0x63,0xd6,0x63,
    0xd6,0x63,0xd6,0x63,0xd6,0x63,0xd6,0x63,0xd6,0x63,0xd6,0x63,0xd6,0x63,0xd6,0x63,
    0xd6,0x63,0xd6,0x63,0xd6,0x63,0xd6,0x5b,0xff,0xb5,0x5b,0xb6,0x5b,0xb5,0x5b,0x95,
    0x5b,0x95,0x53,0x95,0x53,0x95,0x53,0x75,0x53,0x75,0x4b,0x75,0x4b,0x55,0x4b,0x34,
    0x43,0x13,0x43,0x95,0x5b,0x95,0x53,0xd6,0x63,0xd5,0x63,0xce,0x01,0xee,0x09,0xee,
    0x09,0xef,0x09,0xef,0x09,0xef,0x09,0xef,0x09,0xef,0x01,0xef,0x01,0xef,0x01,0xef,
    0x01,0xef,0x01,0xef,0x01,0xef,0x01,0xef,0x01,0xef,0x01,0x10,0x02,0x10,0x02,0x31,
    0x0a,0x51,0x12,0x51,0x12,0x31,0x12,0x30,0x02,0x10,0x02,0x10,0x02,0x30,0x02,0x51,
    0x0a,0x71,0x1a,0x92,0x1a,0x92,0x22,0x72,0x1a,0x51,0x12,0x51,0x12,0x51,0x12,0x51,
    0x12,0x72,0x12,0x72,0x1a,0x92,0x22,0xb3,0x22,0xb3,0x22,0x92,0x22,0x72,0x1a,0x72,
    0x1a,0x92,0x1a,0x92,0x1a,0xb3,0x22,0xd3,0x2a,0xb3,0x22,0x92,0x1a,0xb3,0x22,0xb3,
    0x22,0xb3,0x22,0xd3,0x22,0xd3,0x2a,0xf4,0x32,0xf4,0x32,0xf4,0x32,0x14,0x43,0x91,
    0x32,0x65,0x00,0xc4,0x10,0x46,0x19,0x09,0x3a,0x6d,0x63,0x13,0x9d,0x54,0xa5,0x10,
    0x7c,0x4d,0x5b,0x2c,0x5b,0x2c,0x5b,0x4d,0x5b,0x2c,0x5b,0x2c,0x5b,0x2c,0x5b,0x2c,
    0x5b,0x2c,0x5b,0x2c,0x5b,0x2c,0x5b,0x2c,0x5b,0x2c,0x5b,0x0c,0x5b,0x2c,0x5b,0x2c,
    0x5b,0x2c,0x5b,0x2d,0x5b,0x2c,0x5b,0x2c,0x5b,0x4d,0x5b,0x4d,0x5b,0x4d,0x5b,0x2d,
    0x5b,0x4d,0x5b,0x4d,0x5b,0x4d,0x63,0x2d,0x5b,0x4d,0x63,0x2c,0x5b,0x4d,0x5b,0x4d,
    0x5b,0x4d,0x5b,0x4d,0x63,0x4d,0x5b,0x4d,0x63,0x4d,0x63,0x4d,0x5b,0x4d,0x5b,0x4d,
    0x63,0x6d,0x63,0x6d,0x63,0x4d,0x5b,0xff,0x4d,0x63,0x4d,0x63,0x6d,0x63,0x4d,0x63,
    0x2d,0x5b,0x6d,0x63,0x6d,0x63,0x6d,0x63,0x4d,0x63,0x6d,0x63,0x6d,0x63,0x4d,0x63,
    0x4d,0x5b,0x4d,0x63,0x6d,0x63,0x6d,0x63,0x2d,0x5b,0x2c,0x5b,0x31,0x7c,0x55,0xa5,
    0x59,0xce,0xbb,0xd6,0xba,0xd6,0x9a,0xd6,0x9a,0xd6,0x9a,0xd6,0x9a,0xd6,0x10,0x7c,
    0x2d,0x5b,0x6d,0x63,0x4d,0x63,0x4d,0x63,0x6d,0x63,0x6d,0x63,0x4d,0x5b,0xb6,0xb5,
    0xbb,0xd6,0xba,0xd6,0x9a,0xd6,0xba,0xd6,0xba,0xd6,0xba,0xd6,0xba,0xd6,0xbb,0xd6,
    0xbb,0xd6,0xba,0xd6,0x9a,0xd6,0xba,0xd6,0x9a,0xd6,0x9a,0xd6,0xba,0xd6,0xbb,0xd6,
    0xba,0xd6,0x9a,0xd6,0xba,0xd6,0x9a,0xd6,0x9a,0xd6,0xba,0xd6,0xf7,0xbd,0x71,0x8c,
    0x6d,0x63,0x6d,0x63,0x4d,0x63,0x6d,0x63,0x6d,0x63,0x6d,0x63,0x6d,0x63,0x6d,0x63,
    0x8e,0x6b,0x6d,0x63,0x6e,0x63,0x6d,0x63,0x4d,0x5b,0x0c,0x5b,0xcf,0x73,0xd3,0x94,
    0xf8,0xbd,0x9a,0xd6,0xba,0xd6,0xba,0xd6,0x9a,0xd6,0x9a,0xd6,0x9a,0xce,0x9a,0xd6,
    0xba,0xd6,0xbb,0xd6,0x9a,0xd6,0xf7,0xbd,0x34,0xa5,0xae,0x6b,0x6d,0x63,0x6d,0x63,
    0x8e,0x63,0x8e,0x63,0x8e,0x63,0x8e,0x63,0x6d,0x63,0x6d,0x63,0x6d,0x63,0x6d,0x63,
    0x6d,0x63,0x6d,0x63,0x6d,0x63,0x4d,0x63,0x6d,0x63,0x6d,0x63,0x6d,0x63,0x6e,0x63,
    0x6d,0x63,0x6d,0x63,0x6d,0x63,0x6d,0x63,0x4d,0x63,0x4d,0x63,0x6d,0x63,0x6d,0x63,
    0x6d,0x63,0x6d,0x63,0x4d,0x63,0x6d,0x63,0x4d,0x63,0x6d,0x63,0x4d,0x5b,0x4d,0x5b,
    0x6d,0x63,0x8a,0x42,0x66,0x21,0x9c,0x05,0x19,0x05,0x19,0x05,0x19,0x05,0x19,0x05,
    0x19,0x05,0x19,0x05,0x19,0xe5,0x18,0xe5,0x18,0xe5,0x18,0xe5,0x18,0x67,0x21,0xf4,
    0x9c,0x59,0xce,0x39,0xc6,0xb4,0x94,0xb3,0x22,0x75,0x4b,0xd6,0x5b,0xf6,0x63,0xf6,
    0x63,0xf6,0x63,0xf6,0x63,0xf6,0x63,0xf6,0x63,0xf6,0x63,0xf6,0x63,0xd6,0x63,0x11,
    0xd6,0x63,0xff,0xd6,0x5b,0xb6,0x5b,0xb6,0x5b,0xb6,0x5b,0x95,0x5b,0x95,0x5b,0x95,
    0x5b,0x95,0x53,0x95,0x53,0x75,0x53,0x75,0x53,0x75,0x53,0x54,0x4b,0xb5,0x5b,0xb5,
    0x5b,0xd6,0x63,0xd6,0x63,0xd6,0x63,0x8d,0x01,0xad,0x01,0xad,0x01,0xad,0x01,0xae,
    0x01,0xae,0x01,0xae,0x01,0xce,0x01,0xce,0x01,0xce,0x01,0xcf,0x01,0xef,0x01,0xef,
    0x01,0xef,0x01,0xef,0x01,0xef,0x01,0xef,0x01,0x10,0x02,0x10,0x02,0x30,0x02,0x30,
    0x0a,0x51,0x12,0x71,0x1a,0x51,0x12,0x31,0x0a,0x30,0x0a,0x30,0x0a,0x31,0x0a,0x51,
    0x0a,0x51,0x12,0x72,0x1a,0x92,0x22,0x92,0x22,0x72,0x1a,0x72,0x1a,0x51,0x12,0x72,
    0x12,0x72,0x12,0x72,0x1a,0x92,0x22,0xb3,0x22,0xd3,0x2a,0xb3,0x2a,0x92,0x22,0x92,
    0x1a,0x92,0x1a,0xb3,0x22,0xd3,0x2a,0x92,0x1a,0x93,0x22,0xb3,0x22,0xb3,0x22,0xd3,
    0x2a,0xd3,0x2a,0xf4,0x32,0xb4,0x63,0x37,0x9d,0xd8,0xb5,0xd8,0xb5,0x96,0xad,0xd3,
    0x94,0xf0,0x7b,0xcb,0x52,0xe8,0x39,0xc8,0x31,0x8e,0x63,0x0c,0x53,0x0c,0x53,0x0c,
    0x53,0x2c,0x5b,0x0c,0x53,0x0c,0x53,0x2c,0x5b,0x2c,0x5b,0x2c,0x5b,0x0c,0x5b,0x2c,
    0x5b,0x2c,0x5b,0x2c,0x5b,0x2c,0x5b,0x2c,0x5b,0x2c,0x5b,0x2c,0x5b,0x2c,0x5b,0x2c,
    0x5b,0x2c,0x5b,0x4d,0x5b,0x4d,0x5b,0x2c,0x5b,0x2c,0x5b,0x2c,0x5b,0x2c,0x5b,0x4d,
    0x5b,0x2d,0x5b,0x2c,0x5b,0x2c,0x5b,0x4d,0x5b,0x4d,0x5b,0x2d,0x5b,0x2d,0x5b,0x4d,
    0x5b,0x4d,0x5b,0x4d,0x5b,0x2d,0x5b,0x4d,0x5b,0x4d,0x5b,0x4d,0x5b,0x4d,0x5b,0x4d,
    0x5b,0xff,0x6d,0x63,0x4d,0x5b,0x2c,0x5b,0x2d,0x5b,0x4d,0x5b,0x6d,0x63,0x2c,0x5b,
    0x2c,0x5b,0x4d,0x63,0x2d,0x5b,0x2d,0x5b,0x4d,0x5b,0x6d,0x63,0x8e,0x63,0x4d,0x63,
    0x6d,0x63,0x4d,0x5b,0x2c,0x5b,0x6d,0x63,0x6d,0x63,0x4d,0x5b,0x4d,0x5b,0x92,0x8c,
    0xf7,0xbd,0x79,0xce,0x9a,0xd6,0x9a,0xd6,0x9a,0xd6,0x75,0xad,0x8e,0x63,0x4d,0x63,
    0x6d,0x63,0x6d,0x63,0x6d,0x63,0x6d,0x63,0x4d,0x63,0x34,0xa5,0x9a,0xd6,0xba,0xd6,
    0xba,0xd6,0xbb,0xd6,0xba,0xd6,0x9a,0xd6,0x9a,0xd6,0xba,0xd6,0x9a,0xd6,0x9a,0xd6,
    0x9a,0xd6,0x9a,0xd6,0xba,0xd6,0xbb,0xd6,0xbb,0xd6,0xbb,0xd6,0xba,0xd6,0xba,0xd6,
    0xba,0xd6,0x7a,0xce,0xb6,0xb5,0x30,0x7c,0x8d,0x63,0x6d,0x63,0x6d,0x63,0x6e,0x63,
    0x8e,0x63,0x6d,0x63,0x6d,0x63,0x8e,0x6b,0x6d,0x63,0x6d,0x63,0x4d,0x63,0x6d,0x63,
    0x6d,0x63,0x4d,0x63,0x6d,0x63,0x6d,0x63,0x8e,0x6b,0x6d,0x63,0x0c,0x53,0xaf,0x6b,
    0x35,0xa5,0x38,0xc6,0x9a,0xce,0xba,0xd6,0xba,0xd6,0xba,0xd6,0x9a,0xd6,0x9a,0xd6,
    0x9a,0xd6,0x59,0xce,0xd7,0xb5,0x51,0x84,0x6d,0x63,0x6d,0x63,0x6d,0x63,0x4d,0x5b,
    0x4d,0x5b,0x4d,0x63,0x6d,0x63,0x4d,0x63,0x6d,0x63,0x6d,0x63,0x4d,0x63,0x4d,0x63,
    0x4d,0x63,0x6d,0x63,0x4d,0x5b,0x6d,0x63,0x6d,0x63,0x4d,0x63,0x6d,0x63,0x6d,0x63,
    0x6d,0x63,0x6d,0x63,0x6d,0x63,0x6d,0x63,0x4d,0x63,0x4d,0x63,0x6d,0x63,0x4d,0x63,
    0x4d,0x63,0x4d,0x63,0x6d,0x63,0x6d,0x63,0x8e,0x63,0x6d,0x63,0x8a,0x42,0x66,0x29,
    0x9a,0x05,0x19,0x06,0x19,0x06,0x19,0x06,0x19,0x06,0x19,0x06,0x19,0x06,0x19,0x06,
    0x19,0x05,0x19,0xe5,0x18,0xe5,0x18,0xe5,0x18,0xe8,0x39,0xf7,0xbd,0x18,0xc6,0xd4,
    0x94,0xb3,0x22,0x55,0x4b,0xb6,0x5b,0xd6,0x63,0xf6,0x63,0xf6,0x63,0xf6,0x63,0xf6,
    0x63,0xf6,0x63,0xd6,0x63,0x15,0xd6,0x63,0xff,0xd6,0x5b,0xb6,0x5b,0xb6,0x5b,0xb6,
    0x5b,0xb5,0x5b,0x95,0x5b,0x95,0x5b,0x95,0x5b,0x95,0x53,0x95,0x53,0x95,0x5b,0x75,
    0x53,0xd6,0x63,0xb5,0x63,0xd6,0x63,0xd6,0x63,0xd6,0x63,0xce,0x01,0xad,0x01,0x8d,
    0x01,0x8d,0x01,0xad,0x01,0xae,0x01,0xce,0x01,0xce,0x01,0xef,0x09,0xef,0x11,0x0f,
    0x0a,0xef,0x01,0xef,0x01,0xef,0x01,0xef,0x01,0x10,0x02,0x10,0x02,0x10,0x02,0x10,
    0x02,0x10,0x02,0x10,0x02,0x30,0x02,0x31,0x0a,0x51,0x12,0x71,0x12,0x72,0x1a,0x51,
    0x12,0x31,0x12,0x51,0x12,0x51,0x0a,0x51,0x12,0x51,0x12,0x72,0x1a,0x92,0x22,0xb3,
    0x22,0xb3,0x2a,0x92,0x22,0x72,0x1a,0x72,0x1a,0x72,0x1a,0x92,0x1a,0x92,0x1a,0xb3,
    0x22,0xd3,0x2a,0xd3,0x2a,0xd3,0x2a,0xb3,0x22,0xb3,0x2a,0x92,0x22,0x92,0x22,0xb3,
    0x22,0xb3,0x22,0xd3,0x2a,0xd3,0x2a,0x75,0x7c,0xd8,0xb5,0x9a,0xd6,0xbb,0xd6,0xba,
    0xd6,0xbb,0xd6,0xbb,0xd6,0xba,0xd6,0x9a,0xd6,0xd7,0xb5,0x4d,0x5b,0x0c,0x53,0x0c,
    0x53,0x2c,0x5b,0x2c,0x5b,0x2c,0x5b,0x2c,0x5b,0x2c,0x5b,0x0c,0x53,0x0c,0x5b,0x2c,
    0x5b,0x4d,0x5b,0x2c,0x5b,0x0c,0x53,0x2c,0x5b,0x4d,0x63,0x2c,0x5b,0x4d,0x5b,0x2c,
    0x5b,0x2c,0x5b,0x0c,0x5b,0x4d,0x5b,0x2c,0x5b,0x2c,0x5b,0x0c,0x53,0x2c,0x5b,0x2c,
    0x5b,0x4d,0x5b,0x4d,0x5b,0x2c,0x5b,0x4d,0x5b,0x2c,0x5b,0x4d,0x63,0x2d,0x5b,0x4d,
    0x5b,0x4d,0x5b,0x4d,0x63,0x4d,0x5b,0x4d,0x5b,0x4d,0x63,0x2c,0x5b,0x2c,0x5b,0x6d,
    0x63,0x4d,0x5b,0x6d,0x63,0x4d,0x5b,0xff,0x4d,0x5b,0x6d,0x63,0x4d,0x5b,0x6d,0x63,
    0x6d,0x63,0x4d,0x63,0x4d,0x5b,0x2c,0x5b,0x6d,0x63,0x4d,0x63,0x4d,0x63,0x6d,0x63,
    0x2d,0x5b,0x6d,0x63,0x4d,0x63,0x6d,0x63,0x6d,0x63,0x6d,0x63,0x4d,0x5b,0x6d,0x63,
    0x4d,0x63,0x4d,0x5b,0x4d,0x5b,0x6e,0x63,0x72,0x84,0x56,0xa5,0x10,0x7c,0xcf,0x73,
    0x4d,0x5b,0x4d,0x63,0x6d,0x63,0x4d,0x63,0x6d,0x63,0x6d,0x63,0x6d,0x63,0x18,0xbe,
    0xba,0xd6,0xba,0xd6,0xba,0xd6,0x9a,0xd6,0x9a,0xd6,0xba,0xd6,0xba,0xd6,0x9a,0xd6,
    0x9a,0xd6,0x7a,0xce,0x9a,0xce,0xba,0xd6,0xba,0xd6,0xba,0xd6,0x9a,0xd6,0x9a,0xd6,
    0x9a,0xd6,0x39,0xc6,0xb2,0x94,0x6d,0x63,0x4d,0x5b,0x4d,0x63,0x4d,0x63,0x4d,0x5b,
    0x6d,0x63,0x4d,0x5b,0x8e,0x63,0x8d,0x63,0x6d,0x63,0x6d,0x63,0x6d,0x63,0x6d,0x63,
    0x8e,0x63,0x6d,0x63,0x6d,0x63,0x8e,0x63,0x6d,0x63,0x6d,0x63,0x6d,0x63,0x6d,0x63,
    0x6d,0x63,0x6d,0x63,0x6d,0x63,0x6e,0x63,0xcf,0x73,0x35,0x9d,0x59,0xc6,0xba,0xd6,
    0xba,0xd6,0x59,0xce,0xf3,0x9c,0xae,0x6b,0x6d,0x63,0x6d,0x63,0x6d,0x63,0x6d,0x63,
    0x6d,0x63,0x8e,0x63,0x8e,0x6b,0x6d,0x63,0x4d,0x63,0x8e,0x63,0x4d,0x5b,0x6d,0x63,
    0x6d,0x63,0x8e,0x63,0x6d,0x63,0x6d,0x63,0x4d,0x5b,0x6d,0x63,0x4d,0x63,0x6d,0x63,
    0x4d,0x5b,0x6d,0x63,0x6d,0x63,0x6e,0x63,0x6d,0x63,0x4d,0x63,0x4d,0x63,0x6d,0x63,
    0x4d,0x63,0x8e,0x6b,0x6d,0x63,0x4d,0x5b,0x8e,0x63,0x4d,0x63,0x2d,0x5b,0x8a,0x42,
    0x46,0x21,0x05,0x19,0x05,0x19,0xff,0x05,0x19,0x05,0x19,0x06,0x19,0x06,0x19,0x26,
    0x21,0x26,0x21,0x26,0x21,0x26,0x19,0x06,0x19,0x05,0x19,0xe5,0x18,0x88,0x29,0xd7,
    0xbd,0xb4,0x94,0xd3,0x32,0x55,0x4b,0xb6,0x5b,0xd6,0x63,0xd6,0x63,0xf6,0x63,0xf6,
    0x63,0xf6,0x63,0xf6,0x63,0xf6,0x63,0xd6,0x63,0xf6,0x63,0xd6,0x63,0xf6,0x63,0xd6,
    0x63,0xd6,0x63,0xd6,0x63,0xd6,0x63,0xd6,0x63,0xd6,0x63,0xd6,0x63,0xd6,0x63,0xd6,
    0x63,0xd6,0x63,0xd6,0x63,0xd6,0x63,0xd6,0x63,0xd6,0x63,0xd6,0x63,0xd6,0x63,0xd6,
    0x63,0xd6,0x5b,0xb6,0x63,0xb6,0x5b,0xb6,0x5b,0xb6,0x5b,0xb5,0x5b,0xb5,0x5b,0xb5,
    0x5b,0xb5,0x5b,0x95,0x5b,0x95,0x53,0xb6,0x5b,0x95,0x5b,0xd5,0x63,0xb5,0x63,0xb5,
    0x5b,0xd6,0x63,0xd6,0x63,0xce,0x01,0xee,0x01,0xef,0x01,0xce,0x01,0xae,0x01,0x51,
    0x5b,0x13,0x74,0x74,0x84,0x16,0x9d,0x57,0xa5,0x16,0x95,0xb3,0x63,0x70,0x22,0xef,
    0x01,0xef,0x01,0x10,0x02,0x10,0x02,0x10,0x02,0x10,0x02,0x10,0x02,0x30,0x02,0x30,
    0x02,0x31,0x02,0x31,0x0a,0x51,0x12,0x72,0x1a,0x71,0x1a,0x51,0x12,0x51,0x12,0x51,
    0x12,0x51,0x12,0x51,0x12,0x51,0x12,0x52,0x12,0x72,0x1a,0x92,0x22,0xb3,0x2a,0xb3,
    0x2a,0xb3,0x2a,0xb2,0x22,0x92,0x1a,0x92,0x1a,0x92,0x1a,0x92,0x22,0xb3,0x22,0xd3,
    0x2a,0xd3,0x32,0xf4,0x3a,0xf3,0x32,0xb3,0x2a,0xb3,0x2a,0xd3,0x2a,0xd3,0x2a,0x93,
    0x5b,0x11,0x7c,0x4d,0x63,0x4d,0x63,0xcf,0x73,0xf0,0x73,0x92,0x8c,0x34,0x9d,0xb7,
    0xb5,0x38,0xc6,0x10,0x74,0xff,0x0c,0x53,0x0c,0x53,0x2c,0x5b,0x0c,0x53,0x0c,0x53,
    0x0c,0x53,0x0c,0x53,0x0c,0x53,0x0c,0x53,0x2c,0x5b,0x2c,0x5b,0x0c,0x53,0x2c,0x5b,
    0x2c,0x5b,0x2c,0x5b,0x0c,0x53,0x2c,0x5b,0x2c,0x5b,0x4d,0x5b,0x2c,0x5b,0x2c,0x5b,
    0x2c,0x5b,0x2c,0x5b,0x4d,0x5b,0x4d,0x5b,0x2c,0x5b,0x2d,0x5b,0x2c,0x5b,0x2c,0x5b,
    0x2c,0x5b,0x2c,0x5b,0x2d,0x5b,0x2c,0x5b,0x4d,0x5b,0x4d,0x5b,0x4d,0x5b,0x4d,0x5b,
    0x4d,0x5b,0x2d,0x5b,0x4d,0x63,0x4d,0x63,0x4d,0x5b,0x2d,0x5b,0x4d,0x63,0x4d,0x5b,
    0x4d,0x63,0x6d,0x63,0x4d,0x5b,0x4d,0x5b,0x4d,0x5b,0x4d,0x5b,0x4d,0x63,0x4d,0x63,
    0x4d,0x63,0x4d,0x63,0x6d,0x63,0x6d,0x63,0x4d,0x5b,0x4d,0x63,0x4d,0x5b,0x4d,0x63,
    0x4d,0x5b,0x4d,0x63,0x2c,0x5b,0x4d,0x63,0x4d,0x63,0x6d,0x63,0x6d,0x63,0x4d,0x63,
    0x6d,0x63,0x4d,0x5b,0x2c,0x5b,0x4d,0x5b,0x6e,0x63,0x6d,0x63,0x6d,0x63,0x4d,0x63,
    0x8e,0x63,0x6d,0x63,0x6d,0x63,0xf3,0x94,0x9a,0xd6,0xba,0xd6,0x9a,0xd6,0x9a,0xd6,
    0x9a,0xd6,0xba,0xd6,0x9a,0xd6,0x9a,0xd6,0x9a,0xd6,0x9a,0xd6,0xba,0xd6,0xba,0xd6,
    0xba,0xd6,0xba,0xd6,0xba,0xd6,0x7a,0xce,0x96,0xad,0x30,0x84,0x0c,0x53,0x0c,0x53,
    0x6d,0x63,0x6d,0x63,0x6d,0x63,0x8e,0x63,0x6d,0x63,0x6d,0x63,0x6d,0x63,0x4d,0x63,
    0x6d,0x63,0x92,0x8c,0xd7,0xb5,0x59,0xce,0x79,0xce,0xd7,0xb5,0xf4,0x9c,0xcf,0x73,
    0x4d,0x5b,0x6d,0x63,0x6e,0x63,0x6d,0x63,0x8e,0x63,0x6d,0x63,0x4d,0x63,0x6d,0x63,
    0x6d,0x63,0x6d,0x63,0xc6,0x4d,0x5b,0x4d,0x5b,0x51,0x84,0x92,0x8c,0x2c,0x5b,0x0c,
    0x5b,0x4d,0x5b,0x6d,0x63,0x8e,0x63,0x6d,0x63,0x6d,0x63,0x4d,0x5b,0x6d,0x63,0x4d,
    0x63,0x6d,0x63,0x6d,0x63,0x4d,0x63,0x6d,0x63,0x6d,0x63,0x6d,0x63,0x6d,0x63,0x8e,
    0x63,0x4d,0x63,0x6d,0x63,0x6d,0x63,0x6d,0x63,0x6d,0x63,0x6d,0x63,0x4d,0x63,0x2c,
    0x5b,0x4d,0x63,0x4d,0x63,0x6d,0x63,0x6d,0x63,0x6d,0x63,0x6d,0x63,0x4d,0x5b,0x6d,
    0x63,0x6d,0x63,0x4d,0x63,0x4d,0x63,0x6a,0x42,0x46,0x21,0x26,0x21,0x26,0x19,0x05,
    0x19,0x05,0x19,0x26,0x21,0x26,0x21,0x26,0x21,0x26,0x21,0x46,0x21,0x66,0x21,0x66,
    0x21,0x67,0x29,0x66,0x29,0x8a,0x4a,0x72,0x8c,0x35,0xa5,0xd2,0x32,0x55,0x43,0xb6,
    0x5b,0xd6,0x63,0xd6,0x63,0xf6,0x63,0xf6,0x63,0xf6,0x63,0xf6,0x63,0xf6,0x63,0xd6,
    0x63,0x16,0xd6,0x63,0xff,0xd6,0x5b,0xb6,0x5b,0xb6,0x5b,0xb6,0x5b,0xb5,0x5b,0xb5,
    0x5b,0xb5,0x5b,0xb6,0x5b,0xb5,0x5b,0xb5,0x5b,0xb6,0x5b,0xd6,0x63,0x95,0x5b,0xf6,
    0x6b,0xd5,0x63,0xb5,0x5b,0xb5,0x5b,0xad,0x01,0xad,0x01,0xce,0x01,0x2f,0x1a,0x95,
    0x84,0x19,0xbe,0x19,0xbe,0x19,0xbe,0xf9,0xbd,0x19,0xbe,0x3a,0xc6,0x39,0xc6,0xb8,
    0xb5,0xb5,0x8c,0xb3,0x6b,0x91,0x2a,0x10,0x02,0x10,0x02,0x10,0x02,0x30,0x02,0x30,
    0x02,0x31,0x02,0x31,0x02,0x31,0x0a,0x51,0x12,0x72,0x1a,0x71,0x1a,0x51,0x12,0x72,
    0x1a,0x72,0x1a,0x72,0x1a,0x72,0x12,0x72,0x12,0x71,0x12,0x72,0x12,0x72,0x12,0x72,
    0x1a,0x92,0x1a,0xb2,0x22,0xd3,0x2a,0xd3,0x32,0xb3,0x2a,0xb3,0x22,0x92,0x22,0x92,
    0x22,0xb2,0x22,0xb3,0x22,0xd3,0x2a,0x14,0x3b,0xf3,0x32,0xf4,0x32,0x14,0x3b,0xf3,
    0x3a,0x6b,0x3a,0xa7,0x29,0xa7,0x29,0x49,0x3a,0x4d,0x63,0x8d,0x63,0x4d,0x63,0x50,
    0x84,0x71,0x84,0x8e,0x63,0x0c,0x53,0x2c,0x5b,0x0c,0x53,0xeb,0x52,0x0c,0x53,0x2c,
    0x5b,0x0c,0x5b,0x2c,0x5b,0x2c,0x5b,0x4d,0x5b,0x2c,0x5b,0x2c,0x5b,0x2c,0x5b,0x0c,
    0x5b,0x0c,0x53,0x2c,0x5b,0x4d,0x5b,0x2c,0x5b,0x2c,0x5b,0x2c,0x5b,0x2c,0x5b,0x4d,
    0x5b,0x4d,0x5b,0x2c,0x5b,0x2c,0x5b,0x4d,0x5b,0x4d,0x5b,0x6d,0x63,0x2c,0x5b,0x4d,
    0x5b,0x2c,0x5b,0x4d,0x5b,0x4d,0x5b,0x4d,0x5b,0x2c,0x5b,0x2d,0x5b,0x2c,0x5b,0x2c,
    0x5b,0x2c,0x5b,0x4d,0x5b,0x2d,0x5b,0x4d,0x5b,0x4d,0x5b,0x4d,0x63,0x2c,0x5b,0x2c,
    0x5b,0x2d,0x5b,0xff,0x2c,0x5b,0x4d,0x5b,0x4d,0x63,0x4d,0x5b,0x2d,0x5b,0x2d,0x5b,
    0x4d,0x63,0x4d,0x63,0x4d,0x63,0x4d,0x5b,0x2d,0x5b,0x6d,0x63,0x4d,0x5b,0x4d,0x63,
    0x6d,0x63,0x6d,0x63,0x4d,0x5b,0x6d,0x63,0x4d,0x63,0x4d,0x5b,0x4d,0x5b,0x4d,0x5b,
    0x4d,0x63,0x2c,0x5b,0x6d,0x63,0x6d,0x63,0x6d,0x63,0x4d,0x5b,0x6d,0x63,0x6d,0x63,
    0x4d,0x63,0x4d,0x5b,0x6d,0x63,0xb2,0x8c,0x9a,0xd6,0xba,0xd6,0xba,0xd6,0xba,0xd6,
    0xbb,0xd6,0xba,0xd6,0x9a,0xce,0x9a,0xd6,0x9a,0xd6,0xbb,0xd6,0xba,0xd6,0xbb,0xd6,
    0xbb,0xd6,0x9a,0xd6,0x59,0xce,0x34,0xa5,0x0c,0x5b,0x0c,0x53,0x6d,0x63,0x6d,0x63,
    0x8e,0x63,0x4d,0x63,0x4d,0x63,0x6d,0x63,0x6d,0x63,0x6e,0x63,0x2d,0x5b,0xcf,0x73,
    0xd3,0x94,0x59,0xce,0x9a,0xd6,0x9a,0xd6,0x9a,0xd6,0x9a,0xd6,0xba,0xd6,0xba,0xd6,
    0xba,0xd6,0xf7,0xbd,0x71,0x84,0xcf,0x73,0x8e,0x63,0x6d,0x63,0x6d,0x63,0x6d,0x63,
    0x6d,0x63,0x4d,0x63,0x4d,0x63,0x4d,0x5b,0x4d,0x63,0x8e,0x63,0x6d,0x63,0x4d,0x63,
    0x6d,0x63,0x8e,0x63,0x8e,0x63,0x2c,0x5b,0x6d,0x63,0x6d,0x63,0x6d,0x63,0x6d,0x63,
    0x6e,0x63,0x6d,0x63,0x6d,0x63,0x6d,0x63,0x6d,0x63,0x4d,0x63,0x4d,0x5b,0x4d,0x5b,
    0x4d,0x63,0x6d,0x63,0x6d,0x63,0x6d,0x63,0x6d,0x63,0x4d,0x63,0x4d,0x63,0x6d,0x63,
    0x8e,0x6b,0x8e,0x63,0x4d,0x63,0x4d,0x5b,0x2d,0x5b,0x6d,0x63,0x4d,0x5b,0x6d,0x63,
    0x4d,0x63,0x6d,0x63,0x2c,0x5b,0x49,0x3a,0x46,0x21,0x26,0x21,0x26,0x21,0x26,0x19,
    0x26,0x21,0x98,0x26,0x21,0x26,0x21,0x26,0x21,0x46,0x21,0x46,0x21,0x66,0x21,0x87,
    0x29,0xa7,0x29,0xa7,0x29,0x8a,0x4a,0x10,0x7c,0x9a,0xce,0xdb,0xde,0xba,0xd6,0xb8,
    0xad,0x56,0x74,0xd6,0x63,0xd6,0x63,0xf6,0x63,0xf6,0x63,0xf6,0x63,0xf6,0x63,0xf6,
    0x63,0xd6,0x63,0x16,0xd6,0x63,0xff,0xd6,0x5b,0xd6,0x5b,0xb6,0x5b,0xb5,0x5b,0xb5,
    0x5b,0xb5,0x5b,0xb5,0x5b,0xb6,0x5b,0xb6,0x5b,0xb5,0x5b,0x95,0x5b,0x95,0x53,0xf6,
    0x6b,0xf6,0x6b,0xf6,0x6b,0x16,0x6c,0xb5,0x5b,0xae,0x01,0xae,0x01,0x0f,0x1a,0xd5,
    0x8c,0x19,0xbe,0x19,0xbe,0xb8,0xad,0xf3,0x6b,0x52,0x53,0xb3,0x63,0xb6,0x8c,0xf9,
    0xbd,0x5a,0xc6,0x5a,0xc6,0x3a,0xc6,0xb8,0xad,0x95,0x84,0x12,0x4b,0x51,0x1a,0x30,
    0x02,0x30,0x02,0x30,0x0a,0x31,0x0a,0x51,0x12,0x51,0x12,0x92,0x1a,0x72,0x1a,0x72,
    0x1a,0x72,0x1a,0x72,0x1a,0x72,0x1a,0x92,0x1a,0x92,0x1a,0x92,0x1a,0x92,0x1a,0x72,
    0x1a,0x72,0x1a,0x72,0x1a,0x72,0x1a,0x92,0x1a,0xb3,0x22,0xd3,0x2a,0xd3,0x32,0xd3,
    0x32,0xd3,0x32,0xb3,0x2a,0xb3,0x22,0xb3,0x22,0xd3,0x2a,0xd3,0x2a,0xb3,0x22,0xd3,
    0x2a,0xd2,0x3a,0xc5,0x10,0x05,0x19,0x87,0x21,0x29,0x3a,0xae,0x6b,0x54,0xa5,0x75,
    0xad,0xb2,0x8c,0x6d,0x63,0x0c,0x53,0x0c,0x53,0x0c,0x53,0x0c,0x53,0x2c,0x5b,0x2c,
    0x5b,0x2c,0x5b,0x4d,0x5b,0x2c,0x5b,0x2c,0x5b,0x2c,0x5b,0x2c,0x5b,0x0c,0x5b,0x2c,
    0x5b,0x2c,0x5b,0x4d,0x5b,0x2c,0x5b,0x0c,0x53,0x0c,0x53,0x2c,0x5b,0x4d,0x5b,0x2c,
    0x5b,0x0c,0x53,0x2c,0x5b,0x2c,0x5b,0x2c,0x5b,0x4d,0x5b,0x2d,0x5b,0x2c,0x5b,0x4d,
    0x5b,0x4d,0x5b,0x2c,0x5b,0x0c,0x5b,0x2d,0x5b,0x4d,0x5b,0x2d,0x5b,0x4d,0x5b,0x4d,
    0x5b,0x4d,0x5b,0x4d,0x63,0x4d,0x5b,0x2c,0x5b,0x4d,0x5b,0x4d,0x5b,0x2c,0x5b,0x4d,
    0x5b,0x4d,0x63,0x6d,0x63,0xff,0x4d,0x63,0x4d,0x63,0x4d,0x5b,0x4d,0x63,0x4d,0x63,
    0x4d,0x63,0x4d,0x63,0x2c,0x5b,0x4d,0x5b,0x2c,0x5b,0x2c,0x5b,0x4d,0x5b,0x4d,0x5b,
    0x4d,0x63,0x6d,0x63,0x4d,0x63,0x6d,0x63,0x4d,0x5b,0x2d,0x5b,0x6d,0x63,0x6d,0x63,
    0x4d,0x63,0x6d,0x63,0x6d,0x63,0x4d,0x63,0x4d,0x63,0x4d,0x63,0x4d,0x63,0x4d,0x63,
    0x6d,0x63,0x6d,0x63,0x10,0x7c,0xd7,0xbd,0xba,0xd6,0xbb,0xd6,0xbb,0xd6,0xba,0xd6,
    0x9a,0xd6,0xba,0xd6,0x9a,0xd6,0x9a,0xd6,0x9a,0xd6,0x9a,0xd6,0xba,0xd6,0xbb,0xd6,
    0xba,0xd6,0xd7,0xb5,0x51,0x84,0x2d,0x5b,0x2c,0x5b,0x4d,0x63,0x4d,0x63,0x4d,0x63,
    0x4d,0x5b,0x6d,0x63,0x6d,0x63,0x6d,0x63,0x4d,0x63,0x6d,0x63,0x10,0x7c,0xd7,0xb5,
    0x59,0xce,0x9a,0xd6,0x9a,0xd6,0x9a,0xd6,0x9a,0xd6,0x9a,0xd6,0x9a,0xd6,0x9a,0xd6,
    0x9a,0xd6,0x9a,0xd6,0xba,0xd6,0xba,0xd6,0x79,0xce,0xf7,0xbd,0xb2,0x94,0x6d,0x63,
    0x6d,0x63,0x6d,0x63,0x6d,0x63,0x6d,0x63,0x6d,0x63,0x8e,0x6b,0x4d,0x63,0x4d,0x63,
    0x6d,0x63,0x8e,0x63,0x6d,0x63,0x6d,0x63,0x6d,0x63,0x2d,0x5b,0x4d,0x63,0x6d,0x63,
    0x6d,0x63,0x6d,0x63,0x4d,0x63,0x4d,0x63,0x6e,0x63,0x6d,0x63,0x6d,0x63,0x4d,0x63,
    0x4d,0x5b,0x6d,0x63,0x4d,0x63,0x4d,0x63,0x4d,0x63,0x6d,0x63,0x6d,0x63,0x8d,0x63,
    0x4d,0x63,0x4d,0x63,0x4d,0x63,0x6d,0x63,0x6d,0x63,0x6d,0x63,0x6d,0x63,0x6d,0x63,
    0x2c,0x5b,0x4d,0x5b,0x2d,0x5b,0x6a,0x42,0x45,0x21,0x26,0x21,0x26,0x21,0x26,0x21,
    0x26,0x21,0x26,0x21,0x96,0x26,0x21,0x26,0x21,0x26,0x21,0x46,0x21,0x66,0x21,0x66,
    0x29,0x87,0x29,0xa7,0x29,0xaa,0x4a,0xef,0x73,0x34,0x9d,0xdb,0xde,0xdb,0xde,0xdb,
    0xde,0xba,0xd6,0x39,0xc6,0x78,0xa5,0xf6,0x63,0xf6,0x63,0xf6,0x63,0xf6,0x63,0xd6,
    0x63,0x17,0xd6,0x63,0xff,0xd6,0x5b,0xb6,0x63,0xd6,0x63,0xd6,0x5b,0xb6,0x5b,0xb6,
    0x5b,0xb6,0x5b,0xb5,0x5b,0xb6,0x5b,0xb6,0x5b,0x95,0x5b,0x75,0x4b,0xb6,0x5b,0xf6,
    0x6b,0xf6,0x6b,0xf6,0x6b,0x16,0x6c,0xf6,0x6b,0xae,0x01,0x4f,0x2a,0x16,0x9d,0x19,
    0xbe,0x19,0xbe,0x57,0xa5,0x90,0x3a,0xef,0x01,0xef,0x01,0x10,0x02,0xf4,0x73,0x19,
    0xbe,0x5a,0xc6,0x5a,0xc6,0x39,0xc6,0x5a,0xce,0x7a,0xce,0x5a,0xc6,0xb8,0xb5,0x93,
    0x5b,0x51,0x12,0x51,0x12,0x71,0x1a,0x72,0x1a,0x92,0x1a,0x92,0x22,0x92,0x22,0xb3,
    0x2a,0xb3,0x2a,0x92,0x22,0x92,0x22,0x92,0x1a,0x92,0x1a,0x92,0x1a,0x92,0x22,0x92,
    0x22,0x92,0x22,0x92,0x22,0x92,0x22,0x92,0x1a,0x92,0x1a,0x92,0x1a,0xb3,0x22,0xb3,
    0x2a,0xd3,0x32,0xf4,0x32,0xf4,0x32,0xd3,0x32,0xd3,0x32,0x13,0x43,0x35,0x74,0x16,
    0x95,0x16,0x95,0xb4,0x8c,0xaf,0x6b,0x0c,0x5b,0x29,0x42,0xe5,0x10,0xe8,0x29,0x10,
    0x74,0x4c,0x5b,0x0c,0x53,0x0c,0x53,0x2c,0x5b,0x0c,0x53,0x2c,0x5b,0x0c,0x53,0x0c,
    0x53,0x0c,0x53,0x0c,0x53,0x0c,0x53,0x0c,0x53,0x0c,0x53,0x0c,0x53,0x2c,0x5b,0x0c,
    0x5b,0x2c,0x5b,0x0c,0x53,0x2c,0x5b,0x2c,0x5b,0x4d,0x5b,0x2c,0x5b,0x2c,0x5b,0x4d,
    0x5b,0x4d,0x5b,0x2c,0x5b,0x2c,0x5b,0x2c,0x5b,0x2c,0x5b,0x2c,0x5b,0x2c,0x5b,0x2c,
    0x5b,0x2c,0x5b,0x2c,0x5b,0x4d,0x5b,0x2c,0x5b,0x2d,0x5b,0x2d,0x5b,0x2d,0x5b,0x2d,
    0x5b,0x4d,0x5b,0x2c,0x5b,0x4d,0x5b,0x4d,0x63,0x2c,0x5b,0x4d,0x5b,0x4d,0x5b,0x4d,
    0x5b,0x4d,0x5b,0xff,0x2c,0x5b,0x4d,0x5b,0x4d,0x5b,0x4d,0x5b,0x4d,0x5b,0x4d,0x5b,
    0x4d,0x5b,0x4d,0x5b,0x6d,0x63,0x4d,0x5b,0x6d,0x63,0x6d,0x63,0x4d,0x5b,0x6d,0x63,
    0x4d,0x5b,0x4d,0x5b,0x4d,0x63,0x4d,0x5b,0x6d,0x63,0x6d,0x63,0x4d,0x5b,0x4d,0x63,
    0x4d,0x5b,0x4d,0x5b,0x4d,0x5b,0x2c,0x5b,0x2c,0x5b,0x6d,0x63,0xef,0x73,0x31,0x84,
    0xf3,0x9c,0xd7,0xbd,0xba,0xd6,0x9a,0xd6,0x9a,0xd6,0x9a,0xd6,0xba,0xd6,0xba,0xd6,
    0x9a,0xd6,0x9a,0xd6,0x9a,0xd6,0xba,0xd6,0xba,0xd6,0xba,0xd6,0x59,0xce,0x76,0xad,
    0xcf,0x73,0xcb,0x52,0x4d,0x5b,0x6d,0x63,0x6d,0x63,0x6d,0x63,0x6d,0x63,0x6e,0x63,
    0x8e,0x63,0x6d,0x63,0x4d,0x63,0xae,0x6b,0xd3,0x94,0xf7,0xbd,0xba,0xd6,0x9a,0xd6,
    0x9a,0xd6,0xba,0xd6,0x9a,0xd6,0x9a,0xd6,0x9a,0xd6,0x9a,0xd6,0x9a,0xd6,0x9a,0xce,
    0x9a,0xd6,0x9a,0xce,0x9a,0xd6,0xba,0xd6,0x9a,0xd6,0x9a,0xd6,0x9a,0xce,0xd7,0xb5,
    0x6d,0x63,0x6d,0x63,0x6d,0x63,0x6d,0x63,0x6d,0x63,0x4d,0x63,0x6d,0x63,0x6d,0x63,
    0x8e,0x63,0x4d,0x5b,0x4d,0x63,0x4d,0x63,0x6d,0x63,0x8e,0x63,0x6d,0x63,0x6d,0x63,
    0x6d,0x63,0x6d,0x63,0x6d,0x63,0x6d,0x63,0x4d,0x63,0x4d,0x63,0x4d,0x5b,0x6d,0x63,
    0x6d,0x63,0x6d,0x63,0x6d,0x63,0x6d,0x63,0x6e,0x63,0x6d,0x63,0x6d,0x63,0x4d,0x63,
    0x4d,0x63,0x6d,0x63,0x4d,0x5b,0x4d,0x63,0x4d,0x63,0x6d,0x63,0x6d,0x63,0x4d,0x5b,
    0x8e,0x63,0x4d,0x5b,0x69,0x42,0x46,0x21,0x26,0x21,0x26,0x21,0x26,0x21,0x26,0x21,
    0x26,0x21,0x94,0x26,0x21,0x26,0x21,0x26,0x21,0x26,0x21,0x25,0x21,0x25,0x21,0x25,
    0x21,0x05,0x21,0xe4,0x18,0xe8,0x39,0x4d,0x63,0x96,0xad,0xdb,0xde,0xdb,0xde,0xba,
    0xd6,0x39,0xc6,0xba,0xd6,0xba,0xd6,0x76,0x7c,0xd6,0x63,0x1d,0xd6,0x63,0xff,0xd6,
    0x5b,0xb6,0x5b,0xb6,0x5b,0xb6,0x5b,0xb6,0x5b,0xb6,0x5b,0x95,0x5b,0x75,0x53,0xb5,
    0x5b,0xf6,0x6b,0xd6,0x63,0xb5,0x5b,0xd6,0x63,0xd6,0x63,0xb6,0x5b,0xae,0x01,0xf1,
    0x42,0xb8,0xb5,0x19,0xbe,0xf9,0xbd,0x93,0x63,0xef,0x01,0xef,0x01,0x0f,0x12,0x75,
    0x84,0x3a,0xc6,0x5a,0xc6,0x39,0xc6,0x35,0x74,0x33,0x4b,0x55,0x7c,0xf9,0xbd,0x7a,
    0xce,0x7a,0xce,0x37,0x9d,0x71,0x22,0x51,0x1a,0x51,0x0a,0x51,0x0a,0x51,0x0a,0x51,
    0x0a,0x51,0x12,0x72,0x12,0x92,0x1a,0xb3,0x22,0xb3,0x2a,0xb3,0x2a,0xb2,0x22,0xb2,
    0x22,0x92,0x22,0xb2,0x22,0xb2,0x22,0xb3,0x22,0xb3,0x22,0x92,0x22,0x92,0x22,0x92,
    0x22,0x92,0x22,0x92,0x22,0xb3,0x22,0xb3,0x22,0xd3,0x2a,0xf4,0x32,0x74,0x53,0xf5,
    0x94,0xf9,0xbd,0x7a,0xce,0xba,0xd6,0xbb,0xd6,0x9a,0xd6,0x79,0xce,0x38,0xc6,0xb7,
    0xb5,0x6e,0x63,0x2c,0x5b,0x0c,0x53,0x0c,0x53,0x0c,0x53,0x0c,0x53,0x2c,0x5b,0x2c,
    0x5b,0x0c,0x53,0x2c,0x5b,0x2c,0x5b,0x2c,0x5b,0x0c,0x53,0x2c,0x5b,0x2c,0x5b,0x2c,
    0x5b,0xeb,0x52,0x0c,0x53,0x0c,0x5b,0x0c,0x5b,0x2c,0x5b,0x2c,0x5b,0x2c,0x5b,0x0c,
    0x53,0x2c,0x5b,0x4d,0x5b,0x2c,0x5b,0x4d,0x5b,0x2c,0x5b,0x4d,0x5b,0x2c,0x5b,0x2c,
    0x5b,0x4d,0x63,0x2c,0x5b,0x4d,0x5b,0x4d,0x5b,0x6d,0x63,0x2c,0x5b,0x2d,0x5b,0x4d,
    0x63,0x2d,0x5b,0x2c,0x5b,0x4d,0x5b,0x4d,0x5b,0x2c,0x5b,0x2c,0x5b,0x4d,0x5b,0x4d,
    0x63,0x6d,0x63,0x4d,0x63,0x2c,0x5b,0x4d,0x5b,0x4d,0x5b,0x4d,0x5b,0xff,0x6d,0x63,
    0x4d,0x63,0x4d,0x63,0x4d,0x5b,0x4d,0x5b,0x2c,0x5b,0x2d,0x5b,0x4d,0x5b,0x6d,0x63,
    0x4d,0x63,0x6d,0x63,0x4d,0x63,0x4d,0x5b,0x2c,0x5b,0x6e,0x63,0x4d,0x63,0x4d,0x5b,
    0x4d,0x63,0x4d,0x63,0x8e,0x6b,0x6d,0x63,0xaf,0x6b,0x96,0xad,0x59,0xce,0x7a,0xce,
    0x79,0xce,0x9a,0xce,0x9a,0xd6,0x9a,0xd6,0x9a,0xd6,0x9a,0xce,0xba,0xd6,0xba,0xd6,
    0xba,0xd6,0x9a,0xd6,0x9a,0xd6,0x9a,0xd6,0xba,0xd6,0x9a,0xd6,0x39,0xc6,0x92,0x8c,
    0x0c,0x5b,0x0c,0x53,0x6d,0x63,0x4d,0x63,0x6d,0x63,0x6d,0x63,0x4d,0x63,0x6d,0x63,
    0x6d,0x63,0x4d,0x5b,0x6d,0x63,0xcf,0x6b,0x55,0xa5,0x9a,0xd6,0xba,0xd6,0xbb,0xd6,
    0xba,0xd6,0x9a,0xd6,0x9a,0xd6,0xba,0xd6,0x9a,0xd6,0x9a,0xd6,0x7a,0xce,0x79,0xce,
    0x9a,0xce,0xba,0xd6,0x9a,0xd6,0x9a,0xd6,0x9a,0xce,0x79,0xce,0x79,0xce,0x95,0xad,
    0x30,0x7c,0x6d,0x63,0x4d,0x5b,0x4d,0x63,0x6d,0x63,0x6d,0x63,0x2d,0x5b,0x6d,0x63,
    0x8e,0x63,0x8e,0x6b,0x4d,0x5b,0x4d,0x63,0x6d,0x63,0x6d,0x63,0x6e,0x63,0x6e,0x63,
    0x4d,0x63,0x4d,0x5b,0x6d,0x63,0x4d,0x63,0x6d,0x63,0x6d,0x63,0x4d,0x63,0x6e,0x63,
    0x8e,0x63,0x8e,0x63,0x6d,0x63,0x8e,0x63,0x6d,0x63,0x6d,0x63,0x4d,0x63,0x6d,0x63,
    0x6d,0x63,0x4d,0x63,0x4d,0x63,0x4d,0x63,0x6d,0x63,0x6d,0x63,0x4d,0x63,0x4d,0x5b,
    0x4d,0x5b,0x6d,0x63,0x4d,0x5b,0x49,0x3a,0x25,0x21,0x26,0x21,0x26,0x21,0x26,0x21,
    0x26,0x21,0x26,0x21,0x26,0x21,0x26,0x21,0x26,0x21,0x26,0x21,0x92,0x25,0x21,0x05,
    0x21,0xe4,0x18,0xc4,0x18,0xc4,0x18,0xc4,0x18,0xc3,0x18,0xe4,0x18,0xc7,0x39,0xcb,
    0x5a,0x96,0xad,0x18,0xbe,0xbb,0xd6,0xba,0xd6,0x71,0x8c,0xed,0x52,0xf6,0x63,0xd6,
    0x63,0x1b,0xd6,0x63,0xff,0xd6,0x5b,0xd6,0x5b,0xd6,0x5b,0xb6,0x5b,0xb6,0x5b,0xb6,
    0x5b,0x95,0x5b,0x75,0x53,0xb6,0x5b,0xf6,0x6b,0xd6,0x63,0xb5,0x5b,0xb6,0x5b,0xb5,
    0x5b,0x95,0x53,0x75,0x53,0xae,0x01,0xee,0x11,0x17,0x9d,0x39,0xc6,0x39,0xc6,0x77,
    0xad,0x74,0x84,0x75,0x84,0x37,0x9d,0x3a,0xc6,0x5a,0xc6,0xf9,0xbd,0x93,0x63,0x30,
    0x02,0x51,0x12,0x31,0x02,0x55,0x7c,0x7a,0xce,0x7a,0xce,0x19,0xbe,0x15,0x9d,0xd4,
    0x94,0xd3,0x6b,0x91,0x2a,0x31,0x02,0x51,0x0a,0x51,0x12,0x52,0x12,0x72,0x12,0x72,
    0x12,0x92,0x1a,0xb3,0x22,0xd3,0x2a,0xd3,0x32,0xd3,0x2a,0xb3,0x2a,0xb3,0x22,0xb3,
    0x22,0xb3,0x22,0xb3,0x22,0xb3,0x22,0xb3,0x2a,0xb3,0x2a,0xb3,0x22,0xb2,0x22,0xb3,
    0x22,0xb3,0x22,0x33,0x4b,0x93,0x84,0x31,0x7c,0x72,0x8c,0xd3,0x94,0xf4,0x9c,0x35,
    0xa5,0xb7,0xb5,0x18,0xbe,0xbb,0xd6,0xd3,0x94,0x0c,0x53,0xeb,0x52,0x0c,0x5b,0x0c,
    0x53,0x0c,0x53,0x0c,0x53,0x0c,0x53,0x2c,0x5b,0x2c,0x5b,0x0c,0x53,0x0c,0x53,0x2c,
    0x5b,0x2c,0x5b,0x0c,0x53,0x2c,0x5b,0x2c,0x5b,0x2c,0x5b,0x2c,0x5b,0x2c,0x5b,0x2c,
    0x5b,0x2c,0x5b,0x2c,0x5b,0x2c,0x5b,0x2c,0x5b,0x0c,0x5b,0x2c,0x5b,0x4d,0x5b,0x2c,
    0x5b,0x2c,0x5b,0x2c,0x5b,0x2c,0x5b,0x4d,0x5b,0x2c,0x5b,0x4d,0x5b,0x2c,0x5b,0x4d,
    0x5b,0x2c,0x5b,0x4d,0x5b,0x2c,0x5b,0x2c,0x5b,0x2c,0x5b,0x2c,0x5b,0x2d,0x5b,0x2d,
    0x5b,0x4d,0x5b,0x4d,0x5b,0x4d,0x63,0x2c,0x5b,0x4d,0x5b,0x2c,0x5b,0x4d,0x63,0x2c,
    0x5b,0x4d,0x5b,0xff,0x4d,0x5b,0x4d,0x5b,0x6d,0x63,0x4d,0x5b,0x4d,0x5b,0x4d,0x5b,
    0x4d,0x5b,0x4d,0x5b,0x4d,0x5b,0x4d,0x5b,0x4d,0x5b,0x4d,0x63,0x4d,0x5b,0x4d,0x5b,
    0x4d,0x63,0x2d,0x5b,0x4d,0x63,0x6d,0x63,0x4d,0x5b,0x6d,0x63,0x4d,0x63,0x4d,0x63,
    0x4d,0x5b,0x0c,0x53,0x8e,0x6b,0xb3,0x94,0x18,0xbe,0xba,0xd6,0x9a,0xd6,0x9a,0xd6,
    0x9a,0xd6,0x9a,0xd6,0x9a,0xd6,0x9a,0xd6,0x9a,0xd6,0x9a,0xd6,0xba,0xd6,0x9a,0xd6,
    0xb7,0xb5,0x92,0x8c,0x2d,0x5b,0x2c,0x5b,0x4d,0x5b,0x4d,0x63,0x6d,0x63,0x6d,0x63,
    0x6d,0x63,0x6d,0x63,0x6d,0x63,0x6d,0x63,0x4d,0x63,0x92,0x8c,0xd7,0xb5,0x9a,0xce,
    0xba,0xd6,0xba,0xd6,0x9a,0xd6,0x9a,0xd6,0x9a,0xce,0x9a,0xd6,0xbb,0xd6,0xba,0xd6,
    0x9a,0xd6,0x9a,0xd6,0x9a,0xd6,0xba,0xd6,0x9a,0xd6,0x9a,0xd6,0x9a,0xd6,0xba,0xd6,
    0xf7,0xbd,0xf3,0x9c,0xae,0x6b,0x2c,0x5b,0x4d,0x63,0x6d,0x63,0x6d,0x63,0x8e,0x63,
    0x6d,0x63,0x6d,0x63,0x6d,0x63,0x6d,0x63,0x2d,0x5b,0x6d,0x63,0x6d,0x63,0x6d,0x63,
    0x4d,0x5b,0x6d,0x63,0x4d,0x5b,0x6d,0x63,0x6e,0x63,0x4d,0x63,0x6d,0x63,0x6d,0x63,
    0x6d,0x63,0x4d,0x63,0x6d,0x63,0x4d,0x63,0x6d,0x63,0x4d,0x63,0x4d,0x63,0x4d,0x5b,
    0x6d,0x63,0x6d,0x63,0x6d,0x63,0x4d,0x63,0x4d,0x5b,0x6d,0x63,0x6d,0x63,0x6d,0x63,
    0x4d,0x63,0x4d,0x63,0x6d,0x63,0x4d,0x63,0x4d,0x63,0x2c,0x5b,0x49,0x3a,0x46,0x21,
    0x26,0x21,0x26,0x21,0x26,0x21,0x26,0x21,0x26,0x21,0x26,0x21,0x46,0x21,0x46,0x21,
    0x46,0x21,0x93,0x66,0x21,0x66,0x21,0x46,0x21,0x45,0x21,0x69,0x42,0x29,0x42,0xc4,
    0x18,0xa3,0x18,0xc4,0x18,0xc4,0x18,0xc4,0x18,0x83,0x08,0xf0,0x7b,0x9a,0xd6,0x51,
    0x8c,0x09,0x3a,0xf0,0x4a,0xd5,0x63,0xd6,0x63,0x1a,0xd6,0x63,0xff,0xb6,0x63,0xd6,
    0x5b,0xd6,0x63,0xd6,0x5b,0xd6,0x5b,0xb5,0x5b,0x95,0x5b,0x75,0x53,0xb6,0x5b,0xf6,
    0x6b,0xd6,0x63,0xb5,0x5b,0xb5,0x5b,0xb5,0x5b,0x95,0x53,0x75,0x53,0xd6,0x63,0xef,
    0x01,0x0f,0x0a,0xd3,0x63,0x98,0xad,0x19,0xbe,0x39,0xc6,0x3a,0xc6,0x3a,0xc6,0x3a,
    0xc6,0x3a,0xc6,0xb8,0xb5,0x32,0x4b,0x10,0x02,0x10,0x02,0x10,0x02,0x93,0x63,0xf9,
    0xbd,0x7a,0xce,0x5a,0xce,0x96,0xad,0x95,0xad,0xb6,0xb5,0xd7,0xb5,0xf8,0xbd,0xd5,
    0x94,0x93,0x63,0xb2,0x32,0x52,0x0a,0x72,0x12,0x72,0x12,0x72,0x12,0x72,0x1a,0x92,
    0x1a,0x92,0x22,0xb3,0x2a,0xd3,0x32,0xd3,0x32,0xd3,0x32,0xd3,0x2a,0xb3,0x2a,0xb3,
    0x2a,0xd3,0x2a,0xb3,0x2a,0xd3,0x2a,0xd3,0x2a,0xb3,0x2a,0xb3,0x2a,0xce,0x4a,0xc7,
    0x29,0x87,0x29,0xe8,0x31,0x49,0x42,0xcb,0x4a,0x6d,0x63,0x91,0x8c,0x55,0xa5,0x30,
    0x7c,0x0c,0x53,0x0c,0x53,0x0c,0x53,0xeb,0x52,0x2c,0x5b,0xeb,0x52,0x2c,0x5b,0x0c,
    0x53,0x0c,0x53,0x0c,0x53,0x2c,0x5b,0x2d,0x5b,0x0c,0x53,0x0c,0x53,0x0c,0x53,0x0c,
    0x53,0x0c,0x53,0x0c,0x53,0x0c,0x5b,0x2c,0x5b,0x2c,0x5b,0x2c,0x5b,0x2c,0x5b,0x2c,
    0x5b,0x2c,0x5b,0x4d,0x5b,0x2c,0x5b,0x0c,0x53,0x2c,0x5b,0x4d,0x5b,0x4d,0x5b,0x2c,
    0x5b,0x2c,0x5b,0x2c,0x5b,0x2c,0x5b,0x2c,0x5b,0x2c,0x5b,0x4d,0x5b,0x2c,0x5b,0x4d,
    0x5b,0x4d,0x5b,0x4d,0x5b,0x4d,0x5b,0x2c,0x5b,0x2d,0x5b,0x4d,0x5b,0x4d,0x5b,0x2d,
    0x5b,0x4d,0x63,0x2c,0x5b,0x4d,0x63,0x4d,0x5b,0x6d,0x63,0xff,0x4d,0x63,0x4d,0x5b,
    0x4d,0x5b,0x4d,0x5b,0x2c,0x5b,0x4d,0x5b,0x6d,0x63,0x6d,0x63,0x4d,0x63,0x6d,0x63,
    0x4d,0x5b,0x4d,0x63,0x2c,0x5b,0x4d,0x5b,0x6d,0x63,0x4d,0x63,0x6d,0x63,0x4d,0x63,
    0x2c,0x5b,0x4d,0x63,0x4d,0x5b,0x4d,0x63,0x4d,0x63,0x4d,0x63,0x2d,0x5b,0x4d,0x63,
    0x4d,0x63,0x2c,0x5b,0x8f,0x63,0x56,0xa5,0x38,0xc6,0x59,0xce,0x79,0xce,0x7a,0xce,
    0x7a,0xce,0x9a,0xd6,0x59,0xc6,0x96,0xad,0xd0,0x6b,0x2c,0x5b,0x4d,0x5b,0x4d,0x5b,
    0x6d,0x63,0x6d,0x63,0x6d,0x63,0x4d,0x63,0x6d,0x63,0x6d,0x63,0x4d,0x5b,0xcf,0x73,
    0xb2,0x94,0x38,0xc6,0xba,0xd6,0x9a,0xd6,0x9a,0xd6,0x9a,0xd6,0x9a,0xd6,0x9a,0xd6,
    0x9a,0xd6,0xbb,0xd6,0x9a,0xd6,0x9a,0xce,0x9a,0xd6,0xba,0xd6,0xba,0xd6,0x9a,0xd6,
    0x9a,0xd6,0x9a,0xd6,0x79,0xce,0xb6,0xb5,0x30,0x7c,0x6d,0x63,0x0c,0x5b,0x4d,0x5b,
    0x6d,0x63,0x6d,0x63,0x6e,0x63,0x4d,0x63,0x6d,0x63,0x4d,0x63,0x6d,0x63,0x6d,0x63,
    0x4d,0x63,0x6e,0x63,0x6d,0x63,0x6d,0x63,0x6d,0x63,0x6d,0x63,0x4d,0x5b,0x8e,0x63,
    0x4d,0x63,0x4d,0x5b,0x6e,0x63,0x4d,0x63,0x6d,0x63,0x4d,0x63,0x6d,0x63,0x4d,0x5b,
    0x4d,0x63,0x6d,0x63,0x4d,0x63,0x6e,0x63,0x4d,0x63,0x6d,0x63,0x6d,0x63,0x4d,0x5b,
    0x6d,0x63,0x6d,0x63,0x4d,0x63,0x6d,0x63,0x4d,0x63,0x6d,0x63,0x6d,0x63,0x4d,0x63,
    0x6d,0x63,0x2d,0x5b,0x28,0x3a,0x25,0x21,0x26,0x21,0x26,0x21,0x26,0x21,0x26,0x21,
    0x26,0x21,0x26,0x21,0x26,0x21,0x46,0x21,0x66,0x21,0x94,0xa7,0x29,0x87,0x29,0xa7,
    0x29,0xc7,0x31,0xcb,0x52,0xcf,0x73,0xef,0x73,0xcf,0x73,0x6d,0x6b,0x0c,0x63,0x66,
    0x29,0xc4,0x18,0xc4,0x10,0xc4,0x10,0x6a,0x42,0x29,0x3a,0x10,0x53,0x74,0x53,0x95,
    0x5b,0xd6,0x63,0x1c,0xd6,0x63,0xff,0xd6,0x5b,0xd6,0x5b,0xd6,0x5b,0xb5,0x5b,0x75,
    0x4b,0xb5,0x5b,0xf6,0x6b,0xd6,0x63,0xb6,0x5b,0xb5,0x5b,0xb5,0x5b,0x95,0x53,0x75,
    0x53,0xd6,0x63,0xf6,0x6b,0x95,0x84,0x16,0x9d,0xb3,0x6b,0x90,0x32,0x72,0x5b,0x75,
    0x84,0xd6,0x94,0x14,0x74,0x72,0x5b,0x52,0x53,0x91,0x32,0x30,0x12,0x91,0x2a,0x32,
    0x4b,0x95,0x84,0x19,0xbe,0x7a,0xce,0x39,0xc6,0x95,0xad,0x96,0xad,0xb6,0xb5,0xf7,
    0xbd,0x18,0xbe,0x59,0xc6,0x99,0xce,0x9a,0xd6,0x59,0xc6,0x37,0xa5,0x33,0x4b,0x72,
    0x1a,0x72,0x12,0x72,0x12,0x92,0x1a,0x92,0x1a,0x92,0x1a,0x92,0x22,0xb3,0x22,0xd3,
    0x2a,0xf3,0x32,0xf3,0x32,0xf3,0x32,0xd3,0x32,0xd3,0x2a,0xd3,0x2a,0xd3,0x32,0xd3,
    0x32,0xd3,0x3a,0x05,0x19,0x05,0x19,0x87,0x21,0x49,0x3a,0xef,0x73,0x13,0x9d,0x75,
    0xad,0x75,0xad,0x75,0xad,0xe8,0x31,0xcb,0x4a,0xeb,0x52,0xeb,0x52,0x2c,0x5b,0x2c,
    0x5b,0x0c,0x53,0x0c,0x5b,0x2c,0x5b,0x0c,0x53,0x2c,0x5b,0x2c,0x5b,0x0c,0x53,0x2c,
    0x5b,0x2c,0x5b,0x2c,0x5b,0x2c,0x5b,0x2c,0x5b,0x2c,0x5b,0x4d,0x5b,0x0c,0x53,0x0c,
    0x53,0x0c,0x53,0x2c,0x5b,0x0c,0x53,0x0c,0x53,0x2c,0x5b,0x2c,0x5b,0x4d,0x5b,0x2c,
    0x5b,0x4d,0x5b,0x2c,0x5b,0x2c,0x5b,0x2c,0x5b,0x2d,0x5b,0x2c,0x5b,0x2c,0x5b,0x2c,
    0x5b,0x4d,0x5b,0x4d,0x5b,0x2d,0x5b,0x4d,0x5b,0x2c,0x5b,0x2d,0x5b,0x4d,0x63,0x4d,
    0x5b,0x2d,0x5b,0x2c,0x5b,0x0c,0x53,0x2c,0x5b,0x6d,0x63,0x4d,0x63,0x4d,0x5b,0x6d,
    0x63,0x2d,0x5b,0x4d,0x5b,0xff,0x4d,0x5b,0x4d,0x5b,0x4d,0x63,0x4d,0x5b,0x4d,0x5b,
    0x2c,0x5b,0x4d,0x5b,0x6d,0x63,0x4d,0x5b,0x4d,0x5b,0x4d,0x5b,0x4d,0x63,0x4d,0x63,
    0x2d,0x5b,0x4d,0x5b,0x4d,0x63,0x4d,0x63,0x4d,0x63,0x6d,0x63,0x6d,0x63,0x4d,0x5b,
    0x6d,0x63,0x6d,0x63,0x4d,0x5b,0x4d,0x63,0x4d,0x5b,0x4d,0x5b,0x4d,0x5b,0x6e,0x63,
    0xf0,0x73,0x15,0x9d,0xf8,0xbd,0xf8,0xbd,0xb3,0x8c,0x8e,0x6b,0x4d,0x5b,0x4d,0x63,
    0x4d,0x63,0x6d,0x63,0x6d,0x63,0x4d,0x5b,0x4d,0x5b,0x4d,0x5b,0x4d,0x63,0x8e,0x63,
    0xcf,0x73,0xb6,0xb5,0x59,0xce,0x9a,0xd6,0xba,0xd6,0xba,0xd6,0xba,0xd6,0xba,0xd6,
    0x9a,0xd6,0xba,0xd6,0xba,0xd6,0xba,0xd6,0x9a,0xd6,0x9a,0xd6,0x9a,0xd6,0xba,0xd6,
    0x9a,0xd6,0xba,0xd6,0xba,0xd6,0x39,0xc6,0xf4,0x9c,0xae,0x6b,0x0c,0x5b,0x4d,0x5b,
    0x4d,0x63,0x6e,0x63,0x6d,0x63,0x6d,0x63,0x6d,0x63,0x4d,0x5b,0x8e,0x6b,0x6e,0x63,
    0x6d,0x63,0x4d,0x5b,0x4d,0x63,0x6d,0x63,0x4d,0x63,0x4d,0x63,0x6d,0x63,0x8e,0x63,
    0x6d,0x63,0x4d,0x5b,0x6d,0x63,0x6d,0x63,0x6d,0x63,0x4c,0x5b,0x6d,0x63,0x6d,0x63,
    0x4d,0x63,0x8d,0x63,0x6d,0x63,0x6d,0x63,0x4d,0x63,0x4d,0x63,0x2c,0x5b,0x4d,0x5b,
    0x6d,0x63,0x6d,0x63,0x4d,0x63,0x4d,0x63,0x6d,0x63,0x6d,0x63,0x4d,0x5b,0x6d,0x63,
    0x4d,0x5b,0x4d,0x63,0x6d,0x63,0x2c,0x5b,0x49,0x3a,0x25,0x21,0x26,0x21,0x26,0x21,
    0x26,0x21,0x26,0x21,0x26,0x21,0x26,0x21,0x26,0x21,0x26,0x21,0x66,0x21,0x66,0x21,
    0x87,0x29,0x87,0x29,0x92,0xa7,0x29,0xeb,0x52,0xce,0x6b,0xcf,0x73,0xef,0x73,0x30,
    0x7c,0xb6,0xb5,0x79,0xce,0xd7,0xb5,0xcb,0x5a,0xa4,0x08,0xa4,0x08,0x67,0x21,0x91,
    0x63,0x94,0x5b,0x54,0x53,0x74,0x5b,0xd6,0x63,0x19,0xd6,0x63,0xff,0xb6,0x63,0xd6,
    0x5b,0xd6,0x63,0xd6,0x5b,0xd6,0x5b,0xb6,0x5b,0x75,0x53,0xb6,0x5b,0x16,0x6c,0xd6,
    0x63,0xb6,0x5b,0xb6,0x5b,0xb5,0x5b,0x95,0x53,0x75,0x53,0xd6,0x63,0xf6,0x6b,0xd6,
    0x63,0x39,0xc6,0x39,0xc6,0x39,0xc6,0xd9,0xb5,0xb5,0x8c,0x70,0x2a,0xcf,0x01,0xef,
    0x01,0x10,0x02,0x30,0x0a,0x32,0x53,0xb8,0xb5,0x3a,0xc6,0x7a,0xce,0x9a,0xce,0x9a,
    0xce,0x5a,0xc6,0xf3,0x94,0x34,0xa5,0x75,0xad,0xd7,0xb5,0x38,0xc6,0x59,0xc6,0x99,
    0xce,0xba,0xd6,0xdb,0xde,0xdb,0xde,0xdb,0xde,0x59,0xc6,0xf4,0x6b,0x92,0x1a,0x92,
    0x1a,0x72,0x1a,0x92,0x1a,0x92,0x1a,0x92,0x1a,0x93,0x22,0xb3,0x22,0xb3,0x22,0xd3,
    0x2a,0xf3,0x32,0xf4,0x3a,0xf4,0x3a,0xf4,0x32,0x94,0x53,0xf4,0x6b,0xd4,0x63,0x30,
    0x53,0x4b,0x3a,0x85,0x00,0xa5,0x08,0x46,0x19,0xcc,0x52,0x51,0x84,0xb3,0x8c,0x32,
    0x7c,0x67,0x21,0x6a,0x42,0x0c,0x53,0x0c,0x53,0xec,0x52,0x0c,0x53,0x0c,0x53,0x0c,
    0x53,0x0c,0x53,0x0c,0x53,0x0c,0x53,0x0c,0x53,0x0c,0x53,0x0c,0x53,0x0c,0x53,0x0c,
    0x5b,0x0c,0x53,0x0c,0x53,0x2c,0x5b,0x0c,0x53,0x2c,0x5b,0x2c,0x5b,0x2c,0x5b,0x2c,
    0x5b,0x2c,0x5b,0x2c,0x5b,0x2c,0x5b,0x2c,0x5b,0x2c,0x5b,0x4d,0x5b,0x0c,0x53,0x2c,
    0x5b,0x2c,0x5b,0x2c,0x53,0x2c,0x5b,0x4d,0x5b,0x4d,0x5b,0x4d,0x5b,0x2c,0x5b,0x2c,
    0x5b,0x2c,0x5b,0x2d,0x5b,0x2c,0x5b,0x2c,0x5b,0x2c,0x5b,0x4d,0x5b,0x4d,0x63,0x2d,
    0x5b,0x4d,0x5b,0x4d,0x5b,0x2c,0x5b,0x2c,0x5b,0x4d,0x5b,0xff,0x2d,0x5b,0x4d,0x5b,
    0x4d,0x5b,0x4d,0x5b,0x4d,0x5b,0x4d,0x5b,0x4d,0x5b,0x4d,0x5b,0x4d,0x63,0x2d,0x5b,
    0x4d,0x5b,0x4d,0x5b,0x4d,0x5b,0x4d,0x5b,0x4d,0x5b,0x4d,0x63,0x4d,0x63,0x4d,0x63,
    0x4d,0x63,0x6d,0x63,0x4d,0x63,0x4d,0x5b,0x4d,0x5b,0x4d,0x63,0x4d,0x63,0x4d,0x63,
    0x6d,0x63,0x4d,0x5b,0x4d,0x63,0x4d,0x63,0x4d,0x63,0x4d,0x5b,0x4d,0x5b,0x2c,0x5b,
    0x4e,0x5b,0x4e,0x5b,0x2c,0x5b,0x4d,0x5b,0x4d,0x63,0x4d,0x63,0x6d,0x63,0x4d,0x63,
    0x6d,0x63,0x6d,0x63,0x4d,0x5b,0x8e,0x63,0xb2,0x94,0xd7,0xbd,0xba,0xd6,0xbb,0xd6,
    0xbb,0xd6,0xba,0xd6,0x9a,0xd6,0x9a,0xd6,0x9a,0xd6,0x9a,0xd6,0x9a,0xd6,0x9a,0xd6,
    0x9a,0xd6,0x9a,0xd6,0x9a,0xd6,0xba,0xd6,0xba,0xd6,0x9a,0xd6,0x79,0xce,0xb7,0xb5,
    0x72,0x8c,0x6d,0x63,0x2c,0x5b,0x6d,0x63,0x6d,0x63,0x6d,0x63,0x4d,0x63,0x6d,0x63,
    0x6d,0x63,0x6d,0x63,0x6d,0x63,0x6e,0x63,0x4d,0x5b,0x4d,0x5b,0x4d,0x63,0x6d,0x63,
    0x4d,0x63,0x6d,0x63,0x6d,0x63,0x6d,0x63,0x6d,0x63,0x6d,0x63,0x6d,0x63,0x6e,0x63,
    0x4d,0x63,0x4d,0x63,0x6d,0x63,0x6d,0x63,0x6d,0x63,0x4d,0x63,0x4d,0x63,0x4d,0x5b,
    0x4d,0x5b,0x4d,0x63,0x6d,0x63,0x6d,0x63,0x6d,0x63,0x6e,0x63,0x4d,0x63,0x6d,0x63,
    0x4d,0x63,0x4d,0x63,0x6d,0x63,0x4d,0x5b,0x4d,0x63,0x4d,0x63,0x4d,0x63,0x6d,0x63,
    0x2d,0x5b,0x29,0x3a,0x25,0x21,0x26,0x21,0x26,0x21,0x26,0x21,0x26,0x21,0x26,0x21,
    0x26,0x21,0x26,0x21,0x26,0x21,0x26,0x21,0x46,0x21,0x95,0x45,0x21,0x45,0x21,0x25,
    0x21,0x66,0x29,0x0c,0x5b,0xcf,0x73,0x30,0x7c,0x30,0x7c,0x75,0xad,0x9a,0xd6,0x39,
    0xc6,0xba,0xd6,0x79,0xce,0xe8,0x39,0xa4,0x00,0x27,0x19,0x51,0x53,0x74,0x53,0x54,
    0x53,0x74,0x53,0xd6,0x63,0x19,0xd6,0x63,0xff,0xb6,0x63,0xd6,0x5b,0xb6,0x63,0xb5,
    0x5b,0xb5,0x5b,0x75,0x53,0xb6,0x5b,0x16,0x6c,0xf6,0x63,0xb6,0x5b,0xb5,0x5b,0xb5,
    0x5b,0x95,0x53,0x75,0x53,0xd6,0x63,0xf6,0x6b,0xd6,0x63,0xb5,0x5b,0x54,0x7c,0xd6,
    0x8c,0x19,0xbe,0x3a,0xc6,0x19,0xbe,0x93,0x63,0x93,0x5b,0x14,0x74,0x12,0x4b,0x71,
    0x22,0xf1,0x42,0x37,0x9d,0xd8,0xb5,0x98,0xad,0x16,0x95,0x16,0x9d,0x96,0xad,0x95,
    0xad,0xb6,0xb5,0xd7,0xb5,0x75,0xad,0x14,0xa5,0x38,0xc6,0x9a,0xd6,0xbb,0xd6,0xdb,
    0xde,0xba,0xd6,0x18,0xc6,0x15,0x9d,0x34,0x74,0x14,0x74,0xf3,0x32,0xb3,0x22,0x92,
    0x22,0x92,0x1a,0x92,0x1a,0x92,0x22,0xb2,0x22,0xb2,0x22,0xb3,0x22,0xb3,0x22,0xd3,
    0x2a,0x13,0x3b,0x75,0x84,0x77,0xad,0x19,0xbe,0x5a,0xce,0x59,0xc6,0x18,0xbe,0xd7,
    0xb5,0xf4,0x9c,0x2d,0x63,0xab,0x52,0x2a,0x3a,0x4d,0x32,0xca,0x29,0x67,0x21,0xe8,
    0x31,0x0c,0x53,0x2c,0x5b,0x0c,0x53,0x0c,0x53,0x0c,0x53,0x0c,0x53,0x2c,0x5b,0x0c,
    0x53,0x0c,0x53,0x2c,0x5b,0x2c,0x5b,0x0c,0x53,0x0c,0x53,0x0c,0x53,0x4d,0x5b,0x0c,
    0x53,0x0c,0x53,0x0c,0x53,0x0c,0x53,0x0c,0x53,0x2c,0x5b,0x2c,0x5b,0x2c,0x5b,0x2c,
    0x5b,0x2c,0x5b,0x0c,0x53,0x2c,0x5b,0x2c,0x5b,0x2c,0x5b,0x4d,0x5b,0x4d,0x5b,0x6d,
    0x63,0x2c,0x5b,0x2c,0x5b,0x2c,0x5b,0x4d,0x5b,0x2c,0x5b,0x4d,0x5b,0x4d,0x5b,0x0c,
    0x5b,0x2c,0x5b,0x4d,0x5b,0x2c,0x5b,0x2c,0x5b,0x2c,0x5b,0x4d,0x5b,0x4d,0x5b,0x4d,
    0x5b,0x6d,0x63,0x4d,0x5b,0x4d,0x5b,0xff,0x2d,0x5b,0x2c,0x5b,0x4d,0x5b,0x2c,0x5b,
    0x2c,0x5b,0x2c,0x5b,0x4d,0x5b,0x4d,0x5b,0x4d,0x63,0x4d,0x63,0x4d,0x5b,0x6d,0x63,
    0x6d,0x63,0x4d,0x63,0x4d,0x5b,0x2c,0x5b,0x4d,0x5b,0x4d,0x5b,0x4d,0x5b,0x4d,0x5b,
    0x4d,0x5b,0x4d,0x63,0x4d,0x63,0x4d,0x5b,0x2c,0x5b,0x4d,0x63,0x2c,0x5b,0x6d,0x63,
    0x4d,0x5b,0x6d,0x63,0x6d,0x63,0x4d,0x63,0x4d,0x63,0x6d,0x63,0x6d,0x63,0x4d,0x5b,
    0x4d,0x63,0x4d,0x5b,0x6d,0x63,0x6d,0x63,0x2d,0x5b,0x6d,0x63,0x6d,0x63,0xef,0x73,
    0x34,0x9d,0x7a,0xce,0xba,0xd6,0xba,0xd6,0x9a,0xd6,0x79,0xce,0x79,0xce,0x9a,0xce,
    0x9a,0xd6,0x9a,0xd6,0xba,0xd6,0xba,0xd6,0xba,0xd6,0x9a,0xd6,0x9a,0xd6,0x9a,0xd6,
    0x9a,0xd6,0x9a,0xce,0x59,0xc6,0x55,0xa5,0xef,0x73,0x4d,0x63,0x6d,0x63,0x4d,0x5b,
    0x4d,0x5b,0x6d,0x63,0x6d,0x63,0x6d,0x63,0x6d,0x63,0x4d,0x5b,0x2c,0x5b,0x6d,0x63,
    0x6d,0x63,0x4d,0x5b,0x4d,0x63,0x4d,0x63,0x6d,0x63,0x4d,0x5b,0x4d,0x63,0x6d,0x63,
    0x6d,0x63,0x4d,0x63,0x6d,0x63,0x4d,0x63,0x4d,0x63,0x4d,0x5b,0x6e,0x63,0x6d,0x63,
    0x4d,0x63,0x4d,0x63,0x6d,0x63,0x6d,0x63,0x6d,0x63,0x6d,0x63,0x4d,0x5b,0x4d,0x63,
    0x6d,0x63,0x6d,0x63,0x4d,0x5b,0x4d,0x63,0x4d,0x63,0x2c,0x5b,0x4d,0x63,0x6d,0x63,
    0x4d,0x5b,0x4d,0x63,0x6d,0x63,0x4d,0x5b,0x6d,0x63,0x4d,0x5b,0x28,0x3a,0x25,0x21,
    0x26,0x21,0x26,0x21,0x26,0x21,0x26,0x21,0x26,0x21,0x26,0x21,0x26,0x21,0x26,0x21,
    0x26,0x21,0x25,0x21,0x05,0x21,0x95,0xe4,0x18,0xc4,0x18,0xc4,0x18,0xa3,0x10,0xe4,
    0x18,0x25,0x21,0xab,0x52,0xb3,0x94,0x59,0xce,0x39,0xc6,0xdb,0xd6,0xba,0xd6,0x10,
    0x7c,0x09,0x3a,0xa5,0x00,0x27,0x11,0x50,0x53,0x74,0x53,0x54,0x53,0x54,0x4b,0xd6,
    0x63,0x1a,0xd6,0x63,0xff,0xb6,0x63,0xd6,0x5b,0xb6,0x5b,0x75,0x53,0xb6,0x5b,0x16,
    0x6c,0xf6,0x6b,0xb6,0x5b,0xb5,0x5b,0xb5,0x5b,0x95,0x53,0x75,0x53,0xd6,0x63,0xf6,
    0x6b,0xd6,0x63,0xb5,0x5b,0xb5,0x5b,0x30,0x12,0x91,0x2a,0xb8,0xad,0x3a,0xc6,0x3a,
    0xc6,0x39,0xc6,0x5a,0xc6,0x5a,0xce,0x3a,0xc6,0xb8,0xb5,0x95,0x84,0x50,0x1a,0x30,
    0x12,0x10,0x02,0xb2,0x63,0x55,0xa5,0x95,0xad,0xb6,0xb5,0xd7,0xb5,0x18,0xbe,0x38,
    0xc6,0x79,0xce,0x38,0xc6,0x18,0xc6,0xb6,0xb5,0x59,0xc6,0x38,0xc6,0x95,0x84,0xf2,
    0x3a,0x95,0x84,0x76,0xa5,0xf5,0x94,0xd4,0x63,0xb3,0x22,0xb3,0x2a,0xb3,0x2a,0xb2,
    0x22,0x92,0x22,0x92,0x22,0xb2,0x22,0xb3,0x22,0xd3,0x32,0x16,0x9d,0x76,0xad,0xd7,
    0xb5,0xf8,0xbd,0xb7,0xb5,0xb7,0xb5,0x38,0xc6,0x7a,0xce,0xbb,0xd6,0x7a,0xce,0x59,
    0xc6,0x73,0x8c,0x6d,0x01,0x89,0x21,0x88,0x21,0x66,0x21,0xcb,0x4a,0xeb,0x52,0x2c,
    0x5b,0x0c,0x53,0x0c,0x5b,0x2c,0x5b,0x2c,0x5b,0x2c,0x5b,0x0c,0x53,0x0c,0x53,0x0c,
    0x53,0x2c,0x5b,0x0c,0x53,0x0c,0x53,0x0c,0x53,0x2c,0x5b,0x2c,0x5b,0x4d,0x5b,0x2c,
    0x5b,0x2c,0x5b,0x2c,0x5b,0x0c,0x5b,0x2c,0x5b,0x0c,0x5b,0x2c,0x5b,0x2c,0x5b,0x2c,
    0x53,0x2c,0x5b,0x2c,0x5b,0x2c,0x5b,0x0c,0x5b,0x2c,0x5b,0x0c,0x53,0x2c,0x5b,0x2c,
    0x5b,0x2c,0x5b,0x4d,0x63,0x2c,0x5b,0x4d,0x5b,0x4d,0x5b,0x2d,0x5b,0x0c,0x5b,0x2c,
    0x5b,0x2c,0x5b,0x2c,0x5b,0x2c,0x5b,0x2d,0x5b,0x2c,0x5b,0x2c,0x5b,0x4d,0x63,0x2c,
    0x5b,0x2c,0x5b,0xff,0x4d,0x5b,0x4d,0x63,0x4d,0x5b,0x2c,0x5b,0x6d,0x63,0x4d,0x5b,
    0x4d,0x5b,0x4d,0x63,0x4d,0x63,0x4d,0x5b,0x4d,0x5b,0x4d,0x5b,0x2c,0x5b,0x4d,0x63,
    0x6d,0x63,0x2c,0x5b,0x6d,0x63,0x6d,0x63,0x4d,0x5b,0x4d,0x5b,0x4d,0x5b,0x4d,0x5b,
    0x6d,0x63,0x4d,0x63,0x4d,0x63,0x6d,0x63,0x4d,0x63,0x4d,0x5b,0x6d,0x63,0x4d,0x63,
    0x6d,0x63,0x6d,0x63,0x2c,0x5b,0x4d,0x5b,0x4d,0x63,0x4c,0x5b,0x4d,0x63,0x8e,0x63,
    0x4d,0x63,0x4d,0x63,0x4d,0x63,0xcf,0x6b,0x59,0xc6,0xdb,0xde,0xba,0xd6,0xba,0xd6,
    0x9a,0xd6,0x9a,0xd6,0x9a,0xd6,0xba,0xd6,0xba,0xd6,0xba,0xd6,0xbb,0xd6,0xbb,0xd6,
    0xba,0xd6,0xba,0xd6,0x9a,0xd6,0x9a,0xce,0x9a,0xce,0xb6,0xb5,0x71,0x8c,0x6d,0x63,
    0x2c,0x5b,0x2c,0x5b,0x4d,0x5b,0x4d,0x63,0x4d,0x63,0x6d,0x63,0x6d,0x63,0x4d,0x63,
    0x6d,0x63,0x4d,0x5b,0x4d,0x5b,0x6d,0x63,0x4d,0x63,0x4d,0x5b,0x6e,0x63,0x6d,0x63,
    0x4d,0x5b,0x6d,0x63,0x6e,0x63,0x6d,0x63,0x4d,0x5b,0x6d,0x63,0x6d,0x63,0x6d,0x63,
    0x6d,0x63,0x6d,0x63,0x4d,0x63,0x2c,0x5b,0x4d,0x63,0x6e,0x63,0x6d,0x63,0x4d,0x5b,
    0x6d,0x63,0x4d,0x63,0x4d,0x63,0x6d,0x63,0x4d,0x63,0x2c,0x5b,0x4d,0x5b,0x6d,0x63,
    0x4d,0x5b,0x4d,0x5b,0x6d,0x63,0x4d,0x63,0x6d,0x63,0x4d,0x63,0x4d,0x63,0x4d,0x63,
    0x4d,0x5b,0x0c,0x5b,0x08,0x3a,0x46,0x21,0x26,0x21,0x26,0x21,0x26,0x21,0x26,0x21,
    0x26,0x21,0x26,0x21,0x46,0x21,0x46,0x21,0x46,0x21,0x46,0x21,0x46,0x21,0x25,0x21,
    0x05,0x21,0x97,0xa7,0x31,0xc3,0x18,0xc3,0x18,0xc3,0x18,0xc4,0x18,0xa3,0x10,0xa3,
    0x10,0x8a,0x4a,0xf7,0xbd,0xba,0xd6,0x10,0x7c,0x6a,0x42,0xf2,0x73,0xc6,0x00,0x89,
    0x19,0x4f,0x5b,0x94,0x5b,0x54,0x53,0x33,0x4b,0x75,0x53,0x95,0x5b,0xb6,0x5b,0xd6,
    0x63,0x18,0xd6,0x63,0xff,0xb5,0x5b,0x75,0x53,0xb6,0x5b,0x16,0x6c,0xf6,0x6b,0xb6,
    0x63,0xb6,0x5b,0xb5,0x5b,0x95,0x53,0x75,0x53,0xd6,0x6b,0xf6,0x6b,0xd6,0x63,0xb5,
    0x5b,0xb5,0x5b,0xb5,0x5b,0x0f,0x1a,0x75,0x84,0x39,0xc6,0x5a,0xc6,0x39,0xc6,0xb8,
    0xb5,0x77,0xa5,0x77,0xad,0x5a,0xc6,0x5a,0xce,0x39,0xc6,0x53,0x53,0x30,0x0a,0x13,
    0x74,0x75,0xad,0x95,0xad,0xb6,0xb5,0xf7,0xbd,0x18,0xbe,0x58,0xc6,0x79,0xce,0x9a,
    0xd6,0xba,0xd6,0xdb,0xde,0xba,0xd6,0x76,0xad,0xd2,0x6b,0xf2,0x3a,0xd2,0x3a,0x36,
    0xa5,0x9a,0xd6,0xf8,0xbd,0x76,0xad,0x93,0x9c,0xb2,0x32,0xb3,0x22,0xb3,0x2a,0xd3,
    0x2a,0xb3,0x2a,0xb3,0x22,0x92,0x22,0x71,0x5b,0xab,0x4a,0xc7,0x29,0x08,0x32,0x28,
    0x3a,0x69,0x42,0xeb,0x52,0x10,0x7c,0xf3,0x94,0x59,0xc6,0xf8,0xbd,0x18,0xbe,0x53,
    0x84,0x6e,0x42,0xc8,0x29,0xc8,0x29,0x67,0x21,0x69,0x42,0x2c,0x5b,0xeb,0x52,0x0c,
    0x53,0x0c,0x53,0x0c,0x53,0xeb,0x52,0x0c,0x53,0x0c,0x53,0x2c,0x5b,0x0c,0x5b,0x0c,
    0x53,0x2c,0x5b,0x2c,0x5b,0x2c,0x5b,0x0c,0x53,0x2c,0x5b,0x0c,0x5b,0x2c,0x5b,0x2c,
    0x5b,0x2c,0x5b,0x4d,0x5b,0x2c,0x5b,0x2c,0x5b,0x2c,0x5b,0x2c,0x5b,0x2c,0x5b,0x2c,
    0x5b,0x0c,0x53,0x2c,0x5b,0x2c,0x5b,0x4d,0x5b,0x4d,0x5b,0x2c,0x5b,0x2c,0x5b,0x2c,
    0x5b,0x0c,0x53,0x2d,0x5b,0x0c,0x53,0x2d,0x5b,0x2c,0x5b,0x4d,0x5b,0x6d,0x63,0x2c,
    0x5b,0x2c,0x5b,0x2c,0x5b,0x4d,0x5b,0x2d,0x5b,0x4d,0x5b,0x2c,0x5b,0x4d,0x5b,0x4d,
    0x63,0x4d,0x5b,0xff,0x2c,0x5b,0x4d,0x5b,0x4d,0x63,0x4d,0x5b,0x2d,0x5b,0x4d,0x5b,
    0x2c,0x5b,0x4d,0x5b,0x2d,0x5b,0x4d,0x63,0x4d,0x63,0x4d,0x63,0x2c,0x5b,0x4d,0x5b,
    0x4d,0x5b,0x2c,0x5b,0x2d,0x5b,0x4d,0x63,0x4d,0x5b,0x4d,0x5b,0x4d,0x63,0x4d,0x5b,
    0x6d,0x63,0x4d,0x63,0x4d,0x5b,0x4d,0x63,0x4d,0x63,0x4d,0x5b,0x4d,0x63,0x2c,0x5b,
    0x4d,0x63,0x8e,0x63,0x4d,0x63,0x4d,0x5b,0x6d,0x63,0x4d,0x63,0x4d,0x5b,0x4d,0x63,
    0x6d,0x63,0x4d,0x63,0x0c,0x53,0x2d,0x5b,0xb3,0x94,0xd7,0xbd,0x79,0xce,0xba,0xd6,
    0x9a,0xd6,0x9a,0xd6,0x9a,0xd6,0xba,0xd6,0xbb,0xd6,0xba,0xd6,0x9a,0xd6,0x9a,0xce,
    0x9a,0xd6,0x59,0xc6,0x76,0xad,0xcf,0x73,0x2c,0x5b,0x2d,0x5b,0x4d,0x63,0x6d,0x63,
    0x6d,0x63,0x6e,0x63,0x6d,0x63,0x6d,0x63,0x4d,0x5b,0x4d,0x63,0x6d,0x63,0x6d,0x63,
    0x6d,0x63,0x6d,0x63,0x6d,0x63,0x6d,0x63,0x6d,0x63,0x4d,0x5b,0x6d,0x63,0x6d,0x63,
    0x6d,0x63,0x6d,0x63,0x4d,0x63,0x6e,0x63,0x4d,0x63,0x6d,0x63,0x4d,0x63,0x6d,0x63,
    0x4d,0x63,0x6d,0x63,0x6d,0x63,0x6d,0x63,0x2c,0x5b,0x6d,0x63,0x6d,0x63,0x4d,0x5b,
    0x6d,0x63,0x4d,0x63,0x4d,0x5b,0x6d,0x63,0x6e,0x63,0x6d,0x63,0x2d,0x5b,0x6d,0x63,
    0x6d,0x63,0x6d,0x63,0x6d,0x63,0x4d,0x63,0x4d,0x5b,0x4d,0x5b,0x4d,0x63,0x2c,0x5b,
    0x08,0x32,0x25,0x21,0x26,0x21,0x26,0x21,0x26,0x21,0x26,0x21,0x26,0x21,0x26,0x21,
    0x46,0x21,0x46,0x21,0x87,0x21,0x87,0x29,0x87,0x29,0x86,0x29,0xa7,0x29,0x0b,0x53,
    0xce,0x6b,0x99,0x8e,0x6b,0xaa,0x52,0x08,0x3a,0xc4,0x18,0xa3,0x10,0xc4,0x10,0xa4,
    0x10,0x08,0x3a,0x6d,0x6b,0x6a,0x42,0x53,0x84,0x15,0x74,0xeb,0x29,0x6b,0x3a,0xec,
    0x4a,0x93,0x5b,0x54,0x4b,0x33,0x4b,0x94,0x5b,0x16,0x6c,0xd6,0x63,0xb6,0x5b,0xb5,
    0x5b,0xb6,0x5b,0xd6,0x63,0x14,0xd6,0x63,0xff,0xb5,0x5b,0x75,0x53,0xb6,0x5b,0x16,
    0x6c,0xf6,0x6b,0xb6,0x5b,0xb6,0x5b,0xb6,0x5b,0x95,0x53,0x75,0x53,0xd6,0x6b,0xf6,
    0x6b,0xd6,0x63,0xb6,0x5b,0xb5,0x5b,0xb5,0x5b,0xb5,0x5b,0xb1,0x3a,0xb8,0xb5,0x39,
    0xc6,0xf9,0xb5,0xf4,0x6b,0x91,0x2a,0x51,0x1a,0x71,0x22,0x98,0xad,0x5a,0xc6,0x5a,
    0xc6,0xf6,0x94,0x15,0x9d,0xb6,0xad,0x96,0xad,0xb6,0xb5,0xf7,0xbd,0x18,0xbe,0x59,
    0xc6,0x79,0xce,0x9a,0xd6,0xbb,0xd6,0xdb,0xde,0xba,0xd6,0xf8,0xbd,0x93,0x5b,0x91,
    0x32,0xf2,0x42,0x73,0x84,0x38,0xc6,0xbb,0xd6,0xbb,0xd6,0x59,0xc6,0xf5,0x9c,0xd3,
    0x32,0xd3,0x2a,0xd3,0x2a,0xd3,0x2a,0xb3,0x2a,0xd3,0x32,0xd2,0x32,0x87,0x29,0x87,
    0x29,0x29,0x3a,0xae,0x6b,0x71,0x84,0x34,0xa5,0xf3,0x9c,0xf3,0x94,0xd6,0xb5,0x39,
    0xc6,0xd8,0xb5,0x18,0xc6,0xdb,0xde,0xd3,0x94,0xc8,0x29,0xe8,0x29,0xc8,0x29,0xa7,
    0x29,0xeb,0x4a,0x0c,0x5b,0x0c,0x53,0x0c,0x53,0x0c,0x53,0x0c,0x53,0x0c,0x53,0x2c,
    0x5b,0x0c,0x53,0x0c,0x53,0x0c,0x53,0x0c,0x53,0x2c,0x5b,0x0c,0x53,0x0c,0x53,0xeb,
    0x52,0x0c,0x53,0x0c,0x53,0x0c,0x53,0x2c,0x5b,0x0c,0x53,0x4d,0x5b,0x2c,0x5b,0x2c,
    0x5b,0x4d,0x5b,0x2c,0x5b,0x4d,0x5b,0x2c,0x5b,0x2c,0x5b,0x2c,0x5b,0x2c,0x5b,0x2c,
    0x5b,0x4d,0x5b,0x4d,0x5b,0x2c,0x5b,0x2c,0x5b,0x4d,0x5b,0x4d,0x5b,0x0c,0x5b,0x2c,
    0x5b,0x2c,0x5b,0x0c,0x53,0x4d,0x5b,0x4d,0x63,0x2c,0x5b,0x2c,0x5b,0x4d,0x5b,0x4d,
    0x5b,0x4d,0x5b,0x4d,0x5b,0x4d,0x5b,0xff,0x4d,0x5b,0x4d,0x5b,0x2c,0x5b,0x4d,0x63,
    0x4d,0x63,0x4d,0x5b,0x2c,0x5b,0x4d,0x5b,0x2d,0x5b,0x4d,0x5b,0x2c,0x5b,0x2c,0x5b,
    0x4d,0x63,0x6d,0x63,0x2d,0x5b,0x4d,0x5b,0x4d,0x63,0x6d,0x63,0x6d,0x63,0x8e,0x63,
    0x4d,0x63,0x6d,0x63,0x4d,0x5b,0x0c,0x5b,0x2d,0x5b,0x4d,0x5b,0x2c,0x5b,0x6d,0x63,
    0x4d,0x5b,0x4d,0x5b,0x6d,0x63,0x4d,0x5b,0x2d,0x5b,0x2c,0x5b,0x4d,0x63,0x6d,0x63,
    0x6d,0x63,0x4d,0x63,0x4d,0x5b,0x6d,0x63,0x6d,0x63,0x4d,0x63,0x6d,0x63,0x2d,0x5b,
    0x2d,0x5b,0x6e,0x63,0x93,0x8c,0xd7,0xb5,0x18,0xbe,0x79,0xce,0x79,0xce,0x59,0xce,
    0x39,0xc6,0xf7,0xbd,0x55,0xa5,0x31,0x7c,0x4d,0x63,0x2c,0x5b,0x4d,0x63,0x4d,0x63,
    0x6d,0x63,0x6d,0x63,0x6d,0x63,0x4d,0x63,0x6d,0x63,0x4d,0x5b,0x6d,0x63,0x4d,0x63,
    0x4d,0x63,0x6e,0x63,0x6d,0x63,0x4d,0x5b,0x4d,0x5b,0x6d,0x63,0x4d,0x5b,0x4d,0x5b,
    0x2c,0x5b,0x2d,0x5b,0x4d,0x5b,0x4d,0x5b,0x4d,0x63,0x2d,0x5b,0x2c,0x5b,0x8e,0x63,
    0x4d,0x63,0x4d,0x63,0x2c,0x5b,0x4d,0x5b,0x2c,0x5b,0x2c,0x5b,0x4d,0x5b,0x4d,0x63,
    0x4d,0x63,0x6d,0x63,0x6d,0x63,0x4d,0x63,0x4d,0x5b,0x4d,0x63,0x2c,0x5b,0x2c,0x5b,
    0x6d,0x63,0x6e,0x63,0x2d,0x5b,0x4d,0x63,0x4d,0x5b,0x6d,0x63,0x4c,0x5b,0x2c,0x5b,
    0x6d,0x63,0x4d,0x5b,0x08,0x3a,0x25,0x21,0x26,0x21,0x26,0x21,0x26,0x21,0x26,0x21,
    0x26,0x21,0x26,0x21,0x26,0x21,0x46,0x21,0x66,0x21,0x86,0x29,0xa7,0x29,0xa7,0x29,
    0xa7,0x29,0x2c,0x5b,0xce,0x6b,0xff,0xce,0x73,0xef,0x73,0x30,0x7c,0x55,0xa5,0xf8,
    0xbd,0x0c,0x5b,0xc4,0x10,0x84,0x08,0xa4,0x08,0xc8,0x31,0x94,0x8c,0xf5,0x6b,0xb4,
    0x63,0xef,0x4a,0x8b,0x3a,0x09,0x32,0x31,0x53,0x54,0x4b,0x53,0x4b,0x54,0x53,0xf6,
    0x6b,0x16,0x74,0x37,0x74,0xf6,0x6b,0xd6,0x63,0xb6,0x5b,0xb6,0x5b,0xb6,0x5b,0xd6,
    0x63,0xd6,0x63,0xd6,0x63,0xd6,0x63,0xd6,0x63,0xd6,0x63,0xd6,0x63,0xd6,0x63,0xd6,
    0x63,0xd6,0x63,0xd6,0x63,0xd6,0x63,0xd6,0x63,0xd6,0x63,0xd6,0x63,0xd6,0x63,0xd6,
    0x63,0xb6,0x5b,0x75,0x53,0xb6,0x5b,0x16,0x6c,0xf6,0x6b,0xd6,0x5b,0xb5,0x5b,0xb5,
    0x5b,0x95,0x53,0x75,0x53,0xd6,0x63,0xf6,0x6b,0xd6,0x63,0xb5,0x5b,0xb5,0x5b,0xb5,
    0x5b,0xb5,0x5b,0xb5,0x5b,0xef,0x01,0xb1,0x3a,0xb3,0x63,0xb1,0x3a,0xef,0x01,0x10,
    0x02,0x30,0x0a,0xb3,0x63,0xf9,0xbd,0x5a,0xce,0x39,0xc6,0x95,0xad,0x95,0xad,0xb6,
    0xb5,0xd7,0xb5,0xf7,0xbd,0x18,0xbe,0x59,0xc6,0x99,0xce,0xba,0xd6,0xdb,0xde,0xdb,
    0xde,0x9a,0xd6,0x76,0xa5,0x52,0x53,0xd2,0x3a,0x6f,0x2a,0xf1,0x73,0x34,0xa5,0xd7,
    0xb5,0x59,0xce,0xba,0xd6,0x74,0x84,0xb3,0x2a,0xb3,0x22,0xb3,0x22,0xb3,0x2a,0xd3,
    0x2a,0x34,0x43,0xf4,0x6b,0xf4,0x6b,0x4e,0x63,0x8b,0x4a,0x26,0x19,0x09,0x3a,0x10,
    0x7c,0x75,0xad,0x38,0xc6,0xf7,0xbd,0x15,0x9d,0x76,0xad,0x38,0xc6,0xdb,0xde,0xba,
    0xd6,0xaf,0x73,0xe8,0x29,0xc8,0x29,0xc8,0x29,0x66,0x21,0x08,0x3a,0xcb,0x4a,0xeb,
    0x52,0x0c,0x53,0x0c,0x53,0xff,0x0c,0x53,0x2c,0x5b,0x0c,0x53,0x2c,0x5b,0x0c,0x53,
    0x2c,0x5b,0x2c,0x5b,0x0c,0x53,0x2c,0x5b,0x2c,0x5b,0x2c,0x5b,0x2c,0x5b,0x2c,0x5b,
    0x2c,0x5b,0x2d,0x5b,0x2c,0x5b,0x0c,0x5b,0x2c,0x5b,0x2c,0x5b,0x0c,0x5b,0x0c,0x53,
    0x2c,0x5b,0x2c,0x5b,0x2c,0x5b,0x2c,0x5b,0x2c,0x5b,0x2c,0x5b,0x2c,0x5b,0x2c,0x5b,
    0x2c,0x5b,0x2c,0x5b,0x2d,0x5b,0x2c,0x5b,0x2c,0x5b,0x2c,0x5b,0x2c,0x5b,0x2c,0x5b,
    0x2d,0x5b,0x2c,0x5b,0x2c,0x5b,0x4d,0x5b,0x2c,0x5b,0x2c,0x5b,0x2c,0x5b,0x2d,0x5b,
    0x2c,0x5b,0x2c,0x5b,0x4d,0x5b,0x4d,0x5b,0x2c,0x5b,0x2c,0x5b,0x4d,0x5b,0x4d,0x5b,
    0x6d,0x63,0x4d,0x5b,0x4d,0x5b,0x4d,0x5b,0x6d,0x63,0x2c,0x5b,0x2c,0x5b,0x4d,0x5b,
    0x4d,0x5b,0x4d,0x5b,0x4d,0x5b,0x4d,0x5b,0x2c,0x5b,0x4d,0x5b,0x4d,0x5b,0x6d,0x63,
    0x6d,0x63,0x6d,0x63,0x4d,0x63,0x4d,0x63,0x4d,0x5b,0x4d,0x63,0x6d,0x63,0x4d,0x63,
    0x4d,0x5b,0x4d,0x5b,0x6d,0x63,0x4d,0x5b,0x4d,0x5b,0x4d,0x5b,0x4d,0x63,0x4d,0x63,
    0x4d,0x5b,0x6d,0x63,0x4d,0x5b,0x4d,0x5b,0x4d,0x63,0x4d,0x63,0x6d,0x63,0x4c,0x5b,
    0x4d,0x5b,0x6e,0x63,0xaf,0x6b,0x4e,0x5b,0x4e,0x5b,0x4e,0x5b,0x2d,0x5b,0x0c,0x53,
    0x2c,0x5b,0x4d,0x63,0x4d,0x5b,0x4d,0x5b,0x6d,0x63,0x4d,0x63,0x6d,0x63,0x6d,0x63,
    0x6d,0x63,0x4d,0x63,0x6d,0x63,0x4d,0x63,0x4d,0x5b,0x4d,0x63,0x4d,0x63,0x4d,0x63,
    0x4d,0x63,0x6d,0x63,0x6d,0x63,0x6d,0x63,0x4d,0x63,0x4d,0x5b,0x6d,0x63,0x6d,0x63,
    0x6d,0x63,0x6d,0x63,0xff,0x6d,0x63,0x6d,0x63,0x6d,0x63,0x4d,0x63,0x4d,0x63,0x6d,
    0x63,0x6d,0x63,0x6d,0x63,0x6d,0x63,0x4d,0x5b,0x6d,0x63,0x4d,0x63,0x4d,0x63,0x6d,
    0x63,0x4d,0x63,0x6d,0x63,0x4d,0x63,0x6d,0x63,0x8e,0x63,0x4d,0x63,0x4d,0x63,0x6d,
    0x63,0x4d,0x5b,0x4d,0x63,0x4d,0x63,0x6d,0x63,0x6d,0x63,0x2c,0x5b,0xe8,0x31,0x25,
    0x21,0x26,0x21,0x26,0x21,0x26,0x21,0x26,0x21,0x26,0x21,0x26,0x21,0x26,0x21,0x26,
    0x21,0x46,0x21,0x46,0x21,0x66,0x21,0x66,0x29,0x45,0x21,0x29,0x3a,0xcf,0x73,0xef,
    0x73,0xef,0x73,0x0f,0x7c,0x96,0xad,0x7a,0xce,0x39,0xc6,0x9a,0xd6,0xaf,0x73,0x23,
    0x00,0xa4,0x00,0x67,0x21,0xf4,0x6b,0xb5,0x63,0x94,0x5b,0x11,0x53,0x46,0x21,0x05,
    0x21,0x8d,0x42,0x54,0x53,0x53,0x4b,0x33,0x4b,0xb5,0x63,0xd6,0x63,0xf6,0x63,0xf6,
    0x6b,0x16,0x74,0x17,0x74,0xf6,0x6b,0xd6,0x63,0xb6,0x5b,0xb6,0x5b,0xb6,0x5b,0xd6,
    0x63,0xd6,0x63,0xd6,0x63,0xd6,0x63,0xd6,0x63,0xd6,0x63,0xd6,0x63,0xd6,0x63,0xd6,
    0x63,0xd6,0x63,0xd6,0x63,0xd6,0x63,0xd6,0x5b,0xb5,0x5b,0x75,0x53,0xb6,0x5b,0x16,
    0x74,0xf6,0x6b,0xd6,0x63,0xb5,0x5b,0xb5,0x5b,0x95,0x53,0x75,0x53,0xd6,0x63,0x16,
    0x6c,0xd6,0x63,0xb5,0x5b,0xb5,0x5b,0xb5,0x5b,0xb5,0x5b,0xb5,0x5b,0xb5,0x5b,0xef,
    0x01,0xef,0x01,0xef,0x01,0x0f,0x12,0x70,0x22,0xb1,0x3a,0x14,0x74,0x19,0xbe,0x5a,
    0xc6,0x39,0xc6,0x75,0xad,0x95,0xad,0xb6,0xb5,0xd7,0xb5,0x18,0xbe,0x38,0xc6,0x79,
    0xce,0x9a,0xce,0xff,0x9a,0xd6,0xbb,0xd6,0xdb,0xde,0x9a,0xd6,0x56,0xa5,0x12,0x4b,
    0xd2,0x3a,0xef,0x4a,0xce,0x4a,0x0f,0x7c,0x91,0x8c,0xb6,0xb5,0x9a,0xd6,0x74,0x84,
    0xb3,0x22,0xb3,0x22,0xb3,0x22,0xb3,0x22,0xb3,0x22,0x15,0x74,0xf9,0xbd,0x5a,0xce,
    0x5a,0xce,0x59,0xc6,0x18,0xbe,0xf8,0xb5,0x35,0xa5,0xcf,0x73,0xcc,0x52,0x2d,0x5b,
    0xd4,0x94,0x12,0x7c,0x15,0xa5,0x7a,0xce,0xdb,0xde,0x9a,0xd6,0xab,0x4a,0xc8,0x29,
    0xe8,0x29,0xc8,0x29,0x46,0x19,0x42,0x00,0x83,0x08,0x86,0x29,0x6a,0x42,0xeb,0x52,
    0xeb,0x52,0x0c,0x53,0x0c,0x53,0xeb,0x52,0x2c,0x5b,0x0c,0x53,0x0c,0x53,0xec,0x52,
    0x2c,0x5b,0x0c,0x53,0x0c,0x53,0x2c,0x5b,0x2c,0x5b,0x0c,0x53,0xeb,0x52,0x2c,0x5b,
    0x0c,0x53,0x2c,0x5b,0x0c,0x5b,0x2c,0x5b,0x0c,0x5b,0x2c,0x5b,0x0c,0x53,0x2c,0x5b,
    0x4d,0x5b,0x2c,0x5b,0x2c,0x5b,0x2c,0x5b,0x2c,0x5b,0x2c,0x5b,0x4d,0x5b,0x2c,0x5b,
    0x4d,0x5b,0x2c,0x5b,0x2c,0x5b,0x2c,0x5b,0x4d,0x5b,0x4d,0x5b,0x2c,0x5b,0x2c,0x5b,
    0x2c,0x5b,0x4d,0x5b,0x4d,0x5b,0x4d,0x5b,0x4d,0x5b,0x4d,0x5b,0x4d,0x5b,0x2c,0x5b,
    0x2d,0x5b,0x4d,0x63,0x4d,0x5b,0x4d,0x63,0x2c,0x5b,0x2c,0x5b,0x4d,0x5b,0x2c,0x5b,
    0x2c,0x5b,0x2c,0x5b,0x4d,0x5b,0x4d,0x63,0x2d,0x5b,0x4d,0x5b,0x2d,0x5b,0x4d,0x5b,
    0x4d,0x5b,0x2d,0x5b,0x4d,0x63,0x4d,0x5b,0x4d,0x63,0x4d,0x5b,0x4d,0x5b,0x4d,0x5b,
    0x6d,0x63,0x2d,0x5b,0x2d,0x5b,0x4d,0x5b,0x4d,0x5b,0x4d,0x5b,0x6d,0x63,0x2c,0x5b,
    0x6d,0x63,0xff,0x6d,0x63,0x4d,0x5b,0x4d,0x5b,0x6d,0x63,0x6d,0x63,0x2c,0x5b,0x6d,
    0x63,0x4d,0x63,0x4d,0x63,0x4d,0x63,0x4d,0x63,0x6d,0x63,0x4d,0x5b,0x6d,0x63,0x4d,
    0x63,0x4d,0x63,0x4d,0x5b,0x4d,0x5b,0x2d,0x5b,0x4d,0x5b,0x4d,0x5b,0x2c,0x5b,0x6d,
    0x63,0x6d,0x63,0x4d,0x63,0x6d,0x63,0x4d,0x5b,0x4d,0x5b,0x4d,0x5b,0x4d,0x5b,0x4d,
    0x5b,0x8e,0x63,0x6d,0x63,0x6d,0x63,0x4d,0x5b,0x6d,0x63,0x6d,0x63,0x4d,0x5b,0x6d,
    0x63,0x2c,0x5b,0x4d,0x5b,0x6d,0x63,0x4d,0x63,0x6d,0x63,0x2c,0x5b,0x2c,0x5b,0x4d,
    0x5b,0x4d,0x63,0x2c,0x5b,0x6d,0x63,0x6d,0x63,0x4d,0x5b,0x4d,0x63,0x4d,0x63,0x4d,
    0x63,0x6d,0x63,0x4d,0x5b,0x4d,0x5b,0x4d,0x63,0x4d,0x5b,0x4d,0x5b,0x4d,0x63,0x6d,
    0x63,0x4d,0x5b,0x4d,0x5b,0x4d,0x5b,0x4d,0x63,0x6d,0x63,0x4d,0x63,0x4d,0x5b,0x2c,
    0x5b,0x4d,0x5b,0x0c,0x5b,0xe7,0x31,0x25,0x21,0x26,0x21,0x26,0x21,0x26,0x21,0x26,
    0x21,0x26,0x21,0x46,0x21,0x46,0x21,0x26,0x21,0x25,0x21,0x25,0x21,0x05,0x21,0xe4,
    0x18,0xc4,0x18,0xc3,0x18,0xa3,0x18,0x25,0x21,0x2d,0x63,0x51,0x84,0x54,0xa5,0x7a,
    0xce,0x38,0xc6,0xdb,0xde,0x9a,0xd6,0xef,0x7b,0x26,0x19,0xa5,0x00,0x27,0x19,0x72,
    0x5b,0xb4,0x5b,0x94,0x5b,0x32,0x53,0x05,0x19,0xc3,0x18,0xc9,0x29,0x33,0x4b,0x33,
    0x4b,0x33,0x4b,0x95,0x5b,0xd6,0x63,0xd6,0x63,0xd6,0x63,0xd6,0x63,0xf6,0x63,0x16,
    0x6c,0x17,0x74,0x37,0x74,0xf6,0x6b,0xb6,0x5b,0x96,0x5b,0xb6,0x5b,0xb6,0x5b,0xd6,
    0x63,0xff,0xd6,0x63,0xd6,0x63,0xd6,0x63,0xd6,0x63,0xd6,0x63,0xd6,0x63,0xd6,0x63,
    0xd6,0x63,0xb6,0x5b,0x75,0x53,0xb6,0x5b,0x16,0x6c,0xf6,0x6b,0xd6,0x63,0xb5,0x5b,
    0xb6,0x5b,0x95,0x53,0x75,0x53,0xd6,0x63,0x16,0x6c,0xd6,0x63,0xb5,0x5b,0xb5,0x5b,
    0xb5,0x5b,0xb5,0x5b,0xb5,0x5b,0xb5,0x5b,0xb5,0x5b,0xef,0x01,0x0f,0x02,0x52,0x53,
    0x16,0x9d,0x98,0xad,0xd8,0xb5,0x39,0xc6,0x7a,0xce,0xd8,0xb5,0x4e,0x63,0xb2,0x94,
    0xf7,0xbd,0xf7,0xbd,0x18,0xbe,0x38,0xc6,0x79,0xce,0x9a,0xd6,0xba,0xd6,0xdb,0xde,
    0xbb,0xd6,0x9a,0xce,0xf5,0x94,0xd2,0x3a,0xd1,0x32,0xb0,0x3a,0x8b,0x42,0xc8,0x29,
    0x4d,0x63,0x71,0x84,0x59,0xce,0xd3,0x73,0x72,0x1a,0xb3,0x22,0xb3,0x22,0xb3,0x22,
    0xb3,0x2a,0x75,0x7c,0x35,0xa5,0x14,0x9d,0xd3,0x94,0xd3,0x94,0x55,0xa5,0x18,0xbe,
    0x9a,0xce,0xbb,0xd6,0x9a,0xd6,0xf8,0xbd,0xf4,0x9c,0x6c,0x01,0x4c,0x01,0x4c,0x01,
    0x6e,0x42,0xb1,0x73,0xb3,0x94,0x26,0x19,0x87,0x21,0xa8,0x21,0xa8,0x29,0xe5,0x10,
    0x42,0x00,0x42,0x00,0x42,0x00,0x42,0x00,0xe4,0x10,0xa7,0x29,0x69,0x42,0xeb,0x52,
    0x0c,0x53,0x0c,0x5b,0x0c,0x53,0x2c,0x5b,0x2c,0x5b,0x2c,0x5b,0x2c,0x5b,0x2c,0x5b,
    0x4d,0x5b,0x2c,0x5b,0x0c,0x53,0x2c,0x5b,0x2c,0x5b,0x4d,0x5b,0x2c,0x5b,0x2c,0x5b,
    0x2c,0x5b,0x0c,0x53,0x2c,0x5b,0x2c,0x5b,0x2c,0x5b,0x2c,0x5b,0x2c,0x5b,0x2c,0x5b,
    0x4d,0x5b,0x2c,0x5b,0x2c,0x5b,0x0c,0x53,0x2c,0x5b,0x2d,0x5b,0x2c,0x5b,0x4d,0x5b,
    0xff,0x2c,0x5b,0x2c,0x5b,0x2c,0x5b,0x0c,0x53,0x2c,0x5b,0x2c,0x5b,0x4d,0x5b,0x2c,
    0x5b,0x2c,0x5b,0x0c,0x5b,0x4d,0x5b,0x2c,0x5b,0x4d,0x5b,0x4d,0x63,0x4d,0x5b,0x4d,
    0x63,0x4d,0x5b,0x4d,0x5b,0x2d,0x5b,0x4d,0x5b,0x2c,0x5b,0x2c,0x5b,0x2d,0x5b,0x6d,
    0x63,0x2c,0x5b,0x4d,0x63,0x2c,0x5b,0x4d,0x5b,0x2c,0x5b,0x2c,0x5b,0x4d,0x5b,0x4d,
    0x5b,0x4d,0x5b,0x4d,0x5b,0x4d,0x5b,0x4d,0x5b,0x2c,0x5b,0x2c,0x5b,0x6d,0x63,0x4d,
    0x63,0x4d,0x5b,0x4d,0x5b,0x6d,0x63,0x6d,0x63,0x4d,0x63,0x4d,0x5b,0x4d,0x5b,0x2d,
    0x5b,0x4d,0x5b,0x4d,0x63,0x4d,0x5b,0x4d,0x63,0x6d,0x63,0x4d,0x5b,0x4d,0x63,0x4d,
    0x5b,0x4d,0x5b,0x4d,0x5b,0x4d,0x5b,0x4d,0x63,0x6d,0x63,0x2c,0x5b,0x4d,0x63,0x4d,
    0x5b,0x4d,0x5b,0x6d,0x63,0x4d,0x63,0x6d,0x63,0x4d,0x5b,0x4d,0x5b,0x4d,0x63,0x4d,
    0x63,0x6d,0x63,0x4d,0x63,0x4d,0x5b,0x4d,0x63,0x4d,0x5b,0x6d,0x63,0x4d,0x63,0x6d,
    0x63,0x6e,0x63,0x6d,0x63,0x6e,0x63,0x6d,0x63,0x4d,0x5b,0x4d,0x5b,0x4d,0x63,0x2c,
    0x5b,0x4d,0x5b,0x2c,0x5b,0x4d,0x63,0x2c,0x5b,0x4d,0x5b,0x6d,0x63,0x6d,0x63,0x4d,
    0x63,0x4d,0x63,0x6d,0x63,0x4d,0x5b,0x2d,0x5b,0x6d,0x63,0x2c,0x5b,0x4d,0x5b,0x6d,
    0x63,0x4d,0x63,0x6d,0x63,0x4d,0x5b,0x4d,0x5b,0x6d,0x63,0x4d,0x5b,0x6d,0x63,0x4d,
    0x5b,0x2c,0x5b,0x4d,0x63,0x4d,0x5b,0x4d,0x63,0x6d,0x63,0x0c,0x5b,0xe7,0x31,0x25,
    0x21,0x26,0x21,0x26,0x21,0x26,0x21,0x26,0x21,0x46,0x21,0x46,0x21,0x46,0x21,0xff,
    0x46,0x21,0x46,0x21,0x26,0x21,0x25,0x21,0x05,0x21,0xe4,0x18,0xe4,0x18,0xc4,0x18,
    0xa3,0x10,0xc3,0x18,0xa3,0x10,0xe4,0x18,0xcb,0x52,0x14,0x9d,0xdb,0xd6,0xba,0xd6,
    0xae,0x73,0x6a,0x42,0x8c,0x42,0xe6,0x08,0x88,0x19,0x50,0x53,0x94,0x5b,0x74,0x5b,
    0x53,0x53,0x47,0x21,0xe4,0x20,0x88,0x29,0x12,0x4b,0x33,0x4b,0x33,0x4b,0x94,0x53,
    0xb5,0x5b,0xd6,0x63,0xd6,0x63,0xd6,0x63,0xd6,0x63,0xd6,0x63,0xd6,0x63,0xf6,0x63,
    0x16,0x6c,0x17,0x74,0x17,0x74,0xf6,0x6b,0xb6,0x5b,0x95,0x53,0x96,0x5b,0xb6,0x5b,
    0xd6,0x63,0xd6,0x63,0xd6,0x63,0xd6,0x5b,0xd6,0x63,0xb6,0x5b,0x75,0x53,0xb6,0x5b,
    0x16,0x6c,0xf6,0x6b,0xd6,0x63,0xb5,0x5b,0xb5,0x5b,0x95,0x53,0x75,0x53,0xd6,0x63,
    0x16,0x6c,0xd6,0x63,0xb6,0x5b,0xb5,0x5b,0xb5,0x5b,0xb5,0x5b,0xb5,0x5b,0xb5,0x5b,
    0xb5,0x5b,0xb5,0x5b,0x0f,0x0a,0x30,0x12,0xb5,0x8c,0x5a,0xc6,0x5a,0xc6,0x19,0xc6,
    0xf8,0xb5,0xb8,0xb5,0xb6,0x8c,0x6f,0x32,0x4b,0x01,0x69,0x19,0x11,0x84,0x55,0xad,
    0x38,0xc6,0xba,0xd6,0xbb,0xd6,0xdb,0xde,0xba,0xd6,0x39,0xc6,0x36,0x9d,0x12,0x43,
    0xb1,0x32,0x11,0x53,0x8e,0x7b,0x4a,0x42,0x8c,0x42,0x70,0x5b,0x8f,0x6b,0x31,0x5b,
    0x72,0x12,0x92,0x22,0xb3,0x22,0xb3,0x22,0xb3,0x22,0x32,0x4b,0x4d,0x5b,0xe8,0x31,
    0x08,0x32,0x69,0x42,0xcb,0x4a,0x8d,0x63,0x30,0x7c,0xd3,0x8c,0x18,0xbe,0x39,0xc6,
    0x18,0xbe,0x32,0x7c,0x6c,0x01,0x6c,0x01,0x6c,0x01,0x6c,0x01,0x6c,0x01,0xff,0xe8,
    0x08,0x26,0x19,0x47,0x21,0x67,0x21,0x67,0x21,0x83,0x08,0x42,0x00,0x42,0x00,0x42,
    0x00,0x42,0x00,0x42,0x00,0x42,0x00,0x42,0x00,0x04,0x19,0x08,0x32,0x8a,0x42,0xeb,
    0x52,0x0c,0x53,0x0c,0x53,0x0c,0x53,0x0c,0x53,0x0c,0x53,0x0c,0x53,0x2c,0x5b,0x2c,
    0x5b,0x0c,0x53,0x2c,0x5b,0x0c,0x53,0x2c,0x5b,0x2c,0x5b,0x2c,0x5b,0x2c,0x5b,0x2c,
    0x5b,0x2c,0x5b,0x2c,0x5b,0x2c,0x5b,0x2c,0x5b,0x2c,0x5b,0x0c,0x53,0x2c,0x5b,0x2c,
    0x5b,0x2c,0x5b,0x2d,0x5b,0x2c,0x5b,0x2c,0x5b,0x2c,0x5b,0x4d,0x5b,0x4d,0x5b,0x2c,
    0x5b,0x4d,0x5b,0x2c,0x5b,0x4d,0x5b,0x4d,0x5b,0x2c,0x5b,0x4d,0x5b,0x4d,0x5b,0x2c,
    0x5b,0x4d,0x5b,0x2d,0x5b,0x2c,0x5b,0x2c,0x5b,0x2c,0x5b,0x2c,0x5b,0x2c,0x5b,0x4d,
    0x5b,0x2c,0x5b,0x4d,0x5b,0x4d,0x5b,0x4d,0x63,0x2c,0x5b,0x4d,0x63,0x2c,0x5b,0x4d,
    0x5b,0x4d,0x5b,0x6d,0x63,0x4d,0x5b,0x4d,0x5b,0x4d,0x5b,0x4d,0x5b,0x4d,0x63,0x4d,
    0x63,0x4d,0x63,0x4d,0x63,0x4d,0x5b,0x2c,0x5b,0x4d,0x5b,0x4d,0x5b,0x4d,0x63,0x4d,
    0x5b,0x4d,0x5b,0x4d,0x5b,0x4d,0x5b,0x4d,0x63,0x4d,0x63,0x4d,0x63,0x4d,0x5b,0x6d,
    0x63,0x6d,0x63,0x2d,0x5b,0x2d,0x5b,0x4d,0x5b,0x4d,0x63,0x4d,0x5b,0x4d,0x63,0x6d,
    0x63,0x4d,0x63,0x6d,0x63,0x6d,0x63,0x6d,0x63,0x4d,0x5b,0x6d,0x63,0x6d,0x63,0x4d,
    0x63,0x4d,0x5b,0x6d,0x63,0x6d,0x63,0x4d,0x63,0x4d,0x5b,0x6d,0x63,0x4d,0x5b,0x4d,
    0x63,0x6d,0x63,0x4d,0x5b,0x4d,0x5b,0x4d,0x5b,0x4d,0x5b,0x4d,0x5b,0xff,0x4d,0x5b,
    0x4d,0x5b,0x4d,0x5b,0x4d,0x63,0x6d,0x63,0x6d,0x63,0x6d,0x63,0x6d,0x63,0x6d,0x63,
    0x6d,0x63,0x6e,0x63,0x6d,0x63,0x4d,0x5b,0x4d,0x5b,0x4d,0x63,0x4d,0x63,0x2d,0x5b,
    0x6d,0x63,0x6d,0x63,0x4d,0x5b,0x6d,0x63,0x6d,0x63,0x4d,0x5b,0x4d,0x5b,0x2c,0x5b,
    0x6d,0x63,0x4d,0x5b,0x2c,0x5b,0x6d,0x63,0x4d,0x63,0x4d,0x63,0x6d,0x63,0x4d,0x63,
    0x4d,0x5b,0x4d,0x5b,0x0c,0x53,0xc7,0x31,0x26,0x21,0x26,0x21,0x26,0x21,0x26,0x21,
    0x26,0x21,0x46,0x21,0x46,0x21,0x46,0x21,0x66,0x21,0x87,0x21,0x66,0x29,0x86,0x29,
    0x86,0x29,0x86,0x29,0x2c,0x5b,0x4c,0x5b,0x8a,0x4a,0x86,0x29,0x62,0x08,0xa3,0x10,
    0xc3,0x10,0xa3,0x10,0x83,0x08,0xb2,0x94,0xae,0x73,0x6a,0x42,0xf2,0x6b,0x31,0x5b,
    0x68,0x19,0x2a,0x32,0xee,0x4a,0x74,0x5b,0x74,0x53,0x74,0x53,0x6c,0x3a,0x29,0x3a,
    0x6e,0x63,0x52,0x53,0x33,0x4b,0x73,0x53,0x32,0x7c,0xd7,0x8c,0xb5,0x5b,0xb6,0x5b,
    0xd6,0x5b,0xd6,0x63,0xd6,0x63,0xd6,0x63,0xd6,0x63,0xd6,0x63,0xd6,0x63,0xf6,0x6b,
    0x16,0x6c,0x16,0x74,0x16,0x6c,0xd6,0x63,0xb6,0x5b,0x95,0x53,0x96,0x5b,0xb6,0x5b,
    0xb6,0x5b,0xb6,0x5b,0x75,0x53,0xb6,0x5b,0x16,0x74,0xf6,0x6b,0xd6,0x63,0xd6,0x5b,
    0xb6,0x5b,0x95,0x53,0x75,0x53,0xd6,0x63,0x16,0x6c,0xd6,0x63,0xb6,0x5b,0xb5,0x5b,
    0xb5,0x5b,0xb5,0x5b,0xb5,0x5b,0xb5,0x5b,0xb5,0x5b,0xb5,0x5b,0xb5,0x5b,0x52,0x53,
    0x52,0x53,0xf2,0x42,0xd2,0x3a,0xb1,0x32,0x91,0x2a,0x71,0x22,0xff,0x71,0x22,0x70,
    0x22,0xcd,0x11,0x6b,0x01,0x29,0x09,0x29,0x09,0x6a,0x19,0x0a,0x3a,0x30,0x84,0x39,
    0xc6,0xba,0xd6,0x18,0xbe,0xf5,0x94,0x12,0x43,0x12,0x43,0x32,0x4b,0xb0,0x3a,0xaf,
    0x4a,0xa9,0x21,0x4a,0x42,0x6d,0x42,0x30,0x1a,0xb3,0x2a,0xb3,0x22,0x92,0x22,0xb2,
    0x22,0xb3,0x22,0xb2,0x22,0x4b,0x3a,0x09,0x32,0x49,0x3a,0x2c,0x5b,0xb1,0x8c,0x95,
    0xad,0x34,0xa5,0xd2,0x94,0x34,0xa5,0x96,0xad,0xd6,0xb5,0xd7,0xb5,0x2e,0x32,0x6c,
    0x01,0x6c,0x01,0x6c,0x01,0x6c,0x01,0x6c,0x01,0x06,0x11,0x26,0x19,0x47,0x19,0x47,
    0x21,0x27,0x19,0x43,0x00,0x42,0x00,0x42,0x00,0x42,0x00,0x42,0x00,0x42,0x00,0x42,
    0x00,0x42,0x00,0x42,0x00,0x42,0x00,0x83,0x08,0x04,0x19,0x08,0x3a,0xaa,0x4a,0xeb,
    0x52,0x0c,0x53,0x0c,0x53,0x0c,0x53,0x0c,0x53,0x0c,0x53,0x0c,0x5b,0x0c,0x53,0x2c,
    0x5b,0x0c,0x5b,0x2c,0x5b,0x2c,0x5b,0x0c,0x5b,0x2c,0x5b,0x2c,0x5b,0x0c,0x53,0x2c,
    0x5b,0x2c,0x5b,0x2c,0x5b,0x0c,0x53,0x2c,0x5b,0x2c,0x5b,0x2c,0x5b,0x0c,0x53,0x2d,
    0x5b,0x2d,0x5b,0x0c,0x53,0x0c,0x5b,0x4d,0x5b,0x2c,0x5b,0x4d,0x5b,0x4d,0x5b,0x0c,
    0x5b,0x0c,0x53,0x4d,0x63,0x4d,0x63,0x2c,0x5b,0x4d,0x5b,0x2c,0x5b,0x2d,0x5b,0x2c,
    0x5b,0x2c,0x5b,0x4d,0x5b,0x4d,0x5b,0x2c,0x5b,0x2c,0x5b,0x2d,0x5b,0x4d,0x63,0x6d,
    0x63,0x2c,0x5b,0x4d,0x5b,0x4d,0x5b,0x4d,0x63,0x2d,0x5b,0x4d,0x5b,0x4d,0x5b,0x4d,
    0x63,0x4d,0x5b,0x4d,0x63,0x4d,0x5b,0x4d,0x63,0x4d,0x5b,0xff,0x2c,0x5b,0x4d,0x5b,
    0x4d,0x5b,0x4d,0x5b,0x6d,0x63,0x4d,0x63,0x2d,0x5b,0x2c,0x5b,0x4d,0x5b,0x4d,0x5b,
    0x2c,0x5b,0x4d,0x63,0x2c,0x5b,0x4d,0x63,0x4d,0x63,0x6d,0x63,0x4d,0x5b,0x6d,0x63,
    0x4d,0x63,0x4d,0x63,0x6d,0x63,0x6d,0x63,0x4d,0x63,0x2c,0x5b,0x6d,0x63,0x4d,0x5b,
    0x6d,0x63,0x4d,0x5b,0x6d,0x63,0x4d,0x5b,0x4d,0x5b,0x4d,0x63,0x6d,0x63,0x4d,0x5b,
    0x4d,0x5b,0x6d,0x63,0x8e,0x63,0x4d,0x5b,0x4d,0x5b,0x6d,0x63,0x4d,0x5b,0x4d,0x5b,
    0x6d,0x63,0x8e,0x63,0x6d,0x63,0x4d,0x5b,0x4d,0x63,0x4d,0x5b,0x6d,0x63,0x6d,0x63,
    0x4d,0x5b,0x4d,0x5b,0x6d,0x63,0x4d,0x63,0x4d,0x63,0x2d,0x5b,0x4d,0x5b,0x4d,0x5b,
    0x6d,0x63,0x4d,0x5b,0x4d,0x5b,0x6d,0x63,0x4d,0x63,0x6d,0x63,0x2d,0x5b,0x6d,0x63,
    0x4d,0x5b,0x2c,0x5b,0x4d,0x5b,0x8e,0x63,0x6d,0x63,0x2c,0x5b,0x6d,0x63,0x6d,0x63,
    0x4d,0x5b,0x2c,0x5b,0x2c,0x5b,0x4d,0x5b,0x4d,0x63,0x6d,0x63,0x0c,0x53,0xc7,0x31,
    0x25,0x21,0x26,0x21,0x26,0x21,0x26,0x21,0x26,0x21,0x26,0x21,0x46,0x21,0x46,0x21,
    0x46,0x21,0x66,0x21,0x87,0x29,0xa7,0x29,0xa7,0x29,0xa7,0x29,0x2c,0x5b,0xce,0x6b,
    0xce,0x73,0xef,0x73,0x10,0x7c,0x14,0x9d,0x2d,0x63,0x05,0x21,0xa3,0x10,0x84,0x08,
    0xc4,0x10,0x6a,0x42,0xf2,0x73,0xd4,0x6b,0x93,0x63,0x09,0x32,0x29,0x32,0x2a,0x3a,
    0x74,0x5b,0x54,0x53,0x54,0x53,0x13,0x74,0x10,0x74,0x72,0x84,0x12,0x74,0x72,0x5b,
    0xd0,0x73,0x79,0xce,0x79,0xce,0x19,0xbe,0xb7,0x84,0xff,0xf6,0x63,0xb6,0x53,0xb6,
    0x5b,0xd6,0x5b,0xd6,0x63,0xd6,0x63,0xd6,0x63,0xd6,0x63,0xd6,0x63,0xd6,0x63,0xd6,
    0x63,0xf6,0x6b,0x16,0x74,0x16,0x74,0xd6,0x63,0x95,0x5b,0x75,0x4b,0x55,0x4b,0x95,
    0x5b,0x16,0x6c,0xf6,0x6b,0xd6,0x63,0xd6,0x5b,0xb6,0x5b,0x95,0x53,0x75,0x53,0xd6,
    0x63,0x16,0x6c,0xd6,0x63,0xb6,0x5b,0xb6,0x5b,0xb5,0x5b,0xb5,0x5b,0xb5,0x5b,0xb5,
    0x5b,0xb5,0x5b,0xb5,0x5b,0xb5,0x5b,0xb5,0x5b,0xf9,0xbd,0x19,0xbe,0xf6,0x94,0x50,
    0x1a,0x30,0x12,0x50,0x12,0x51,0x12,0x51,0x1a,0x50,0x22,0xeb,0x29,0x68,0x19,0x27,
    0x19,0x07,0x19,0x27,0x19,0x28,0x11,0xe8,0x00,0x08,0x01,0x2e,0x5b,0x53,0x7c,0xd2,
    0x3a,0xd2,0x3a,0x37,0x9d,0x19,0xbe,0x57,0xa5,0x94,0x8c,0xf1,0x4a,0x30,0x12,0x92,
    0x2a,0xf3,0x3a,0xf3,0x32,0xd3,0x2a,0xb3,0x22,0xb2,0x2a,0xb4,0x63,0xf4,0x6b,0x70,
    0x63,0x4a,0x42,0x26,0x11,0xa8,0x29,0x0c,0x5b,0xb2,0x94,0xf7,0xbd,0xd6,0xb5,0xb2,
    0x8c,0x55,0xa5,0xd3,0x94,0x72,0x84,0x4c,0x01,0x6c,0x01,0x6c,0x01,0x6c,0x09,0x49,
    0x19,0xaa,0x21,0x47,0x21,0x06,0x19,0x27,0x19,0x27,0x19,0x06,0x19,0x43,0x00,0x42,
    0x00,0x42,0x00,0x42,0x00,0x42,0x00,0x42,0x00,0x42,0x00,0x42,0x00,0x42,0x00,0x42,
    0x00,0x42,0x00,0x42,0x00,0x42,0x00,0xa3,0x10,0x86,0x29,0x49,0x3a,0xeb,0x52,0x2c,
    0x5b,0x2c,0x5b,0x0c,0x53,0x2c,0x5b,0x2c,0x5b,0x2c,0x5b,0x2c,0x5b,0x0c,0x53,0x0c,
    0x53,0x0c,0x5b,0x0c,0x53,0x2c,0x5b,0x2c,0x5b,0xff,0x2d,0x5b,0x0c,0x53,0x2c,0x5b,
    0x2c,0x5b,0x0c,0x53,0x2c,0x5b,0x4d,0x5b,0x2c,0x5b,0x2c,0x5b,0x2c,0x5b,0x2c,0x5b,
    0x2c,0x5b,0x2d,0x5b,0x2c,0x5b,0x2c,0x5b,0x2c,0x5b,0x2d,0x5b,0x2d,0x5b,0x2c,0x5b,
    0x2d,0x5b,0x4d,0x5b,0x4d,0x5b,0x2d,0x5b,0x4d,0x5b,0x4d,0x5b,0x4d,0x5b,0x4d,0x5b,
    0x2c,0x5b,0x4d,0x5b,0x4d,0x5b,0x2c,0x5b,0x2d,0x5b,0x4d,0x5b,0x4d,0x5b,0x2c,0x5b,
    0x2d,0x5b,0x4d,0x63,0x4d,0x5b,0x2d,0x5b,0x2c,0x5b,0x2d,0x5b,0x4d,0x5b,0x4d,0x63,
    0x4d,0x5b,0x4d,0x5b,0x4d,0x63,0x4d,0x5b,0x2d,0x5b,0x4d,0x5b,0x2d,0x5b,0x2c,0x5b,
    0x4d,0x5b,0x4d,0x5b,0x6d,0x63,0x2c,0x5b,0x6d,0x63,0x4d,0x63,0x4d,0x5b,0x4d,0x5b,
    0x4d,0x5b,0x6d,0x63,0x6d,0x63,0x4d,0x63,0x2d,0x5b,0x4d,0x63,0x6d,0x63,0x4d,0x5b,
    0x4d,0x63,0x4d,0x5b,0x4d,0x63,0x6d,0x63,0x6d,0x63,0x6d,0x63,0x4d,0x5b,0x4d,0x5b,
    0x6d,0x63,0x4d,0x63,0x4d,0x63,0x4d,0x5b,0x4d,0x5b,0x4d,0x63,0x4d,0x5b,0x4d,0x63,
    0x4d,0x63,0x6d,0x63,0x6d,0x63,0x4d,0x63,0x4d,0x63,0x6d,0x63,0x4d,0x5b,0x6d,0x63,
    0x4d,0x5b,0x4d,0x5b,0x4d,0x5b,0x4d,0x63,0x6d,0x63,0x6e,0x63,0x4d,0x5b,0x4d,0x63,
    0x4d,0x5b,0x4d,0x5b,0x4d,0x5b,0x6d,0x63,0x4d,0x63,0x4d,0x63,0x6d,0x63,0x6d,0x63,
    0x4d,0x63,0x4d,0x63,0x4d,0x63,0x4d,0x63,0x4d,0x5b,0x4d,0x5b,0x4c,0x5b,0x4d,0x63,
    0x6d,0x63,0x4d,0x5b,0x4d,0x63,0x4d,0x5b,0x6d,0x63,0x4d,0x63,0x4d,0x5b,0x4d,0x5b,
    0x4d,0x63,0x4d,0x63,0xeb,0x52,0xa7,0x29,0xff,0x25,0x21,0x26,0x21,0x26,0x21,0x26,
    0x21,0x26,0x21,0x26,0x21,0x26,0x21,0x26,0x21,0x26,0x21,0x46,0x21,0x66,0x21,0x86,
    0x29,0x86,0x29,0x86,0x29,0x2c,0x5b,0xae,0x6b,0xce,0x6b,0xce,0x73,0x0f,0x7c,0xb6,
    0xb5,0x79,0xce,0x39,0xc6,0x14,0xa5,0x05,0x19,0x84,0x00,0xa4,0x00,0x0e,0x53,0xd5,
    0x6b,0xb4,0x63,0xb4,0x63,0x4b,0x3a,0x25,0x21,0xe4,0x18,0x93,0x5b,0x94,0x5b,0x93,
    0x5b,0x13,0x74,0xcf,0x73,0x31,0x7c,0x72,0x84,0x31,0x7c,0x79,0xce,0x9a,0xd6,0xdb,
    0xde,0xdb,0xde,0xdb,0xde,0x7a,0xce,0x99,0xad,0x37,0x74,0xd6,0x5b,0x96,0x53,0xb6,
    0x5b,0xb6,0x5b,0xd6,0x63,0xd6,0x63,0xd6,0x63,0xd6,0x63,0xd6,0x63,0xd6,0x63,0xf6,
    0x63,0xf6,0x6b,0xf6,0x6b,0xb6,0x5b,0xd6,0x63,0xf6,0x6b,0xb6,0x5b,0x95,0x5b,0xb5,
    0x5b,0xb6,0x5b,0x95,0x53,0x75,0x4b,0xb6,0x5b,0xf6,0x6b,0xd6,0x63,0xb6,0x5b,0xb5,
    0x5b,0xb5,0x5b,0xb5,0x5b,0xb5,0x5b,0xb5,0x5b,0xb5,0x5b,0xb5,0x5b,0xb5,0x5b,0xb5,
    0x5b,0xb5,0x5b,0xf8,0xb5,0x3a,0xc6,0x19,0xbe,0xf1,0x42,0x30,0x0a,0x30,0x0a,0x51,
    0x12,0x70,0x2a,0x0e,0x53,0x26,0x21,0x26,0x19,0x47,0x19,0x67,0x21,0x88,0x21,0x06,
    0x19,0xc5,0x10,0xe6,0x10,0x4a,0x09,0x91,0x32,0xd2,0x3a,0xd1,0x3a,0x54,0x7c,0x16,
    0x9d,0xd8,0xb5,0xbb,0xd6,0xf9,0xbd,0xf3,0x3a,0xd3,0x32,0xf3,0x3a,0xd3,0x32,0xb3,
    0x2a,0x13,0x3b,0xf5,0x94,0x7a,0xce,0x7a,0xce,0x59,0xc6,0x18,0xbe,0xd7,0xb5,0x14,
    0x9d,0xf0,0x7b,0xcc,0x52,0x4a,0x3a,0xff,0x92,0x8c,0xb6,0xb5,0x55,0xa5,0xb2,0x8c,
    0x0e,0x53,0x4c,0x01,0x6c,0x01,0x6c,0x01,0xab,0x21,0xc4,0x18,0x8e,0x73,0xab,0x52,
    0x06,0x19,0x27,0x19,0x27,0x19,0xc5,0x10,0x42,0x00,0x42,0x00,0x42,0x00,0x42,0x00,
    0x42,0x00,0x42,0x00,0x42,0x00,0x42,0x00,0x42,0x00,0x42,0x00,0x42,0x00,0x42,0x00,
    0x42,0x00,0x42,0x00,0x42,0x00,0x42,0x00,0xa3,0x10,0xa6,0x29,0x69,0x42,0xcb,0x4a,
    0x2c,0x53,0x2c,0x5b,0x2c,0x5b,0x0c,0x53,0x2c,0x5b,0x2c,0x5b,0x2c,0x5b,0x2c,0x5b,
    0x2c,0x5b,0x0c,0x53,0x0c,0x53,0x2d,0x5b,0x2c,0x5b,0x2c,0x5b,0x4d,0x5b,0x0c,0x5b,
    0x0c,0x53,0x2c,0x5b,0x2c,0x5b,0x2c,0x5b,0x2d,0x5b,0x2c,0x5b,0x2c,0x5b,0x2c,0x5b,
    0x2c,0x5b,0x2c,0x5b,0x2c,0x5b,0x2c,0x5b,0x4d,0x5b,0x2c,0x5b,0x0c,0x53,0x2c,0x5b,
    0x2c,0x5b,0x2c,0x5b,0x2c,0x5b,0x2d,0x5b,0x4d,0x5b,0x2d,0x5b,0x2c,0x5b,0x2c,0x5b,
    0x4d,0x5b,0x2c,0x5b,0x4d,0x5b,0x4d,0x5b,0x4d,0x5b,0x4d,0x63,0x2c,0x5b,0x4d,0x5b,
    0x4d,0x5b,0x4d,0x63,0x4d,0x5b,0x2d,0x5b,0x2d,0x5b,0x2c,0x5b,0x4d,0x5b,0x2c,0x5b,
    0x4d,0x5b,0x4d,0x63,0x4d,0x63,0x4d,0x63,0x4d,0x63,0x4d,0x63,0x4d,0x63,0x4d,0x5b,
    0x4d,0x63,0x4d,0x63,0x4d,0x5b,0x2c,0x5b,0x4d,0x63,0x2d,0x5b,0x2d,0x5b,0x4d,0x63,
    0x2c,0x5b,0x4d,0x5b,0x4d,0x5b,0x2c,0x5b,0x4d,0x5b,0x4d,0x5b,0x6d,0x63,0x4d,0x5b,
    0x2d,0x5b,0x4d,0x5b,0x4d,0x5b,0x4d,0x5b,0x4d,0x5b,0x4d,0x5b,0x4d,0x5b,0x4d,0x5b,
    0x4d,0x5b,0x6d,0x63,0x4d,0x63,0xff,0x4d,0x63,0x4d,0x63,0x4d,0x63,0x4d,0x5b,0x2c,
    0x5b,0x2c,0x5b,0x4d,0x5b,0x2c,0x5b,0x4d,0x5b,0x2d,0x5b,0x6d,0x63,0x6d,0x63,0x6d,
    0x63,0x6d,0x63,0x4d,0x5b,0x4d,0x5b,0x4d,0x63,0x4d,0x5b,0x4d,0x63,0x4d,0x63,0x4d,
    0x5b,0x4d,0x5b,0x4d,0x5b,0x4d,0x5b,0x4d,0x5b,0x4d,0x5b,0x4d,0x5b,0x4d,0x5b,0x4d,
    0x63,0x4d,0x5b,0x4d,0x5b,0x6d,0x63,0x6d,0x63,0x4d,0x5b,0x4d,0x5b,0x4d,0x5b,0x4d,
    0x5b,0x4d,0x63,0x4d,0x5b,0x4d,0x5b,0x4d,0x5b,0x6d,0x63,0x4d,0x5b,0xeb,0x52,0xa7,
    0x29,0x25,0x21,0x26,0x21,0x26,0x21,0x26,0x21,0x26,0x21,0x26,0x21,0x26,0x21,0x26,
    0x21,0x26,0x21,0x25,0x21,0x25,0x21,0x25,0x21,0x04,0x21,0xe4,0x18,0xa3,0x10,0x86,
    0x29,0x0c,0x5b,0xef,0x73,0x50,0x84,0xb6,0xb5,0x79,0xce,0x18,0xc6,0xdb,0xde,0x79,
    0xce,0xcb,0x5a,0x84,0x00,0xa5,0x00,0x2b,0x3a,0xb4,0x63,0x94,0x5b,0x94,0x5b,0xce,
    0x4a,0xa3,0x10,0x82,0x10,0x0f,0x53,0xf2,0x73,0x11,0x74,0x10,0x74,0xd3,0x8c,0xf4,
    0x94,0x52,0x7c,0x55,0xa5,0x39,0xc6,0x7a,0xce,0x9a,0xd6,0xba,0xd6,0xdb,0xde,0xdb,
    0xde,0xdb,0xde,0xdb,0xde,0xfa,0xb5,0xd8,0x8c,0x16,0x6c,0xb6,0x5b,0x96,0x53,0x96,
    0x5b,0xb6,0x5b,0xd6,0x5b,0xd6,0x63,0xd6,0x63,0xd6,0x63,0xb6,0x5b,0x95,0x53,0xd6,
    0x63,0x57,0x7c,0x37,0x7c,0xf6,0x6b,0xb6,0x63,0x95,0x53,0x55,0x4b,0x35,0x43,0x75,
    0x53,0xb5,0x5b,0x95,0x5b,0x95,0x5b,0xb5,0x5b,0xb5,0x5b,0xb5,0x5b,0xb5,0x5b,0xb5,
    0x5b,0xb5,0x5b,0xb5,0x5b,0xff,0x95,0x5b,0x95,0x53,0x95,0x53,0x75,0x53,0x19,0xbe,
    0x39,0xc6,0x39,0xc6,0x14,0x74,0x10,0x0a,0x30,0x0a,0x50,0x22,0xad,0x42,0xa7,0x29,
    0x26,0x21,0x47,0x19,0x68,0x19,0x8c,0x3a,0x33,0x7c,0x74,0x84,0xb1,0x6b,0x66,0x29,
    0x49,0x11,0x90,0x32,0xb2,0x63,0x35,0x9d,0x73,0x84,0xf1,0x4a,0x53,0x53,0xf5,0x6b,
    0x74,0x53,0xd3,0x32,0xd3,0x32,0xf3,0x32,0xd3,0x32,0xf2,0x3a,0xd0,0x6b,0x71,0x84,
    0xf3,0x94,0xd3,0x94,0x14,0x9d,0xf8,0xbd,0x79,0xce,0x9a,0xd6,0x9a,0xd6,0xd7,0xbd,
    0xd7,0xbd,0x72,0x8c,0xac,0x4a,0x4e,0x5b,0x52,0x84,0x8e,0x42,0x6c,0x01,0x4c,0x01,
    0x4c,0x01,0x88,0x29,0xc3,0x18,0x71,0x8c,0xec,0x5a,0x06,0x19,0x27,0x19,0x27,0x19,
    0xa4,0x08,0x42,0x00,0x42,0x00,0x42,0x00,0x42,0x00,0x42,0x00,0x42,0x00,0x42,0x00,
    0x42,0x00,0x42,0x00,0x42,0x00,0x42,0x00,0x42,0x00,0x42,0x00,0x42,0x00,0x42,0x00,
    0x42,0x00,0x62,0x00,0x42,0x00,0x62,0x08,0xe4,0x10,0xa6,0x29,0x8a,0x4a,0x0c,0x53,
    0x2c,0x5b,0xeb,0x52,0x0c,0x53,0x2c,0x5b,0x2c,0x5b,0x0c,0x53,0x2c,0x5b,0x2d,0x5b,
    0x2c,0x5b,0x2c,0x5b,0x4d,0x5b,0x2c,0x5b,0x0c,0x53,0x4d,0x5b,0x2d,0x5b,0x4d,0x5b,
    0x4d,0x5b,0x4d,0x5b,0x0c,0x53,0x2c,0x5b,0x0c,0x53,0x4d,0x5b,0x2c,0x5b,0x2c,0x5b,
    0x2c,0x5b,0x4d,0x5b,0x4d,0x5b,0x2c,0x5b,0x4d,0x5b,0x4d,0x5b,0x2c,0x5b,0x0c,0x5b,
    0x4d,0x5b,0x2c,0x5b,0x4d,0x5b,0x2c,0x5b,0x2c,0x5b,0x2c,0x5b,0x4d,0x5b,0x4d,0x63,
    0x2c,0x5b,0x2d,0x5b,0xff,0x4d,0x5b,0x2c,0x5b,0x4d,0x5b,0x4d,0x5b,0x2c,0x5b,0x4d,
    0x5b,0x2c,0x5b,0x4d,0x63,0x4d,0x5b,0x2c,0x5b,0x6d,0x63,0x4d,0x5b,0x2c,0x5b,0x4d,
    0x5b,0x6d,0x63,0x4d,0x5b,0x4d,0x63,0x2d,0x5b,0x4d,0x5b,0x2d,0x5b,0x0c,0x53,0x4d,
    0x5b,0x6d,0x63,0x4d,0x5b,0x4d,0x5b,0x2c,0x5b,0x2c,0x5b,0x6d,0x63,0x6d,0x63,0x4d,
    0x5b,0x4d,0x5b,0x2c,0x5b,0x2d,0x5b,0x2c,0x5b,0x4d,0x5b,0x2c,0x5b,0x4d,0x5b,0x2c,
    0x5b,0x2d,0x5b,0x4d,0x5b,0x2c,0x5b,0x6d,0x63,0x4d,0x5b,0x4d,0x5b,0x2c,0x5b,0x4d,
    0x5b,0x4d,0x5b,0x6d,0x63,0x2c,0x5b,0x4d,0x63,0x4d,0x5b,0x6d,0x63,0x4d,0x63,0x4d,
    0x5b,0x2c,0x5b,0x4d,0x5b,0x2c,0x5b,0x4d,0x63,0x6d,0x63,0x4d,0x5b,0x4d,0x63,0x6d,
    0x63,0x4d,0x5b,0x6d,0x63,0x6d,0x63,0x4d,0x5b,0x4d,0x63,0x6d,0x63,0x6e,0x63,0x4d,
    0x63,0x4d,0x5b,0x4d,0x5b,0x4d,0x5b,0x6d,0x63,0x4d,0x5b,0x4d,0x5b,0x4d,0x5b,0x2c,
    0x5b,0x4d,0x5b,0x4d,0x63,0x4d,0x5b,0x6d,0x63,0x6d,0x63,0x2c,0x5b,0x4d,0x63,0x4d,
    0x5b,0x6d,0x63,0x2d,0x5b,0x0b,0x53,0xc7,0x29,0x26,0x21,0x26,0x21,0x26,0x21,0x26,
    0x21,0x26,0x21,0x26,0x21,0x46,0x21,0x46,0x21,0x46,0x21,0x46,0x21,0x25,0x21,0x05,
    0x21,0xe4,0x18,0xc4,0x18,0xc4,0x18,0xa3,0x10,0xc3,0x18,0xc3,0x18,0x66,0x29,0x49,
    0x42,0xf4,0x9c,0x38,0xc6,0xdb,0xde,0x9a,0xce,0x4d,0x63,0x6a,0x42,0x47,0x21,0xe6,
    0x10,0x68,0x21,0xd4,0x63,0x94,0x5b,0x73,0x53,0x51,0x5b,0xa3,0x10,0xa3,0x10,0x6b,
    0x42,0x8f,0x63,0xff,0x8e,0x6b,0xec,0x52,0xb3,0x8c,0x56,0x9d,0xf9,0xbd,0x7a,0xce,
    0x5a,0xce,0x7a,0xce,0x7a,0xce,0x59,0xc6,0x79,0xce,0x9a,0xd6,0xdb,0xde,0xdb,0xde,
    0xdb,0xde,0xdb,0xd6,0x3a,0xc6,0xf7,0x94,0x37,0x74,0xf6,0x6b,0xb6,0x5b,0x95,0x53,
    0x96,0x5b,0xb6,0x5b,0xb6,0x5b,0x75,0x53,0xb6,0x5b,0x16,0x6c,0xf6,0x6b,0xd6,0x63,
    0xd6,0x63,0xf6,0x6b,0xd6,0x63,0xb5,0x5b,0x95,0x5b,0x95,0x5b,0x95,0x53,0x95,0x53,
    0x75,0x53,0x75,0x53,0x95,0x53,0x95,0x53,0x75,0x53,0x75,0x4b,0x55,0x4b,0x54,0x43,
    0x55,0x43,0x55,0x4b,0x75,0x53,0xb5,0x5b,0x7a,0xce,0x19,0xbe,0xb5,0x8c,0xd1,0x3a,
    0x30,0x12,0x50,0x1a,0x4d,0x32,0x67,0x21,0x26,0x21,0x67,0x21,0x47,0x19,0x0a,0x2a,
    0x0f,0x4b,0x54,0x7c,0xf9,0xb5,0x9b,0xce,0xf9,0xb5,0x6f,0x63,0xf1,0x73,0xb7,0xb5,
    0xd7,0xb5,0xb7,0xb5,0xf0,0x83,0x91,0x32,0x14,0x3b,0xf3,0x3a,0xd3,0x32,0xb3,0x2a,
    0xb3,0x2a,0xd2,0x32,0x0d,0x53,0x08,0x32,0xc7,0x29,0xe8,0x31,0x69,0x42,0x0c,0x5b,
    0x30,0x7c,0xf3,0x94,0xb7,0xb5,0x18,0xbe,0x18,0xbe,0x18,0xbe,0x39,0xc6,0x38,0xc6,
    0x96,0xad,0x72,0x84,0xac,0x11,0x4c,0x01,0x4c,0x01,0x2d,0x32,0xe4,0x18,0x05,0x21,
    0xec,0x52,0x2d,0x5b,0xe6,0x10,0x26,0x21,0x26,0x19,0x84,0x08,0x42,0x00,0x42,0x00,
    0x42,0x00,0x42,0x00,0x42,0x00,0x42,0x00,0x42,0x00,0x42,0x00,0x42,0x00,0x42,0x00,
    0x42,0x00,0x42,0x00,0x42,0x00,0x42,0x00,0x62,0x00,0x42,0x00,0x42,0x00,0x42,0x00,
    0x42,0x00,0xff,0x42,0x00,0x42,0x00,0x42,0x00,0x04,0x19,0xe8,0x31,0xaa,0x4a,0x0c,
    0x53,0x0c,0x5b,0x2c,0x5b,0x0c,0x53,0x0c,0x5b,0x0c,0x53,0x2c,0x5b,0x0c,0x53,0x0c,
    0x53,0x0c,0x5b,0x2c,0x5b,0x2c,0x5b,0x0c,0x53,0x0c,0x53,0x0c,0x5b,0x2c,0x5b,0x4d,
    0x5b,0x2c,0x5b,0x4d,0x5b,0x2c,0x5b,0x2c,0x5b,0x2c,0x5b,0x4d,0x5b,0x2c,0x5b,0x2c,
    0x5b,0x2d,0x5b,0x2c,0x5b,0x2c,0x5b,0x4d,0x5b,0x2d,0x5b,0x2c,0x5b,0x4d,0x5b,0x2c,
    0x5b,0x2c,0x5b,0x2d,0x5b,0x2c,0x5b,0x4d,0x5b,0x2c,0x5b,0x4d,0x5b,0x2c,0x5b,0x2d,
    0x5b,0x4d,0x5b,0x2d,0x5b,0x2d,0x5b,0x4d,0x5b,0x4d,0x5b,0x2c,0x5b,0x4d,0x5b,0x2c,
    0x5b,0x4d,0x5b,0x4d,0x5b,0x4d,0x5b,0x4d,0x5b,0x4d,0x5b,0x2c,0x5b,0x4c,0x5b,0x2c,
    0x5b,0x4d,0x5b,0x4d,0x63,0x4d,0x5b,0x4d,0x63,0x4d,0x63,0x4d,0x5b,0x4d,0x5b,0x4d,
    0x63,0x4d,0x63,0x2d,0x5b,0x4d,0x5b,0x4d,0x5b,0x4d,0x5b,0x4d,0x5b,0x4d,0x5b,0x4d,
    0x63,0x4d,0x63,0x2d,0x5b,0x4d,0x5b,0x2c,0x5b,0x4d,0x63,0x6d,0x63,0x4d,0x5b,0x4d,
    0x63,0x4d,0x5b,0x4d,0x5b,0x6d,0x63,0x4d,0x63,0x4d,0x63,0x4d,0x63,0x2d,0x5b,0x6d,
    0x63,0x6d,0x63,0x4d,0x5b,0x4d,0x5b,0x6d,0x63,0x6d,0x63,0x6d,0x63,0x4d,0x63,0x4d,
    0x63,0x4d,0x5b,0x4d,0x5b,0x4d,0x63,0x4d,0x5b,0x4d,0x5b,0x6d,0x63,0x4d,0x63,0x4d,
    0x5b,0x4d,0x63,0x2d,0x5b,0x4d,0x63,0x4d,0x5b,0x4d,0x5b,0x4d,0x5b,0x6d,0x63,0x6e,
    0x63,0x4d,0x5b,0x4d,0x5b,0x4d,0x5b,0x6d,0x63,0x4d,0x5b,0x6d,0x63,0x4d,0x5b,0x4d,
    0x5b,0xff,0x4d,0x5b,0x4d,0x5b,0x4d,0x63,0x2c,0x5b,0x4d,0x5b,0x4d,0x5b,0xcb,0x52,
    0xa7,0x29,0x26,0x21,0x26,0x21,0x26,0x21,0x26,0x21,0x26,0x21,0x26,0x21,0x46,0x21,
    0x46,0x21,0x66,0x21,0x66,0x21,0x66,0x29,0x66,0x29,0x66,0x29,0x86,0x29,0xaa,0x52,
    0x49,0x42,0xe4,0x18,0xa3,0x10,0xa3,0x10,0xa3,0x10,0xa3,0x10,0x63,0x00,0xf0,0x7b,
    0x59,0xce,0x6d,0x6b,0x8a,0x4a,0x94,0x84,0x8d,0x4a,0x68,0x19,0x09,0x2a,0x51,0x5b,
    0x73,0x53,0x52,0x53,0x10,0x4b,0x87,0x29,0x45,0x21,0x09,0x32,0x4a,0x3a,0xc8,0x29,
    0xec,0x52,0xf4,0x9c,0x76,0xa5,0xd8,0xb5,0x7a,0xce,0x7b,0xce,0x1a,0xbe,0xf9,0xbd,
    0xf9,0xb5,0x39,0xc6,0x59,0xce,0x79,0xce,0x38,0xc6,0x18,0xbe,0x9a,0xce,0xdb,0xde,
    0xba,0xd6,0x19,0xbe,0x38,0x9d,0x57,0x7c,0x16,0x6c,0xd6,0x63,0x75,0x53,0x35,0x43,
    0x95,0x53,0xf6,0x6b,0xf6,0x6b,0xd6,0x63,0xd6,0x5b,0xb6,0x5b,0x95,0x53,0x75,0x4b,
    0xb5,0x5b,0xf6,0x6b,0x16,0x74,0x16,0x6c,0xd6,0x63,0xb5,0x5b,0x75,0x53,0x75,0x53,
    0x95,0x53,0xb5,0x5b,0xd6,0x63,0xf6,0x6b,0x16,0x6c,0x16,0x74,0x16,0x74,0x16,0x6c,
    0xf6,0x6b,0x5a,0xc6,0xb6,0x8c,0xb1,0x32,0x50,0x22,0x70,0x32,0x91,0x73,0x67,0x29,
    0xe5,0x18,0x26,0x21,0x67,0x21,0xa9,0x21,0xcd,0x42,0x33,0x7c,0xf9,0xb5,0x3a,0xc6,
    0xf9,0xb5,0x37,0x9d,0x2e,0x53,0x34,0xa5,0xb6,0xad,0x18,0xbe,0x18,0xc6,0x52,0x5b,
    0x13,0x3b,0xf3,0x3a,0xd3,0x32,0xd3,0x2a,0xb3,0x2a,0xb3,0x2a,0x8e,0x32,0xa8,0x29,
    0xff,0x67,0x21,0x87,0x21,0xa7,0x29,0xc8,0x29,0x08,0x32,0x0c,0x5b,0x91,0x8c,0x54,
    0xa5,0xf7,0xbd,0xf7,0xbd,0xd7,0xb5,0xb6,0xb5,0x96,0xad,0xf7,0xbd,0xb7,0xb5,0x2c,
    0x01,0x4c,0x01,0x4b,0x01,0x2c,0x32,0x05,0x21,0x87,0x29,0x8e,0x63,0x6e,0x63,0x26,
    0x19,0x06,0x19,0x06,0x19,0x63,0x00,0x42,0x00,0x42,0x00,0x42,0x00,0x42,0x00,0x42,
    0x00,0x42,0x00,0x42,0x00,0x42,0x00,0x42,0x00,0x42,0x00,0x42,0x00,0x42,0x00,0x62,
    0x00,0x42,0x00,0x42,0x00,0x42,0x00,0x42,0x00,0x42,0x00,0x42,0x00,0x42,0x00,0x62,
    0x00,0x62,0x00,0x42,0x00,0x62,0x00,0x62,0x08,0x04,0x19,0x28,0x3a,0xaa,0x4a,0x2c,
    0x5b,0x2c,0x5b,0x2c,0x5b,0x2c,0x5b,0x2c,0x5b,0x2d,0x5b,0x2c,0x5b,0x2c,0x5b,0x4d,
    0x5b,0x2c,0x5b,0x2c,0x5b,0x2c,0x5b,0x0c,0x53,0x0c,0x53,0x2c,0x5b,0x0c,0x5b,0x4d,
    0x5b,0x2c,0x5b,0x2c,0x5b,0x2c,0x5b,0x4d,0x5b,0x2d,0x5b,0x2c,0x5b,0x2c,0x5b,0x2c,
    0x5b,0x4d,0x5b,0x2d,0x5b,0x4d,0x5b,0x4d,0x5b,0x6d,0x63,0x4d,0x5b,0x4d,0x5b,0x4d,
    0x5b,0x2c,0x5b,0x4d,0x5b,0x2c,0x5b,0x4d,0x63,0x2d,0x5b,0x2c,0x5b,0x4d,0x63,0x4d,
    0x5b,0x4d,0x5b,0x2d,0x5b,0x2d,0x5b,0x2c,0x5b,0x4d,0x63,0x2c,0x5b,0x2d,0x5b,0x4d,
    0x5b,0x6d,0x63,0x2c,0x5b,0x2c,0x5b,0x4d,0x5b,0x4d,0x63,0x4d,0x5b,0x4d,0x5b,0x4d,
    0x5b,0x4d,0x63,0x4d,0x5b,0x4d,0x5b,0x2c,0x5b,0x2c,0x5b,0x2c,0x5b,0x4d,0x63,0x4d,
    0x5b,0x2c,0x5b,0x4d,0x5b,0x6d,0x63,0x2d,0x5b,0x2d,0x5b,0x4d,0x5b,0x4d,0x5b,0xff,
    0x4d,0x5b,0x6d,0x63,0x4d,0x5b,0x4d,0x5b,0x4d,0x5b,0x2c,0x5b,0x6d,0x63,0x4d,0x5b,
    0x2c,0x5b,0x4d,0x63,0x4d,0x5b,0x2d,0x5b,0x4d,0x63,0x2d,0x5b,0x2c,0x5b,0x6d,0x63,
    0x6d,0x63,0x2c,0x5b,0x2c,0x5b,0x2c,0x5b,0x2c,0x5b,0x6d,0x63,0x6d,0x63,0x4d,0x5b,
    0x4d,0x5b,0x4d,0x63,0x2d,0x5b,0x4d,0x5b,0x4d,0x63,0x4d,0x5b,0x4d,0x63,0x6d,0x63,
    0x4d,0x63,0x4d,0x5b,0x4d,0x63,0x4d,0x5b,0x2c,0x5b,0x0c,0x5b,0x4d,0x5b,0x6d,0x63,
    0x6d,0x63,0x4d,0x5b,0x4d,0x5b,0x2c,0x5b,0x4d,0x5b,0x4d,0x5b,0x2c,0x5b,0x6d,0x63,
    0x4d,0x63,0x8e,0x63,0x2c,0x5b,0xcb,0x52,0xa7,0x29,0x25,0x21,0x26,0x21,0x26,0x21,
    0x26,0x21,0x26,0x21,0x26,0x21,0x26,0x21,0x46,0x21,0x66,0x21,0x86,0x29,0xa7,0x29,
    0x86,0x29,0xa7,0x29,0xe8,0x31,0x6d,0x63,0xae,0x6b,0xae,0x6b,0xce,0x73,0x4d,0x63,
    0xab,0x52,0x25,0x21,0xa4,0x10,0xa3,0x08,0xa4,0x08,0xa7,0x31,0x4a,0x42,0xb5,0x8c,
    0xf5,0x6b,0xef,0x52,0x09,0x2a,0x09,0x32,0xce,0x4a,0x52,0x53,0xef,0x4a,0x6c,0x3a,
    0x4a,0x3a,0xcc,0x42,0x8f,0x5b,0x6b,0x3a,0xab,0x4a,0xf0,0x7b,0x79,0xce,0x39,0xc6,
    0xd8,0xb5,0x7a,0xce,0xbb,0xd6,0xdb,0xd6,0x7a,0xce,0x5a,0xc6,0x7a,0xce,0x7a,0xce,
    0x7a,0xce,0xf4,0x94,0x10,0x74,0xd3,0x94,0x38,0xc6,0xdb,0xde,0xdb,0xde,0xbb,0xd6,
    0x39,0xc6,0xb7,0x8c,0xb5,0x5b,0xd6,0x63,0x16,0x74,0x16,0x74,0xd6,0x63,0x95,0x53,
    0x95,0x5b,0xb6,0x5b,0x95,0x53,0x75,0x4b,0x95,0x53,0xd6,0x63,0xf6,0x6b,0xff,0x36,
    0x74,0x57,0x7c,0x77,0x84,0x77,0x84,0x57,0x7c,0x16,0x74,0xd6,0x63,0xd6,0x63,0xd6,
    0x63,0xd6,0x63,0xb6,0x63,0xb6,0x5b,0xb5,0x5b,0xb5,0x5b,0xb5,0x5b,0x75,0x84,0xd2,
    0x32,0xd2,0x3a,0xf2,0x42,0x73,0x5b,0x34,0xad,0xe8,0x39,0x27,0x19,0x47,0x19,0x88,
    0x21,0x2f,0x53,0x94,0x84,0x19,0xbe,0xbb,0xce,0x3a,0xc6,0x78,0xa5,0x74,0x84,0x2d,
    0x53,0xf2,0x94,0x38,0xc6,0x59,0xc6,0x72,0x5b,0xf3,0x3a,0xf3,0x3a,0xd3,0x32,0xb3,
    0x2a,0xb2,0x2a,0xb2,0x2a,0x92,0x22,0x6f,0x32,0x88,0x19,0x88,0x21,0xa8,0x21,0xa8,
    0x21,0xe9,0x29,0x0a,0x2a,0xea,0x29,0x8b,0x4a,0x31,0x84,0x96,0xb5,0x58,0xc6,0xf7,
    0xbd,0xb6,0xb5,0xb6,0xb5,0x95,0xad,0x90,0x6b,0x4c,0x01,0x4c,0x01,0x4c,0x01,0x48,
    0x19,0xe4,0x18,0x4a,0x42,0x71,0x84,0x14,0x9d,0x8a,0x4a,0xe6,0x10,0xe5,0x10,0x42,
    0x00,0x42,0x00,0x42,0x00,0x42,0x00,0x42,0x00,0x42,0x00,0x42,0x00,0x42,0x00,0x42,
    0x00,0x42,0x00,0x42,0x00,0x42,0x00,0x42,0x00,0x62,0x00,0x62,0x00,0x62,0x00,0x62,
    0x00,0x42,0x00,0x42,0x00,0x42,0x00,0x42,0x00,0x62,0x00,0x62,0x00,0x62,0x00,0x62,
    0x00,0x62,0x00,0x42,0x00,0x42,0x00,0xc4,0x10,0x65,0x21,0x29,0x3a,0xeb,0x52,0x2c,
    0x5b,0x0c,0x53,0x2c,0x5b,0x2c,0x5b,0x2c,0x5b,0x2c,0x5b,0x4d,0x5b,0x2c,0x5b,0x2d,
    0x5b,0x2c,0x5b,0x4d,0x5b,0x2c,0x5b,0x0c,0x5b,0x0c,0x53,0x2c,0x5b,0x2c,0x5b,0x0c,
    0x5b,0x0c,0x53,0x2c,0x5b,0x2c,0x5b,0x4d,0x5b,0x4d,0x5b,0x2c,0x5b,0xff,0x2c,0x5b,
    0x2c,0x5b,0x2c,0x5b,0x2c,0x5b,0x0c,0x53,0x2c,0x5b,0x4d,0x5b,0x4d,0x63,0x4d,0x5b,
    0x4d,0x5b,0x2c,0x5b,0x2c,0x5b,0x4d,0x63,0x2c,0x5b,0x4d,0x5b,0x4d,0x5b,0x4d,0x5b,
    0x4d,0x63,0x2c,0x5b,0x4d,0x5b,0x4d,0x5b,0x4d,0x5b,0x2d,0x5b,0x6d,0x63,0x4d,0x5b,
    0x4d,0x63,0x4d,0x5b,0x2c,0x5b,0x4d,0x5b,0x0c,0x53,0x2d,0x5b,0x4d,0x5b,0x4d,0x5b,
    0x2c,0x5b,0x4d,0x5b,0x2d,0x5b,0x2c,0x5b,0x2c,0x5b,0x4d,0x5b,0x4c,0x5b,0x4d,0x5b,
    0x4d,0x5b,0x4d,0x5b,0x4d,0x63,0x4d,0x63,0x6d,0x63,0x4d,0x5b,0x2c,0x5b,0x4d,0x5b,
    0x6d,0x63,0x4d,0x5b,0x4d,0x63,0x4d,0x63,0x2c,0x5b,0x4d,0x5b,0x4d,0x5b,0x4d,0x5b,
    0x4d,0x63,0x2c,0x5b,0x6d,0x63,0x4d,0x5b,0x2c,0x5b,0x4d,0x63,0x6d,0x63,0x6d,0x63,
    0x4d,0x5b,0x4d,0x5b,0x2c,0x5b,0x4d,0x63,0x4d,0x5b,0x4d,0x5b,0x4d,0x5b,0x4d,0x5b,
    0x4d,0x5b,0x4d,0x5b,0x6d,0x63,0x4d,0x5b,0x4d,0x5b,0x2c,0x5b,0x6d,0x63,0x6d,0x63,
    0x4d,0x5b,0x2c,0x5b,0x6d,0x63,0x4d,0x63,0x2d,0x5b,0x6d,0x63,0x4d,0x5b,0x4d,0x5b,
    0x4d,0x5b,0x4d,0x5b,0x2c,0x5b,0x6d,0x63,0x6d,0x63,0x4d,0x5b,0x4d,0x5b,0xcb,0x4a,
    0xa7,0x29,0x26,0x21,0x26,0x21,0x26,0x21,0x26,0x21,0x26,0x21,0x26,0x21,0x26,0x21,
    0x46,0x21,0x46,0x21,0x66,0x21,0x86,0x29,0x86,0x29,0x86,0x29,0xc7,0x31,0x6d,0x63,
    0xae,0x6b,0xce,0x6b,0xcf,0x73,0x0f,0x7c,0xd7,0xbd,0x38,0xc6,0x34,0xa5,0x05,0x21,
    0x83,0x08,0x84,0x00,0x26,0x19,0x53,0x84,0x15,0x74,0xd4,0x6b,0xff,0x51,0x5b,0xa8,
    0x29,0x25,0x21,0x2b,0x3a,0xf0,0x4a,0x8c,0x3a,0x6b,0x3a,0xab,0x4a,0x4a,0x32,0x0d,
    0x4b,0x8f,0x63,0x10,0x7c,0x79,0xce,0x59,0xce,0x59,0xce,0xba,0xd6,0xba,0xd6,0x9a,
    0xd6,0x7a,0xce,0x9b,0xce,0x7b,0xce,0xbb,0xd6,0x9a,0xd6,0x7a,0xce,0xd8,0xb5,0x36,
    0x9d,0x16,0x95,0xd5,0x8c,0xf8,0xbd,0xdb,0xde,0xdb,0xde,0xdb,0xde,0xba,0xd6,0xf9,
    0xbd,0x77,0x84,0x36,0x74,0x16,0x74,0x16,0x6c,0xf6,0x6b,0xd6,0x63,0x55,0x4b,0x14,
    0x3b,0x55,0x4b,0xb6,0x63,0xf6,0x6b,0x16,0x74,0x16,0x74,0xf6,0x6b,0xd6,0x63,0xd6,
    0x63,0xf6,0x63,0xf6,0x6b,0xf6,0x6b,0xd6,0x63,0x95,0x5b,0x75,0x53,0x75,0x53,0x75,
    0x53,0x95,0x53,0x75,0x53,0x55,0x4b,0x10,0x02,0x30,0x0a,0x30,0x0a,0x51,0x1a,0x71,
    0x22,0x50,0x1a,0xad,0x09,0x6a,0x11,0x48,0x11,0xa9,0x21,0xee,0x4a,0xf6,0x94,0x3a,
    0xbe,0x59,0xc6,0xb7,0xad,0x74,0x84,0xad,0x42,0x6a,0x3a,0x95,0xad,0x18,0xc6,0x11,
    0x53,0xb2,0x2a,0xd3,0x32,0xd3,0x32,0xd3,0x2a,0xb3,0x2a,0xb3,0x22,0xb2,0x22,0xb2,
    0x22,0x51,0x1a,0xef,0x09,0xac,0x11,0x8a,0x19,0x88,0x21,0xa8,0x21,0xc9,0x21,0x4b,
    0x32,0x8c,0x3a,0x6c,0x3a,0xea,0x29,0x8b,0x52,0xb3,0x94,0xd7,0xb5,0xf7,0xbd,0x35,
    0xa5,0x6e,0x3a,0x6c,0x01,0x6c,0x01,0x4b,0x01,0x85,0x00,0x62,0x08,0x6e,0x63,0x10,
    0x7c,0xf3,0x94,0x31,0x84,0xa5,0x08,0xa4,0x08,0x42,0x00,0x42,0x00,0x42,0x00,0x42,
    0x00,0x62,0x00,0x62,0x00,0x42,0x00,0x42,0x00,0x42,0x00,0xff,0x42,0x00,0x42,0x00,
    0x42,0x00,0x42,0x00,0x62,0x00,0x62,0x00,0x62,0x00,0x62,0x00,0x42,0x00,0x42,0x00,
    0x42,0x00,0x42,0x00,0x62,0x00,0x62,0x00,0x62,0x00,0x62,0x00,0x62,0x00,0x62,0x00,
    0x62,0x00,0x42,0x00,0x42,0x00,0x42,0x00,0x83,0x08,0xa7,0x29,0x8a,0x42,0xeb,0x52,
    0x2c,0x5b,0x0c,0x53,0x2c,0x5b,0x2c,0x5b,0x2c,0x5b,0x0c,0x53,0x2c,0x5b,0x2c,0x5b,
    0x2c,0x5b,0x2c,0x5b,0x2c,0x5b,0x2c,0x5b,0x2c,0x5b,0x4d,0x5b,0x2c,0x5b,0x2c,0x5b,
    0x2c,0x5b,0x0c,0x5b,0x2c,0x5b,0x2c,0x5b,0x4d,0x5b,0x2c,0x5b,0x4d,0x5b,0x2c,0x5b,
    0x4d,0x5b,0x4d,0x5b,0x2c,0x5b,0x2c,0x5b,0x2c,0x5b,0x2c,0x5b,0x2d,0x5b,0x2d,0x5b,
    0x0c,0x5b,0x4d,0x63,0x2c,0x5b,0x2c,0x5b,0x4d,0x5b,0x2c,0x5b,0x4d,0x5b,0x2c,0x5b,
    0x2c,0x5b,0x2c,0x5b,0x2c,0x5b,0x2c,0x5b,0x4d,0x5b,0x2c,0x5b,0x4d,0x5b,0x4d,0x5b,
    0x2c,0x5b,0x6d,0x63,0x6d,0x63,0x4d,0x5b,0x4d,0x5b,0x4d,0x63,0x2d,0x5b,0x4d,0x63,
    0x4d,0x5b,0x4d,0x5b,0x4d,0x5b,0x4d,0x63,0x4d,0x5b,0x4d,0x5b,0x4d,0x5b,0x4d,0x5b,
    0x2c,0x5b,0x2c,0x5b,0x4d,0x5b,0x4d,0x63,0x4d,0x5b,0x4d,0x5b,0x4d,0x5b,0x0c,0x5b,
    0xec,0x52,0x0c,0x53,0x0c,0x5b,0x0c,0x5b,0x0c,0x5b,0x2c,0x5b,0x4d,0x63,0x4d,0x5b,
    0x4d,0x5b,0x6d,0x63,0x4d,0x5b,0x4d,0x5b,0x4d,0x5b,0x6d,0x63,0x4d,0x5b,0x4d,0x5b,
    0x4d,0x5b,0x4d,0x5b,0x4d,0x63,0x4d,0x5b,0x4d,0x5b,0x4d,0x63,0x4d,0x5b,0x4d,0x5b,
    0x4d,0x5b,0x4d,0x5b,0x6d,0x63,0x2c,0x5b,0x2c,0x5b,0xff,0x6d,0x63,0x6d,0x63,0x2c,
    0x5b,0x4d,0x5b,0x4d,0x5b,0x2c,0x5b,0x4d,0x5b,0x4d,0x5b,0x4d,0x5b,0x4d,0x5b,0x4d,
    0x63,0x2d,0x5b,0x2c,0x5b,0x4d,0x5b,0xcb,0x4a,0xa7,0x29,0x26,0x21,0x26,0x21,0x26,
    0x21,0x26,0x21,0x26,0x21,0x26,0x21,0x26,0x21,0x26,0x21,0x25,0x21,0x26,0x21,0x25,
    0x21,0x45,0x21,0x25,0x21,0x04,0x21,0xe8,0x31,0x0c,0x5b,0xcf,0x73,0x10,0x7c,0x30,
    0x7c,0xf7,0xbd,0x59,0xc6,0x38,0xc6,0xdb,0xde,0x96,0xb5,0xe5,0x10,0x84,0x00,0xc5,
    0x08,0x92,0x63,0xd4,0x6b,0xb4,0x63,0xb3,0x63,0xe5,0x18,0xa3,0x10,0xa8,0x29,0x0f,
    0x53,0x6e,0x63,0xcf,0x73,0xaf,0x6b,0x8b,0x42,0xac,0x42,0xed,0x4a,0xf7,0xbd,0x59,
    0xc6,0xd7,0xb5,0xf8,0xb5,0x79,0xce,0xba,0xd6,0xdb,0xde,0xdb,0xde,0xba,0xd6,0x7a,
    0xce,0x5a,0xc6,0x5a,0xc6,0x9a,0xce,0x5a,0xc6,0xf9,0xb5,0x57,0xa5,0x37,0x9d,0x94,
    0x84,0x15,0x9d,0x79,0xce,0xdb,0xde,0xdb,0xde,0xdb,0xde,0xf5,0x9c,0xd6,0x63,0xd6,
    0x63,0xd6,0x63,0xd6,0x63,0xd6,0x63,0xb6,0x5b,0xd6,0x63,0xd6,0x63,0xd6,0x63,0xf6,
    0x6b,0xd6,0x63,0xb6,0x5b,0xb5,0x5b,0xb6,0x5b,0xb5,0x5b,0x95,0x5b,0x95,0x53,0x95,
    0x53,0x95,0x53,0x95,0x5b,0x95,0x53,0x55,0x4b,0x34,0x43,0x14,0x3b,0x14,0x3b,0x34,
    0x3b,0x10,0x02,0x10,0x02,0x10,0x0a,0x30,0x0a,0x30,0x12,0x30,0x12,0x0f,0x0a,0xce,
    0x01,0x8d,0x01,0xac,0x11,0xce,0x42,0x33,0x74,0x78,0xa5,0x16,0x9d,0x33,0x7c,0x70,
    0x5b,0x0e,0x4b,0x6a,0x42,0x92,0x8c,0x90,0x32,0xff,0xb3,0x2a,0xf3,0x3a,0xf3,0x32,
    0xd3,0x32,0xb3,0x2a,0x92,0x22,0x92,0x22,0x92,0x22,0x92,0x22,0x92,0x22,0x92,0x22,
    0x51,0x1a,0x10,0x0a,0xcf,0x01,0xac,0x11,0xca,0x21,0xea,0x21,0x2b,0x2a,0x6c,0x32,
    0xee,0x4a,0x2f,0x53,0x6c,0x42,0x88,0x29,0x09,0x3a,0xcb,0x29,0x6c,0x01,0x6c,0x01,
    0x4c,0x01,0x4b,0x01,0x62,0x08,0x05,0x19,0x87,0x29,0x29,0x32,0xab,0x4a,0x0c,0x5b,
    0x27,0x19,0x64,0x00,0x42,0x00,0x43,0x00,0x62,0x00,0x42,0x00,0x42,0x00,0x42,0x00,
    0x42,0x00,0x42,0x00,0x42,0x00,0x42,0x00,0x42,0x00,0x62,0x00,0x42,0x00,0x62,0x00,
    0x62,0x00,0x42,0x00,0x42,0x00,0x42,0x00,0x42,0x00,0x42,0x00,0x42,0x00,0x62,0x00,
    0x62,0x00,0x62,0x00,0x62,0x00,0x62,0x00,0x62,0x00,0x62,0x00,0x62,0x00,0x62,0x00,
    0x62,0x00,0x62,0x00,0x62,0x00,0x82,0x08,0xe4,0x10,0xa7,0x29,0x8a,0x4a,0x0c,0x53,
    0x0c,0x53,0x2c,0x5b,0x4d,0x5b,0x2c,0x5b,0x0c,0x53,0x4d,0x63,0x2d,0x5b,0x2c,0x5b,
    0x2c,0x5b,0x0c,0x53,0x0c,0x53,0x2c,0x5b,0x2c,0x5b,0x2c,0x5b,0x4d,0x5b,0x2c,0x5b,
    0x4d,0x5b,0x2c,0x5b,0x4d,0x5b,0x2c,0x5b,0x4d,0x5b,0x2c,0x5b,0x2c,0x5b,0x2c,0x5b,
    0x4d,0x5b,0x4d,0x63,0x2c,0x5b,0x2c,0x5b,0x6d,0x63,0x4d,0x5b,0x2c,0x5b,0x2c,0x5b,
    0x4d,0x5b,0x2c,0x5b,0x2d,0x5b,0x2d,0x5b,0x2c,0x5b,0x2c,0x5b,0x4c,0x5b,0x6d,0x63,
    0x4d,0x5b,0x2c,0x5b,0x4d,0x5b,0x2c,0x5b,0x2d,0x5b,0x4d,0x5b,0x4d,0x5b,0x0c,0x53,
    0x0c,0x5b,0x4d,0x5b,0x4d,0x5b,0x2c,0x5b,0xff,0x2c,0x5b,0x4d,0x5b,0x4d,0x5b,0x4d,
    0x5b,0x2c,0x5b,0x4d,0x5b,0x4d,0x5b,0x4d,0x63,0x4d,0x63,0x4d,0x5b,0x4d,0x63,0x4d,
    0x63,0x4d,0x5b,0xaa,0x4a,0xc7,0x31,0x25,0x21,0xe4,0x18,0xc3,0x10,0xa3,0x08,0xa3,
    0x08,0xc4,0x10,0x05,0x19,0x66,0x21,0x08,0x3a,0xcb,0x52,0x2c,0x5b,0x6d,0x63,0x4d,
    0x5b,0x4d,0x63,0x4d,0x63,0x4d,0x5b,0x6d,0x63,0x4d,0x5b,0x4d,0x5b,0x6d,0x63,0x2d,
    0x5b,0x4d,0x5b,0x2c,0x5b,0x6d,0x63,0x4d,0x63,0x4d,0x5b,0x6d,0x63,0x6d,0x63,0x2c,
    0x5b,0x4d,0x5b,0x4d,0x63,0x4d,0x63,0x4d,0x5b,0x4d,0x5b,0x4d,0x5b,0x2d,0x5b,0x2d,
    0x5b,0x0c,0x5b,0x4d,0x5b,0x2c,0x5b,0x4d,0x5b,0x4d,0x5b,0x4d,0x63,0x4d,0x63,0xaa,
    0x4a,0xa6,0x29,0x25,0x21,0x26,0x21,0x26,0x21,0x26,0x21,0x26,0x21,0x26,0x21,0x26,
    0x21,0x46,0x21,0x26,0x21,0x25,0x21,0x25,0x21,0x04,0x21,0xe4,0x18,0xc4,0x18,0xc3,
    0x18,0xa3,0x10,0xe4,0x18,0x66,0x29,0xcb,0x5a,0x34,0xa5,0x38,0xc6,0x38,0xc6,0xdb,
    0xde,0x79,0xce,0x0c,0x5b,0x87,0x29,0xa5,0x00,0xe6,0x08,0x0f,0x53,0xd4,0x63,0xb4,
    0x63,0xb4,0x63,0x29,0x42,0x62,0x08,0xc4,0x18,0x4f,0x5b,0x8e,0x6b,0xae,0x6b,0x6e,
    0x63,0x35,0x9d,0xb4,0x8c,0x73,0x7c,0x93,0x84,0xb7,0xb5,0x59,0xc6,0x38,0xc6,0x18,
    0xbe,0x38,0xc6,0x7a,0xce,0x9a,0xd6,0xba,0xd6,0xba,0xd6,0xdb,0xde,0xbb,0xd6,0x9a,
    0xce,0x9b,0xce,0x19,0xbe,0x98,0xad,0x78,0xad,0x16,0x95,0xf1,0x6b,0xaf,0x6b,0x99,
    0xce,0xdb,0xde,0x9a,0xd6,0xd4,0x6b,0xff,0x95,0x53,0x75,0x53,0x55,0x4b,0x35,0x43,
    0x35,0x43,0x95,0x5b,0xf6,0x6b,0x36,0x74,0x57,0x7c,0x36,0x74,0xb6,0x5b,0x75,0x53,
    0x75,0x53,0x75,0x53,0x35,0x43,0x34,0x3b,0x34,0x43,0x34,0x43,0x55,0x4b,0x75,0x53,
    0x95,0x53,0xb6,0x63,0xf6,0x6b,0x16,0x6c,0xd6,0x63,0x95,0x5b,0x10,0x02,0x30,0x0a,
    0x30,0x0a,0x50,0x12,0x50,0x12,0x30,0x12,0x10,0x0a,0x10,0x02,0x0f,0x02,0xef,0x01,
    0xae,0x01,0x0e,0x22,0x30,0x53,0x91,0x63,0xb1,0x63,0xee,0x4a,0x6c,0x3a,0xeb,0x29,
    0x30,0x1a,0xd3,0x2a,0xf3,0x32,0xd3,0x32,0xd3,0x2a,0xb3,0x2a,0x92,0x22,0x92,0x22,
    0x92,0x22,0x92,0x22,0x92,0x22,0x92,0x22,0xb2,0x2a,0xb2,0x2a,0x92,0x2a,0x71,0x22,
    0x31,0x12,0xef,0x01,0xee,0x11,0x0d,0x22,0x4c,0x32,0x8c,0x32,0x6c,0x32,0x6c,0x3a,
    0x8c,0x3a,0x6b,0x3a,0x4b,0x3a,0x67,0x21,0x08,0x11,0x2a,0x09,0x4c,0x3a,0x32,0x7c,
    0xd1,0x6b,0x09,0x32,0x67,0x21,0x05,0x21,0x25,0x21,0x88,0x21,0x84,0x00,0x43,0x00,
    0xa3,0x10,0x42,0x00,0x42,0x00,0x42,0x00,0x42,0x00,0x42,0x00,0x42,0x00,0x42,0x00,
    0x42,0x00,0x42,0x00,0x62,0x00,0x62,0x00,0x62,0x00,0x62,0x00,0x62,0x00,0x42,0x00,
    0x42,0x00,0x42,0x00,0x42,0x00,0x62,0x00,0x62,0x00,0x62,0x00,0x62,0x00,0x62,0x00,
    0x62,0x00,0x62,0x00,0x62,0x00,0x62,0x00,0x62,0x00,0x62,0x00,0x62,0x00,0x62,0x00,
    0x62,0x00,0x62,0x00,0x62,0x00,0x63,0x08,0x25,0x21,0xe7,0x31,0x8a,0x4a,0x0c,0x53,
    0x2c,0x5b,0x2c,0x5b,0x2c,0x5b,0xff,0x2c,0x5b,0x2c,0x5b,0x2c,0x5b,0x2c,0x5b,0x2c,
    0x5b,0x4d,0x5b,0x2c,0x5b,0x2c,0x5b,0x2c,0x5b,0x2c,0x5b,0x2c,0x5b,0x2c,0x5b,0x2c,
    0x5b,0x2c,0x5b,0x2c,0x5b,0x2c,0x5b,0x4d,0x5b,0x2c,0x5b,0x2c,0x5b,0x2c,0x5b,0x4d,
    0x5b,0x2d,0x5b,0x2c,0x5b,0x4d,0x5b,0x4d,0x5b,0x2c,0x5b,0x2c,0x5b,0x4d,0x5b,0x2c,
    0x5b,0x2c,0x5b,0x4d,0x5b,0x2d,0x5b,0x4d,0x5b,0x2c,0x5b,0x2c,0x5b,0x4d,0x5b,0x4d,
    0x5b,0x4d,0x5b,0x4d,0x63,0x4d,0x5b,0x2d,0x5b,0x4d,0x63,0x4d,0x5b,0x4d,0x63,0x2c,
    0x5b,0x2c,0x5b,0x4d,0x5b,0x2c,0x5b,0x4d,0x5b,0x4d,0x5b,0x4d,0x5b,0x2c,0x5b,0x6d,
    0x63,0x4d,0x5b,0x4d,0x5b,0x4d,0x5b,0x0c,0x53,0x69,0x42,0x45,0x21,0x21,0x08,0x00,
    0x00,0x00,0x00,0x01,0x00,0x42,0x00,0x62,0x08,0x83,0x08,0x83,0x08,0x21,0x00,0x01,
    0x00,0x01,0x00,0x21,0x00,0x45,0x21,0x08,0x3a,0x0c,0x5b,0x4d,0x5b,0x4d,0x5b,0x6d,
    0x63,0x4d,0x5b,0x4d,0x5b,0x4d,0x5b,0x4d,0x5b,0x4d,0x5b,0x4d,0x5b,0x6d,0x63,0x2c,
    0x5b,0x2c,0x5b,0x4d,0x5b,0x4d,0x5b,0x4d,0x5b,0x4d,0x5b,0x6d,0x63,0x4d,0x63,0x4d,
    0x5b,0x4d,0x5b,0x4d,0x5b,0x4d,0x5b,0x4d,0x5b,0x4d,0x5b,0x6d,0x63,0x2d,0x5b,0x4d,
    0x5b,0x4d,0x5b,0x4d,0x5b,0x4d,0x5b,0xaa,0x4a,0x86,0x29,0x25,0x21,0x26,0x21,0x26,
    0x21,0x26,0x21,0x26,0x21,0x46,0x21,0x46,0x21,0x46,0x21,0x46,0x21,0x46,0x21,0x46,
    0x21,0x46,0x21,0x25,0x21,0x45,0x29,0xa7,0x31,0xa3,0x18,0xa3,0x10,0xc3,0x18,0xa3,
    0x10,0xa3,0x10,0xa3,0x10,0xff,0x2d,0x5b,0x59,0xc6,0x59,0xce,0x2c,0x63,0x09,0x3a,
    0xd1,0x6b,0xa5,0x00,0x68,0x19,0x8c,0x42,0xd4,0x63,0x94,0x5b,0x93,0x5b,0xcd,0x4a,
    0xc3,0x18,0xc3,0x18,0x6b,0x3a,0x6a,0x3a,0x09,0x32,0x0c,0x53,0xb4,0x8c,0x36,0x9d,
    0xf9,0xb5,0x7a,0xc6,0x5a,0xc6,0x39,0xc6,0x59,0xc6,0x59,0xc6,0x39,0xc6,0x39,0xc6,
    0x59,0xc6,0x38,0xc6,0xb6,0xad,0x59,0xce,0xdb,0xde,0xdb,0xde,0xba,0xd6,0xbb,0xd6,
    0xbb,0xce,0x5a,0xc6,0xf9,0xb5,0x57,0xa5,0x6f,0x5b,0x75,0xad,0x9a,0xd6,0xd4,0x6b,
    0x34,0x43,0x55,0x4b,0x75,0x4b,0x75,0x53,0x95,0x53,0xb6,0x5b,0xd6,0x63,0xf6,0x6b,
    0x16,0x74,0x16,0x6c,0xf6,0x6b,0xf6,0x6b,0xf6,0x6b,0xd6,0x63,0x55,0x4b,0x34,0x43,
    0x55,0x4b,0x95,0x5b,0xb5,0x5b,0xb6,0x63,0xd6,0x63,0xd6,0x63,0xb6,0x63,0xd6,0x63,
    0xd6,0x63,0xf6,0x6b,0xf6,0x6b,0x30,0x0a,0x30,0x0a,0x50,0x12,0x50,0x12,0x30,0x0a,
    0x30,0x0a,0x30,0x0a,0x10,0x0a,0x10,0x0a,0x30,0x0a,0x30,0x0a,0x10,0x02,0xef,0x01,
    0xcf,0x01,0xce,0x01,0x0e,0x22,0x2e,0x2a,0x10,0x02,0x72,0x1a,0xd3,0x32,0xd3,0x32,
    0xb3,0x2a,0xb2,0x2a,0xb2,0x22,0x92,0x22,0x92,0x22,0x92,0x22,0x92,0x22,0x92,0x22,
    0x92,0x22,0xb2,0x2a,0xb2,0x2a,0xb2,0x2a,0xb2,0x2a,0xb2,0x2a,0x92,0x2a,0x51,0x1a,
    0x30,0x12,0xef,0x01,0x2e,0x22,0xcf,0x3a,0xce,0x42,0xce,0x42,0xee,0x42,0x70,0x5b,
    0xb1,0x63,0xcd,0x4a,0x0a,0x32,0x90,0x63,0xf9,0xb5,0x3a,0xbe,0x33,0x74,0xe4,0x10,
    0xa3,0x10,0xc3,0x18,0xff,0x67,0x21,0xa7,0x31,0xe8,0x39,0x05,0x21,0xe4,0x20,0xa3,
    0x10,0x82,0x08,0x42,0x08,0x22,0x00,0x42,0x00,0x42,0x00,0x42,0x00,0x42,0x00,0x62,
    0x00,0x62,0x00,0x62,0x00,0x62,0x00,0x42,0x00,0x42,0x00,0x42,0x00,0x42,0x00,0x42,
    0x00,0x42,0x00,0x62,0x00,0x62,0x00,0x62,0x00,0x62,0x00,0x62,0x00,0x62,0x00,0x62,
    0x00,0x62,0x00,0x62,0x00,0x62,0x00,0x62,0x00,0x63,0x00,0x63,0x00,0x62,0x00,0x62,
    0x00,0x63,0x00,0x62,0x00,0x63,0x00,0x82,0x08,0x25,0x19,0x28,0x3a,0xeb,0x52,0x0c,
    0x53,0x2c,0x5b,0x2c,0x5b,0x2d,0x5b,0x2c,0x5b,0x4d,0x5b,0x2c,0x5b,0x2c,0x5b,0x2c,
    0x5b,0x2c,0x5b,0x4d,0x5b,0x2c,0x5b,0x2c,0x5b,0x2c,0x5b,0x4d,0x5b,0x2c,0x5b,0x4d,
    0x5b,0x0c,0x53,0x2c,0x5b,0x4d,0x5b,0x0c,0x53,0x2c,0x5b,0x4d,0x5b,0x2c,0x5b,0x2c,
    0x5b,0x2c,0x5b,0x4d,0x5b,0x2c,0x5b,0x2c,0x5b,0x4d,0x5b,0x4d,0x63,0x2c,0x5b,0x2d,
    0x5b,0x2c,0x5b,0x4d,0x5b,0x6d,0x63,0x4d,0x5b,0x2c,0x5b,0x4d,0x5b,0x2c,0x5b,0x2c,
    0x5b,0x4d,0x5b,0x2c,0x5b,0x4d,0x5b,0x2c,0x5b,0x6d,0x63,0x4d,0x5b,0x2c,0x5b,0x4d,
    0x5b,0x2c,0x5b,0x4d,0x5b,0x4d,0x5b,0x6d,0x63,0x2c,0x5b,0x4d,0x5b,0x4d,0x5b,0x2c,
    0x5b,0xe7,0x31,0x82,0x08,0x21,0x00,0x42,0x08,0x82,0x10,0xa3,0x10,0xe4,0x18,0xe4,
    0x18,0xe4,0x18,0xe4,0x18,0xe4,0x18,0x05,0x21,0x05,0x19,0xe4,0x18,0x83,0x08,0x21,
    0x00,0x01,0x00,0x04,0x19,0x8a,0x42,0x2c,0x5b,0x2c,0x5b,0x4d,0x5b,0x4d,0x63,0x4d,
    0x5b,0x2d,0x5b,0xff,0x6d,0x63,0x2d,0x5b,0x2c,0x5b,0x4d,0x63,0x6d,0x63,0x4d,0x5b,
    0x4d,0x63,0x2c,0x5b,0x2c,0x5b,0x4d,0x5b,0x2c,0x5b,0x4d,0x63,0x4d,0x5b,0x4d,0x5b,
    0x2c,0x5b,0x4d,0x5b,0x4d,0x5b,0x2c,0x5b,0x4d,0x5b,0x4d,0x63,0x4d,0x63,0x4d,0x5b,
    0x8a,0x42,0x86,0x29,0x26,0x21,0x26,0x21,0x26,0x21,0x26,0x21,0x26,0x21,0x26,0x21,
    0x26,0x21,0x46,0x21,0x46,0x21,0x86,0x29,0x86,0x29,0xa7,0x29,0x86,0x29,0xe8,0x31,
    0x4c,0x63,0xae,0x6b,0x4d,0x63,0x49,0x42,0xa7,0x31,0xc4,0x10,0xa3,0x10,0xa4,0x10,
    0x83,0x08,0x8a,0x4a,0xaa,0x4a,0x29,0x42,0x54,0x7c,0xf5,0x6b,0x68,0x21,0xe9,0x29,
    0xc8,0x29,0x93,0x63,0x52,0x53,0x10,0x4b,0x6c,0x3a,0x87,0x21,0x4a,0x32,0xcd,0x4a,
    0x0a,0x2a,0xcc,0x4a,0x10,0x7c,0x39,0xc6,0x56,0x9d,0x57,0xa5,0x77,0xa5,0x19,0xbe,
    0x5a,0xc6,0x9b,0xce,0x9b,0xce,0x7a,0xce,0x5a,0xc6,0x18,0xbe,0xd3,0x94,0x10,0x74,
    0x14,0x9d,0x38,0xc6,0xdb,0xde,0xdb,0xde,0xdb,0xde,0xbb,0xd6,0xbb,0xd6,0xbb,0xce,
    0xf9,0xb5,0x90,0x63,0x51,0x84,0xf4,0x73,0x75,0x53,0xb6,0x63,0xd6,0x63,0xd6,0x63,
    0xd6,0x63,0xd6,0x63,0xd6,0x63,0xf6,0x6b,0x16,0x74,0xf6,0x6b,0xb6,0x63,0xb6,0x5b,
    0xb6,0x5b,0x95,0x5b,0x95,0x53,0xb6,0x63,0xf6,0x6b,0xf6,0x6b,0xb5,0x5b,0x95,0x5b,
    0x95,0x5b,0xb5,0x5b,0xb5,0x5b,0xb6,0x63,0xd6,0x63,0xb6,0x63,0xb6,0x63,0xd6,0x63,
    0x30,0x12,0x50,0x12,0x50,0x12,0x30,0x0a,0x30,0x0a,0x30,0x0a,0x30,0x0a,0x30,0x0a,
    0x30,0x0a,0xff,0x30,0x0a,0x30,0x0a,0x30,0x0a,0x30,0x0a,0x30,0x0a,0x30,0x02,0x10,
    0x02,0x10,0x02,0x31,0x0a,0x72,0x1a,0xb2,0x2a,0xb2,0x2a,0xb2,0x2a,0x92,0x22,0x92,
    0x22,0x92,0x22,0x92,0x22,0x92,0x22,0x92,0x22,0x92,0x22,0xb2,0x2a,0xb2,0x2a,0xb2,
    0x2a,0xb2,0x2a,0xb2,0x32,0xb2,0x32,0xb2,0x32,0xb2,0x32,0xb2,0x2a,0x71,0x22,0x50,
    0x12,0x30,0x12,0x2f,0x1a,0x6f,0x32,0xb2,0x63,0x95,0x84,0x90,0x5b,0x8c,0x3a,0x4b,
    0x3a,0x0e,0x4b,0xf6,0x94,0xf9,0xbd,0x77,0xa5,0xe5,0x08,0x83,0x08,0xc3,0x18,0x8a,
    0x52,0x18,0xc6,0x51,0x84,0x45,0x21,0x25,0x21,0xe4,0x20,0xe4,0x18,0x05,0x19,0x62,
    0x00,0x83,0x08,0x62,0x08,0x62,0x00,0x62,0x00,0x62,0x00,0x62,0x00,0x62,0x00,0x42,
    0x00,0x42,0x00,0x42,0x00,0x42,0x00,0x42,0x00,0x42,0x00,0x62,0x00,0x62,0x00,0x62,
    0x00,0x62,0x00,0x62,0x00,0x62,0x00,0x62,0x00,0x62,0x00,0x62,0x00,0x62,0x00,0x62,
    0x00,0x63,0x00,0x63,0x00,0x63,0x08,0x63,0x00,0x62,0x00,0x63,0x00,0x62,0x00,0x63,
    0x00,0x63,0x00,0x63,0x00,0x63,0x08,0xc3,0x10,0x66,0x21,0x49,0x3a,0xcb,0x4a,0x0c,
    0x53,0x2c,0x5b,0x2c,0x5b,0x0c,0x53,0x0c,0x53,0x2c,0x5b,0x2c,0x5b,0x2c,0x5b,0x2c,
    0x5b,0x2c,0x5b,0x4d,0x5b,0x4d,0x5b,0x2c,0x5b,0x0c,0x5b,0x4d,0x63,0x4d,0x5b,0x0c,
    0x53,0x2c,0x5b,0x2c,0x5b,0x0c,0x53,0x2c,0x5b,0x4d,0x5b,0x2c,0x5b,0x4d,0x63,0x2c,
    0x5b,0x4d,0x5b,0x4d,0x5b,0x0c,0x53,0x2c,0x5b,0x4d,0x5b,0x2d,0x5b,0x2c,0x5b,0x2c,
    0x5b,0xff,0x4d,0x63,0x2d,0x5b,0x4d,0x5b,0x2c,0x5b,0x4d,0x5b,0x2c,0x5b,0x2d,0x5b,
    0x2c,0x5b,0x4d,0x5b,0x2c,0x5b,0x4d,0x5b,0x4d,0x5b,0x4d,0x5b,0x4d,0x5b,0x6d,0x63,
    0x2c,0x5b,0x4d,0x5b,0x6d,0x63,0x4d,0x5b,0xec,0x52,0xe7,0x31,0xa3,0x10,0xc3,0x10,
    0xe4,0x18,0xe4,0x18,0x04,0x21,0x25,0x21,0x66,0x29,0x86,0x29,0x86,0x29,0x86,0x29,
    0x86,0x29,0x66,0x29,0x45,0x21,0x25,0x21,0x04,0x21,0x25,0x21,0xc3,0x10,0x21,0x00,
    0xa3,0x10,0x8a,0x4a,0x2d,0x5b,0x2c,0x5b,0x4d,0x5b,0x4d,0x5b,0x6d,0x63,0x4d,0x5b,
    0x4d,0x5b,0x6d,0x63,0x6d,0x63,0x4d,0x5b,0x2c,0x5b,0x4d,0x5b,0x6d,0x63,0x4d,0x63,
    0x4d,0x5b,0x4d,0x5b,0x2d,0x5b,0x4d,0x5b,0x4d,0x5b,0x6d,0x63,0x6d,0x63,0x4d,0x5b,
    0x4d,0x5b,0x4d,0x5b,0x4d,0x63,0x6d,0x63,0x6a,0x42,0x86,0x29,0x26,0x21,0x26,0x21,
    0x26,0x21,0x26,0x21,0x26,0x21,0x26,0x21,0x26,0x21,0x26,0x21,0x46,0x21,0x87,0x29,
    0x86,0x29,0xc7,0x29,0xa6,0x29,0xc7,0x31,0x6d,0x63,0xae,0x6b,0xae,0x6b,0xce,0x73,
    0x10,0x7c,0xf7,0xbd,0x34,0xa5,0xc8,0x39,0xa3,0x08,0x83,0x08,0x64,0x00,0xe9,0x39,
    0x74,0x84,0xd4,0x6b,0xb4,0x63,0x8d,0x42,0xa8,0x29,0x25,0x21,0x10,0x4b,0xf0,0x4a,
    0x4c,0x32,0x2a,0x32,0xc8,0x31,0xe9,0x29,0xed,0x4a,0x8e,0x63,0x10,0x7c,0x7a,0xce,
    0x59,0xce,0x59,0xc6,0x59,0xce,0x7a,0xce,0x3a,0xc6,0xd9,0xb5,0x37,0x9d,0x98,0xad,
    0x5a,0xc6,0x9b,0xce,0x7a,0xce,0x77,0xad,0xf5,0x94,0xd5,0x8c,0x73,0x84,0xb7,0xb5,
    0xff,0xba,0xd6,0xdb,0xde,0xdb,0xde,0xdb,0xde,0xbb,0xd6,0x34,0x7c,0xb0,0x3a,0xf2,
    0x3a,0x75,0x53,0xb6,0x63,0xd6,0x63,0xd6,0x63,0xd6,0x63,0xd6,0x63,0xd6,0x63,0xf6,
    0x6b,0x16,0x74,0xf6,0x6b,0xd6,0x63,0xb5,0x5b,0xb5,0x5b,0x95,0x5b,0x55,0x4b,0x75,
    0x53,0xb5,0x5b,0xd6,0x63,0xf6,0x6b,0x16,0x6c,0x16,0x74,0xf6,0x6b,0xb5,0x5b,0x95,
    0x53,0x95,0x53,0xb5,0x5b,0xb6,0x5b,0xb6,0x63,0xd5,0x63,0x50,0x12,0x30,0x12,0x30,
    0x0a,0x30,0x0a,0x30,0x0a,0x30,0x0a,0x30,0x0a,0x30,0x0a,0x30,0x0a,0x30,0x0a,0x30,
    0x0a,0x51,0x12,0x51,0x12,0x51,0x12,0x31,0x12,0x31,0x0a,0x51,0x12,0x51,0x12,0x92,
    0x22,0x92,0x22,0x92,0x22,0x92,0x22,0x92,0x22,0x92,0x22,0x92,0x22,0x92,0x22,0x92,
    0x22,0x92,0x22,0x92,0x22,0xb2,0x2a,0xb2,0x2a,0xb2,0x2a,0xb2,0x2a,0xb2,0x2a,0xb2,
    0x32,0xb2,0x32,0xd2,0x32,0xd2,0x32,0xd2,0x32,0xb2,0x32,0xb2,0x32,0x71,0x22,0x51,
    0x1a,0x10,0x02,0xb0,0x42,0x72,0x5b,0xce,0x42,0x2b,0x2a,0x88,0x21,0xa8,0x21,0x2e,
    0x53,0x4f,0x5b,0x26,0x19,0xa3,0x10,0x87,0x31,0xb7,0xb5,0xba,0xd6,0x18,0xbe,0x4d,
    0x63,0x25,0x21,0x25,0x21,0x05,0x19,0x63,0x08,0x42,0x00,0x62,0x00,0x63,0x08,0x62,
    0x00,0x62,0x08,0x42,0x00,0x42,0x00,0x42,0x00,0x42,0x00,0x42,0x00,0x42,0x00,0x42,
    0x00,0x42,0x00,0x62,0x00,0x62,0x00,0x62,0x00,0x62,0x00,0x62,0x00,0x62,0x00,0x62,
    0x00,0x62,0x00,0x62,0x00,0x62,0x00,0x62,0x00,0x62,0x00,0x62,0x00,0x63,0x00,0xff,
    0x63,0x00,0x63,0x00,0x63,0x00,0x63,0x00,0x62,0x00,0x63,0x00,0x63,0x00,0x63,0x00,
    0x63,0x00,0x63,0x00,0x63,0x00,0x42,0x00,0xe4,0x18,0xa7,0x29,0x8a,0x42,0x0c,0x53,
    0x4d,0x5b,0x2c,0x5b,0x2c,0x5b,0x2c,0x5b,0x2c,0x5b,0x2c,0x5b,0x2c,0x5b,0x2c,0x5b,
    0x2d,0x5b,0x2c,0x5b,0x2c,0x5b,0x2c,0x5b,0x2c,0x5b,0x2c,0x5b,0x4d,0x5b,0x4d,0x5b,
    0x4d,0x5b,0x2c,0x5b,0x2c,0x5b,0x2c,0x5b,0x2c,0x5b,0x4d,0x5b,0x2c,0x5b,0x2c,0x5b,
    0x4d,0x63,0x4d,0x5b,0x2c,0x5b,0x4d,0x5b,0x4d,0x5b,0x4d,0x5b,0x2c,0x5b,0x4d,0x5b,
    0x2c,0x5b,0x4d,0x5b,0x4d,0x5b,0x2c,0x5b,0x2c,0x5b,0x2c,0x5b,0x2d,0x5b,0x2c,0x5b,
    0x2c,0x5b,0x4d,0x5b,0x4d,0x5b,0x2c,0x5b,0x2c,0x5b,0x4d,0x5b,0x2c,0x5b,0x2c,0x5b,
    0x2c,0x5b,0x8a,0x42,0x04,0x21,0x86,0x29,0x45,0x29,0x45,0x21,0xc7,0x29,0x28,0x3a,
    0x49,0x3a,0x8a,0x42,0xaa,0x42,0xaa,0x4a,0xaa,0x42,0x8a,0x42,0x8a,0x42,0x69,0x3a,
    0x29,0x3a,0xe7,0x31,0x66,0x29,0x45,0x21,0x25,0x21,0x62,0x08,0x45,0x21,0x0c,0x53,
    0x4d,0x5b,0x2c,0x5b,0x4d,0x5b,0x2c,0x5b,0x4d,0x5b,0x4d,0x5b,0x2c,0x5b,0x2c,0x5b,
    0x2d,0x5b,0x4d,0x63,0x4d,0x5b,0x2c,0x5b,0x2c,0x5b,0x4d,0x5b,0x2c,0x5b,0x4d,0x5b,
    0x4d,0x5b,0x4d,0x5b,0x2c,0x5b,0x2d,0x5b,0x2c,0x5b,0x4d,0x5b,0x4d,0x5b,0x2c,0x5b,
    0x6a,0x42,0x86,0x29,0x25,0x21,0x26,0x21,0x26,0x21,0x26,0x21,0x26,0x21,0x26,0x21,
    0x26,0x21,0x26,0x21,0x25,0x21,0x46,0x21,0x46,0x21,0x45,0x21,0x66,0x29,0xff,0x45,
    0x21,0xeb,0x52,0xae,0x6b,0xae,0x6b,0xce,0x73,0x30,0x7c,0x18,0xbe,0x38,0xc6,0x39,
    0xc6,0x38,0xc6,0x29,0x42,0x64,0x00,0x84,0x00,0xa9,0x29,0xd4,0x6b,0x94,0x5b,0x94,
    0x5b,0xef,0x52,0xc4,0x18,0xa3,0x10,0xad,0x42,0x0f,0x4b,0x2d,0x53,0x6e,0x63,0xab,
    0x4a,0x4a,0x3a,0x6b,0x3a,0xaf,0x6b,0x7a,0xce,0x59,0xc6,0x59,0xc6,0x9a,0xd6,0xdb,
    0xde,0xdb,0xde,0xbb,0xd6,0x9b,0xd6,0x3a,0xbe,0xd9,0xb5,0xf9,0xb5,0x1a,0xbe,0x5a,
    0xc6,0x5a,0xc6,0x19,0xbe,0x77,0xa5,0x16,0x9d,0x94,0x84,0x15,0x9d,0x7a,0xce,0xdb,
    0xde,0xdb,0xde,0xdb,0xde,0x77,0xad,0x75,0x4b,0x95,0x53,0xb6,0x5b,0xd6,0x63,0xd6,
    0x63,0xd6,0x63,0xd6,0x63,0xd6,0x63,0xf6,0x6b,0x16,0x74,0xf6,0x6b,0xd6,0x63,0xb5,
    0x5b,0xb6,0x5b,0x95,0x5b,0x75,0x4b,0x75,0x53,0xb5,0x5b,0xd6,0x63,0xd6,0x63,0xd6,
    0x63,0xd6,0x63,0xd6,0x63,0xf6,0x6b,0x16,0x6c,0x16,0x6c,0xd6,0x63,0xb5,0x5b,0xd5,
    0x63,0xd6,0x8c,0x77,0xa5,0x50,0x12,0x30,0x0a,0x30,0x0a,0x30,0x0a,0x30,0x0a,0x30,
    0x0a,0x30,0x0a,0x30,0x0a,0x30,0x0a,0x51,0x12,0x51,0x12,0x51,0x12,0x51,0x12,0x51,
    0x12,0x51,0x12,0x51,0x12,0x71,0x12,0x72,0x1a,0x92,0x22,0x92,0x22,0x92,0x22,0x92,
    0x22,0x92,0x22,0x92,0x22,0x92,0x22,0x92,0x22,0x92,0x22,0x92,0x22,0xb2,0x2a,0xb2,
    0x2a,0xb2,0x2a,0xb2,0x2a,0xb2,0x2a,0xb2,0x2a,0xb2,0x32,0xb2,0x32,0xd2,0x32,0xd2,
    0x32,0xd2,0x32,0xd2,0x3a,0xd2,0x3a,0xb2,0x32,0xb2,0x32,0x92,0x2a,0xff,0x51,0x1a,
    0x10,0x0a,0xae,0x01,0x6c,0x09,0x8a,0x19,0xa9,0x21,0x88,0x21,0xa8,0x21,0x05,0x19,
    0xe8,0x39,0x6c,0x42,0xaa,0x52,0x34,0xa5,0x79,0xce,0x9a,0xd6,0x75,0xad,0x69,0x42,
    0x42,0x00,0x42,0x00,0x42,0x00,0x63,0x08,0x83,0x08,0x83,0x10,0xe4,0x18,0xc4,0x18,
    0x83,0x10,0x42,0x08,0x42,0x00,0x42,0x00,0x42,0x00,0x42,0x00,0x42,0x00,0x42,0x00,
    0x62,0x00,0x62,0x00,0x62,0x00,0x62,0x00,0x62,0x00,0x62,0x00,0x42,0x00,0x62,0x00,
    0x62,0x00,0x62,0x00,0x63,0x00,0x63,0x00,0x63,0x08,0x63,0x00,0x63,0x08,0x63,0x08,
    0x63,0x00,0x63,0x00,0x63,0x00,0x63,0x00,0x63,0x08,0x63,0x08,0x63,0x08,0x63,0x08,
    0x63,0x08,0x63,0x08,0x63,0x08,0x83,0x08,0xe4,0x18,0xc7,0x31,0xcb,0x4a,0x0c,0x53,
    0x4d,0x5b,0x0c,0x53,0x2c,0x5b,0x0c,0x53,0x2c,0x5b,0x0c,0x53,0x0c,0x53,0x0c,0x5b,
    0x2c,0x5b,0x2d,0x5b,0x4d,0x63,0x2c,0x5b,0x4d,0x5b,0x4d,0x5b,0x4d,0x5b,0x2c,0x5b,
    0x4d,0x5b,0x2c,0x5b,0x0c,0x53,0x2c,0x5b,0x2c,0x5b,0x4d,0x5b,0x2c,0x5b,0x2c,0x5b,
    0x4d,0x5b,0x2c,0x5b,0x2c,0x5b,0x4d,0x5b,0x2c,0x5b,0x4c,0x5b,0x4d,0x5b,0x2c,0x5b,
    0x6d,0x63,0x4d,0x5b,0x4d,0x63,0x4d,0x5b,0x4d,0x5b,0x4d,0x5b,0x2c,0x5b,0x2c,0x5b,
    0x4d,0x5b,0x4d,0x5b,0x2c,0x5b,0x2c,0x5b,0x4d,0x5b,0x2c,0x5b,0x8a,0x4a,0xc7,0x29,
    0x65,0x29,0xc7,0x31,0x69,0x3a,0xaa,0x4a,0xeb,0x4a,0xcb,0x4a,0xeb,0x52,0xeb,0x52,
    0x0c,0x53,0xeb,0x52,0x0c,0x53,0x0c,0x53,0x0c,0x53,0xeb,0x52,0xff,0xcb,0x4a,0x8a,
    0x42,0x08,0x32,0x66,0x29,0x65,0x21,0xc3,0x10,0xeb,0x52,0x4d,0x5b,0x2c,0x5b,0x2c,
    0x5b,0x4d,0x5b,0x4d,0x63,0x6d,0x63,0x4d,0x63,0x2d,0x5b,0x4d,0x5b,0x2c,0x5b,0x2c,
    0x5b,0x4d,0x5b,0x6d,0x63,0x4d,0x5b,0x4d,0x63,0x4d,0x63,0x2c,0x5b,0x4d,0x5b,0x2c,
    0x5b,0x4d,0x5b,0x4d,0x5b,0x2d,0x5b,0x2d,0x5b,0x6a,0x42,0x86,0x29,0x25,0x21,0x26,
    0x21,0x26,0x21,0x26,0x21,0x26,0x21,0x26,0x21,0x26,0x21,0x26,0x21,0x26,0x21,0x25,
    0x21,0x05,0x21,0x05,0x21,0xe4,0x18,0xc4,0x18,0xc3,0x18,0xe4,0x18,0xc7,0x31,0xcf,
    0x73,0x51,0x84,0x18,0xbe,0x18,0xbe,0x38,0xc6,0xdb,0xde,0x38,0xc6,0x0c,0x5b,0x84,
    0x00,0xa5,0x00,0x27,0x19,0x93,0x63,0x94,0x5b,0x94,0x5b,0x31,0x53,0xc4,0x10,0x83,
    0x08,0x09,0x32,0x8f,0x63,0xae,0x6b,0x8e,0x6b,0x4e,0x5b,0xd0,0x6b,0x73,0x7c,0x52,
    0x7c,0x97,0xad,0xf8,0xb5,0xf8,0xbd,0x38,0xc6,0x7a,0xce,0xba,0xd6,0xdb,0xde,0xdb,
    0xde,0xdb,0xde,0xba,0xd6,0x9a,0xce,0x7b,0xce,0x7b,0xce,0x7b,0xce,0x7b,0xce,0x5a,
    0xc6,0xf9,0xbd,0x37,0x9d,0x12,0x74,0x6e,0x63,0x59,0xce,0xdb,0xde,0xba,0xd6,0xf5,
    0x73,0xb5,0x5b,0xb6,0x5b,0xd6,0x63,0xd6,0x63,0xd6,0x63,0xd6,0x63,0xd6,0x63,0xf6,
    0x6b,0x16,0x74,0xf6,0x6b,0xd6,0x63,0xb6,0x5b,0xb5,0x5b,0x95,0x5b,0x55,0x4b,0x75,
    0x53,0xb5,0x5b,0xd6,0x63,0xd6,0x63,0xd6,0x63,0xd6,0x63,0xd6,0x63,0xd6,0x63,0xf6,
    0x6b,0xf6,0x6b,0x16,0x6c,0x16,0x74,0x56,0x7c,0x36,0x9d,0xff,0x56,0xa5,0x56,0xa5,
    0x30,0x0a,0x30,0x0a,0x30,0x0a,0x30,0x0a,0x30,0x12,0x30,0x12,0x30,0x12,0x30,0x12,
    0x31,0x12,0x51,0x12,0x51,0x12,0x51,0x12,0x51,0x12,0x51,0x12,0x51,0x12,0x51,0x12,
    0x71,0x1a,0x72,0x1a,0x72,0x1a,0x92,0x22,0x92,0x22,0x92,0x22,0x92,0x22,0x92,0x22,
    0x92,0x22,0x92,0x22,0x92,0x22,0x92,0x22,0xb2,0x2a,0xb2,0x2a,0xb2,0x2a,0xb2,0x2a,
    0xb2,0x2a,0xb2,0x2a,0xb2,0x2a,0xb2,0x32,0xb2,0x32,0xb2,0x32,0xd2,0x32,0xd2,0x3a,
    0xf3,0x3a,0xd2,0x32,0xb2,0x32,0xb2,0x2a,0x71,0x22,0x51,0x12,0xf0,0x01,0xae,0x01,
    0x4c,0x01,0x2b,0x01,0x6a,0x11,0x69,0x19,0xa8,0x31,0x50,0x5b,0x4a,0x42,0x05,0x19,
    0x26,0x19,0x08,0x3a,0xae,0x73,0x14,0xa5,0x86,0x31,0x42,0x00,0x42,0x00,0x63,0x00,
    0x83,0x08,0xc3,0x10,0x05,0x21,0x04,0x21,0xe4,0x20,0xe4,0x20,0xe4,0x18,0xe4,0x18,
    0x62,0x08,0x62,0x08,0x62,0x08,0x62,0x00,0x62,0x00,0x62,0x00,0x62,0x00,0x62,0x00,
    0x62,0x00,0x62,0x00,0x62,0x00,0x62,0x00,0x62,0x00,0x62,0x00,0x62,0x00,0x63,0x00,
    0x62,0x08,0x63,0x08,0x63,0x08,0x63,0x00,0x63,0x08,0x63,0x08,0x63,0x00,0x63,0x08,
    0x63,0x08,0x83,0x08,0x63,0x08,0x63,0x08,0x63,0x08,0x63,0x08,0x63,0x08,0x63,0x08,
    0x63,0x08,0x63,0x08,0x63,0x08,0x83,0x08,0x45,0x21,0x08,0x3a,0xcb,0x52,0x2c,0x5b,
    0x4d,0x5b,0x2c,0x5b,0x2c,0x5b,0x0c,0x53,0x2c,0x5b,0x2c,0x5b,0x4d,0x5b,0x2c,0x5b,
    0x2c,0x5b,0x2c,0x5b,0x2c,0x5b,0x0c,0x53,0x0c,0x53,0xff,0x2c,0x5b,0x2c,0x5b,0x2c,
    0x5b,0x2c,0x5b,0x2c,0x5b,0x4d,0x5b,0x4d,0x5b,0x4d,0x5b,0x2c,0x5b,0x2d,0x5b,0x4d,
    0x5b,0x2d,0x5b,0x4d,0x5b,0x0c,0x5b,0x0c,0x53,0x4d,0x5b,0x2c,0x5b,0x4d,0x5b,0x2c,
    0x5b,0x2c,0x5b,0x4d,0x63,0x2c,0x5b,0x4d,0x5b,0x4d,0x5b,0x4d,0x5b,0x4d,0x5b,0x4d,
    0x5b,0x4d,0x5b,0x2c,0x5b,0x6d,0x63,0xcb,0x4a,0xc7,0x29,0x49,0x3a,0xab,0x4a,0xeb,
    0x52,0x0c,0x53,0x0c,0x53,0x0c,0x53,0x0c,0x53,0x0c,0x53,0x0c,0x53,0x0c,0x5b,0x2c,
    0x5b,0x0c,0x53,0x2c,0x5b,0x0c,0x53,0x0c,0x53,0xeb,0x52,0xcb,0x4a,0x69,0x3a,0xc7,
    0x29,0x86,0x29,0x0c,0x5b,0x4d,0x5b,0x2c,0x5b,0x4d,0x5b,0x2c,0x5b,0x2c,0x5b,0x2c,
    0x5b,0x2d,0x5b,0x4d,0x5b,0x2c,0x5b,0x6d,0x63,0x4d,0x5b,0x4d,0x5b,0x2c,0x5b,0x2c,
    0x5b,0x4d,0x5b,0x2c,0x5b,0x2d,0x5b,0x4d,0x5b,0x4d,0x5b,0x2d,0x5b,0x4d,0x63,0x4d,
    0x5b,0x8a,0x42,0x66,0x29,0x26,0x21,0x25,0x21,0x25,0x21,0x26,0x21,0x26,0x21,0x46,
    0x21,0x46,0x21,0x46,0x21,0x46,0x21,0x46,0x21,0x45,0x21,0x25,0x21,0xe4,0x18,0xc4,
    0x18,0xc4,0x18,0xc3,0x18,0xa3,0x18,0xc3,0x18,0x83,0x10,0xa7,0x31,0xaf,0x73,0xf7,
    0xbd,0xdb,0xde,0x38,0xc6,0xcb,0x52,0x4a,0x42,0x6b,0x4a,0xe6,0x08,0x68,0x21,0x31,
    0x53,0x94,0x5b,0x93,0x5b,0x72,0x5b,0x05,0x19,0xa3,0x10,0xa8,0x29,0xcc,0x4a,0xab,
    0x4a,0x29,0x3a,0x52,0x84,0xb7,0xad,0xf8,0xbd,0x9b,0xce,0x3a,0xc6,0x3a,0xbe,0x39,
    0xc6,0x39,0xc6,0x38,0xbe,0x59,0xc6,0x59,0xce,0xff,0x9a,0xd6,0xbb,0xd6,0xdb,0xde,
    0xdb,0xde,0xba,0xd6,0x7a,0xce,0x79,0xce,0xbb,0xd6,0xbb,0xd6,0xbb,0xce,0x7b,0xce,
    0xd9,0xb5,0xb0,0x63,0x34,0x9d,0x9a,0xd6,0xf4,0x73,0x75,0x53,0xb6,0x5b,0xd6,0x63,
    0xd6,0x63,0xd6,0x63,0xd6,0x63,0xd6,0x63,0xf6,0x6b,0x16,0x74,0xf6,0x6b,0xd6,0x63,
    0xb5,0x5b,0xb5,0x5b,0x95,0x5b,0x75,0x4b,0x75,0x53,0xb6,0x63,0xf6,0x6b,0x16,0x6c,
    0x16,0x74,0x36,0x74,0x36,0x7c,0x56,0x7c,0x56,0x7c,0x37,0x7c,0x36,0x74,0x36,0x74,
    0x97,0x84,0x57,0x9d,0xf5,0x94,0xd4,0x94,0x76,0xa5,0x30,0x0a,0x30,0x0a,0x30,0x0a,
    0x30,0x0a,0x31,0x12,0x30,0x12,0x31,0x12,0x51,0x12,0x51,0x12,0x51,0x12,0x51,0x12,
    0x51,0x12,0x51,0x12,0x51,0x12,0x71,0x12,0x71,0x1a,0x71,0x1a,0x72,0x1a,0x72,0x1a,
    0x92,0x22,0x92,0x22,0x92,0x22,0x92,0x22,0x92,0x22,0x92,0x22,0x92,0x22,0x92,0x22,
    0x92,0x22,0xb2,0x2a,0xb2,0x2a,0xb2,0x2a,0xb2,0x2a,0xb2,0x2a,0xb2,0x2a,0xb2,0x2a,
    0xb2,0x32,0xb2,0x32,0xb2,0x32,0xb2,0x32,0xd2,0x3a,0xf3,0x42,0xd2,0x3a,0xb2,0x32,
    0xb2,0x32,0x91,0x22,0x31,0x12,0x0f,0x02,0xae,0x01,0x6d,0x01,0x4b,0x01,0x2b,0x01,
    0x6b,0x11,0x91,0x63,0x94,0x84,0x66,0x29,0x22,0x00,0xa3,0x10,0x05,0x19,0xc8,0x31,
    0x8a,0x52,0x01,0x00,0x42,0x00,0x63,0x00,0x43,0x00,0x30,0x84,0x92,0x8c,0xeb,0x5a,
    0x04,0x21,0x04,0x21,0x04,0x21,0x05,0x21,0xe4,0x18,0x42,0x00,0x62,0x00,0x63,0x08,
    0x62,0x08,0x62,0x00,0x62,0x00,0x42,0x00,0xff,0x42,0x00,0x62,0x00,0x42,0x00,0x62,
    0x00,0x62,0x00,0x62,0x00,0x62,0x00,0x62,0x00,0x63,0x00,0x63,0x08,0x83,0x08,0x63,
    0x08,0x63,0x00,0x63,0x08,0x63,0x00,0x63,0x08,0x63,0x08,0x83,0x08,0x63,0x08,0x63,
    0x08,0x83,0x08,0x63,0x08,0x63,0x08,0x63,0x08,0x63,0x08,0x63,0x08,0x63,0x08,0x63,
    0x08,0x63,0x08,0x63,0x08,0x63,0x08,0x63,0x08,0x45,0x21,0x49,0x42,0xcb,0x52,0x0c,
    0x53,0x4d,0x63,0x4d,0x5b,0x2c,0x5b,0x2c,0x5b,0x4d,0x5b,0x4d,0x5b,0x4d,0x5b,0x2c,
    0x5b,0x4d,0x63,0x4d,0x5b,0x2c,0x5b,0x4d,0x5b,0x4d,0x5b,0x2c,0x5b,0x2d,0x5b,0x0c,
    0x53,0x2c,0x5b,0x2c,0x5b,0x2c,0x5b,0x4d,0x5b,0x4d,0x5b,0x2c,0x5b,0x2c,0x5b,0x4d,
    0x5b,0x4d,0x5b,0x4d,0x5b,0x2c,0x5b,0x2c,0x5b,0x4d,0x5b,0x4d,0x5b,0x2c,0x5b,0x4d,
    0x5b,0x4d,0x5b,0x2d,0x5b,0x4d,0x5b,0x2c,0x5b,0x4d,0x5b,0x2c,0x5b,0x4d,0x63,0xae,
    0x6b,0xcf,0x6b,0x69,0x3a,0xcb,0x4a,0x0c,0x53,0x0c,0x53,0x2c,0x5b,0x2c,0x5b,0x2c,
    0x5b,0x2c,0x5b,0x2c,0x5b,0x2c,0x5b,0x2c,0x5b,0x0c,0x5b,0x2c,0x5b,0x2c,0x5b,0x2c,
    0x5b,0x0c,0x53,0x0c,0x53,0x0c,0x53,0xeb,0x52,0x8a,0x42,0x28,0x3a,0xae,0x6b,0x2c,
    0x5b,0x4d,0x5b,0x2c,0x5b,0x4d,0x63,0x4d,0x5b,0x6d,0x63,0x4d,0x5b,0x2d,0x5b,0x4d,
    0x5b,0x2c,0x5b,0x2c,0x5b,0x4d,0x5b,0x4d,0x5b,0x4d,0x5b,0x4d,0x5b,0x4d,0x5b,0x4d,
    0x5b,0x4d,0x5b,0x2c,0x5b,0x4d,0x5b,0x0c,0x53,0x69,0x42,0x86,0x29,0x26,0x21,0x26,
    0x21,0x26,0x21,0x26,0x21,0x26,0x21,0xff,0x26,0x21,0x46,0x21,0x46,0x21,0x66,0x21,
    0x86,0x21,0x86,0x29,0x66,0x29,0x86,0x29,0xe7,0x31,0x2c,0x5b,0xaa,0x52,0xe8,0x39,
    0xe4,0x18,0x63,0x08,0xa3,0x10,0xa3,0x10,0xa3,0x10,0x29,0x42,0xb6,0xb5,0xaa,0x52,
    0xab,0x52,0xd5,0x94,0xae,0x4a,0x67,0x19,0xe9,0x29,0xef,0x4a,0x73,0x5b,0x72,0x5b,
    0x50,0x53,0x67,0x29,0x66,0x21,0x09,0x32,0x0a,0x32,0xa7,0x21,0xcc,0x52,0x71,0x8c,
    0xb7,0xad,0x97,0xad,0x5a,0xc6,0x9b,0xce,0x5b,0xce,0x5a,0xc6,0x1a,0xbe,0x3a,0xc6,
    0x19,0xbe,0x59,0xc6,0x18,0xbe,0x14,0x9d,0x96,0xad,0x9a,0xce,0xdb,0xde,0xdb,0xde,
    0x9a,0xd6,0x18,0xc6,0x76,0xad,0xd8,0xbd,0x7a,0xce,0x19,0xbe,0xf2,0x6b,0xf0,0x7b,
    0x14,0x74,0xb5,0x5b,0xb5,0x5b,0x75,0x53,0x95,0x53,0xb6,0x5b,0xd6,0x63,0xd6,0x63,
    0xf6,0x6b,0x16,0x74,0xf6,0x6b,0xd6,0x63,0xb5,0x5b,0xb5,0x5b,0x95,0x5b,0x75,0x4b,
    0xb5,0x5b,0x16,0x74,0x37,0x7c,0x56,0x7c,0x36,0x74,0x36,0x74,0x16,0x74,0xf6,0x6b,
    0xd6,0x63,0xd6,0x63,0xb6,0x5b,0xb6,0x5b,0x16,0x6c,0xb8,0xb5,0x96,0xad,0xd3,0x8c,
    0xf3,0x94,0x31,0x7c,0x30,0x0a,0x30,0x0a,0x30,0x0a,0x30,0x12,0x51,0x12,0x51,0x12,
    0x51,0x12,0x51,0x12,0x51,0x12,0x51,0x12,0x51,0x12,0x51,0x12,0x51,0x12,0x71,0x12,
    0x51,0x12,0x71,0x1a,0x71,0x1a,0x72,0x1a,0x72,0x1a,0x92,0x22,0x92,0x22,0x92,0x22,
    0x92,0x22,0x92,0x22,0x92,0x22,0x92,0x22,0x92,0x22,0xb2,0x2a,0xb2,0x2a,0xb2,0x2a,
    0xb2,0x2a,0xb2,0x2a,0xb2,0x2a,0xff,0xb2,0x2a,0xb2,0x32,0xb2,0x32,0xb2,0x32,0xb2,
    0x32,0xb2,0x32,0xd2,0x32,0xd2,0x3a,0xf2,0x3a,0xb2,0x32,0x92,0x2a,0x71,0x22,0x30,
    0x12,0x0f,0x02,0xce,0x01,0x8d,0x01,0x6c,0x01,0xcc,0x21,0x54,0x7c,0x16,0x95,0x53,
    0x7c,0x05,0x19,0x45,0x21,0xc3,0x10,0x41,0x00,0xa3,0x10,0x83,0x08,0x22,0x00,0x63,
    0x08,0x84,0x08,0x25,0x19,0x30,0x84,0x38,0xc6,0x9a,0xd6,0xf7,0xbd,0xef,0x7b,0xa7,
    0x31,0xc4,0x10,0x42,0x00,0x42,0x00,0x62,0x00,0x62,0x00,0x62,0x00,0xc3,0x10,0xa3,
    0x10,0x62,0x08,0x42,0x00,0x42,0x00,0x42,0x00,0x42,0x00,0x62,0x00,0x62,0x00,0x62,
    0x00,0x62,0x08,0x62,0x08,0x83,0x08,0x63,0x08,0x83,0x08,0x83,0x08,0x63,0x08,0x63,
    0x08,0x63,0x08,0x83,0x08,0x83,0x08,0x83,0x08,0x83,0x08,0x83,0x08,0x83,0x08,0x63,
    0x08,0x63,0x08,0x63,0x08,0x63,0x08,0x63,0x08,0x63,0x08,0x83,0x08,0x63,0x08,0x83,
    0x08,0x83,0x08,0x83,0x08,0x83,0x08,0xc3,0x10,0x66,0x21,0x69,0x42,0x0c,0x53,0x2c,
    0x5b,0xeb,0x52,0x4d,0x5b,0x2c,0x5b,0x0c,0x53,0x2c,0x5b,0x2c,0x5b,0x2c,0x5b,0x2d,
    0x5b,0x2c,0x5b,0x2c,0x5b,0x2c,0x5b,0x2c,0x5b,0x2c,0x5b,0x0c,0x53,0x0c,0x5b,0x4d,
    0x63,0x4d,0x5b,0x2c,0x5b,0x2d,0x5b,0x2c,0x5b,0x0c,0x53,0x2c,0x5b,0x2c,0x5b,0x4d,
    0x5b,0x2c,0x5b,0x4d,0x5b,0x4d,0x5b,0x4d,0x5b,0x2c,0x5b,0x2c,0x5b,0x0c,0x5b,0x2d,
    0x5b,0x4d,0x5b,0x4d,0x5b,0x4d,0x5b,0x4d,0x5b,0x2c,0x5b,0x51,0x84,0x0c,0x53,0xeb,
    0x52,0x0c,0x53,0x2c,0x5b,0xff,0x0c,0x53,0x2c,0x5b,0x4d,0x5b,0x2d,0x5b,0x2c,0x5b,
    0x2c,0x5b,0x4d,0x5b,0x4d,0x63,0x2c,0x5b,0x2c,0x5b,0x2c,0x5b,0x2c,0x5b,0x2c,0x5b,
    0x2c,0x5b,0x0c,0x53,0xeb,0x4a,0x0c,0x53,0x8e,0x63,0x2c,0x5b,0x4d,0x5b,0x6d,0x63,
    0x4d,0x5b,0x6d,0x63,0x2d,0x5b,0x2c,0x5b,0x4d,0x5b,0x2c,0x5b,0x4d,0x5b,0x6d,0x63,
    0x2c,0x5b,0x4d,0x5b,0x6d,0x63,0x0c,0x5b,0x2c,0x5b,0x2c,0x5b,0x0c,0x53,0x6d,0x63,
    0x4d,0x5b,0x69,0x42,0x66,0x29,0x26,0x21,0x26,0x21,0x26,0x21,0x26,0x21,0x26,0x21,
    0x26,0x21,0x26,0x21,0x46,0x21,0x66,0x21,0x66,0x29,0xa7,0x29,0xa7,0x29,0xa7,0x29,
    0xe8,0x39,0x6d,0x63,0xae,0x6b,0xae,0x6b,0xae,0x6b,0x0f,0x7c,0x51,0x8c,0x86,0x29,
    0xa3,0x10,0x83,0x08,0x63,0x00,0x25,0x21,0x6a,0x4a,0x95,0x84,0xd4,0x63,0x31,0x53,
    0xe8,0x29,0xc8,0x29,0x2b,0x3a,0x52,0x53,0xf0,0x4a,0x4b,0x32,0x09,0x3a,0x87,0x21,
    0xcd,0x4a,0x6f,0x5b,0xec,0x52,0xef,0x7b,0x9a,0xce,0x18,0xbe,0xf8,0xbd,0x3a,0xc6,
    0x9b,0xce,0x5a,0xc6,0x3a,0xc6,0x7b,0xce,0x9b,0xce,0x9b,0xce,0x7a,0xce,0xb7,0xb5,
    0x11,0x74,0xf1,0x73,0xf3,0x94,0x59,0xce,0xdb,0xde,0xdb,0xde,0xdb,0xde,0xba,0xd6,
    0xb8,0xb5,0xb3,0x63,0x71,0x63,0x2e,0x63,0xd1,0x3a,0x75,0x4b,0xf6,0x6b,0x37,0x74,
    0x57,0x7c,0x16,0x74,0x95,0x5b,0x75,0x53,0xb5,0x5b,0xf6,0x6b,0xf6,0x6b,0xd6,0x63,
    0xb5,0x5b,0xb5,0x5b,0x95,0x5b,0x75,0x4b,0x95,0x5b,0x16,0x6c,0xf6,0x6b,0xd6,0x63,
    0xb6,0x63,0xb5,0x5b,0xff,0xb5,0x5b,0xb5,0x5b,0xb5,0x5b,0xb5,0x5b,0x95,0x5b,0x95,
    0x5b,0xb5,0x5b,0xb4,0x8c,0x7a,0xce,0xd7,0xb5,0xb6,0xad,0x14,0x9d,0xd7,0xb5,0x30,
    0x0a,0x30,0x12,0x30,0x12,0x51,0x12,0x51,0x12,0x51,0x12,0x51,0x12,0x51,0x12,0x51,
    0x12,0x51,0x12,0x51,0x12,0x51,0x12,0x71,0x12,0x71,0x12,0x71,0x1a,0x71,0x1a,0x71,
    0x1a,0x71,0x1a,0x72,0x1a,0x92,0x22,0x92,0x22,0x92,0x22,0x92,0x22,0x92,0x22,0x92,
    0x22,0x92,0x22,0x92,0x22,0xb2,0x2a,0xb2,0x2a,0xb2,0x2a,0xb2,0x2a,0xb2,0x2a,0xb2,
    0x2a,0xb2,0x32,0xb2,0x32,0xb2,0x32,0xb2,0x32,0xb2,0x32,0xb2,0x32,0xb2,0x32,0xd2,
    0x3a,0xd2,0x3a,0xb2,0x32,0x91,0x2a,0x71,0x22,0x30,0x1a,0x10,0x0a,0xcf,0x01,0xae,
    0x01,0x6f,0x32,0xd5,0x8c,0x57,0xa5,0xb5,0x8c,0x4d,0x32,0xc4,0x18,0xe4,0x18,0x05,
    0x19,0x25,0x19,0x29,0x42,0x42,0x00,0x42,0x00,0xa4,0x10,0xa4,0x10,0xe5,0x18,0x26,
    0x19,0x46,0x19,0x6d,0x6b,0xf3,0x9c,0x18,0xc6,0xeb,0x5a,0x01,0x00,0x22,0x00,0x42,
    0x00,0x42,0x00,0x62,0x00,0xe4,0x18,0x04,0x21,0x04,0x21,0xe4,0x18,0xc4,0x18,0xa3,
    0x10,0x82,0x08,0x62,0x00,0x62,0x08,0x62,0x08,0x62,0x08,0x62,0x08,0x83,0x08,0x83,
    0x08,0x83,0x08,0x83,0x08,0x63,0x08,0x63,0x08,0x63,0x08,0x63,0x08,0x83,0x08,0x83,
    0x08,0x83,0x08,0x83,0x08,0x83,0x08,0x83,0x08,0x83,0x08,0x63,0x08,0x83,0x08,0x83,
    0x08,0x83,0x08,0x83,0x08,0x83,0x08,0x83,0x08,0x83,0x08,0x83,0x08,0x83,0x08,0x83,
    0x08,0x83,0x08,0xff,0x83,0x08,0x63,0x00,0xe4,0x18,0xc7,0x29,0x8a,0x42,0x0c,0x53,
    0x4d,0x5b,0x4d,0x5b,0x2c,0x5b,0x0c,0x5b,0x2c,0x5b,0x2c,0x5b,0x2c,0x5b,0x4d,0x5b,
    0x4d,0x5b,0x2c,0x5b,0x2c,0x5b,0x4d,0x5b,0x2c,0x5b,0x2c,0x53,0x4d,0x5b,0x4d,0x5b,
    0x2c,0x5b,0x2c,0x5b,0x4d,0x5b,0x0c,0x5b,0x2c,0x5b,0x2c,0x5b,0x2c,0x5b,0x2c,0x5b,
    0x2c,0x5b,0x4d,0x5b,0x4d,0x5b,0x2c,0x5b,0x4d,0x5b,0x4d,0x5b,0x2c,0x5b,0x2c,0x5b,
    0x2c,0x5b,0x2c,0x5b,0x6d,0x63,0xcf,0x73,0x51,0x84,0x2c,0x5b,0x2c,0x5b,0x2c,0x5b,
    0x2c,0x5b,0x2c,0x5b,0x2c,0x5b,0x2c,0x5b,0x2c,0x5b,0x2c,0x5b,0x2c,0x5b,0x2c,0x5b,
    0x2c,0x5b,0x2c,0x5b,0x4d,0x5b,0x2c,0x5b,0x4d,0x5b,0x2c,0x5b,0x2c,0x5b,0x2c,0x5b,
    0xae,0x6b,0x4d,0x63,0x4d,0x5b,0x2c,0x5b,0x2c,0x5b,0x2c,0x5b,0x2c,0x5b,0x2c,0x5b,
    0x4d,0x63,0x4d,0x5b,0x4c,0x5b,0x2c,0x5b,0x2c,0x5b,0x2c,0x5b,0x2c,0x5b,0x2d,0x5b,
    0x4d,0x5b,0x4d,0x5b,0x2c,0x5b,0x2d,0x5b,0x0c,0x53,0x49,0x3a,0x66,0x29,0x26,0x21,
    0x26,0x21,0x25,0x21,0x25,0x21,0x26,0x21,0x26,0x21,0x26,0x21,0x26,0x21,0x46,0x21,
    0x66,0x21,0x66,0x29,0x86,0x29,0x86,0x29,0x08,0x3a,0x6d,0x63,0xae,0x6b,0xae,0x6b,
    0xce,0x6b,0x30,0x7c,0x18,0xc6,0x18,0xbe,0xf7,0xbd,0x0c,0x63,0x83,0x00,0x64,0x00,
    0xa5,0x08,0x13,0x74,0xd4,0x63,0x94,0x63,0x93,0x63,0x46,0x21,0xe4,0x18,0x46,0x21,
    0xf0,0x42,0x8c,0x3a,0x8b,0x42,0x4d,0x5b,0xa7,0x29,0x09,0x32,0x0d,0x53,0x51,0x84,
    0x9a,0xd6,0xff,0x39,0xc6,0x59,0xc6,0x9a,0xd6,0xdb,0xde,0xdb,0xde,0xdb,0xd6,0x7b,
    0xce,0x7b,0xc6,0x5a,0xc6,0x9b,0xce,0x9a,0xce,0x39,0xc6,0x97,0xad,0x16,0x95,0xb5,
    0x8c,0xd5,0x8c,0xd7,0xb5,0xdb,0xde,0xdb,0xde,0xdb,0xde,0xdb,0xde,0x39,0xc6,0x54,
    0x53,0x55,0x4b,0x75,0x53,0xb5,0x5b,0xd6,0x63,0xd6,0x63,0xf6,0x6b,0x36,0x74,0x77,
    0x84,0x77,0x84,0x36,0x74,0xd5,0x63,0x75,0x53,0x75,0x53,0x95,0x5b,0x95,0x5b,0x75,
    0x53,0x95,0x5b,0xf6,0x6b,0xf6,0x6b,0xb5,0x5b,0xb5,0x5b,0xb5,0x5b,0x95,0x5b,0x75,
    0x53,0x75,0x4b,0x55,0x4b,0x35,0x43,0x34,0x43,0x14,0x43,0x73,0x53,0xaf,0x6b,0xd2,
    0x94,0xd7,0xb5,0x18,0xbe,0xb6,0xb5,0xd8,0xb5,0x30,0x0a,0x30,0x12,0x51,0x12,0x51,
    0x12,0x51,0x12,0x51,0x12,0x51,0x12,0x51,0x12,0x51,0x12,0x51,0x12,0x71,0x12,0x71,
    0x12,0x71,0x12,0x71,0x1a,0x71,0x1a,0x71,0x1a,0x71,0x1a,0x72,0x1a,0x72,0x1a,0x92,
    0x22,0x92,0x22,0x92,0x22,0x92,0x22,0x92,0x22,0x92,0x22,0x92,0x22,0x92,0x2a,0x92,
    0x2a,0xb2,0x2a,0xb2,0x2a,0xb2,0x2a,0xb2,0x2a,0xb2,0x2a,0xb2,0x32,0xb2,0x32,0xb2,
    0x32,0xb2,0x32,0xb2,0x32,0xb2,0x32,0xb2,0x32,0xb2,0x32,0xd2,0x3a,0xb1,0x32,0x91,
    0x2a,0x71,0x22,0x50,0x1a,0x10,0x0a,0xef,0x01,0x90,0x32,0x57,0xa5,0xb8,0xb5,0x16,
    0x95,0x4e,0x32,0x49,0x11,0xe4,0x18,0xe4,0x18,0xe4,0x18,0xc4,0x10,0x4b,0x42,0x22,
    0x00,0x83,0x10,0xc4,0x18,0xc4,0x18,0x62,0x08,0x83,0x08,0xe4,0x18,0x26,0x19,0x67,
    0x21,0xff,0xeb,0x5a,0x83,0x08,0x22,0x00,0x42,0x00,0x63,0x00,0x28,0x42,0x2c,0x63,
    0xc7,0x31,0x04,0x21,0x05,0x21,0x04,0x21,0x04,0x21,0x25,0x21,0x83,0x08,0x62,0x00,
    0x83,0x08,0x83,0x08,0x62,0x08,0x62,0x08,0x62,0x08,0x62,0x08,0x62,0x08,0x63,0x08,
    0x62,0x00,0x62,0x08,0x63,0x08,0x83,0x08,0x83,0x08,0x83,0x08,0x83,0x08,0x83,0x08,
    0x83,0x08,0x83,0x08,0x83,0x08,0x63,0x08,0x63,0x08,0x83,0x08,0x83,0x08,0x83,0x08,
    0x83,0x08,0x83,0x08,0x83,0x08,0x83,0x08,0x83,0x08,0x83,0x08,0x83,0x08,0x83,0x08,
    0x83,0x08,0x83,0x08,0x83,0x08,0x83,0x08,0xc4,0x10,0xe7,0x31,0xaa,0x4a,0xec,0x52,
    0x4d,0x5b,0x4d,0x5b,0x2c,0x5b,0x2c,0x5b,0x4d,0x5b,0x2c,0x5b,0x2c,0x5b,0x4d,0x5b,
    0x2c,0x5b,0x4d,0x5b,0x4d,0x5b,0x2d,0x5b,0x4d,0x63,0x4d,0x5b,0x4d,0x5b,0x4d,0x5b,
    0x4d,0x5b,0x4d,0x5b,0x0c,0x53,0x2c,0x5b,0x2c,0x5b,0x2c,0x5b,0x2c,0x5b,0x2c,0x5b,
    0x4d,0x5b,0x4d,0x5b,0x0c,0x53,0x4d,0x5b,0x4d,0x5b,0x4d,0x5b,0x4d,0x5b,0x4d,0x5b,
    0x2c,0x5b,0xcf,0x73,0x51,0x84,0x6d,0x63,0x2c,0x5b,0x2c,0x5b,0x4d,0x5b,0x2c,0x5b,
    0x2c,0x5b,0x4d,0x5b,0x4d,0x5b,0x2c,0x5b,0x2c,0x5b,0x4d,0x5b,0x4d,0x5b,0x0c,0x53,
    0x2c,0x5b,0x2c,0x5b,0x2c,0x5b,0x6d,0x63,0xef,0x73,0x4d,0x5b,0x2c,0x5b,0x4d,0x5b,
    0x4d,0x5b,0x4d,0x5b,0x4d,0x5b,0x4d,0x5b,0x2c,0x5b,0x2c,0x5b,0x4d,0x5b,0x4d,0x5b,
    0x4d,0x5b,0x2c,0x5b,0x4d,0x5b,0x4d,0x5b,0x2c,0x5b,0x2c,0x5b,0x4d,0x5b,0x4d,0x5b,
    0xff,0x2c,0x5b,0x69,0x42,0x66,0x29,0x26,0x21,0x25,0x21,0x26,0x21,0x26,0x21,0x25,
    0x21,0x26,0x21,0x26,0x21,0x25,0x21,0x25,0x21,0x25,0x21,0x25,0x21,0x25,0x21,0x04,
    0x21,0xe4,0x18,0x25,0x21,0xab,0x4a,0xcf,0x73,0xef,0x73,0x71,0x84,0x38,0xc6,0xf8,
    0xbd,0x38,0xc6,0xdb,0xde,0xd7,0xbd,0x66,0x29,0x84,0x00,0x85,0x00,0x30,0x5b,0xb4,
    0x63,0x74,0x5b,0x73,0x53,0x2a,0x3a,0x82,0x08,0x62,0x08,0x2f,0x53,0x8f,0x63,0xcf,
    0x6b,0xae,0x6b,0x0d,0x53,0x4e,0x5b,0x8f,0x63,0x35,0xa5,0xf8,0xbd,0xb7,0xb5,0xd7,
    0xb5,0x59,0xc6,0xba,0xd6,0xdb,0xde,0xdb,0xde,0xdb,0xde,0xbb,0xd6,0x9b,0xce,0x7b,
    0xc6,0x9b,0xce,0x9b,0xce,0x7b,0xce,0xf9,0xb5,0x57,0xa5,0xb4,0x84,0x12,0x74,0x51,
    0x84,0x9a,0xd6,0xdb,0xde,0xdb,0xde,0x59,0xce,0x93,0x63,0xb6,0x5b,0xd6,0x63,0xd6,
    0x63,0xf6,0x6b,0x16,0x6c,0x16,0x74,0x36,0x74,0x56,0x7c,0x57,0x7c,0x57,0x7c,0x77,
    0x7c,0x56,0x7c,0xd6,0x63,0x74,0x53,0x14,0x3b,0x55,0x4b,0xf6,0x6b,0xd6,0x6b,0xb6,
    0x5b,0xb5,0x5b,0xb5,0x5b,0x95,0x53,0x55,0x43,0x34,0x43,0x35,0x43,0x55,0x4b,0x75,
    0x53,0x95,0x53,0x95,0x5b,0x6f,0x63,0x2c,0x5b,0xd3,0x94,0xd2,0x94,0x30,0x7c,0xef,
    0x73,0x13,0x74,0x30,0x0a,0x30,0x12,0x50,0x12,0x51,0x12,0x51,0x12,0x51,0x12,0x51,
    0x12,0x51,0x12,0x51,0x12,0x51,0x12,0x51,0x12,0x71,0x12,0x71,0x1a,0x71,0x1a,0x71,
    0x1a,0x71,0x1a,0x71,0x1a,0x72,0x1a,0x92,0x22,0x92,0x22,0x92,0x22,0x92,0x22,0xc9,
    0x92,0x22,0x92,0x22,0x92,0x22,0x92,0x2a,0x92,0x2a,0x92,0x2a,0xb2,0x2a,0xb2,0x2a,
    0xb2,0x2a,0xb2,0x2a,0xb2,0x2a,0xb2,0x32,0xb2,0x32,0xb2,0x32,0xb2,0x32,0xb2,0x32,
    0xb2,0x32,0xb2,0x32,0xb1,0x32,0xb1,0x32,0xb1,0x32,0x91,0x2a,0x71,0x22,0x50,0x1a,
    0x10,0x12,0xef,0x01,0xd0,0x3a,0x98,0xad,0xd8,0xb5,0x95,0x84,0x6c,0x01,0x28,0x11,
    0xe4,0x18,0xe5,0x18,0xe4,0x18,0xc4,0x18,0x2a,0x3a,0x22,0x00,0xa3,0x10,0xe4,0x18,
    0xe5,0x18,0x66,0x21,0x25,0x21,0x62,0x08,0x42,0x00,0xa3,0x10,0x66,0x29,0x22,0x00,
    0x22,0x00,0x63,0x00,0xa3,0x10,0xd3,0x9c,0x9a,0xd6,0x59,0xce,0xf3,0x9c,0x49,0x42,
    0x45,0x29,0x25,0x21,0x62,0x08,0x42,0x00,0x62,0x00,0x62,0x00,0x62,0x00,0x83,0x08,
    0x83,0x10,0x42,0x00,0x42,0x00,0x62,0x00,0x62,0x00,0x62,0x08,0x62,0x08,0x62,0x08,
    0x83,0x08,0x1a,0x83,0x08,0xff,0xa3,0x10,0x25,0x21,0xe8,0x31,0xcb,0x4a,0x4d,0x5b,
    0x2c,0x5b,0x2c,0x5b,0x2c,0x5b,0x0c,0x53,0x2c,0x5b,0x4d,0x5b,0x2c,0x5b,0x2c,0x5b,
    0x2c,0x5b,0x2c,0x5b,0x4d,0x5b,0x0c,0x5b,0x2c,0x5b,0x2d,0x5b,0x6d,0x63,0x4d,0x5b,
    0x4d,0x5b,0x2c,0x5b,0x2c,0x5b,0x2c,0x5b,0x6d,0x63,0x4d,0x5b,0x2c,0x5b,0x2c,0x5b,
    0x0c,0x53,0x2c,0x5b,0x2c,0x5b,0x2c,0x5b,0x2c,0x5b,0x4d,0x5b,0x2c,0x5b,0x8e,0x63,
    0x50,0x7c,0x71,0x84,0x6d,0x63,0x2d,0x5b,0x2c,0x5b,0x4d,0x5b,0x4d,0x5b,0x4d,0x5b,
    0x2c,0x5b,0x4d,0x5b,0x2c,0x5b,0x0c,0x53,0x2c,0x5b,0x2c,0x5b,0x8e,0x63,0x10,0x74,
    0x8e,0x6b,0x2c,0x5b,0x4d,0x5b,0x4d,0x5b,0x4d,0x5b,0x2c,0x5b,0x2c,0x5b,0x2c,0x5b,
    0x2c,0x5b,0x4d,0x5b,0x0c,0x53,0x2c,0x53,0x2c,0x5b,0x2c,0x5b,0x4d,0x5b,0x2c,0x5b,
    0x2c,0x5b,0x4d,0x5b,0x4d,0x5b,0x2c,0x5b,0x0c,0x5b,0x49,0x3a,0x66,0x29,0x25,0x21,
    0x25,0x21,0x26,0x21,0x26,0x21,0x26,0x21,0x26,0x21,0x46,0x21,0x46,0x21,0x26,0x21,
    0x25,0x21,0x25,0x21,0x04,0x21,0xc4,0x18,0xc4,0x18,0xc4,0x18,0xa3,0x10,0xc3,0x18,
    0x25,0x21,0x29,0x42,0x10,0x84,0xb7,0xb5,0x59,0xc6,0xdb,0xde,0x18,0xbe,0x8a,0x4a,
    0x09,0x3a,0xa5,0x00,0xe6,0x08,0x6c,0x42,0xb4,0x5b,0x73,0x53,0x53,0x53,0xae,0x4a,
    0x82,0x08,0x83,0x10,0x8c,0x42,0x6e,0x63,0x4d,0x63,0xcb,0x4a,0xb3,0x8c,0xf4,0x94,
    0xb8,0xb5,0x39,0xc6,0x7a,0xce,0x39,0xc6,0x39,0xc6,0x18,0xbe,0x39,0xc6,0x79,0xce,
    0x9a,0xd6,0xba,0xd6,0xff,0xdb,0xde,0xdb,0xde,0xbb,0xd6,0xbb,0xd6,0xdb,0xd6,0xdb,
    0xd6,0xbb,0xce,0x5a,0xc6,0xf9,0xb5,0x16,0x95,0x4f,0x53,0x13,0x9d,0xba,0xd6,0xba,
    0xd6,0x14,0x74,0xd6,0x63,0x16,0x6c,0x16,0x74,0x36,0x74,0x36,0x7c,0x36,0x74,0x36,
    0x74,0x16,0x6c,0xf6,0x6b,0xd6,0x63,0xd6,0x63,0xd6,0x63,0xd6,0x63,0x16,0x74,0x36,
    0x74,0x36,0x74,0x16,0x74,0x95,0x5b,0x54,0x4b,0x75,0x53,0x95,0x5b,0x95,0x53,0x55,
    0x4b,0x75,0x53,0xb5,0x5b,0xb6,0x5b,0xd6,0x63,0xb6,0x63,0xb5,0x63,0x36,0xa5,0xcf,
    0x7b,0xb7,0xb5,0xdb,0xde,0x9a,0xce,0x18,0xc6,0x93,0x8c,0xf2,0x6b,0x30,0x12,0x51,
    0x12,0x51,0x12,0x51,0x12,0x51,0x12,0x51,0x12,0x51,0x12,0x51,0x12,0x51,0x12,0x71,
    0x1a,0x51,0x1a,0x71,0x1a,0x71,0x1a,0x71,0x1a,0x71,0x1a,0x71,0x1a,0x71,0x1a,0x72,
    0x22,0x91,0x22,0x71,0x22,0x71,0x1a,0x51,0x1a,0x50,0x1a,0x51,0x1a,0x71,0x22,0x91,
    0x2a,0x91,0x2a,0x92,0x2a,0x92,0x2a,0xb2,0x2a,0xb2,0x2a,0xb2,0x2a,0xb2,0x32,0xb2,
    0x32,0xb2,0x32,0xb2,0x32,0xb2,0x32,0xb2,0x32,0xb2,0x32,0xb1,0x32,0xb1,0x32,0xb1,
    0x32,0xb1,0x32,0x91,0x2a,0x71,0x22,0x50,0x1a,0x0f,0x12,0xef,0x09,0x0f,0x1a,0xd6,
    0x94,0xd8,0xb5,0x57,0xa5,0x4f,0x32,0x27,0x19,0xe5,0x18,0xe5,0x18,0xe5,0x18,0xc4,
    0x18,0x0a,0x3a,0x22,0x00,0xa3,0x10,0xc4,0x18,0xe5,0x18,0xc4,0x18,0x05,0x19,0x66,
    0x21,0x45,0x21,0x09,0x3a,0x22,0x00,0x22,0x00,0x43,0x00,0x63,0x00,0xa3,0x08,0x26,
    0x19,0x6a,0x4a,0x93,0xb2,0x94,0xf7,0xbd,0xba,0xd6,0x51,0x84,0x42,0x00,0x22,0x00,
    0x42,0x00,0x42,0x00,0x62,0x00,0xa3,0x10,0xe4,0x20,0x04,0x21,0xe4,0x18,0xa3,0x10,
    0x82,0x08,0x42,0x00,0x62,0x00,0x62,0x08,0x83,0x08,0x1d,0x83,0x08,0xff,0x63,0x08,
    0x83,0x08,0x45,0x21,0x28,0x3a,0xaa,0x4a,0x2c,0x5b,0x4d,0x5b,0x4d,0x5b,0x0c,0x53,
    0x4d,0x5b,0x4d,0x5b,0x4d,0x5b,0x2c,0x5b,0x0c,0x53,0x4d,0x5b,0x2d,0x5b,0x2c,0x5b,
    0x0c,0x53,0x4d,0x5b,0x2c,0x5b,0x4d,0x5b,0x2c,0x5b,0x4d,0x5b,0x0c,0x53,0x2c,0x5b,
    0x2c,0x5b,0x4d,0x5b,0x4d,0x5b,0x4d,0x5b,0x4d,0x5b,0x4d,0x5b,0x4d,0x5b,0x4d,0x5b,
    0x4d,0x5b,0x4d,0x5b,0x2c,0x5b,0x8e,0x63,0x51,0x7c,0x51,0x84,0x30,0x7c,0x10,0x74,
    0xef,0x73,0xef,0x73,0xcf,0x6b,0xae,0x6b,0xcf,0x73,0xef,0x73,0xcf,0x73,0xef,0x73,
    0xae,0x6b,0x4d,0x5b,0x2c,0x5b,0x4d,0x5b,0x2c,0x5b,0x2c,0x5b,0x2c,0x5b,0x2d,0x5b,
    0x4d,0x5b,0x4d,0x5b,0x4d,0x5b,0x2c,0x5b,0x4d,0x5b,0x2d,0x5b,0x4d,0x5b,0x2d,0x5b,
    0x4d,0x5b,0x2c,0x5b,0x2c,0x5b,0x2c,0x5b,0x2c,0x5b,0x2c,0x5b,0x29,0x3a,0x46,0x29,
    0x25,0x21,0x25,0x21,0x26,0x21,0x26,0x21,0x26,0x21,0x26,0x21,0x46,0x21,0x46,0x21,
    0x66,0x21,0x66,0x21,0x66,0x21,0x46,0x21,0x46,0x21,0xa7,0x31,0x28,0x42,0x05,0x21,
    0x83,0x10,0xc3,0x18,0xa3,0x10,0xc3,0x10,0x63,0x08,0x6a,0x4a,0xf8,0xbd,0x17,0xbe,
    0x69,0x4a,0x8b,0x4a,0x54,0x7c,0x06,0x11,0x68,0x21,0xe9,0x29,0x73,0x5b,0x73,0x5b,
    0x52,0x53,0xee,0x4a,0x04,0x19,0x25,0x19,0xe9,0x31,0xe9,0x29,0xa8,0x21,0xec,0x52,
    0x15,0x9d,0x97,0xad,0x39,0xc6,0x9b,0xce,0x7a,0xce,0x3a,0xbe,0x1a,0xbe,0x19,0xbe,
    0x39,0xc6,0x59,0xc6,0x38,0xc6,0x38,0xc6,0xf7,0xbd,0x7a,0xce,0xff,0xdb,0xde,0xbb,
    0xd6,0x9a,0xd6,0xba,0xd6,0x7a,0xce,0x9a,0xce,0xdb,0xd6,0x9b,0xce,0xf6,0x94,0x0d,
    0x53,0x38,0xc6,0x34,0x7c,0x55,0x4b,0xb5,0x5b,0xd6,0x63,0xd6,0x63,0xd6,0x63,0xd6,
    0x63,0xb6,0x63,0xb6,0x5b,0xb6,0x63,0xb5,0x5b,0xb6,0x5b,0xb5,0x5b,0xb5,0x5b,0x95,
    0x53,0x55,0x4b,0x95,0x5b,0x36,0x74,0x57,0x7c,0x57,0x7c,0x36,0x74,0xd5,0x63,0x54,
    0x4b,0xf4,0x32,0x34,0x43,0x95,0x5b,0xb6,0x63,0xd6,0x63,0xb6,0x63,0xf5,0x6b,0x15,
    0x6c,0x36,0x7c,0xd8,0xbd,0xdb,0xde,0xdb,0xde,0xdb,0xde,0xdb,0xde,0x38,0xc6,0xf8,
    0xbd,0x30,0x0a,0x51,0x12,0x51,0x12,0x51,0x12,0x51,0x12,0x51,0x12,0x51,0x12,0x51,
    0x1a,0x71,0x1a,0x71,0x1a,0x71,0x1a,0x71,0x1a,0x71,0x1a,0x71,0x1a,0x71,0x1a,0x71,
    0x1a,0x72,0x22,0x71,0x1a,0x30,0x12,0x0f,0x0a,0x30,0x1a,0x71,0x22,0x91,0x2a,0xb1,
    0x32,0x91,0x2a,0x91,0x2a,0x70,0x22,0x71,0x22,0x71,0x22,0x91,0x2a,0xb2,0x2a,0xb2,
    0x2a,0xb2,0x32,0xb2,0x32,0xb2,0x32,0xb2,0x32,0xb2,0x32,0xb2,0x32,0xb1,0x32,0xb1,
    0x32,0xb1,0x32,0xb1,0x32,0xb1,0x32,0x91,0x2a,0x71,0x2a,0x50,0x22,0x30,0x12,0xef,
    0x09,0xee,0x01,0xd3,0x6b,0xd8,0xb5,0xb8,0xb5,0x92,0x63,0x06,0x19,0x05,0x19,0xe5,
    0x18,0xe5,0x18,0xa8,0x31,0x67,0x21,0x01,0x00,0x43,0x00,0x63,0x08,0xe5,0x10,0xe4,
    0x18,0xe4,0x18,0xe4,0x18,0xe4,0x18,0x6b,0x42,0x01,0x00,0x42,0x00,0x63,0x00,0x63,
    0x00,0xa3,0x10,0xc4,0x10,0x26,0x19,0x67,0x21,0xa7,0x29,0xff,0xcc,0x5a,0xc7,0x39,
    0x21,0x00,0x21,0x00,0x42,0x00,0xa3,0x10,0xc7,0x31,0x45,0x21,0x05,0x21,0x05,0x21,
    0x04,0x21,0x04,0x21,0x04,0x21,0xe4,0x10,0x62,0x08,0x83,0x08,0x83,0x08,0x83,0x08,
    0x83,0x08,0x83,0x08,0x83,0x08,0x83,0x08,0x83,0x08,0x83,0x08,0x83,0x08,0x83,0x08,
    0x83,0x08,0x83,0x08,0x83,0x08,0xa3,0x08,0x83,0x08,0x83,0x08,0x83,0x08,0x83,0x08,
    0x83,0x08,0x83,0x08,0x83,0x08,0x83,0x08,0x83,0x08,0x83,0x08,0x83,0x08,0x83,0x08,
    0x83,0x08,0x83,0x08,0x83,0x08,0x83,0x08,0xa3,0x10,0x83,0x08,0x83,0x08,0x83,0x08,
    0xc3,0x10,0x66,0x29,0x49,0x42,0xcb,0x52,0x0c,0x5b,0xeb,0x52,0x0c,0x53,0x2c,0x5b,
    0x2c,0x5b,0x4d,0x5b,0x2c,0x5b,0x4d,0x5b,0x4d,0x5b,0x2c,0x5b,0x2c,0x5b,0x2c,0x5b,
    0x0c,0x53,0x2c,0x5b,0x4d,0x5b,0x2c,0x5b,0x2d,0x5b,0x4d,0x5b,0x4d,0x5b,0x4d,0x5b,
    0x2c,0x5b,0x0c,0x5b,0x2c,0x5b,0x2c,0x5b,0x2c,0x5b,0x2c,0x5b,0x2c,0x5b,0x2c,0x5b,
    0x6d,0x63,0x6d,0x63,0x4d,0x5b,0x6d,0x63,0x4d,0x5b,0xae,0x6b,0xcf,0x73,0xcf,0x73,
    0xae,0x6b,0x4d,0x5b,0x4d,0x63,0x2c,0x5b,0x0c,0x5b,0x2c,0x5b,0x4d,0x63,0x2c,0x5b,
    0x2d,0x5b,0x0c,0x53,0x4d,0x5b,0x2d,0x5b,0x2c,0x5b,0x0c,0x5b,0x2c,0x5b,0x2c,0x5b,
    0x2c,0x5b,0x4d,0x5b,0x2c,0x5b,0x2c,0x5b,0x0c,0x53,0xeb,0x52,0x4d,0x5b,0x4d,0x5b,
    0x4d,0x5b,0x2c,0x5b,0x29,0x3a,0x46,0x21,0x26,0x21,0x25,0x21,0x26,0x21,0x25,0x21,
    0x26,0x21,0x26,0x21,0x26,0x21,0x46,0x21,0x66,0x21,0xff,0x86,0x29,0x87,0x29,0xa7,
    0x29,0x86,0x29,0x28,0x3a,0x6d,0x63,0x8d,0x6b,0x8d,0x6b,0x0c,0x5b,0x08,0x3a,0x46,
    0x29,0xa3,0x10,0xa4,0x10,0x83,0x08,0x87,0x31,0x08,0x3a,0x8b,0x4a,0x95,0x84,0xb4,
    0x63,0x2b,0x32,0xe9,0x29,0xe9,0x29,0x10,0x53,0x52,0x53,0xef,0x4a,0x4b,0x3a,0x46,
    0x21,0xe9,0x29,0xed,0x4a,0x2a,0x32,0xec,0x52,0xef,0x7b,0x9a,0xce,0xd8,0xb5,0xb8,
    0xad,0x3a,0xc6,0x9b,0xce,0x7a,0xce,0x7a,0xce,0x5a,0xc6,0x7b,0xce,0x7a,0xce,0x5a,
    0xc6,0xb3,0x8c,0xf0,0x73,0xf3,0x94,0x59,0xc6,0xdb,0xde,0xdb,0xde,0xdb,0xde,0xba,
    0xd6,0x77,0xad,0xf6,0x94,0x19,0xbe,0x33,0x7c,0x2a,0x3a,0x72,0x5b,0x34,0x4b,0x54,
    0x4b,0x95,0x53,0xb5,0x5b,0xb5,0x5b,0xb5,0x5b,0xb5,0x5b,0x95,0x5b,0x95,0x53,0x75,
    0x53,0x55,0x4b,0x35,0x43,0x34,0x43,0x14,0x3b,0x34,0x43,0x95,0x53,0xf6,0x6b,0xf6,
    0x6b,0xb6,0x5b,0xb5,0x63,0xd6,0x63,0x16,0x74,0x36,0x74,0xf6,0x6b,0xb5,0x5b,0x75,
    0x53,0x75,0x53,0xb5,0x5b,0x76,0x84,0x77,0xa5,0xb8,0xb5,0x59,0xc6,0xdb,0xde,0xdb,
    0xde,0xdb,0xde,0xdb,0xde,0x38,0xc6,0xba,0xd6,0xdb,0xde,0x30,0x0a,0x51,0x12,0x51,
    0x12,0x51,0x12,0x51,0x12,0x51,0x12,0x51,0x1a,0x71,0x1a,0x71,0x1a,0x71,0x1a,0x71,
    0x1a,0x71,0x1a,0x71,0x1a,0x71,0x1a,0x92,0x22,0x92,0x22,0x71,0x1a,0x50,0x1a,0x71,
    0x22,0x71,0x22,0x92,0x22,0xb2,0x2a,0xb2,0x2a,0xb2,0x32,0xd3,0x32,0xf3,0x3a,0x13,
    0x43,0xb1,0x32,0x30,0x1a,0x50,0x1a,0x91,0x2a,0xff,0xb2,0x2a,0xb2,0x32,0xb2,0x32,
    0xb2,0x32,0xb2,0x32,0xb2,0x32,0xb2,0x32,0xb1,0x32,0xb1,0x32,0xb1,0x32,0xb1,0x32,
    0x91,0x2a,0x91,0x2a,0x71,0x2a,0x50,0x22,0x30,0x1a,0x0f,0x0a,0xee,0x01,0x6f,0x32,
    0x77,0xa5,0xd8,0xb5,0xb5,0x8c,0x47,0x21,0x06,0x19,0x05,0x19,0x05,0x19,0x2a,0x3a,
    0x23,0x00,0x02,0x00,0x03,0x00,0x01,0x00,0xe5,0x10,0xe4,0x18,0xe4,0x18,0xe4,0x18,
    0xc4,0x18,0xab,0x4a,0x01,0x00,0x42,0x00,0x83,0x08,0xa4,0x10,0x65,0x21,0xc3,0x10,
    0x42,0x00,0x83,0x08,0xe4,0x10,0xab,0x52,0x01,0x00,0x22,0x00,0x42,0x00,0x22,0x00,
    0x8e,0x73,0x59,0xce,0x96,0xad,0x8e,0x73,0x25,0x21,0x05,0x21,0x25,0x21,0xc4,0x10,
    0x42,0x00,0x62,0x00,0x62,0x00,0x62,0x08,0x63,0x08,0x83,0x08,0x62,0x00,0x62,0x00,
    0x62,0x08,0x63,0x08,0x83,0x08,0x83,0x08,0x83,0x08,0x83,0x08,0x83,0x08,0x83,0x08,
    0xa3,0x08,0xa3,0x10,0x83,0x08,0x83,0x08,0x83,0x08,0x83,0x08,0x83,0x08,0x83,0x08,
    0xa3,0x10,0x83,0x08,0xa3,0x10,0x83,0x08,0xa3,0x08,0x83,0x08,0x83,0x08,0x83,0x08,
    0x83,0x08,0x83,0x08,0x83,0x08,0xa3,0x10,0xa3,0x10,0xa3,0x10,0x83,0x08,0x83,0x08,
    0x04,0x19,0xa7,0x29,0xaa,0x4a,0x0c,0x53,0x2c,0x5b,0x4d,0x5b,0x2c,0x5b,0x2c,0x5b,
    0x0c,0x53,0x2c,0x5b,0x4d,0x5b,0x2c,0x5b,0x4d,0x5b,0x2c,0x5b,0x2c,0x5b,0x2c,0x5b,
    0x2c,0x5b,0x2c,0x5b,0x2c,0x5b,0x2c,0x5b,0x2c,0x5b,0x4d,0x5b,0x2c,0x5b,0x2c,0x5b,
    0x2c,0x5b,0x2c,0x5b,0x2c,0x5b,0x4d,0x5b,0xff,0x4d,0x5b,0x4d,0x5b,0x0c,0x5b,0x2c,
    0x5b,0x2c,0x5b,0x2c,0x5b,0x2c,0x5b,0x2c,0x5b,0x2c,0x5b,0x2c,0x5b,0x4d,0x5b,0x2c,
    0x5b,0x4d,0x5b,0x2c,0x5b,0x4d,0x5b,0x2c,0x5b,0x4d,0x5b,0x2c,0x5b,0x4d,0x5b,0x2c,
    0x5b,0x2c,0x5b,0x2c,0x5b,0x0c,0x53,0x2c,0x5b,0x2c,0x5b,0x2c,0x5b,0x4d,0x5b,0x2c,
    0x5b,0x4d,0x5b,0x4d,0x5b,0x4d,0x63,0x4d,0x5b,0x2d,0x5b,0x2c,0x5b,0x49,0x3a,0x46,
    0x21,0x25,0x21,0x25,0x21,0x25,0x21,0x25,0x21,0x25,0x21,0x25,0x21,0x26,0x21,0x46,
    0x21,0x66,0x21,0x66,0x21,0x87,0x29,0x86,0x29,0xa7,0x29,0x08,0x3a,0x6d,0x63,0x8e,
    0x6b,0xae,0x6b,0xce,0x6b,0x50,0x7c,0x18,0xc6,0x14,0x9d,0xab,0x52,0x83,0x08,0x84,
    0x00,0x64,0x00,0x4a,0x42,0x55,0x84,0xb4,0x63,0x94,0x5b,0xad,0x42,0x87,0x21,0x25,
    0x21,0x8e,0x42,0xef,0x42,0x4b,0x32,0x6b,0x42,0x66,0x29,0x66,0x21,0x4a,0x3a,0x4d,
    0x5b,0x51,0x84,0x9a,0xd6,0x38,0xc6,0x59,0xc6,0x9a,0xce,0xbb,0xd6,0xbb,0xd6,0x7b,
    0xce,0x5a,0xc6,0x5a,0xce,0x9b,0xce,0x9a,0xce,0x7a,0xce,0xb8,0xad,0x16,0x95,0xf6,
    0x94,0xf5,0x94,0x18,0xbe,0xdb,0xde,0xdb,0xde,0xdb,0xde,0xdb,0xde,0x59,0xc6,0xd4,
    0x63,0xd2,0x32,0xd2,0x32,0x75,0x53,0xf6,0x6b,0xd5,0x63,0x54,0x53,0x34,0x43,0x34,
    0x43,0x34,0x43,0x34,0x43,0x34,0x43,0x35,0x43,0x55,0x4b,0x75,0x4b,0x75,0x53,0x95,
    0x53,0xb5,0x5b,0xd6,0x63,0x16,0x74,0xf6,0x6b,0xb5,0x5b,0xb5,0x5b,0xb5,0x5b,0x95,
    0x53,0x55,0x4b,0x95,0x53,0xf6,0x6b,0xff,0x57,0x7c,0x77,0x7c,0x56,0x7c,0xf6,0x94,
    0x56,0xa5,0x77,0xa5,0x59,0xc6,0xdb,0xde,0xdb,0xde,0xdb,0xde,0xdb,0xde,0x38,0xc6,
    0x9a,0xd6,0xdb,0xde,0xdb,0xde,0xf1,0x42,0x71,0x22,0x51,0x12,0x51,0x12,0x51,0x1a,
    0x51,0x1a,0x71,0x1a,0x71,0x1a,0x71,0x1a,0x71,0x1a,0x71,0x1a,0x71,0x1a,0x71,0x1a,
    0x92,0x22,0x92,0x22,0x92,0x2a,0xb2,0x32,0xb2,0x2a,0x51,0x12,0x92,0x22,0xb2,0x2a,
    0xb2,0x32,0xb2,0x32,0xb2,0x32,0xd2,0x32,0xd2,0x32,0x13,0x43,0x54,0x53,0xf2,0x3a,
    0x0f,0x0a,0x30,0x1a,0x91,0x2a,0xb2,0x32,0xb2,0x32,0xb2,0x32,0xb2,0x32,0xb2,0x32,
    0xb1,0x32,0xb1,0x32,0xb1,0x32,0xb1,0x32,0xb1,0x32,0x91,0x2a,0x71,0x2a,0x70,0x22,
    0x70,0x22,0x50,0x1a,0x0f,0x12,0xee,0x09,0xee,0x01,0x95,0x84,0x98,0xad,0xf5,0x9c,
    0x68,0x21,0x27,0x19,0x26,0x19,0x26,0x19,0x0a,0x32,0x65,0x00,0x44,0x00,0x65,0x00,
    0x24,0x00,0xe5,0x18,0xe5,0x18,0xe5,0x18,0xe4,0x18,0x25,0x21,0x09,0x3a,0x02,0x00,
    0x63,0x00,0x83,0x08,0xa4,0x10,0xe5,0x18,0x66,0x21,0x66,0x21,0x04,0x19,0xc3,0x10,
    0x62,0x08,0x22,0x00,0x42,0x00,0x43,0x00,0x42,0x00,0xe8,0x31,0x10,0x7c,0xd7,0xbd,
    0x7a,0xce,0x59,0xce,0x92,0x8c,0x04,0x19,0x42,0x00,0x42,0x00,0x42,0x00,0x62,0x00,
    0x62,0x00,0xc4,0x18,0xe4,0x18,0xc4,0x18,0x83,0x10,0x62,0x08,0x62,0x00,0x62,0x00,
    0x62,0x08,0x83,0x08,0x83,0x08,0x83,0x08,0x83,0x08,0xa3,0x10,0xa3,0x10,0xa3,0x10,
    0x83,0x08,0x83,0x08,0x83,0x08,0xff,0x83,0x08,0xa3,0x10,0x83,0x08,0x83,0x08,0xa3,
    0x10,0xa3,0x10,0xa3,0x08,0xa3,0x10,0xa3,0x10,0xa3,0x10,0xa3,0x10,0xa3,0x10,0xa3,
    0x10,0xa3,0x10,0xa3,0x10,0xa3,0x10,0xa3,0x10,0xa3,0x10,0xa3,0x10,0xa3,0x10,0x83,
    0x08,0x04,0x19,0xe8,0x39,0xaa,0x4a,0x0c,0x53,0x2c,0x5b,0x4d,0x5b,0x2c,0x5b,0x2c,
    0x5b,0x2c,0x5b,0x2c,0x5b,0x4d,0x5b,0x0c,0x53,0x2c,0x5b,0x4d,0x5b,0x2c,0x5b,0x2c,
    0x5b,0x2c,0x5b,0x2c,0x5b,0x2c,0x5b,0x4d,0x5b,0x2c,0x5b,0x2c,0x5b,0x2c,0x5b,0x2c,
    0x5b,0x2c,0x5b,0x2c,0x5b,0x0c,0x53,0x2c,0x5b,0x4d,0x5b,0x2c,0x5b,0x4d,0x5b,0x2c,
    0x5b,0x2c,0x5b,0x2d,0x5b,0x2c,0x5b,0x2c,0x5b,0x2c,0x5b,0x2c,0x5b,0x2c,0x5b,0x2c,
    0x5b,0x2c,0x5b,0x2c,0x5b,0x2c,0x5b,0x2c,0x5b,0x4d,0x5b,0x2c,0x5b,0x2c,0x5b,0x6d,
    0x63,0x2c,0x5b,0x2c,0x5b,0x4d,0x5b,0x2c,0x5b,0x4d,0x5b,0x4d,0x5b,0x2c,0x5b,0x2c,
    0x5b,0x0c,0x53,0x0c,0x53,0x28,0x3a,0x45,0x21,0x25,0x21,0x25,0x21,0x25,0x21,0x25,
    0x21,0x26,0x21,0x25,0x21,0x25,0x21,0x25,0x21,0x25,0x21,0x25,0x21,0x25,0x21,0x46,
    0x21,0x25,0x21,0x66,0x21,0xeb,0x52,0x8e,0x6b,0xce,0x6b,0xae,0x6b,0x50,0x84,0x38,
    0xc6,0xd7,0xb5,0x59,0xc6,0x9a,0xd6,0x6a,0x4a,0x64,0x00,0x84,0x00,0x88,0x29,0x93,
    0x63,0x94,0x5b,0x74,0x5b,0xef,0x52,0xa3,0x10,0xa3,0x10,0x0a,0x32,0x0e,0x4b,0x4e,
    0x5b,0xaf,0x6b,0x4d,0x5b,0x6b,0x42,0x8b,0x42,0xcc,0x4a,0x59,0xce,0xf8,0xbd,0x76,
    0xad,0xf7,0xb5,0x7a,0xce,0xff,0xba,0xd6,0xbb,0xd6,0xdb,0xde,0x7a,0xce,0x3a,0xc6,
    0x3a,0xbe,0x5a,0xc6,0xbb,0xce,0x7a,0xce,0x19,0xbe,0x57,0xa5,0x36,0x9d,0x94,0x84,
    0x35,0xa5,0x9a,0xce,0xdb,0xde,0xdb,0xde,0xdb,0xde,0x96,0xb5,0x95,0x63,0x75,0x53,
    0x95,0x5b,0xd6,0x63,0x16,0x74,0x56,0x7c,0x36,0x74,0xd5,0x6b,0x95,0x5b,0x54,0x4b,
    0x75,0x53,0x95,0x5b,0xb6,0x63,0xd6,0x63,0xd6,0x63,0xd6,0x63,0xf6,0x6b,0x16,0x74,
    0xf6,0x6b,0xb5,0x5b,0xb5,0x5b,0xb5,0x5b,0x95,0x53,0x55,0x4b,0x75,0x53,0xb5,0x5b,
    0xb6,0x63,0xb6,0x63,0x16,0x6c,0xf6,0x94,0x15,0x9d,0xf4,0x94,0x18,0xbe,0xdb,0xde,
    0xdb,0xde,0xdb,0xde,0xdb,0xde,0x38,0xc6,0x79,0xce,0xdb,0xde,0x59,0xce,0xdb,0xd6,
    0x6d,0x63,0xf0,0x73,0xd1,0x63,0x91,0x2a,0x71,0x1a,0x51,0x1a,0x71,0x1a,0x71,0x1a,
    0x71,0x1a,0x71,0x1a,0x71,0x1a,0x71,0x1a,0x92,0x22,0x92,0x22,0xb2,0x2a,0x13,0x43,
    0xf2,0x3a,0x50,0x12,0x92,0x22,0xb2,0x32,0xb2,0x2a,0xb2,0x2a,0xb2,0x32,0xd2,0x32,
    0xd2,0x3a,0xd2,0x32,0xd2,0x32,0x13,0x4b,0x73,0x53,0x70,0x22,0xef,0x01,0x71,0x22,
    0xb2,0x32,0xb2,0x32,0xb2,0x32,0xb2,0x32,0xb2,0x32,0xb1,0x32,0xb1,0x32,0xb1,0x32,
    0xb1,0x32,0xb1,0x32,0x91,0x2a,0x91,0x2a,0x70,0x22,0x50,0x22,0x50,0x22,0x30,0x1a,
    0x0f,0x12,0xee,0x01,0x0e,0x22,0xd0,0x42,0x10,0x53,0x89,0x19,0x68,0x19,0x68,0x21,
    0x67,0x21,0x0a,0x32,0x07,0x11,0xc7,0x00,0xc7,0x00,0xa6,0x00,0x06,0x19,0xe5,0x18,
    0xe5,0x18,0xe5,0x18,0xff,0x87,0x29,0x46,0x21,0x01,0x00,0x22,0x00,0x43,0x00,0xa4,
    0x08,0xe5,0x18,0xe4,0x18,0xe5,0x18,0x05,0x19,0x4a,0x42,0xc4,0x10,0x22,0x00,0x63,
    0x00,0x42,0x00,0x83,0x08,0x25,0x19,0x67,0x21,0xa8,0x29,0x6a,0x4a,0x30,0x84,0x10,
    0x7c,0x42,0x00,0x42,0x00,0x42,0x00,0x42,0x00,0x83,0x08,0x04,0x21,0x25,0x21,0x05,
    0x21,0x04,0x21,0x04,0x21,0x04,0x21,0xe4,0x18,0x62,0x08,0x83,0x08,0x83,0x08,0x83,
    0x08,0x83,0x08,0xa3,0x10,0x83,0x08,0xa3,0x08,0xa3,0x10,0xa3,0x08,0xa3,0x10,0x83,
    0x08,0xa3,0x10,0xa3,0x10,0xa3,0x10,0xa3,0x10,0xa3,0x10,0xa3,0x10,0xa3,0x10,0xa3,
    0x10,0x83,0x08,0xa3,0x10,0xa3,0x10,0xa3,0x10,0xa3,0x10,0xa3,0x10,0xa3,0x10,0xa3,
    0x10,0xa3,0x10,0xa3,0x10,0xa3,0x10,0xa3,0x10,0xa3,0x10,0xa3,0x10,0xa3,0x10,0xc3,
    0x10,0x25,0x19,0x08,0x3a,0xcb,0x52,0x2c,0x5b,0x2c,0x5b,0x2c,0x5b,0x2c,0x5b,0x2c,
    0x5b,0x2c,0x5b,0x2c,0x5b,0x0c,0x53,0x4d,0x5b,0x2c,0x5b,0x2c,0x5b,0x0c,0x53,0x4d,
    0x5b,0x4d,0x63,0x2c,0x5b,0x4d,0x63,0x2c,0x5b,0x2c,0x5b,0x2c,0x5b,0x4d,0x5b,0x4d,
    0x5b,0x4d,0x5b,0x2c,0x5b,0x4d,0x5b,0x2c,0x5b,0x0c,0x53,0x2d,0x5b,0x2c,0x5b,0x4d,
    0x5b,0x2c,0x5b,0x2c,0x5b,0x4d,0x5b,0x2c,0x5b,0x2c,0x5b,0x0c,0x53,0x4d,0x5b,0x4d,
    0x5b,0x2c,0x5b,0x0c,0x53,0x4d,0x5b,0x2c,0x5b,0x0c,0x53,0x4d,0x5b,0x4d,0x5b,0x4d,
    0x5b,0x2d,0x5b,0x0c,0x53,0x2c,0x5b,0x2c,0x5b,0x2c,0x5b,0x0c,0x53,0x08,0x3a,0x45,
    0x21,0x25,0x21,0xff,0x25,0x21,0x25,0x21,0x25,0x21,0x26,0x21,0x26,0x21,0x25,0x21,
    0x26,0x21,0x25,0x21,0x25,0x21,0x05,0x21,0x04,0x21,0xc4,0x18,0xc4,0x18,0xc3,0x18,
    0xe4,0x18,0x66,0x29,0x2d,0x63,0x72,0x8c,0x39,0xc6,0xd7,0xb5,0x59,0xce,0xdb,0xde,
    0xd7,0xbd,0x6a,0x4a,0xc5,0x10,0xa5,0x00,0x47,0x21,0x52,0x5b,0x74,0x5b,0x73,0x53,
    0x52,0x5b,0x82,0x08,0x82,0x08,0xa8,0x29,0x2d,0x53,0xae,0x6b,0xcf,0x73,0xcf,0x73,
    0xb0,0x6b,0x52,0x7c,0xf5,0x94,0x76,0xa5,0xd7,0xb5,0xf8,0xbd,0x96,0xad,0xf7,0xbd,
    0x59,0xc6,0x79,0xce,0x9a,0xce,0xbb,0xd6,0xba,0xd6,0xba,0xd6,0x9b,0xce,0xbb,0xce,
    0xbb,0xce,0x7b,0xce,0x3a,0xbe,0xb9,0xb5,0x16,0x95,0xb1,0x63,0xcf,0x6b,0x9a,0xd6,
    0xdb,0xde,0xba,0xd6,0x15,0x74,0xb6,0x63,0xd6,0x63,0xd6,0x63,0xd6,0x63,0xd6,0x63,
    0xd6,0x63,0xd6,0x6b,0x36,0x74,0x77,0x84,0x77,0x84,0x16,0x74,0x95,0x5b,0x75,0x53,
    0x95,0x5b,0xf6,0x6b,0x16,0x74,0x36,0x74,0xf6,0x6b,0xb6,0x5b,0xb5,0x5b,0xb5,0x5b,
    0x95,0x53,0x55,0x4b,0x75,0x4b,0xb5,0x5b,0xd6,0x63,0xd6,0x63,0xf6,0x6b,0x37,0x9d,
    0xd5,0x94,0xb3,0x8c,0xf8,0xbd,0xdb,0xde,0xdb,0xde,0xdb,0xde,0xdb,0xde,0x38,0xc6,
    0x7a,0xd6,0xdb,0xde,0xba,0xd6,0xdb,0xde,0xdb,0xd6,0x4c,0x5b,0x4c,0x5b,0x6d,0x63,
    0xcf,0x73,0xd0,0x6b,0x91,0x5b,0xb1,0x32,0x71,0x12,0x71,0x1a,0x71,0x1a,0x71,0x1a,
    0x71,0x22,0x92,0x22,0x92,0x22,0xd2,0x32,0x74,0x53,0xf2,0x3a,0x30,0x12,0xb2,0x2a,
    0xb2,0x32,0xdb,0xb2,0x2a,0x92,0x2a,0xb2,0x2a,0xd2,0x32,0xd2,0x32,0xd2,0x32,0xd2,
    0x32,0xf2,0x3a,0x33,0x4b,0x71,0x22,0xef,0x01,0x71,0x22,0xb2,0x32,0xb2,0x32,0xb2,
    0x32,0xb2,0x32,0xb1,0x32,0xb1,0x32,0xb1,0x32,0xb1,0x32,0xb1,0x32,0xb1,0x32,0x91,
    0x2a,0x91,0x2a,0x71,0x22,0x50,0x22,0x30,0x1a,0x30,0x12,0x30,0x12,0x0f,0x12,0x0f,
    0x0a,0xce,0x01,0xcc,0x11,0xeb,0x19,0xca,0x21,0xc9,0x21,0xc9,0x21,0x2b,0x3a,0x0a,
    0x2a,0x2b,0x32,0xca,0x29,0x28,0x11,0x26,0x19,0x05,0x19,0x05,0x19,0x05,0x19,0x88,
    0x29,0x26,0x21,0x01,0x00,0x01,0x00,0x02,0x00,0x84,0x08,0xe5,0x18,0xe5,0x18,0xe5,
    0x18,0xe5,0x18,0x09,0x3a,0xc4,0x10,0x42,0x00,0x83,0x08,0x63,0x08,0xa3,0x10,0x21,
    0x00,0x63,0x08,0xe4,0x10,0x46,0x19,0xec,0x5a,0x83,0x10,0x22,0x00,0x22,0x00,0x42,
    0x00,0x25,0x21,0x55,0xad,0x71,0x8c,0x08,0x3a,0xe4,0x18,0x25,0x21,0x25,0x21,0x25,
    0x21,0x83,0x08,0x62,0x00,0x82,0x08,0x83,0x08,0x83,0x08,0x83,0x08,0x83,0x08,0x83,
    0x08,0x83,0x08,0x83,0x08,0xa3,0x08,0xa3,0x10,0x1a,0xa3,0x10,0xff,0x83,0x10,0xa3,
    0x10,0x86,0x29,0x28,0x3a,0xcb,0x4a,0x0c,0x53,0x2c,0x5b,0x2c,0x5b,0x2c,0x5b,0x4d,
    0x5b,0x2c,0x5b,0x2c,0x5b,0x2c,0x5b,0x4d,0x5b,0x4d,0x5b,0x0c,0x53,0x2c,0x5b,0x2c,
    0x5b,0x2c,0x5b,0x2c,0x5b,0x4d,0x5b,0x2c,0x5b,0x0c,0x53,0x2c,0x5b,0x2c,0x5b,0x2c,
    0x5b,0x2c,0x5b,0x2c,0x5b,0x2c,0x5b,0x4c,0x5b,0x2c,0x5b,0x2c,0x5b,0x2d,0x5b,0x2c,
    0x5b,0x2c,0x5b,0x2c,0x5b,0x2c,0x5b,0x2c,0x5b,0x2c,0x5b,0x2c,0x5b,0x4d,0x5b,0x2c,
    0x5b,0x2c,0x5b,0x4d,0x5b,0x2c,0x5b,0x2c,0x5b,0x2c,0x5b,0x0c,0x5b,0x4d,0x5b,0x4d,
    0x5b,0x4d,0x5b,0x0c,0x53,0x08,0x3a,0x25,0x21,0x25,0x21,0x25,0x21,0x25,0x21,0x25,
    0x21,0x26,0x21,0x26,0x21,0x46,0x21,0x46,0x21,0x46,0x21,0x46,0x21,0x45,0x21,0x05,
    0x21,0xe4,0x18,0xc3,0x18,0xc3,0x18,0xc3,0x18,0xc3,0x18,0xc3,0x18,0x83,0x08,0x62,
    0x08,0x2d,0x63,0xb7,0xb5,0xfb,0xde,0xd7,0xbd,0x49,0x42,0xed,0x5a,0x0a,0x3a,0xe6,
    0x10,0x88,0x21,0x30,0x53,0x73,0x53,0x53,0x53,0x72,0x5b,0x46,0x21,0xc3,0x18,0x46,
    0x21,0x8c,0x42,0x8a,0x42,0xe8,0x29,0x8f,0x6b,0x97,0xad,0xf8,0xbd,0x9a,0xce,0x7b,
    0xce,0x9b,0xce,0x5a,0xc6,0x5a,0xc6,0x19,0xbe,0x38,0xbe,0x39,0xc6,0x18,0xbe,0x59,
    0xc6,0x38,0xc6,0xbb,0xd6,0xdb,0xde,0xbb,0xd6,0xbb,0xd6,0xdb,0xd6,0xbb,0xce,0x7b,
    0xce,0x3a,0xc6,0x57,0x9d,0x6f,0x5b,0x55,0xad,0xba,0xd6,0x54,0x7c,0x55,0x4b,0xb6,
    0x5b,0xd6,0x63,0x16,0x74,0x36,0x74,0x36,0x74,0x16,0x74,0xff,0x16,0x6c,0x16,0x74,
    0x36,0x74,0x57,0x7c,0x97,0x84,0x77,0x84,0x57,0x7c,0x36,0x74,0xb5,0x63,0x95,0x5b,
    0x95,0x5b,0x95,0x5b,0xb5,0x5b,0xb5,0x5b,0x95,0x53,0x55,0x4b,0x75,0x53,0xb5,0x5b,
    0xb6,0x63,0xd6,0x63,0xf6,0x63,0x37,0x9d,0x96,0xad,0x72,0x84,0xb2,0x8c,0xd8,0xb5,
    0x39,0xc6,0xbb,0xd6,0xfb,0xde,0x59,0xce,0x9a,0xd6,0xdb,0xde,0xdb,0xde,0x9a,0xd6,
    0x79,0xce,0xba,0xd6,0x2c,0x5b,0x4c,0x5b,0x4c,0x5b,0x4c,0x5b,0x4d,0x5b,0x6d,0x63,
    0x10,0x74,0xf1,0x6b,0x11,0x43,0xb1,0x32,0x71,0x22,0x92,0x22,0x92,0x22,0x71,0x22,
    0xb2,0x32,0x74,0x53,0x33,0x4b,0x50,0x1a,0x91,0x2a,0xb2,0x32,0xb2,0x32,0xb2,0x2a,
    0xb2,0x2a,0xb2,0x32,0xb2,0x32,0xd2,0x32,0xd2,0x32,0xb2,0x32,0xd2,0x3a,0x30,0x12,
    0x10,0x0a,0x91,0x22,0xb2,0x32,0xb2,0x32,0xb2,0x32,0xb2,0x32,0xb1,0x32,0xb1,0x32,
    0xb1,0x32,0xb1,0x32,0xb1,0x32,0xb1,0x32,0xb1,0x2a,0x91,0x2a,0x91,0x2a,0x71,0x22,
    0x50,0x1a,0x30,0x12,0x0f,0x0a,0xef,0x09,0xef,0x09,0xef,0x09,0xac,0x09,0xab,0x11,
    0xab,0x11,0xeb,0x21,0x0b,0x2a,0x09,0x32,0x67,0x21,0xc9,0x29,0x82,0x10,0x47,0x19,
    0x67,0x21,0x26,0x21,0x26,0x19,0x06,0x19,0x88,0x29,0x27,0x19,0x24,0x00,0x24,0x00,
    0x02,0x00,0xc5,0x10,0xe5,0x18,0xe5,0x18,0xe5,0x18,0x05,0x19,0x4a,0x42,0x63,0x00,
    0x43,0x00,0x83,0x08,0x83,0x08,0x87,0x21,0xa7,0x29,0x45,0x19,0xc3,0x10,0x42,0x00,
    0x83,0x08,0x22,0x00,0x22,0x00,0x43,0x00,0x42,0x00,0x96,0x8a,0x4a,0x75,0xad,0x79,
    0xce,0x9a,0xd6,0x75,0xad,0x8e,0x6b,0x66,0x29,0x62,0x08,0x42,0x00,0x62,0x00,0x62,
    0x00,0x62,0x00,0x83,0x08,0xe4,0x18,0xa3,0x10,0x62,0x08,0x62,0x00,0x62,0x00,0x62,
    0x08,0x83,0x08,0xa3,0x08,0xa3,0x10,0x1d,0xa3,0x10,0xff,0x86,0x29,0x69,0x42,0xeb,
    0x52,0x2c,0x5b,0x0c,0x53,0x0c,0x53,0x0c,0x53,0x2c,0x5b,0x0c,0x53,0x0c,0x53,0x2c,
    0x5b,0x2c,0x5b,0x2c,0x5b,0x2c,0x5b,0x2c,0x5b,0x0c,0x53,0x4d,0x5b,0x4d,0x63,0x2c,
    0x5b,0x4d,0x5b,0x2c,0x5b,0x2c,0x5b,0x2c,0x5b,0x2c,0x5b,0x2c,0x5b,0x2c,0x5b,0x4d,
    0x5b,0x2c,0x5b,0x2c,0x5b,0x2c,0x5b,0x6d,0x63,0x2c,0x5b,0x2c,0x5b,0x2c,0x5b,0x4d,
    0x5b,0x2c,0x5b,0x2d,0x5b,0x2c,0x5b,0x2c,0x5b,0x2c,0x5b,0x4d,0x5b,0x2c,0x5b,0x2d,
    0x5b,0x2c,0x5b,0x2c,0x5b,0xcb,0x4a,0x28,0x3a,0x25,0x21,0x25,0x21,0x25,0x21,0x25,
    0x21,0x25,0x21,0x25,0x21,0x26,0x21,0x46,0x21,0x46,0x21,0x66,0x21,0x87,0x29,0x86,
    0x29,0x66,0x29,0x86,0x29,0x28,0x3a,0x6d,0x63,0xeb,0x52,0xc7,0x31,0x25,0x21,0x83,
    0x10,0xa3,0x10,0xa3,0x10,0xa3,0x10,0x46,0x21,0x14,0x9d,0x08,0x3a,0xec,0x52,0xb6,
    0x8c,0xce,0x4a,0x67,0x19,0x09,0x2a,0xad,0x42,0x53,0x53,0x32,0x53,0xcf,0x42,0xe9,
    0x31,0xa7,0x29,0x6b,0x3a,0x8c,0x42,0xe9,0x29,0xcc,0x4a,0x10,0x7c,0xf8,0xbd,0x36,
    0x9d,0xf8,0xb5,0x9b,0xce,0x7b,0xce,0x5a,0xc6,0x5a,0xc6,0x5b,0xc6,0x7a,0xce,0x59,
    0xc6,0xd7,0xb5,0x51,0x84,0x71,0x84,0xb6,0xad,0xba,0xd6,0xdb,0xde,0xdb,0xde,0xbb,
    0xd6,0x9a,0xce,0x5a,0xc6,0x9a,0xce,0x19,0xbe,0xb1,0x6b,0x71,0x84,0x54,0x84,0x34,
    0x43,0x75,0x53,0x95,0x53,0x95,0x5b,0xb5,0x5b,0xd6,0x63,0x16,0x74,0x36,0x7c,0x56,
    0x7c,0x56,0x74,0x36,0x74,0x16,0x6c,0xf6,0x6b,0xff,0xd6,0x63,0xf6,0x6b,0x36,0x74,
    0x77,0x84,0x36,0x74,0xb5,0x63,0x75,0x53,0x54,0x4b,0x55,0x4b,0x55,0x4b,0x75,0x4b,
    0xb5,0x5b,0xd6,0x63,0xd6,0x63,0xd6,0x63,0x75,0x84,0xf8,0xbd,0x96,0xb5,0x71,0x84,
    0xcf,0x6b,0xf5,0x94,0xf8,0xbd,0xf8,0xbd,0xb7,0xb5,0x59,0xc6,0xbb,0xd6,0xdb,0xde,
    0xdb,0xde,0xdb,0xde,0xdb,0xde,0xdb,0xde,0x2c,0x5b,0x4c,0x5b,0x4c,0x5b,0x4c,0x5b,
    0x4d,0x5b,0x4c,0x5b,0x4c,0x5b,0x4d,0x63,0x8e,0x6b,0xcf,0x6b,0xf2,0x6b,0xf1,0x42,
    0x71,0x1a,0x92,0x22,0xb2,0x2a,0x13,0x43,0x74,0x53,0xf2,0x3a,0x91,0x2a,0x92,0x2a,
    0xb2,0x32,0xb2,0x32,0xb2,0x32,0xd2,0x32,0xd2,0x32,0x91,0x2a,0x70,0x22,0xb1,0x2a,
    0x50,0x22,0x10,0x0a,0x71,0x22,0xb2,0x32,0xb2,0x32,0xb2,0x32,0xb2,0x32,0xb2,0x32,
    0xb2,0x32,0xb1,0x32,0xb1,0x32,0xb1,0x32,0xb1,0x32,0xb1,0x32,0xb1,0x32,0x91,0x2a,
    0x91,0x2a,0x71,0x22,0x71,0x22,0x50,0x1a,0x30,0x12,0x0f,0x0a,0xee,0x01,0xce,0x01,
    0x8a,0x19,0x6a,0x09,0x8b,0x09,0x8b,0x09,0xcb,0x19,0xa8,0x29,0xc5,0x10,0xc4,0x10,
    0x83,0x10,0xc4,0x10,0x88,0x19,0x67,0x19,0x47,0x19,0x27,0x21,0x88,0x29,0x47,0x19,
    0x86,0x00,0xa6,0x00,0x65,0x00,0xe6,0x10,0x05,0x19,0x05,0x19,0x05,0x19,0x05,0x21,
    0x6b,0x42,0x02,0x00,0x22,0x00,0x63,0x00,0x83,0x08,0xa8,0x21,0x2a,0x32,0xac,0x42,
    0xcd,0x4a,0xac,0x4a,0x29,0x3a,0x42,0x00,0x42,0x00,0x63,0x00,0x63,0x08,0x46,0x19,
    0x67,0x19,0x4a,0x42,0xae,0x73,0x75,0xad,0x91,0xf7,0xbd,0xa3,0x10,0x42,0x00,0x42,
    0x00,0x42,0x00,0x42,0x00,0x83,0x08,0x04,0x21,0x05,0x21,0x04,0x21,0x04,0x21,0xe4,
    0x18,0xa3,0x10,0x62,0x08,0x62,0x08,0xa3,0x08,0xa3,0x10,0x1f,0xa3,0x10,0xff,0x04,
    0x19,0xa7,0x29,0x8a,0x4a,0x2c,0x5b,0x2c,0x5b,0x2c,0x5b,0x4d,0x5b,0x2c,0x5b,0x4d,
    0x5b,0x2c,0x5b,0x2c,0x5b,0x2c,0x5b,0x4d,0x5b,0x2d,0x5b,0x2c,0x5b,0x2c,0x5b,0x4d,
    0x5b,0x4d,0x63,0x4d,0x63,0x2c,0x5b,0x4d,0x5b,0x4d,0x5b,0x2c,0x5b,0x2c,0x5b,0x2c,
    0x5b,0x2c,0x5b,0x2c,0x5b,0x2c,0x5b,0x2c,0x5b,0x4d,0x5b,0x0c,0x5b,0x2c,0x5b,0x2c,
    0x5b,0x2c,0x5b,0x4d,0x5b,0x4d,0x5b,0x2c,0x5b,0x2c,0x5b,0x2c,0x5b,0x4d,0x5b,0x4d,
    0x5b,0x2c,0x5b,0xec,0x52,0x08,0x32,0x25,0x21,0x25,0x21,0x25,0x21,0x25,0x21,0x25,
    0x21,0x25,0x21,0x25,0x21,0x26,0x21,0x46,0x21,0x66,0x21,0x87,0x29,0xa7,0x29,0xa6,
    0x29,0xa7,0x29,0x49,0x42,0x6d,0x63,0x8d,0x63,0x8e,0x6b,0xce,0x6b,0x30,0x7c,0xf4,
    0x9c,0x87,0x31,0xa3,0x10,0x83,0x08,0x63,0x00,0xc5,0x10,0xcc,0x52,0x55,0x7c,0xd4,
    0x63,0x52,0x5b,0xc8,0x29,0xa8,0x29,0xe9,0x31,0x31,0x4b,0xae,0x42,0x2b,0x32,0x4a,
    0x3a,0x66,0x21,0xac,0x42,0xf1,0x73,0xec,0x52,0x30,0x84,0x7a,0xce,0x18,0xbe,0xd7,
    0xb5,0x39,0xc6,0x7b,0xce,0x5a,0xc6,0x3a,0xbe,0x3a,0xc6,0x7a,0xce,0x9b,0xce,0x7b,
    0xce,0x39,0xc6,0x36,0x9d,0x16,0x9d,0x94,0x8c,0x55,0xa5,0x79,0xce,0xdb,0xde,0xdb,
    0xde,0xdb,0xde,0x9a,0xce,0x36,0x9d,0x93,0x63,0x6e,0x32,0xb1,0x32,0x14,0x3b,0x34,
    0x43,0x54,0x43,0x55,0x4b,0x95,0x53,0xb5,0x5b,0xb5,0x5b,0xb5,0x5b,0xb6,0x63,0xb5,
    0x63,0xb5,0x5b,0xb5,0x5b,0xb5,0x5b,0xb5,0x5b,0xb5,0x5b,0xb5,0x5b,0xff,0xb5,0x5b,
    0x95,0x5b,0xb5,0x5b,0xf6,0x6b,0x36,0x74,0xf6,0x6b,0x54,0x4b,0x14,0x3b,0x54,0x4b,
    0x95,0x53,0xb6,0x5b,0xb6,0x63,0xd4,0x63,0xd0,0x6b,0x71,0x84,0x96,0xad,0xb6,0xb5,
    0x72,0x84,0x91,0x2a,0x52,0x53,0x34,0x7c,0xd5,0x94,0xf4,0x94,0xf4,0x94,0xb7,0xad,
    0x9a,0xd6,0xdb,0xde,0xdb,0xde,0xdb,0xde,0x2c,0x5b,0x4c,0x5b,0x4c,0x5b,0x4c,0x5b,
    0x4c,0x5b,0x4c,0x5b,0x4d,0x5b,0x4d,0x5b,0x4d,0x5b,0x4d,0x5b,0x6d,0x63,0xef,0x73,
    0xd0,0x6b,0x71,0x5b,0xf1,0x42,0xb2,0x2a,0x13,0x43,0x13,0x43,0xf3,0x3a,0xd2,0x3a,
    0xb2,0x32,0xb2,0x32,0x91,0x2a,0x91,0x2a,0x71,0x22,0x71,0x22,0x91,0x2a,0x50,0x1a,
    0x50,0x12,0x71,0x22,0x92,0x2a,0xb2,0x32,0xb2,0x32,0xb2,0x32,0xb2,0x32,0xb1,0x32,
    0xb1,0x32,0xb1,0x32,0xb1,0x32,0xb1,0x32,0xb1,0x32,0xb1,0x32,0xb1,0x32,0xb1,0x2a,
    0x91,0x2a,0x91,0x2a,0x71,0x22,0x71,0x1a,0x51,0x1a,0x30,0x12,0x30,0x0a,0x4f,0x2a,
    0xc4,0x10,0x45,0x21,0x67,0x21,0x89,0x19,0x8a,0x19,0xc8,0x29,0xe5,0x10,0xc4,0x18,
    0xa3,0x10,0x26,0x11,0xca,0x21,0xa9,0x19,0x88,0x19,0x68,0x19,0x2b,0x3a,0xca,0x21,
    0xaa,0x21,0x49,0x11,0xc7,0x00,0x27,0x19,0x26,0x19,0x05,0x19,0x05,0x19,0x26,0x21,
    0x2a,0x3a,0x01,0x00,0x02,0x00,0x02,0x00,0x63,0x00,0xe9,0x29,0x6b,0x3a,0xee,0x4a,
    0x2f,0x53,0x50,0x5b,0xe9,0x39,0x42,0x00,0x63,0x08,0x63,0x08,0x63,0x08,0x62,0x08,
    0xc4,0x10,0x26,0x19,0x67,0x21,0xe9,0x31,0xe8,0x39,0x21,0x00,0x90,0x22,0x00,0x42,
    0x00,0x02,0x00,0x2d,0x63,0x2c,0x63,0x05,0x19,0x05,0x21,0x25,0x21,0x25,0x21,0x25,
    0x21,0x05,0x19,0x62,0x08,0x82,0x08,0x83,0x08,0xa3,0x08,0xa3,0x10,0x20,0xa3,0x10,
    0xff,0x83,0x10,0x04,0x19,0x08,0x3a,0xaa,0x4a,0x0c,0x53,0x0c,0x53,0x2c,0x5b,0x2c,
    0x5b,0x2c,0x5b,0x2c,0x5b,0x2c,0x5b,0x2c,0x5b,0x2c,0x5b,0x2c,0x5b,0x0c,0x53,0x0c,
    0x53,0x2c,0x5b,0x0c,0x53,0x2c,0x5b,0x2c,0x5b,0x2c,0x5b,0x2c,0x5b,0x2c,0x5b,0x4d,
    0x5b,0x2c,0x5b,0x2c,0x5b,0x2c,0x5b,0x2c,0x5b,0x4d,0x5b,0x4d,0x5b,0x2c,0x5b,0x4d,
    0x5b,0x2c,0x5b,0x2c,0x5b,0x2c,0x5b,0x2c,0x5b,0x2c,0x5b,0x0c,0x53,0x2c,0x5b,0xeb,
    0x52,0x08,0x32,0x25,0x21,0x25,0x21,0x25,0x21,0x25,0x21,0x25,0x21,0x25,0x21,0x25,
    0x21,0x25,0x21,0x25,0x21,0x26,0x21,0x46,0x21,0x66,0x29,0x66,0x29,0x66,0x29,0x08,
    0x3a,0x6d,0x63,0x8d,0x63,0x8d,0x6b,0xae,0x6b,0x71,0x84,0x38,0xc6,0xb7,0xb5,0x18,
    0xc6,0x2c,0x63,0x84,0x00,0x64,0x00,0x84,0x00,0xb2,0x6b,0x94,0x5b,0x73,0x53,0x73,
    0x53,0xa7,0x29,0xc4,0x18,0xa3,0x10,0xef,0x4a,0x8c,0x42,0xcc,0x4a,0x2d,0x5b,0x4a,
    0x3a,0x4a,0x3a,0xcc,0x4a,0x31,0x84,0x9a,0xd6,0x79,0xce,0x9a,0xd6,0xdb,0xde,0xdb,
    0xde,0xdb,0xde,0xdb,0xd6,0x9b,0xce,0x1a,0xbe,0xf9,0xb5,0x3a,0xc6,0x7b,0xce,0x7a,
    0xce,0x3a,0xc6,0xd8,0xb5,0x98,0xad,0x37,0x9d,0x15,0x9d,0x59,0xce,0xdb,0xde,0xdb,
    0xde,0xdb,0xde,0xbb,0xd6,0x14,0x7c,0xf4,0x32,0x35,0x43,0x95,0x5b,0xd6,0x63,0xd6,
    0x63,0x95,0x5b,0x55,0x4b,0x55,0x4b,0x75,0x53,0x95,0x5b,0xb5,0x5b,0x95,0x5b,0x95,
    0x53,0x75,0x53,0x75,0x4b,0x55,0x4b,0x34,0x43,0x34,0x43,0x34,0x43,0x14,0x43,0xff,
    0x34,0x43,0x34,0x43,0x55,0x4b,0xb6,0x63,0x56,0x7c,0x57,0x7c,0x36,0x74,0xd5,0x63,
    0x75,0x53,0x74,0x53,0x0f,0x53,0xec,0x52,0xeb,0x52,0x70,0x84,0x50,0x84,0xd0,0x6b,
    0x52,0x84,0x32,0x7c,0x92,0x63,0xb1,0x32,0xd1,0x3a,0x11,0x53,0xd0,0x7b,0xb2,0x9c,
    0x35,0xa5,0xd8,0xbd,0x9a,0xce,0x2c,0x5b,0x4c,0x5b,0x4c,0x5b,0x4c,0x5b,0x4c,0x5b,
    0x4c,0x5b,0x4c,0x5b,0x4d,0x5b,0x4d,0x5b,0x4d,0x5b,0x4d,0x63,0x4d,0x63,0x4d,0x63,
    0x6d,0x63,0xcf,0x73,0x11,0x74,0x52,0x53,0x13,0x43,0xf3,0x3a,0xf3,0x3a,0xd2,0x32,
    0x92,0x2a,0x91,0x22,0x71,0x22,0x71,0x1a,0x91,0x22,0xb2,0x2a,0x91,0x22,0x91,0x2a,
    0xb2,0x32,0xb2,0x32,0xb2,0x32,0xd2,0x32,0xb2,0x32,0xb2,0x32,0xb2,0x32,0xb1,0x32,
    0xb1,0x32,0xb2,0x32,0xb1,0x32,0xb1,0x32,0xb1,0x32,0xb1,0x32,0xb2,0x32,0x92,0x2a,
    0x91,0x2a,0x91,0x22,0x71,0x22,0x71,0x1a,0x51,0x12,0xf1,0x42,0x39,0xc6,0x18,0xbe,
    0x10,0x7c,0x29,0x42,0x46,0x21,0xc7,0x31,0xc8,0x31,0x25,0x21,0x25,0x21,0xe4,0x18,
    0x68,0x19,0xaa,0x11,0xaa,0x19,0xca,0x21,0xca,0x21,0xac,0x42,0xe5,0x10,0xe9,0x29,
    0xc4,0x10,0xc9,0x21,0x88,0x21,0x27,0x21,0x26,0x19,0x26,0x21,0x26,0x21,0xea,0x31,
    0x03,0x00,0x02,0x00,0x01,0x00,0x46,0x21,0x2a,0x32,0xac,0x42,0x2e,0x53,0x70,0x5b,
    0xd1,0x6b,0xe5,0x18,0x42,0x00,0x83,0x08,0x83,0x08,0x47,0x19,0x06,0x11,0x83,0x08,
    0x42,0x00,0x63,0x08,0x05,0x19,0xc3,0x10,0x22,0x00,0x42,0x00,0x42,0x00,0x95,0xa7,
    0x31,0x18,0xc6,0x9a,0xd6,0x18,0xc6,0x10,0x84,0x49,0x42,0x66,0x29,0x05,0x19,0x62,
    0x08,0x62,0x00,0x62,0x08,0x62,0x08,0x83,0x08,0xa3,0x10,0x83,0x10,0x82,0x08,0x62,
    0x08,0x82,0x08,0x83,0x10,0xa3,0x08,0xa3,0x10,0x1c,0xa3,0x10,0xff,0xc3,0x10,0x25,
    0x21,0x08,0x3a,0xaa,0x4a,0xeb,0x52,0x2c,0x5b,0x2d,0x5b,0x0c,0x53,0x0c,0x53,0x2c,
    0x5b,0x0c,0x53,0x2c,0x5b,0x2c,0x5b,0x2c,0x5b,0x4d,0x5b,0x2c,0x5b,0x0c,0x53,0x0c,
    0x53,0x2c,0x5b,0x2d,0x5b,0x2c,0x5b,0x0c,0x5b,0x2c,0x5b,0x2c,0x5b,0x0c,0x53,0x0c,
    0x53,0x2c,0x5b,0x0c,0x53,0x2c,0x5b,0x0c,0x5b,0x0c,0x53,0x2c,0x5b,0x2c,0x5b,0x2c,
    0x5b,0x4d,0x63,0xcb,0x52,0x08,0x3a,0x25,0x21,0x05,0x21,0x05,0x21,0x25,0x21,0x05,
    0x21,0x25,0x21,0x25,0x21,0x25,0x21,0x25,0x21,0x25,0x21,0x05,0x21,0x05,0x21,0x04,
    0x21,0xe4,0x18,0xc4,0x18,0xe4,0x18,0x6a,0x42,0xcf,0x73,0xcf,0x73,0x71,0x84,0x59,
    0xce,0xb6,0xad,0x79,0xce,0xdb,0xde,0x96,0xb5,0xe5,0x10,0x85,0x00,0xa5,0x00,0x8e,
    0x42,0x94,0x5b,0x53,0x53,0x12,0x4b,0x0a,0x3a,0x62,0x08,0x83,0x10,0xee,0x52,0x8f,
    0x63,0xcf,0x73,0xcf,0x6b,0x6f,0x5b,0x32,0x74,0x11,0x74,0x93,0x8c,0xf8,0xbd,0x18,
    0xbe,0x59,0xc6,0x9a,0xd6,0xba,0xd6,0xdb,0xde,0xdb,0xde,0xdb,0xde,0xdb,0xd6,0x9b,
    0xce,0x5a,0xc6,0x5a,0xc6,0x7b,0xce,0x7b,0xce,0x7b,0xce,0xf9,0xbd,0x37,0x9d,0xd6,
    0x8c,0xd1,0x6b,0xb6,0xb5,0xdb,0xde,0xdb,0xde,0xba,0xd6,0xb3,0x63,0x55,0x4b,0x75,
    0x4b,0x75,0x53,0x95,0x5b,0xb6,0x63,0xf6,0x6b,0x16,0x74,0xd6,0x63,0x75,0x4b,0x34,
    0x43,0x14,0x43,0x14,0x43,0x14,0x3b,0x34,0x43,0x34,0x43,0x55,0x4b,0x75,0x53,0x95,
    0x53,0xb5,0x5b,0xb5,0x5b,0xb6,0x63,0xb6,0x63,0xd6,0x63,0xff,0xd6,0x63,0xb6,0x63,
    0xd6,0x63,0xf6,0x6b,0x57,0x7c,0x77,0x84,0x94,0x94,0x8d,0x73,0xf0,0x7b,0x79,0xce,
    0x34,0xa5,0x4d,0x5b,0xd1,0x6b,0x12,0x74,0xb4,0x8c,0x15,0x9d,0xaf,0x6b,0x8f,0x32,
    0x50,0x1a,0x91,0x32,0x12,0x53,0xf1,0x52,0x90,0x32,0x52,0x53,0x2c,0x5b,0x2c,0x5b,
    0x2c,0x5b,0x4c,0x5b,0x4c,0x5b,0x4c,0x5b,0x4c,0x5b,0x4d,0x5b,0x4d,0x5b,0x4d,0x63,
    0x4d,0x5b,0x4d,0x63,0x4d,0x63,0x4d,0x63,0x4d,0x63,0x6d,0x63,0xae,0x6b,0xcf,0x6b,
    0xf1,0x6b,0x52,0x53,0x71,0x22,0x51,0x1a,0xb2,0x2a,0xb2,0x2a,0xd2,0x32,0xd2,0x32,
    0xb2,0x2a,0xb2,0x2a,0xb2,0x32,0xb2,0x32,0xb2,0x32,0xb2,0x32,0xb2,0x32,0xb2,0x32,
    0xb2,0x32,0xb1,0x32,0xb2,0x32,0xb2,0x32,0xb1,0x32,0xb1,0x32,0xb1,0x32,0xb2,0x32,
    0xb1,0x32,0xb2,0x32,0x92,0x2a,0x92,0x2a,0x91,0x2a,0x91,0x22,0x71,0x1a,0xf2,0x42,
    0x18,0xbe,0xba,0xd6,0x9a,0xd6,0xdb,0xde,0x38,0xc6,0x55,0xad,0x4d,0x63,0xc7,0x29,
    0x08,0x3a,0x8a,0x4a,0xc3,0x18,0xe9,0x31,0x89,0x19,0x8a,0x11,0xab,0x11,0xcb,0x19,
    0x8c,0x42,0x83,0x08,0xe5,0x10,0x62,0x08,0x46,0x21,0xa9,0x21,0x68,0x19,0x67,0x21,
    0x67,0x21,0xa8,0x29,0xc9,0x29,0x65,0x00,0x86,0x00,0x45,0x00,0xc9,0x29,0x4b,0x32,
    0xed,0x4a,0x6f,0x5b,0xd1,0x6b,0x12,0x74,0x00,0x00,0x22,0x00,0x63,0x00,0x63,0x00,
    0x6d,0x3a,0x8f,0x32,0x0c,0x22,0x89,0x19,0xa4,0x08,0x08,0x3a,0x22,0x00,0x42,0x00,
    0x43,0x00,0x42,0x00,0x05,0x11,0xa8,0x29,0x6e,0x6b,0x93,0xf3,0x9c,0x79,0xce,0x9a,
    0xd6,0xcb,0x5a,0x22,0x00,0x42,0x00,0x42,0x00,0x62,0x00,0x62,0x08,0xc4,0x18,0x04,
    0x21,0x04,0x21,0xe4,0x18,0xc3,0x18,0x83,0x08,0x62,0x08,0x62,0x08,0x83,0x10,0xa3,
    0x10,0x1e,0xa3,0x10,0xff,0xc4,0x18,0x66,0x29,0x28,0x3a,0xcb,0x4a,0x2c,0x5b,0x4d,
    0x5b,0x0c,0x5b,0x2c,0x5b,0x0c,0x5b,0x2c,0x5b,0x2c,0x5b,0x2c,0x53,0x2c,0x5b,0x2c,
    0x5b,0x0c,0x53,0x0c,0x53,0x2c,0x5b,0x4d,0x5b,0x2c,0x5b,0x2c,0x5b,0x2c,0x5b,0x2c,
    0x5b,0x2c,0x5b,0x0c,0x53,0x4d,0x5b,0x2c,0x5b,0x2c,0x5b,0x2c,0x5b,0x2c,0x53,0x2c,
    0x5b,0x0c,0x5b,0xcb,0x4a,0x08,0x32,0x25,0x21,0x05,0x21,0x05,0x21,0x05,0x21,0x25,
    0x21,0x25,0x21,0x25,0x21,0x25,0x21,0x26,0x21,0x25,0x21,0x25,0x21,0x05,0x21,0xe4,
    0x18,0xc4,0x18,0xc4,0x18,0xc4,0x18,0xa3,0x10,0xa3,0x18,0xc4,0x18,0x8a,0x4a,0x31,
    0x84,0x76,0xad,0x79,0xce,0xdb,0xde,0x96,0xb5,0x08,0x3a,0x4a,0x42,0xa5,0x00,0xe6,
    0x10,0x0a,0x32,0x93,0x5b,0x73,0x53,0x32,0x4b,0x8d,0x42,0x83,0x08,0xa3,0x10,0x2a,
    0x3a,0x0c,0x53,0x0c,0x53,0x8a,0x42,0xd3,0x94,0x56,0xa5,0x39,0xc6,0x7a,0xce,0x19,
    0xbe,0x19,0xbe,0x5a,0xc6,0x39,0xc6,0x7a,0xce,0x9a,0xd6,0xba,0xd6,0xbb,0xd6,0xdb,
    0xde,0xdb,0xde,0xdb,0xde,0x9a,0xd6,0xbb,0xd6,0xbb,0xd6,0x9b,0xce,0x5a,0xc6,0x3a,
    0xc6,0xd9,0xb5,0x74,0x7c,0x8e,0x63,0x59,0xce,0xba,0xd6,0x34,0x7c,0x35,0x43,0x75,
    0x4b,0x75,0x53,0x75,0x53,0x95,0x53,0x95,0x53,0x95,0x5b,0xb5,0x5b,0xd6,0x63,0xb6,
    0x63,0xb5,0x5b,0x95,0x5b,0x95,0x5b,0xb5,0x5b,0xb6,0x5b,0xb6,0x63,0xb6,0x63,0xd6,
    0x63,0xb6,0x63,0xd6,0x63,0xb6,0x63,0xd6,0x63,0xb6,0x63,0xb6,0x63,0xb6,0x63,0xb6,
    0x63,0xb6,0x63,0xff,0xb5,0x63,0xb6,0x63,0xf6,0x6b,0xf6,0x9c,0x14,0xa5,0x9a,0xd6,
    0xdb,0xde,0xdb,0xde,0xbb,0xd6,0x39,0xc6,0xb7,0xad,0x76,0xa5,0x96,0xad,0xf4,0x94,
    0x4d,0x63,0x6e,0x32,0x91,0x2a,0x50,0x1a,0x30,0x12,0x30,0x0a,0xd2,0x32,0x2c,0x5b,
    0x2c,0x5b,0x2c,0x5b,0x4c,0x5b,0x4c,0x5b,0x4c,0x5b,0x4c,0x5b,0x4d,0x5b,0x4c,0x5b,
    0x4d,0x5b,0x4d,0x5b,0x4d,0x5b,0x4d,0x63,0x4d,0x63,0x4d,0x63,0x4d,0x63,0x4d,0x63,
    0x6d,0x63,0x4d,0x63,0xce,0x6b,0xf0,0x73,0x71,0x5b,0x12,0x43,0xb2,0x32,0xb2,0x32,
    0xb2,0x2a,0xb2,0x2a,0xb2,0x32,0xb2,0x32,0xb2,0x32,0xb2,0x32,0xb2,0x32,0xb2,0x32,
    0xb2,0x32,0xb2,0x32,0xb2,0x32,0xb2,0x32,0xb2,0x32,0xb2,0x32,0xb2,0x32,0xb2,0x32,
    0xb2,0x32,0xb2,0x32,0xb2,0x32,0xb2,0x2a,0x92,0x2a,0x91,0x2a,0x71,0x22,0x12,0x4b,
    0x18,0xbe,0xba,0xd6,0xdb,0xde,0xdb,0xde,0xdb,0xde,0xf7,0xbd,0x49,0x42,0x0c,0x53,
    0xeb,0x52,0x0f,0x7c,0x28,0x3a,0x46,0x21,0x87,0x29,0x66,0x21,0x87,0x21,0xaa,0x19,
    0x8a,0x11,0xe9,0x29,0x84,0x08,0xa4,0x08,0x83,0x10,0xc9,0x31,0xea,0x21,0xca,0x21,
    0xa9,0x21,0xa9,0x21,0x6c,0x3a,0xa9,0x21,0x48,0x11,0x07,0x09,0x86,0x00,0xc9,0x21,
    0x8b,0x3a,0x0e,0x53,0xb0,0x63,0x32,0x74,0xd0,0x6b,0x00,0x00,0x01,0x00,0x23,0x00,
    0x02,0x00,0x30,0x53,0x10,0x4b,0xcf,0x3a,0x6e,0x32,0x2d,0x22,0xec,0x52,0x22,0x00,
    0x42,0x00,0x63,0x08,0x63,0x00,0xa4,0x10,0x26,0x19,0x87,0x21,0x88,0x21,0x87,0x21,
    0x6e,0x6b,0x90,0xe4,0x18,0x42,0x00,0x42,0x00,0x42,0x00,0x04,0x19,0xa7,0x31,0x05,
    0x21,0x25,0x21,0x25,0x21,0x05,0x21,0x05,0x21,0x05,0x21,0xc4,0x10,0x83,0x08,0x83,
    0x10,0xa3,0x10,0x22,0xa3,0x10,0xff,0x86,0x29,0x49,0x3a,0xcb,0x4a,0x0c,0x53,0x4d,
    0x5b,0x2c,0x5b,0x2c,0x5b,0x4d,0x5b,0x0c,0x53,0x2c,0x5b,0x4d,0x5b,0x4d,0x5b,0x2c,
    0x5b,0x0c,0x53,0x0c,0x5b,0x0c,0x53,0x2c,0x5b,0x2c,0x5b,0x2c,0x5b,0x2d,0x5b,0x2c,
    0x5b,0x2c,0x5b,0x2c,0x5b,0x0c,0x53,0x2c,0x5b,0x2c,0x5b,0xeb,0x52,0xe8,0x31,0x05,
    0x21,0x05,0x21,0x05,0x21,0x05,0x21,0x05,0x21,0x25,0x21,0x25,0x21,0x26,0x21,0x46,
    0x21,0x46,0x21,0x46,0x21,0x66,0x21,0x46,0x21,0x45,0x21,0x08,0x3a,0xe7,0x39,0x45,
    0x21,0xa3,0x10,0xc3,0x10,0xa3,0x10,0xa3,0x10,0xa3,0x10,0x49,0x42,0x18,0xc6,0xb6,
    0xb5,0xe7,0x39,0x4e,0x63,0x54,0x7c,0x07,0x19,0x88,0x21,0xe9,0x29,0x52,0x53,0x52,
    0x53,0x31,0x4b,0xad,0x42,0x25,0x21,0x46,0x21,0x09,0x32,0xe8,0x29,0xc8,0x21,0xec,
    0x52,0xf4,0x9c,0xb7,0xad,0xf8,0xbd,0x7a,0xce,0x7a,0xce,0x19,0xbe,0xd9,0xb5,0xf9,
    0xbd,0x39,0xc6,0x7a,0xce,0x79,0xce,0x39,0xc6,0xd7,0xb5,0x59,0xc6,0xdb,0xde,0xdb,
    0xde,0x9a,0xd6,0x9a,0xce,0x5a,0xc6,0x5a,0xc6,0x9a,0xce,0xbb,0xce,0xd9,0xb5,0x4f,
    0x5b,0xd7,0xb5,0x74,0x84,0x34,0x43,0x75,0x4b,0x75,0x53,0x75,0x53,0x75,0x53,0x95,
    0x53,0x95,0x53,0x95,0x53,0x75,0x53,0x75,0x53,0x75,0x53,0xb5,0x5b,0xb6,0x63,0xb6,
    0x63,0xb6,0x63,0xd6,0x63,0xb6,0x63,0xb6,0x63,0xb6,0x63,0xb6,0x63,0xb6,0x63,0xb6,
    0x63,0xb6,0x63,0xb6,0x63,0xb6,0x63,0xb6,0x63,0xb6,0x63,0xb6,0x63,0xd6,0x63,0x36,
    0x74,0xf6,0x6b,0x96,0x84,0xff,0x9a,0xd6,0xdb,0xde,0xdb,0xde,0xdb,0xde,0xdb,0xde,
    0xdb,0xde,0x9a,0xd6,0x79,0xce,0x38,0xc6,0x14,0x9d,0x2c,0x63,0x6f,0x94,0x70,0x9c,
    0x70,0x2a,0x30,0x0a,0x30,0x0a,0x50,0x12,0x2c,0x5b,0x2c,0x5b,0x2c,0x5b,0x2c,0x5b,
    0x4c,0x5b,0x4c,0x5b,0x4c,0x5b,0x4c,0x5b,0x4c,0x5b,0x4d,0x5b,0x4d,0x5b,0x4d,0x63,
    0x4d,0x63,0x4d,0x63,0x4d,0x63,0x4d,0x63,0x4d,0x63,0x4d,0x63,0x4d,0x63,0x4d,0x63,
    0x6d,0x63,0x8d,0x63,0xaf,0x6b,0xf0,0x73,0x51,0x53,0xd2,0x32,0xb2,0x32,0xb2,0x32,
    0xb2,0x32,0xb2,0x32,0xb2,0x32,0xb2,0x32,0xd2,0x32,0xd2,0x32,0xd2,0x32,0xb2,0x32,
    0xb2,0x32,0xb2,0x32,0xb2,0x32,0xb2,0x32,0xb2,0x32,0xb2,0x32,0xb2,0x32,0xb1,0x32,
    0xb2,0x32,0x91,0x2a,0x91,0x2a,0x11,0x4b,0x18,0xbe,0xdb,0xd6,0xdb,0xde,0xdb,0xde,
    0xdb,0xde,0x9a,0xd6,0x8f,0x63,0x29,0x32,0xab,0x42,0xef,0x73,0x8a,0x42,0xe8,0x31,
    0x10,0x7c,0xd3,0x9c,0x29,0x42,0x66,0x21,0x45,0x21,0xe8,0x31,0xe9,0x31,0xc5,0x10,
    0xc4,0x18,0xa3,0x10,0x88,0x21,0x0c,0x22,0x2c,0x2a,0x4c,0x2a,0x4c,0x2a,0xee,0x4a,
    0x67,0x19,0x6c,0x3a,0x67,0x21,0xca,0x21,0x0b,0x2a,0xac,0x42,0x4f,0x5b,0x11,0x74,
    0xb3,0x84,0x4f,0x63,0x02,0x00,0x01,0x00,0x01,0x00,0xa4,0x08,0x13,0x74,0xb2,0x63,
    0x31,0x53,0xcf,0x42,0xef,0x42,0x09,0x3a,0x22,0x00,0x63,0x08,0x83,0x08,0xe5,0x10,
    0xa3,0x10,0x62,0x08,0x62,0x08,0xc4,0x10,0x26,0x19,0x29,0x42,0x22,0x00,0x22,0x00,
    0x43,0x00,0x63,0x08,0x99,0xb2,0x94,0x59,0xce,0x14,0xa5,0x8a,0x4a,0x86,0x29,0x25,
    0x21,0x25,0x21,0xc4,0x10,0x42,0x00,0x62,0x08,0x62,0x08,0x82,0x08,0x83,0x10,0xa3,
    0x10,0x83,0x08,0x83,0x10,0xa3,0x10,0xa3,0x10,0xa3,0x10,0xa3,0x10,0xa3,0x10,0xa3,
    0x10,0xc3,0x10,0xc3,0x18,0xa3,0x10,0x16,0xa3,0x10,0xff,0xc3,0x10,0x04,0x19,0xa6,
    0x29,0x8a,0x42,0xeb,0x52,0x2c,0x5b,0x2c,0x5b,0x2c,0x5b,0xeb,0x52,0x2c,0x5b,0x0c,
    0x5b,0x0c,0x53,0x0c,0x53,0x2c,0x5b,0x2c,0x5b,0x0c,0x53,0x2c,0x5b,0x4d,0x5b,0x2c,
    0x5b,0x0c,0x53,0x2d,0x5b,0x2c,0x5b,0x2c,0x5b,0x2c,0x5b,0xeb,0x52,0x08,0x32,0x25,
    0x21,0x05,0x21,0x05,0x21,0x05,0x21,0x05,0x21,0x05,0x21,0x25,0x21,0x25,0x21,0x46,
    0x21,0x66,0x21,0x86,0x29,0x86,0x29,0x86,0x29,0x86,0x29,0x89,0x4a,0x6d,0x63,0x8d,
    0x63,0x6d,0x63,0xeb,0x52,0xe8,0x39,0x04,0x19,0xa3,0x10,0xa3,0x08,0x83,0x08,0xe8,
    0x39,0xe7,0x39,0x6e,0x6b,0x55,0x7c,0x93,0x5b,0x0a,0x32,0xe9,0x29,0xe8,0x29,0xd0,
    0x4a,0x31,0x53,0xee,0x4a,0x6b,0x3a,0x46,0x21,0x6a,0x3a,0xb0,0x63,0x2a,0x32,0x2d,
    0x5b,0x30,0x84,0x9a,0xce,0xd7,0xb5,0xd8,0xb5,0x3a,0xc6,0x9b,0xce,0x9a,0xce,0x9a,
    0xd6,0x7a,0xce,0x7a,0xce,0x7a,0xce,0x5a,0xc6,0x35,0x9d,0x10,0x74,0x31,0x7c,0xb6,
    0xb5,0xba,0xd6,0xdb,0xde,0xdb,0xde,0xbb,0xd6,0x39,0xc6,0x54,0x7c,0x36,0x9d,0x74,
    0x84,0x2a,0x3a,0xd0,0x42,0xf4,0x32,0x55,0x4b,0x75,0x4b,0x75,0x53,0x55,0x4b,0x35,
    0x4b,0x14,0x3b,0xf3,0x32,0xd3,0x32,0xb3,0x2a,0xd3,0x32,0x34,0x4b,0x75,0x53,0x95,
    0x5b,0xb6,0x63,0xb5,0x63,0xb6,0x63,0xb6,0x63,0xb6,0x63,0xb6,0x63,0xd6,0x63,0xd6,
    0x63,0xd6,0x63,0xd6,0x63,0xd6,0x63,0xd6,0x63,0xd6,0x63,0xd5,0x63,0x96,0x84,0x57,
    0xa5,0xb8,0xad,0xb8,0xb5,0xba,0xd6,0xdb,0xde,0xff,0xdb,0xde,0xdb,0xde,0xdb,0xde,
    0xdb,0xde,0xba,0xd6,0x9a,0xd6,0xdb,0xde,0xdb,0xde,0xba,0xd6,0x18,0xc6,0x12,0xad,
    0xaf,0x7b,0x50,0x22,0xd1,0x3a,0xb1,0x3a,0x30,0x12,0x2c,0x5b,0x2c,0x5b,0x2c,0x5b,
    0x2c,0x5b,0x4c,0x5b,0x4c,0x5b,0x4c,0x5b,0x4c,0x5b,0x4c,0x5b,0x4c,0x5b,0x4d,0x5b,
    0x4d,0x5b,0x4d,0x63,0x4d,0x63,0x4d,0x63,0x4d,0x63,0x4d,0x63,0x4d,0x63,0x4d,0x63,
    0x4d,0x63,0x6d,0x63,0x6d,0x63,0x6d,0x63,0x6d,0x63,0xae,0x6b,0xcf,0x6b,0xb1,0x63,
    0x51,0x53,0xd2,0x32,0xb2,0x32,0xb2,0x32,0xd2,0x32,0xd2,0x32,0xd2,0x32,0xd2,0x32,
    0xd2,0x32,0xd2,0x32,0xd2,0x3a,0xd2,0x3a,0xd2,0x3a,0xb2,0x32,0xb2,0x32,0xb2,0x32,
    0xb1,0x32,0xb2,0x32,0x91,0x2a,0xd1,0x42,0xb7,0xb5,0xdb,0xde,0xdb,0xde,0xdb,0xde,
    0xdb,0xde,0xdb,0xde,0xd3,0x94,0x6b,0x3a,0x4a,0x32,0x8b,0x3a,0x08,0x32,0x8a,0x42,
    0x8a,0x42,0x92,0x8c,0x79,0xce,0xba,0xd6,0x96,0xad,0x92,0x94,0x2d,0x63,0x46,0x21,
    0x45,0x29,0xc7,0x31,0xa3,0x10,0xc9,0x29,0x0c,0x22,0x0c,0x22,0x2d,0x22,0x4d,0x2a,
    0xad,0x42,0xc4,0x10,0xea,0x29,0x41,0x00,0x66,0x21,0x4c,0x32,0xad,0x42,0x6f,0x5b,
    0x52,0x7c,0xf4,0x94,0x6b,0x42,0x45,0x00,0x65,0x00,0x44,0x00,0xe9,0x31,0x94,0x84,
    0x54,0x7c,0xb2,0x63,0x30,0x53,0x91,0x5b,0xa4,0x08,0x22,0x00,0x63,0x08,0x83,0x08,
    0x6b,0x3a,0x4f,0x5b,0x6c,0x42,0x68,0x21,0x62,0x08,0xa3,0x10,0x22,0x00,0x42,0x00,
    0x43,0x00,0x42,0x00,0x83,0x08,0x0c,0x5b,0x99,0xb3,0x94,0xf7,0xbd,0xba,0xd6,0xf7,
    0xbd,0x10,0x84,0xc4,0x10,0x42,0x00,0x42,0x00,0x62,0x00,0x62,0x00,0x82,0x08,0xe4,
    0x18,0x05,0x21,0xe4,0x18,0xa3,0x10,0x82,0x08,0x82,0x08,0x83,0x10,0xa3,0x10,0xa3,
    0x10,0xa3,0x10,0xa3,0x10,0xc3,0x10,0xc3,0x18,0xa3,0x10,0x12,0xa3,0x10,0xff,0xc3,
    0x18,0xa3,0x10,0xa3,0x10,0xc4,0x18,0xc4,0x18,0xa3,0x10,0x83,0x10,0x25,0x21,0x08,
    0x3a,0x8a,0x42,0x0c,0x53,0x2d,0x5b,0x2c,0x5b,0x4d,0x5b,0x2c,0x5b,0x2c,0x5b,0x2c,
    0x5b,0x2c,0x5b,0x2c,0x5b,0xec,0x52,0x0c,0x53,0x2c,0x5b,0x4d,0x5b,0x2c,0x5b,0xeb,
    0x52,0xcb,0x4a,0x8a,0x4a,0xc7,0x31,0x05,0x21,0x05,0x21,0x05,0x21,0x05,0x21,0x05,
    0x21,0x05,0x21,0x05,0x21,0x25,0x21,0x25,0x21,0x46,0x21,0x66,0x21,0x66,0x29,0x86,
    0x29,0xa7,0x29,0x8a,0x4a,0x6d,0x63,0x8d,0x6b,0x8d,0x6b,0xae,0x6b,0x91,0x8c,0x18,
    0xc6,0xb2,0x8c,0x49,0x42,0x63,0x08,0x63,0x00,0x43,0x00,0xac,0x52,0x55,0x7c,0x94,
    0x63,0x94,0x5b,0x6c,0x3a,0x66,0x21,0x05,0x19,0x8e,0x42,0xef,0x4a,0x6c,0x3a,0xab,
    0x42,0x29,0x42,0x67,0x21,0x8b,0x3a,0x6e,0x63,0x92,0x8c,0x9a,0xd6,0x18,0xbe,0x59,
    0xce,0x9a,0xce,0xbb,0xd6,0xbb,0xd6,0x9b,0xce,0x7a,0xc6,0x5a,0xce,0x9a,0xce,0x9a,
    0xce,0x9b,0xd6,0x19,0xbe,0x56,0x9d,0xd5,0x8c,0xb4,0x8c,0x76,0xa5,0xba,0xd6,0xdb,
    0xde,0xdb,0xde,0xdb,0xde,0xbb,0xd6,0x95,0x84,0x92,0x22,0x92,0x2a,0xf4,0x32,0x35,
    0x43,0x55,0x4b,0x55,0x4b,0x14,0x3b,0xb3,0x2a,0x71,0x12,0x92,0x2a,0x13,0x43,0x33,
    0x4b,0x54,0x53,0x74,0x53,0x54,0x4b,0x34,0x43,0x34,0x4b,0x75,0x53,0xb5,0x5b,0xd6,
    0x63,0xf6,0x6b,0xf6,0x6b,0x16,0x74,0x16,0x74,0x36,0x74,0x36,0x7c,0x37,0x7c,0x57,
    0x7c,0x36,0x74,0x36,0x74,0xb6,0x8c,0x36,0x9d,0x55,0xa5,0xb7,0xb5,0xff,0xba,0xd6,
    0xdb,0xde,0xdb,0xde,0xdb,0xde,0xdb,0xde,0xdb,0xde,0xba,0xd6,0x9a,0xd6,0xdb,0xde,
    0xdb,0xde,0xdb,0xde,0xdb,0xde,0xdb,0xde,0xfb,0xde,0x7a,0xce,0x97,0xad,0x77,0xad,
    0xb8,0xad,0x12,0x4b,0x2c,0x5b,0x2c,0x5b,0x2c,0x5b,0x2c,0x5b,0x2c,0x5b,0x4c,0x5b,
    0x4c,0x5b,0x4c,0x5b,0x4c,0x5b,0x4c,0x5b,0x4c,0x5b,0x4d,0x5b,0x4d,0x63,0x4d,0x63,
    0x4d,0x63,0x4d,0x63,0x4d,0x63,0x4d,0x63,0x4d,0x63,0x4d,0x63,0x4d,0x63,0x4d,0x63,
    0x6d,0x63,0x6d,0x63,0x6d,0x63,0x6d,0x63,0x6d,0x63,0x8e,0x6b,0x10,0x74,0x91,0x5b,
    0xd1,0x3a,0xd2,0x32,0xd2,0x32,0xd2,0x32,0xd2,0x32,0xd2,0x3a,0xd2,0x3a,0xd2,0x3a,
    0xd2,0x3a,0xd2,0x3a,0xb2,0x32,0xb2,0x32,0xd2,0x32,0xb2,0x32,0xb2,0x32,0xf1,0x42,
    0x11,0x7c,0x18,0xbe,0xdb,0xde,0xdb,0xde,0xdb,0xde,0xdb,0xde,0xd7,0xb5,0x6e,0x5b,
    0xac,0x42,0x2f,0x53,0x6b,0x3a,0x0c,0x5b,0x71,0x84,0xf7,0xbd,0xdb,0xde,0xdb,0xde,
    0xdb,0xde,0xd7,0xb5,0x6d,0x6b,0x2d,0x63,0xc7,0x31,0xae,0x6b,0x86,0x31,0xe4,0x18,
    0xa7,0x29,0xc8,0x29,0x2b,0x2a,0x2c,0x22,0x0d,0x1a,0x6c,0x3a,0x84,0x00,0xa5,0x00,
    0x82,0x08,0x25,0x19,0x4d,0x2a,0xae,0x3a,0x50,0x5b,0x32,0x74,0xd4,0x8c,0xea,0x31,
    0xe7,0x08,0xa7,0x00,0x86,0x00,0x6c,0x42,0x74,0x7c,0x74,0x7c,0x13,0x74,0x71,0x5b,
    0x91,0x63,0x42,0x00,0x01,0x00,0x43,0x00,0x43,0x00,0x8f,0x6b,0x93,0x84,0x52,0x84,
    0x11,0x74,0x6f,0x5b,0x2d,0x5b,0x01,0x00,0x42,0x00,0x63,0x00,0xff,0x63,0x00,0xc4,
    0x10,0x87,0x21,0xa8,0x21,0xc8,0x29,0xcb,0x52,0x34,0xa5,0x8e,0x73,0x42,0x00,0x42,
    0x00,0x42,0x00,0x42,0x00,0x62,0x00,0xe4,0x18,0x25,0x21,0x25,0x21,0x05,0x21,0x05,
    0x21,0x04,0x21,0x04,0x19,0x62,0x08,0x83,0x08,0xa3,0x10,0xa3,0x10,0xc3,0x10,0xc3,
    0x18,0xc3,0x18,0xa3,0x10,0xa3,0x10,0xc3,0x10,0xa3,0x10,0xa3,0x10,0xa3,0x10,0xa3,
    0x10,0xa3,0x10,0xa3,0x10,0xa3,0x10,0xa3,0x10,0xa3,0x10,0xa3,0x10,0xa3,0x10,0xa3,
    0x10,0xa3,0x10,0xc3,0x18,0xa3,0x10,0xc4,0x18,0xa3,0x10,0xc4,0x18,0xa3,0x10,0xa3,
    0x10,0xc4,0x18,0xa3,0x10,0xc4,0x18,0xc4,0x18,0xa3,0x10,0xa3,0x10,0x05,0x19,0x28,
    0x3a,0xaa,0x4a,0xcb,0x4a,0x4d,0x5b,0x2c,0x5b,0x0c,0x53,0x0c,0x5b,0xcb,0x52,0xaa,
    0x4a,0x69,0x42,0xc7,0x31,0x66,0x29,0x04,0x19,0xc4,0x18,0xa3,0x10,0x83,0x08,0xe4,
    0x18,0x05,0x21,0x05,0x21,0x05,0x21,0x05,0x21,0x05,0x21,0x05,0x21,0x05,0x21,0x05,
    0x21,0x05,0x21,0x25,0x21,0x45,0x21,0x25,0x21,0x05,0x21,0xa7,0x31,0x4d,0x5b,0x8d,
    0x63,0xae,0x6b,0xae,0x6b,0x92,0x8c,0x59,0xc6,0x96,0xad,0x79,0xce,0x79,0xce,0xa7,
    0x31,0x64,0x00,0x84,0x00,0xa9,0x29,0x73,0x5b,0x73,0x5b,0x73,0x53,0xef,0x4a,0x83,
    0x10,0x83,0x10,0x8c,0x42,0x2f,0x53,0x6e,0x63,0xcf,0x73,0x8e,0x6b,0xcc,0x4a,0xcc,
    0x4a,0x6f,0x5b,0x18,0xc6,0xd7,0xb5,0xb7,0xb5,0xf8,0xbd,0x7a,0xce,0xba,0xd6,0xbb,
    0xd6,0xdb,0xde,0x9a,0xd6,0x3a,0xc6,0x1a,0xbe,0x3a,0xc6,0xff,0x7a,0xce,0x9a,0xce,
    0x39,0xc6,0x97,0xad,0xf5,0x94,0xb5,0x8c,0x72,0x84,0x79,0xce,0xdb,0xde,0xdb,0xde,
    0xdb,0xde,0x18,0xc6,0x32,0x53,0x14,0x43,0x14,0x3b,0x14,0x3b,0xf4,0x32,0xb3,0x2a,
    0xb2,0x2a,0x14,0x3b,0x95,0x5b,0xb5,0x63,0xf6,0x6b,0x16,0x74,0x36,0x7c,0x57,0x7c,
    0x77,0x84,0x57,0x7c,0xd5,0x63,0x54,0x4b,0x95,0x5b,0x16,0x6c,0x36,0x74,0x36,0x7c,
    0x36,0x74,0x16,0x74,0xf6,0x6b,0xd6,0x63,0xd6,0x63,0xb6,0x63,0xf6,0x6b,0xf6,0x94,
    0xf5,0x94,0xd3,0x94,0xf3,0x94,0xd7,0xb5,0x9a,0xd6,0xdb,0xde,0xdb,0xde,0xdb,0xde,
    0xdb,0xde,0xba,0xd6,0x59,0xce,0xdb,0xde,0xdb,0xde,0xdb,0xde,0xdb,0xde,0xdb,0xde,
    0xdb,0xde,0xdb,0xde,0xdb,0xde,0xdb,0xde,0xdb,0xde,0xdb,0xde,0xbb,0xd6,0x2c,0x5b,
    0x2c,0x5b,0x2c,0x5b,0x2c,0x5b,0x2c,0x5b,0x2c,0x5b,0x4c,0x5b,0x4c,0x5b,0x4c,0x5b,
    0x4c,0x5b,0x4c,0x5b,0x4d,0x5b,0x4d,0x5b,0x4d,0x5b,0x4d,0x63,0x4d,0x63,0x4d,0x5b,
    0x4d,0x63,0x4d,0x63,0x4d,0x63,0x4d,0x63,0x6d,0x63,0x4d,0x63,0x6d,0x63,0x6d,0x63,
    0x6d,0x63,0x6d,0x63,0x6d,0x63,0x4d,0x63,0xcb,0x52,0x09,0x3a,0xd2,0x32,0xb2,0x32,
    0xd2,0x32,0xd2,0x32,0xd2,0x32,0xd2,0x3a,0xd2,0x32,0xd2,0x3a,0xd2,0x3a,0xd2,0x32,
    0xd2,0x32,0xb2,0x32,0xb2,0x32,0xf1,0x42,0x8f,0x63,0x92,0x8c,0x58,0xc6,0x9a,0xd6,
    0x59,0xce,0xd7,0xb5,0xd3,0x94,0x10,0x74,0xf1,0x73,0x12,0x74,0xf2,0x6b,0x6e,0x63,
    0x14,0x9d,0x59,0xce,0xdb,0xde,0xdb,0xde,0xdb,0xde,0xff,0x9a,0xd6,0x0c,0x53,0x09,
    0x32,0x8a,0x42,0xcf,0x73,0x69,0x42,0x87,0x29,0x8a,0x42,0x0c,0x63,0x26,0x19,0x25,
    0x19,0x67,0x21,0xe9,0x29,0x4b,0x42,0xa7,0x00,0xa5,0x10,0x83,0x08,0x26,0x19,0x4d,
    0x2a,0x8e,0x32,0xf0,0x4a,0x91,0x5b,0x12,0x74,0x0a,0x32,0x4c,0x32,0xa9,0x21,0x69,
    0x11,0xcd,0x4a,0x33,0x74,0x13,0x74,0xf2,0x6b,0x91,0x5b,0x50,0x5b,0x22,0x00,0x01,
    0x00,0x01,0x00,0x22,0x00,0x10,0x74,0xf4,0x94,0x14,0x9d,0x14,0x9d,0xd3,0x8c,0x8f,
    0x63,0x01,0x00,0x63,0x00,0x63,0x08,0x83,0x08,0x83,0x10,0x62,0x08,0xa4,0x10,0x26,
    0x19,0x67,0x19,0x4e,0x6b,0xa3,0x10,0x22,0x00,0x42,0x00,0x42,0x00,0xa6,0x31,0x34,
    0xa5,0xae,0x73,0x66,0x29,0x25,0x21,0x25,0x21,0x25,0x21,0x25,0x21,0xa3,0x08,0x62,
    0x00,0x62,0x08,0x83,0x08,0xa3,0x10,0xc3,0x10,0xa3,0x10,0xa3,0x10,0xa3,0x10,0xa3,
    0x10,0xa3,0x10,0xa3,0x10,0xa3,0x10,0xa3,0x10,0xa3,0x10,0xa3,0x10,0xa3,0x10,0xa3,
    0x10,0xa3,0x10,0xa3,0x10,0xa3,0x10,0xa3,0x10,0xa3,0x10,0xa3,0x18,0xc3,0x18,0xa3,
    0x10,0xa3,0x10,0xa3,0x10,0xa3,0x10,0xc4,0x18,0xa3,0x10,0xa3,0x10,0xa3,0x10,0xa3,
    0x10,0xa3,0x10,0xc4,0x18,0xc3,0x18,0xc3,0x18,0xa3,0x10,0xc4,0x18,0x66,0x21,0xc7,
    0x31,0x86,0x29,0x45,0x21,0xe4,0x18,0x83,0x08,0x63,0x08,0x62,0x08,0x63,0x08,0x63,
    0x00,0x63,0x00,0x63,0x00,0x63,0x00,0x63,0x08,0xc4,0x18,0x05,0x21,0x05,0x21,0x05,
    0x21,0x05,0x21,0x25,0x21,0x05,0x21,0x05,0x21,0xff,0x05,0x21,0x05,0x21,0xe4,0x18,
    0xe4,0x18,0xc4,0x18,0xc4,0x18,0xa3,0x10,0xe4,0x18,0xe8,0x39,0x0c,0x5b,0xb2,0x94,
    0x39,0xc6,0x75,0xa5,0x79,0xce,0xdb,0xde,0x75,0xad,0x29,0x42,0xa5,0x00,0xa5,0x00,
    0x47,0x19,0x32,0x53,0x53,0x53,0x53,0x53,0x72,0x5b,0x21,0x00,0x82,0x08,0x09,0x3a,
    0x2e,0x5b,0xae,0x6b,0xae,0x6b,0x8e,0x63,0x93,0x8c,0x73,0x7c,0x16,0x9d,0xb7,0xad,
    0xd8,0xb5,0x38,0xbe,0x18,0xbe,0x18,0xbe,0x59,0xc6,0x79,0xce,0x9a,0xce,0xbb,0xd6,
    0xdb,0xde,0xba,0xd6,0x9a,0xd6,0x7a,0xce,0x9b,0xce,0x7a,0xc6,0x1a,0xbe,0xb8,0xad,
    0x16,0x95,0xd1,0x6b,0x8e,0x63,0x79,0xce,0xdb,0xde,0xba,0xd6,0x14,0x74,0x95,0x53,
    0xb5,0x5b,0xb5,0x5b,0x95,0x5b,0x55,0x4b,0x34,0x43,0x75,0x53,0x95,0x53,0xb5,0x5b,
    0xd5,0x63,0xb6,0x63,0xd5,0x63,0xd6,0x63,0xd6,0x63,0xf6,0x6b,0x16,0x74,0x77,0x84,
    0xf6,0x6b,0x13,0x43,0x74,0x53,0xb5,0x5b,0xb5,0x5b,0xb5,0x5b,0xb5,0x5b,0xb5,0x5b,
    0x95,0x5b,0xb5,0x5b,0xb5,0x5b,0xd6,0x94,0x76,0xad,0xb2,0x8c,0xb2,0x8c,0x51,0x7c,
    0x10,0x8c,0x51,0x8c,0xd4,0x94,0xd7,0xb5,0xba,0xd6,0xba,0xd6,0x9a,0xce,0xdb,0xde,
    0xdb,0xde,0xdb,0xde,0xdb,0xde,0xdb,0xde,0xdb,0xde,0xdb,0xde,0xdb,0xde,0xdb,0xde,
    0xdb,0xde,0xdb,0xde,0xdb,0xde,0xdb,0xde,0x2c,0x5b,0x2c,0x5b,0x2c,0x5b,0x2c,0x5b,
    0x2c,0x5b,0x2c,0x5b,0x4c,0x5b,0x4c,0x5b,0x4c,0x5b,0x4c,0x5b,0x4c,0x5b,0x4d,0x5b,
    0x4d,0x5b,0x4d,0x5b,0x4d,0x5b,0x4d,0x5b,0xff,0x4d,0x63,0x4d,0x63,0x4d,0x63,0x4d,
    0x63,0x4d,0x63,0x4d,0x63,0x4d,0x63,0x6d,0x63,0x6d,0x63,0x6d,0x63,0x6d,0x63,0x4d,
    0x5b,0x8a,0x4a,0xa7,0x31,0x46,0x21,0x90,0x32,0xd2,0x32,0xd2,0x32,0xd2,0x32,0xd2,
    0x32,0xd2,0x3a,0xd2,0x32,0xd2,0x32,0xd2,0x3a,0xd2,0x32,0xd2,0x32,0xb2,0x32,0xd1,
    0x3a,0x4e,0x5b,0x0f,0x7c,0x13,0x9d,0x39,0xc6,0xf8,0xbd,0xf0,0x73,0x6a,0x3a,0x0c,
    0x53,0xd0,0x6b,0xb4,0x84,0x74,0x7c,0x32,0x7c,0xb6,0xb5,0x9a,0xd6,0xba,0xd6,0xdb,
    0xde,0xdb,0xde,0xdb,0xde,0x93,0x8c,0xcc,0x42,0x6b,0x3a,0xab,0x4a,0x49,0x3a,0x69,
    0x42,0x8a,0x42,0x71,0x8c,0x9a,0xd6,0xf7,0xbd,0x72,0x8c,0x2d,0x63,0x46,0x21,0x68,
    0x21,0xe6,0x10,0xe4,0x18,0x82,0x08,0x47,0x19,0x8e,0x32,0x8e,0x32,0xaf,0x32,0xf0,
    0x42,0x50,0x53,0x67,0x21,0x2b,0x32,0x41,0x00,0x05,0x11,0xee,0x4a,0xb1,0x63,0x91,
    0x63,0xb2,0x63,0x71,0x5b,0x0e,0x53,0x64,0x00,0x24,0x00,0x23,0x00,0xc4,0x10,0x11,
    0x7c,0xd3,0x94,0x14,0x9d,0x34,0x9d,0x55,0xa5,0x0d,0x5b,0x22,0x00,0x63,0x00,0x83,
    0x08,0x66,0x21,0x0d,0x53,0x2a,0x3a,0x05,0x19,0x62,0x08,0x62,0x08,0x83,0x08,0x22,
    0x00,0x22,0x00,0x42,0x00,0x22,0x00,0xcb,0x52,0xd7,0xbd,0x9a,0xd6,0x59,0xce,0xf3,
    0x9c,0x6e,0x6b,0x86,0x29,0x83,0x08,0x42,0x00,0x42,0x00,0x62,0x00,0x62,0x00,0x83,
    0x08,0xe4,0x18,0xc4,0x10,0x83,0x10,0x82,0x08,0x83,0x10,0xa3,0x10,0xa3,0x10,0xa3,
    0x10,0xa3,0x10,0xa3,0x10,0xa3,0x10,0xff,0xa3,0x10,0xa3,0x10,0xc4,0x10,0xc3,0x10,
    0xa3,0x10,0xa3,0x10,0xa3,0x10,0xc3,0x18,0xa3,0x10,0xc4,0x18,0xa3,0x10,0xa3,0x10,
    0xc4,0x18,0xc4,0x18,0xa3,0x10,0xa3,0x10,0xa3,0x10,0xa3,0x10,0xa3,0x10,0xc4,0x18,
    0xc3,0x18,0xc3,0x10,0xc4,0x18,0xc4,0x18,0xc3,0x18,0x83,0x10,0x63,0x00,0x63,0x00,
    0x63,0x00,0x63,0x00,0x63,0x00,0x63,0x00,0x63,0x00,0x63,0x00,0x63,0x00,0x63,0x00,
    0x63,0x00,0x63,0x00,0xc4,0x10,0x05,0x21,0x05,0x21,0x05,0x21,0x25,0x21,0x25,0x21,
    0x25,0x21,0x25,0x21,0x25,0x21,0x25,0x21,0x05,0x21,0xe4,0x18,0xe4,0x18,0xc3,0x18,
    0xc3,0x18,0xc4,0x18,0xc4,0x18,0xc4,0x18,0x84,0x08,0x6e,0x6b,0x18,0xbe,0xdb,0xde,
    0x75,0xad,0xc7,0x39,0x6f,0x6b,0x47,0x21,0xe6,0x10,0x88,0x21,0xf0,0x4a,0x53,0x53,
    0x53,0x53,0x72,0x5b,0x66,0x29,0xc4,0x18,0xe4,0x18,0x0d,0x53,0x4a,0x3a,0xe8,0x29,
    0x0d,0x5b,0x15,0x95,0x97,0xad,0x3a,0xc6,0x7b,0xce,0x9b,0xce,0x5a,0xc6,0x5a,0xc6,
    0x39,0xc6,0x59,0xc6,0x59,0xc6,0x38,0xc6,0x38,0xc6,0x18,0xbe,0xba,0xd6,0xdb,0xde,
    0xba,0xd6,0x9a,0xd6,0xbb,0xd6,0xbb,0xd6,0x7b,0xce,0x3a,0xc6,0x78,0xa5,0x90,0x5b,
    0xf3,0x94,0xba,0xd6,0x94,0x8c,0x34,0x43,0x55,0x4b,0x95,0x53,0xb6,0x63,0xf6,0x6b,
    0xf6,0x6b,0x16,0x74,0xb5,0x5b,0x95,0x5b,0xb5,0x63,0xb5,0x63,0xd6,0x63,0xf6,0x6b,
    0x16,0x6c,0xf6,0x6b,0xd6,0x63,0xb6,0x63,0xf6,0x6b,0x36,0x7c,0xb5,0x5b,0x13,0x3b,
    0x75,0x53,0x75,0x53,0x75,0x53,0xff,0x75,0x53,0x55,0x4b,0x55,0x4b,0x35,0x43,0xd4,
    0x63,0xb3,0x8c,0x75,0xa5,0xef,0x73,0xce,0x73,0xec,0x52,0x90,0x3a,0x30,0x6b,0xb0,
    0x83,0xf0,0x83,0x31,0x84,0x72,0x8c,0x59,0xce,0xdb,0xd6,0xdb,0xde,0xdb,0xde,0xdb,
    0xde,0xdb,0xde,0xdb,0xde,0xdb,0xde,0xdb,0xde,0xdb,0xde,0xdb,0xde,0xdb,0xde,0xdb,
    0xde,0xdb,0xde,0x2c,0x5b,0x2c,0x5b,0x2c,0x5b,0x2c,0x5b,0x2c,0x5b,0x2c,0x5b,0x2c,
    0x5b,0x4c,0x5b,0x4c,0x5b,0x4c,0x5b,0x4c,0x5b,0x4c,0x5b,0x4c,0x5b,0x4d,0x5b,0x4d,
    0x5b,0x4d,0x63,0x4d,0x63,0x4d,0x63,0x4d,0x63,0x4d,0x63,0x4d,0x63,0x4d,0x63,0x4d,
    0x63,0x4d,0x63,0x6d,0x63,0x6d,0x63,0x2c,0x5b,0x69,0x4a,0x86,0x29,0x25,0x21,0x25,
    0x21,0x4e,0x2a,0xd2,0x32,0xd2,0x32,0xd2,0x3a,0xd2,0x3a,0xd2,0x3a,0xd2,0x32,0xd2,
    0x3a,0xd2,0x3a,0xd2,0x32,0xd2,0x32,0xd2,0x32,0x0d,0x53,0x8d,0x6b,0x0c,0x53,0x52,
    0x7c,0xf9,0xbd,0xf5,0x94,0x0e,0x4b,0x2c,0x5b,0x8e,0x6b,0x56,0xa5,0x53,0x7c,0x72,
    0x84,0xf3,0x94,0x59,0xce,0xdb,0xde,0xdb,0xde,0xdb,0xde,0xdb,0xde,0x18,0xbe,0x6f,
    0x63,0xcd,0x42,0xee,0x4a,0x4a,0x3a,0xab,0x4a,0x2d,0x5b,0xb7,0xb5,0xda,0xde,0xdb,
    0xde,0xdb,0xde,0xb6,0xb5,0xd3,0x9c,0xd3,0x9c,0x67,0x21,0xc7,0x31,0xe4,0x18,0xa3,
    0x10,0x09,0x3a,0x4f,0x5b,0xef,0x42,0x8e,0x32,0x8f,0x32,0xae,0x42,0x05,0x19,0xc6,
    0x10,0x82,0x08,0x83,0x08,0xae,0x42,0x10,0x4b,0x30,0x53,0x51,0x53,0x10,0x53,0xad,
    0x4a,0xa6,0x00,0x86,0x00,0xff,0x86,0x00,0x47,0x19,0x72,0x84,0xf4,0x94,0x14,0x9d,
    0x34,0x9d,0x14,0x9d,0x8b,0x4a,0x02,0x00,0x43,0x00,0x63,0x00,0xe8,0x39,0x11,0x74,
    0xd0,0x6b,0xaf,0x63,0xed,0x52,0x4a,0x42,0xe4,0x10,0x42,0x00,0x43,0x00,0x43,0x00,
    0x62,0x00,0xa8,0x21,0xe9,0x29,0x6a,0x42,0x51,0x84,0x38,0xc6,0x38,0xc6,0x86,0x31,
    0x22,0x00,0x42,0x00,0x42,0x00,0x62,0x00,0x83,0x08,0x05,0x21,0x25,0x21,0x05,0x21,
    0x05,0x21,0xe4,0x18,0xa3,0x10,0x82,0x08,0x83,0x08,0xa3,0x10,0xa3,0x10,0xa3,0x10,
    0xa3,0x10,0xc3,0x10,0xc3,0x10,0xc3,0x10,0xc3,0x10,0xc3,0x18,0xc3,0x18,0xc3,0x10,
    0xa3,0x10,0xa3,0x10,0xc4,0x18,0xa3,0x10,0xc4,0x18,0xc4,0x18,0xc4,0x18,0xa3,0x10,
    0xa3,0x10,0xa3,0x10,0xa3,0x10,0xa3,0x10,0xa3,0x10,0xa3,0x10,0xc4,0x18,0xc3,0x18,
    0xc4,0x18,0xc4,0x18,0xa3,0x10,0x63,0x00,0x63,0x08,0x63,0x00,0x63,0x00,0x63,0x00,
    0x63,0x00,0x63,0x00,0x63,0x00,0x63,0x00,0x63,0x00,0x63,0x00,0x63,0x08,0xa3,0x10,
    0x05,0x21,0x05,0x21,0x25,0x21,0x26,0x21,0x46,0x21,0x46,0x21,0x66,0x29,0x86,0x29,
    0x66,0x29,0x86,0x29,0x69,0x42,0x4d,0x63,0xaa,0x52,0x45,0x21,0x04,0x19,0xc4,0x10,
    0xc4,0x18,0xc4,0x18,0xc4,0x10,0x4a,0x42,0xb2,0x94,0xc7,0x39,0x6f,0x6b,0x15,0x74,
    0x8d,0x42,0x87,0x21,0xe9,0x29,0x6d,0x3a,0x53,0x53,0x11,0x4b,0xae,0x42,0xc8,0x31,
    0xa7,0x21,0x6b,0x3a,0xac,0x42,0x09,0x2a,0xcc,0x4a,0x10,0x84,0x39,0xc6,0x36,0x9d,
    0x56,0x9d,0x1a,0xbe,0xff,0x7a,0xc6,0x7b,0xce,0x5a,0xc6,0x5a,0xc6,0x5a,0xce,0x5a,
    0xc6,0x18,0xbe,0xb2,0x8c,0x30,0x7c,0x34,0x9d,0x59,0xce,0xdb,0xde,0xdb,0xde,0xdb,
    0xd6,0x9a,0xd6,0x5a,0xc6,0x9b,0xce,0x5a,0xc6,0x12,0x74,0x6e,0x63,0x33,0x7c,0xf4,
    0x32,0x34,0x43,0x55,0x4b,0x55,0x4b,0x75,0x53,0x95,0x5b,0xf6,0x6b,0xf6,0x6b,0x75,
    0x53,0x95,0x5b,0xb5,0x63,0xb5,0x63,0x95,0x5b,0xb5,0x5b,0xb5,0x5b,0xb5,0x63,0xd6,
    0x63,0xd6,0x63,0xd6,0x63,0xd6,0x63,0x95,0x5b,0x13,0x43,0x54,0x4b,0x34,0x43,0x14,
    0x3b,0x34,0x43,0x35,0x43,0x55,0x4b,0x54,0x53,0x4f,0x5b,0xab,0x4a,0xcb,0x52,0x69,
    0x42,0xcb,0x52,0xcb,0x4a,0x2e,0x2a,0xee,0x11,0x0f,0x1a,0x8f,0x42,0x30,0x63,0xaf,
    0x52,0xf1,0x83,0x72,0x8c,0x76,0xad,0x9a,0xd6,0xdb,0xde,0xdb,0xde,0xdb,0xde,0xdb,
    0xde,0xdb,0xde,0xdb,0xde,0xdb,0xde,0xdb,0xde,0xdb,0xde,0xdb,0xde,0x2c,0x5b,0x2c,
    0x5b,0x2c,0x5b,0x2c,0x5b,0x2c,0x5b,0x2c,0x5b,0x2c,0x5b,0x4c,0x5b,0x4c,0x5b,0x4c,
    0x5b,0x4c,0x5b,0x4c,0x5b,0x4c,0x5b,0x4c,0x5b,0x4d,0x5b,0x4d,0x5b,0x4d,0x63,0x4d,
    0x63,0x4d,0x63,0x4d,0x63,0x4d,0x63,0x4d,0x63,0x4d,0x63,0x4d,0x63,0x6d,0x63,0x0c,
    0x5b,0x69,0x4a,0x66,0x29,0x25,0x21,0x25,0x21,0x25,0x21,0xeb,0x29,0xd2,0x3a,0xd2,
    0x3a,0xd2,0x32,0xd2,0x3a,0xd2,0x3a,0xd2,0x3a,0xd2,0x3a,0xd2,0x3a,0xd2,0x32,0xb2,
    0x32,0xad,0x42,0x08,0x32,0x29,0x32,0xf1,0x6b,0xb9,0xb5,0xf9,0xb5,0xd6,0x8c,0x2e,
    0x53,0xcf,0x73,0xff,0xf7,0xbd,0x35,0x9d,0x52,0x7c,0x71,0x84,0xd2,0x94,0x58,0xce,
    0x9a,0xd6,0x9a,0xd6,0x38,0xc6,0x18,0xc6,0xd4,0x94,0xf1,0x73,0x91,0x5b,0x0e,0x53,
    0xcb,0x52,0x6e,0x63,0x38,0xc6,0xdb,0xde,0xdb,0xde,0xdb,0xde,0x9a,0xd6,0x0c,0x5b,
    0xa8,0x29,0x87,0x21,0xaa,0x4a,0xc7,0x31,0x04,0x21,0x28,0x19,0x47,0x19,0xa7,0x29,
    0xab,0x52,0x6f,0x63,0xb1,0x6b,0xce,0x4a,0xe6,0x08,0xc5,0x08,0xa3,0x10,0x83,0x08,
    0x6e,0x3a,0x8f,0x32,0xaf,0x3a,0xcf,0x3a,0xcf,0x42,0xad,0x42,0x0b,0x2a,0xa9,0x19,
    0x07,0x09,0xa9,0x29,0x35,0xa5,0x96,0xad,0x76,0xad,0x55,0xa5,0x14,0x9d,0x09,0x3a,
    0x01,0x00,0x02,0x00,0x22,0x00,0x09,0x3a,0xf0,0x73,0xd0,0x6b,0xd0,0x6b,0xf1,0x73,
    0xd1,0x6b,0x05,0x19,0x42,0x00,0x63,0x08,0x63,0x00,0x63,0x08,0x83,0x08,0x05,0x19,
    0x67,0x21,0xa8,0x21,0x6b,0x42,0xec,0x5a,0x01,0x00,0x21,0x00,0x42,0x00,0x42,0x00,
    0x29,0x42,0x08,0x3a,0x05,0x19,0x25,0x21,0x25,0x21,0x25,0x21,0x25,0x21,0x25,0x19,
    0x62,0x08,0x62,0x00,0x83,0x08,0xa3,0x10,0xa3,0x10,0xa3,0x10,0xa3,0x10,0xa3,0x10,
    0xa3,0x10,0xa3,0x10,0xc3,0x10,0xc3,0x18,0xa3,0x10,0xc3,0x10,0xc3,0x18,0xc4,0x18,
    0xa3,0x10,0xc4,0x18,0xc4,0x18,0xc4,0x18,0xc4,0x18,0xc3,0x18,0xc4,0x18,0xc4,0x18,
    0xc4,0x18,0xc4,0x18,0xc3,0x18,0xc4,0x18,0xc4,0x18,0xc4,0x18,0xc4,0x18,0x83,0x10,
    0x63,0x08,0x63,0x00,0x63,0x08,0x63,0x08,0x63,0x08,0x63,0x00,0x63,0x00,0x63,0x00,
    0x63,0x00,0xff,0x63,0x00,0x63,0x00,0x63,0x00,0x83,0x08,0x05,0x21,0x05,0x21,0x25,
    0x21,0x25,0x21,0x46,0x21,0x86,0x29,0xa7,0x29,0x86,0x29,0x86,0x29,0x8a,0x4a,0x6d,
    0x63,0x6d,0x63,0x8d,0x63,0xae,0x6b,0x71,0x84,0x51,0x84,0xc4,0x10,0xa4,0x10,0xa4,
    0x08,0x84,0x08,0x05,0x21,0x2e,0x63,0xd4,0x6b,0x94,0x5b,0x31,0x53,0xc8,0x29,0x66,
    0x21,0xa8,0x29,0x11,0x43,0x8e,0x3a,0x2b,0x2a,0x2a,0x3a,0x46,0x21,0x2a,0x32,0x4e,
    0x53,0x0d,0x5b,0x92,0x8c,0x9a,0xd6,0x38,0xc6,0x18,0xbe,0x39,0xc6,0x5a,0xc6,0x5a,
    0xc6,0xf9,0xbd,0x1a,0xbe,0x5a,0xc6,0x9b,0xd6,0x9b,0xce,0x7b,0xce,0xb8,0xb5,0x16,
    0x95,0xd5,0x8c,0xb3,0x8c,0x18,0xc6,0xdb,0xde,0xdb,0xde,0xdb,0xde,0xba,0xd6,0xf8,
    0xbd,0x14,0x74,0x4f,0x22,0x70,0x32,0xd3,0x32,0x14,0x3b,0x14,0x3b,0x34,0x43,0x34,
    0x43,0x75,0x4b,0x95,0x5b,0xf6,0x6b,0x16,0x74,0xb5,0x5b,0x74,0x53,0x95,0x5b,0xb5,
    0x5b,0x95,0x5b,0x75,0x53,0x75,0x53,0x95,0x53,0xb5,0x5b,0xb6,0x63,0x95,0x5b,0x75,
    0x53,0xf6,0x6b,0x95,0x5b,0x95,0x5b,0x75,0x53,0x75,0x53,0x95,0x5b,0xb5,0x5b,0xb5,
    0x63,0x72,0x6b,0x4a,0x3a,0xa7,0x29,0x87,0x29,0xa7,0x29,0xc8,0x29,0x0a,0x2a,0x49,
    0x3a,0xac,0x4a,0xad,0x4a,0xed,0x19,0xce,0x01,0xcd,0x09,0xee,0x19,0x6f,0x42,0x10,
    0x63,0x90,0x73,0xd3,0x9c,0xb7,0xb5,0x7a,0xce,0xdb,0xde,0xdb,0xde,0xdb,0xde,0xdb,
    0xde,0xdb,0xde,0xdb,0xde,0xdb,0xde,0x2c,0x5b,0x2c,0x5b,0x2c,0x5b,0x2c,0x5b,0x2c,
    0x5b,0xff,0x2c,0x5b,0x2c,0x5b,0x2c,0x5b,0x4c,0x5b,0x4c,0x5b,0x4c,0x5b,0x4c,0x5b,
    0x4c,0x5b,0x4c,0x5b,0x4d,0x5b,0x4d,0x5b,0x4d,0x5b,0x4d,0x63,0x4d,0x63,0x4d,0x63,
    0x4d,0x63,0x4d,0x63,0x4d,0x63,0x4d,0x63,0x0c,0x53,0x69,0x42,0x05,0x19,0x26,0x21,
    0x25,0x21,0x25,0x21,0x25,0x21,0x67,0x21,0xd2,0x32,0xd2,0x3a,0xd2,0x32,0xd2,0x3a,
    0xd2,0x3a,0xd2,0x3a,0xd2,0x3a,0xd2,0x32,0xb2,0x32,0x4e,0x32,0xe8,0x39,0x6a,0x42,
    0x4b,0x32,0xd5,0x8c,0x9b,0xce,0x9b,0xce,0xb5,0x8c,0x0d,0x53,0xb6,0xb5,0xb6,0xb5,
    0x32,0x7c,0xf3,0x94,0x91,0x84,0x75,0xa5,0x79,0xce,0x18,0xbe,0x51,0x84,0x0c,0x53,
    0xec,0x52,0x31,0x7c,0x53,0x7c,0xf2,0x6b,0x4e,0x5b,0xef,0x73,0xb6,0xb5,0xdb,0xde,
    0xdb,0xde,0xdb,0xde,0xdb,0xde,0xd3,0x94,0xab,0x42,0xe9,0x29,0x09,0x32,0xe8,0x31,
    0xa7,0x31,0xa9,0x29,0x8b,0x42,0xd7,0xbd,0xf3,0x9c,0x0c,0x5b,0xa7,0x31,0x25,0x19,
    0xec,0x52,0xe6,0x10,0xe4,0x18,0xc3,0x18,0x83,0x08,0x4d,0x2a,0x4e,0x22,0x4e,0x2a,
    0x8e,0x32,0xae,0x42,0x6b,0x42,0x4b,0x32,0x46,0x19,0x67,0x19,0x8b,0x42,0xd7,0xb5,
    0xf8,0xbd,0xf7,0xbd,0xd7,0xb5,0x35,0x9d,0x88,0x29,0x03,0x00,0x02,0x00,0x00,0x00,
    0x6a,0x42,0xd0,0x6b,0xf0,0x6b,0x11,0x74,0x11,0x74,0xd1,0x6b,0xe4,0x10,0x43,0x00,
    0x83,0x08,0x83,0x08,0xe9,0x31,0xa7,0x29,0xc3,0x10,0x62,0x08,0xa3,0x10,0xe8,0x39,
    0x62,0x08,0x21,0x00,0x42,0x00,0x42,0x00,0x83,0x08,0xd7,0xbd,0xba,0xd6,0x95,0xad,
    0xff,0xae,0x73,0x49,0x42,0x45,0x21,0x25,0x21,0x62,0x08,0x42,0x00,0x42,0x00,0x62,
    0x00,0x62,0x08,0xa3,0x10,0xa3,0x10,0x83,0x10,0xa3,0x10,0xa3,0x10,0xa3,0x10,0xa3,
    0x10,0xa3,0x10,0xc3,0x18,0xc3,0x10,0xc3,0x18,0xc3,0x18,0xc3,0x18,0xc4,0x18,0xc3,
    0x18,0xc4,0x18,0xc3,0x18,0xa3,0x10,0xc4,0x18,0xc3,0x10,0xc4,0x18,0xc3,0x18,0xc4,
    0x18,0xc3,0x18,0xc4,0x18,0xc4,0x18,0xc3,0x18,0x83,0x10,0x63,0x00,0x63,0x00,0x63,
    0x00,0x63,0x08,0x63,0x08,0x63,0x08,0x63,0x00,0x63,0x00,0x63,0x00,0x63,0x08,0x63,
    0x08,0x63,0x08,0x63,0x08,0x05,0x21,0x05,0x21,0x05,0x21,0x25,0x21,0x46,0x21,0x46,
    0x29,0x66,0x29,0x86,0x29,0x69,0x42,0x6d,0x63,0x6d,0x63,0x8d,0x63,0xae,0x6b,0xb2,
    0x8c,0x39,0xc6,0x75,0xa5,0xd7,0xbd,0xe8,0x39,0x84,0x00,0x84,0x00,0x26,0x19,0x52,
    0x5b,0x74,0x5b,0x73,0x5b,0x73,0x5b,0x66,0x29,0xa3,0x10,0xe4,0x18,0xef,0x4a,0xed,
    0x4a,0x4d,0x5b,0x6e,0x63,0x09,0x3a,0xe9,0x31,0x6b,0x3a,0xcf,0x73,0x9a,0xce,0x18,
    0xbe,0xd7,0xb5,0x59,0xc6,0x9a,0xd6,0xbb,0xd6,0xbb,0xd6,0x7a,0xce,0x3a,0xc6,0xd9,
    0xb5,0xd9,0xb5,0x5a,0xc6,0x9a,0xce,0x7a,0xce,0x3a,0xc6,0x98,0xad,0x78,0xa5,0xb5,
    0x8c,0xd7,0xb5,0xdb,0xde,0xdb,0xde,0xdb,0xde,0xdb,0xde,0x77,0xad,0x34,0x4b,0x35,
    0x43,0x55,0x4b,0x55,0x4b,0x55,0x4b,0x34,0x43,0x14,0x43,0x14,0x43,0x34,0x43,0x75,
    0x53,0xf6,0x6b,0x16,0x74,0x74,0x5b,0x54,0x4b,0x75,0x53,0x95,0x5b,0xb5,0x5b,0xff,
    0xb5,0x5b,0xb5,0x5b,0x95,0x5b,0x55,0x4b,0x14,0x3b,0x95,0x5b,0xf6,0x6b,0x16,0x74,
    0x36,0x74,0xf6,0x6b,0xb5,0x5b,0x95,0x53,0x75,0x53,0xb5,0x5b,0xb4,0x8c,0xea,0x29,
    0x67,0x21,0x87,0x21,0xc8,0x29,0x0e,0x4b,0x91,0x63,0xb0,0x6b,0x09,0x32,0x08,0x3a,
    0xab,0x52,0xcb,0x21,0xaf,0x3a,0x8d,0x01,0xad,0x01,0xce,0x09,0xee,0x19,0x6f,0x3a,
    0x0f,0x63,0xb0,0x73,0xf0,0x7b,0xb7,0xb5,0x79,0xce,0xba,0xd6,0xdb,0xde,0xdb,0xde,
    0x79,0xce,0x2c,0x5b,0x2c,0x5b,0x2c,0x5b,0x2c,0x5b,0x2c,0x5b,0x2c,0x5b,0x2c,0x5b,
    0x2c,0x5b,0x2c,0x5b,0x4c,0x5b,0x2c,0x5b,0x4c,0x5b,0x4c,0x5b,0x4c,0x5b,0x4c,0x5b,
    0x4c,0x5b,0x4d,0x5b,0x4d,0x5b,0x4d,0x5b,0x4d,0x63,0x4d,0x63,0x4d,0x63,0x4d,0x63,
    0xeb,0x52,0x49,0x42,0x05,0x19,0x05,0x19,0x05,0x19,0x05,0x19,0x05,0x19,0x05,0x19,
    0x25,0x21,0x90,0x32,0xd2,0x32,0xd2,0x3a,0xd2,0x3a,0xd2,0x3a,0xd2,0x3a,0xd2,0x32,
    0xb2,0x2a,0xb2,0x32,0x8f,0x3a,0x48,0x19,0xc9,0x21,0x0f,0x4b,0xf6,0x94,0x9a,0xce,
    0x9b,0xce,0x16,0x95,0x51,0x84,0xd7,0xb5,0x50,0x63,0x30,0x7c,0xef,0x73,0xce,0x6b,
    0xb3,0x8c,0x39,0xc6,0xb4,0x8c,0xac,0x42,0xcb,0x4a,0x8e,0x6b,0x15,0x95,0x13,0x74,
    0xf1,0x73,0x10,0x7c,0xf7,0xbd,0xdb,0xde,0xdb,0xde,0xdb,0xde,0xdb,0xde,0xb7,0xb5,
    0x2d,0x53,0xed,0x4a,0xac,0x42,0xe8,0x29,0x08,0x3a,0x0b,0x32,0xab,0x4a,0x14,0xa5,
    0x9a,0xd6,0xdb,0xde,0x79,0xce,0xf7,0xbd,0xd3,0x94,0x29,0x42,0x45,0x29,0xff,0x08,
    0x3a,0xa3,0x10,0x05,0x19,0xad,0x42,0x4d,0x2a,0x2e,0x22,0x4e,0x2a,0x8e,0x3a,0x09,
    0x3a,0x27,0x11,0xc4,0x10,0x42,0x00,0x2d,0x5b,0xf8,0xbd,0x18,0xbe,0xf7,0xbd,0xd7,
    0xb5,0x14,0x9d,0xe6,0x10,0x65,0x00,0x65,0x00,0x24,0x00,0x0d,0x53,0xb0,0x6b,0xd0,
    0x6b,0x11,0x74,0x12,0x74,0xb0,0x6b,0x42,0x00,0x43,0x00,0x83,0x08,0xa4,0x10,0xf1,
    0x73,0x52,0x7c,0xb0,0x6b,0x6a,0x42,0x66,0x21,0x04,0x19,0x42,0x00,0x42,0x00,0x43,
    0x00,0x42,0x00,0x66,0x21,0x8b,0x4a,0x8e,0x6b,0xb6,0xb5,0xba,0xd6,0x79,0xce,0x30,
    0x84,0x62,0x00,0x42,0x00,0x42,0x00,0x42,0x00,0x62,0x00,0x83,0x10,0x04,0x21,0x25,
    0x21,0x04,0x19,0xc4,0x18,0xa3,0x10,0x83,0x08,0x83,0x10,0xa3,0x10,0xc3,0x18,0xc3,
    0x18,0xc3,0x18,0xc3,0x18,0xc3,0x18,0xc3,0x18,0xc3,0x18,0xc4,0x18,0xc3,0x18,0xc3,
    0x18,0xc3,0x18,0xc3,0x18,0xc4,0x18,0xc4,0x18,0xc4,0x18,0xc4,0x18,0xc4,0x18,0xc4,
    0x18,0xc3,0x18,0x83,0x08,0x63,0x08,0x63,0x00,0x63,0x08,0x63,0x08,0x63,0x08,0x63,
    0x00,0x63,0x08,0x63,0x00,0x63,0x08,0x63,0x08,0x63,0x08,0x63,0x00,0x63,0x08,0xe4,
    0x18,0x05,0x21,0x05,0x21,0x05,0x21,0x05,0x21,0x04,0x21,0xe4,0x18,0xc4,0x10,0x86,
    0x29,0xcb,0x52,0x10,0x7c,0xae,0x6b,0xd3,0x94,0x38,0xc6,0x55,0xa5,0x9a,0xce,0xdb,
    0xde,0xb2,0x94,0x64,0x00,0x84,0x00,0xa5,0x00,0xaf,0x42,0x53,0x53,0x53,0x53,0x53,
    0x53,0xc9,0x31,0x62,0x08,0xc4,0x10,0x2e,0x53,0x8f,0x6b,0xef,0x73,0xff,0xef,0x73,
    0x6f,0x63,0xb0,0x63,0x32,0x74,0x32,0x7c,0xd7,0xb5,0x96,0xad,0x96,0xad,0xd7,0xb5,
    0x38,0xc6,0x79,0xce,0x9a,0xce,0xba,0xd6,0xba,0xd6,0x9a,0xce,0x5a,0xc6,0xfa,0xbd,
    0x3a,0xbe,0x5a,0xc6,0x3a,0xc6,0x3a,0xc6,0xb8,0xad,0xd5,0x8c,0xd1,0x6b,0x92,0x8c,
    0xba,0xd6,0xdb,0xde,0xba,0xd6,0xf4,0x73,0x75,0x4b,0x95,0x5b,0xb5,0x5b,0x95,0x53,
    0x95,0x53,0x75,0x53,0x75,0x53,0x55,0x4b,0x54,0x4b,0x55,0x4b,0xd6,0x63,0x56,0x7c,
    0x56,0x7c,0x36,0x74,0x94,0x5b,0x13,0x43,0xd3,0x32,0xd3,0x32,0xb2,0x2a,0xb2,0x32,
    0x54,0x4b,0xf6,0x6b,0xf6,0x6b,0x16,0x74,0xf6,0x6b,0xd6,0x6b,0xf6,0x6b,0xf6,0x6b,
    0x16,0x6c,0xf6,0x6b,0x95,0x5b,0x54,0x4b,0xf2,0x3a,0xcb,0x21,0x2a,0x2a,0xb1,0x63,
    0x33,0x7c,0x0d,0x53,0x4b,0x3a,0x87,0x21,0x46,0x21,0x25,0x21,0x68,0x29,0xce,0x42,
    0x8c,0x01,0x8d,0x01,0x8d,0x01,0x8d,0x01,0x8d,0x01,0xad,0x09,0xee,0x19,0xee,0x5a,
    0xae,0x83,0x30,0x8c,0xb3,0x94,0x96,0xad,0x18,0xc6,0x52,0x84,0x2c,0x5b,0x2c,0x5b,
    0x2c,0x5b,0x2c,0x5b,0x2c,0x5b,0x2c,0x5b,0x2c,0x5b,0x2c,0x5b,0x2c,0x5b,0x2c,0x5b,
    0x4c,0x5b,0x4c,0x5b,0x4c,0x5b,0x4c,0x5b,0x4c,0x5b,0x4c,0x5b,0x4d,0x5b,0x4d,0x5b,
    0x4d,0x5b,0x4d,0x5b,0x4d,0x63,0x4d,0x5b,0xcb,0x52,0x08,0x3a,0xc4,0x10,0xe5,0x18,
    0xe5,0x18,0xe5,0x18,0xe5,0x18,0xe5,0x18,0xe5,0x18,0xe5,0x18,0x2c,0x2a,0xd3,0x3a,
    0xd2,0x3a,0xd2,0x32,0xd2,0x32,0xb2,0x32,0x92,0x2a,0xd2,0x32,0xff,0xf3,0x3a,0xd2,
    0x32,0x30,0x1a,0x2e,0x22,0x30,0x53,0xd6,0x8c,0xf9,0xbd,0x19,0xbe,0xf5,0x94,0x51,
    0x84,0x10,0x53,0x8f,0x6b,0x8a,0x4a,0x4a,0x3a,0xd1,0x6b,0x98,0xad,0xb9,0xb5,0x74,
    0x7c,0xed,0x4a,0xae,0x6b,0x96,0xad,0x93,0x84,0x52,0x84,0x91,0x84,0x34,0x9d,0x79,
    0xce,0xba,0xd6,0xdb,0xde,0x99,0xce,0x7a,0xce,0x31,0x7c,0xd1,0x6b,0x4f,0x53,0x29,
    0x32,0xa7,0x29,0xaa,0x21,0x8f,0x6b,0xf8,0xbd,0xdb,0xde,0xdb,0xde,0xdb,0xde,0x18,
    0xc6,0x49,0x42,0xcb,0x52,0x08,0x3a,0xce,0x73,0xe7,0x39,0xc4,0x18,0x68,0x21,0x46,
    0x21,0xe9,0x29,0x2c,0x32,0x4d,0x2a,0xcf,0x42,0x47,0x21,0xa6,0x08,0xa3,0x10,0x22,
    0x00,0x31,0x84,0x18,0xbe,0x18,0xbe,0xf7,0xbd,0x96,0xad,0xb3,0x8c,0x89,0x19,0x28,
    0x11,0xa7,0x00,0x66,0x00,0x6f,0x63,0xd0,0x6b,0xd0,0x6b,0xf1,0x6b,0xf1,0x6b,0x6f,
    0x63,0x01,0x00,0x02,0x00,0x23,0x00,0xa4,0x10,0xd3,0x94,0x15,0x9d,0xf4,0x94,0xd3,
    0x8c,0x72,0x84,0xcc,0x52,0x42,0x00,0x63,0x00,0x63,0x00,0x42,0x00,0xe5,0x10,0x87,
    0x19,0xc9,0x21,0xa8,0x19,0x8b,0x42,0xf4,0x9c,0x45,0x21,0x41,0x00,0x42,0x00,0x42,
    0x00,0x22,0x00,0x01,0x00,0x05,0x21,0x25,0x21,0x25,0x21,0x25,0x21,0x25,0x21,0x05,
    0x21,0xc4,0x10,0x63,0x08,0x83,0x08,0xa3,0x10,0xc3,0x18,0xc3,0x18,0xc3,0x18,0xc3,
    0x18,0xc3,0x18,0xc3,0x18,0xc3,0x18,0xc3,0x18,0xc3,0x18,0xc3,0x18,0xc3,0x18,0xc4,
    0x18,0xc4,0x18,0xc4,0x18,0xc4,0x18,0xc4,0x18,0xc4,0x18,0xff,0xc4,0x18,0x83,0x08,
    0x63,0x08,0x63,0x08,0x63,0x08,0x63,0x00,0x63,0x08,0x63,0x08,0x63,0x08,0x63,0x00,
    0x63,0x08,0x63,0x08,0x63,0x08,0x63,0x08,0x63,0x00,0xe4,0x18,0x25,0x21,0x05,0x21,
    0xe4,0x18,0xc4,0x18,0xc4,0x18,0xc4,0x10,0xa4,0x10,0xc4,0x10,0xa4,0x10,0x26,0x21,
    0x2d,0x63,0x35,0xa5,0x75,0xa5,0x9a,0xce,0xdb,0xde,0x54,0xa5,0x48,0x52,0x29,0x4a,
    0xa5,0x08,0xe6,0x10,0x0c,0x2a,0x33,0x4b,0x33,0x4b,0x32,0x4b,0x2b,0x3a,0x83,0x10,
    0xa3,0x10,0x6b,0x42,0x0c,0x53,0xcb,0x52,0x29,0x3a,0x36,0x9d,0x77,0xa5,0xd8,0xb5,
    0x5a,0xc6,0x5a,0xc6,0x39,0xc6,0x5a,0xce,0x39,0xbe,0x18,0xbe,0x59,0xc6,0x59,0xc6,
    0x59,0xc6,0x9a,0xd6,0xba,0xd6,0xdb,0xde,0xdb,0xde,0x9a,0xd6,0x9b,0xce,0x9b,0xce,
    0x5a,0xc6,0x5a,0xc6,0x1a,0xbe,0xf5,0x94,0x4e,0x5b,0xd7,0xb5,0xbb,0xde,0x95,0x8c,
    0x14,0x3b,0x55,0x43,0x75,0x4b,0x95,0x5b,0xb6,0x63,0xd6,0x63,0xd5,0x63,0xb5,0x5b,
    0x95,0x5b,0x95,0x53,0x95,0x5b,0xb5,0x5b,0xd6,0x63,0x36,0x74,0x56,0x7c,0x77,0x84,
    0x77,0x7c,0x36,0x7c,0x16,0x74,0x36,0x74,0x36,0x74,0x36,0x74,0xf6,0x6b,0xf6,0x6b,
    0xd6,0x63,0xb5,0x63,0xb5,0x63,0xb5,0x5b,0xb5,0x63,0xd6,0x63,0xd6,0x6b,0xf6,0x6b,
    0xb5,0x63,0x54,0x4b,0xd2,0x32,0x70,0x22,0x52,0x53,0xd6,0x94,0x3a,0xc6,0xd8,0xb5,
    0x73,0x8c,0xf1,0x73,0xac,0x52,0xe8,0x41,0x8a,0x52,0xcc,0x21,0x6c,0x01,0x0e,0x22,
    0x6f,0x32,0xad,0x09,0x8c,0x01,0x2e,0x32,0xcd,0x11,0xff,0x0e,0x22,0x8f,0x4a,0x2e,
    0x6b,0xcf,0x83,0xee,0x5a,0x4b,0x32,0x08,0x3a,0xcb,0x52,0x2c,0x5b,0x2c,0x5b,0x2c,
    0x5b,0x2c,0x5b,0x2c,0x5b,0x2c,0x5b,0x2c,0x5b,0x2c,0x5b,0x2c,0x5b,0x4c,0x5b,0x4c,
    0x5b,0x4c,0x5b,0x4c,0x5b,0x4c,0x5b,0x4c,0x5b,0x4c,0x5b,0x4d,0x5b,0x4d,0x5b,0x4d,
    0x5b,0xcb,0x52,0x08,0x3a,0xc4,0x10,0xc5,0x10,0xc5,0x10,0xc5,0x10,0xc5,0x10,0xc5,
    0x10,0xc5,0x10,0xc5,0x10,0xc5,0x10,0x89,0x21,0xb2,0x32,0xb2,0x32,0xb2,0x2a,0xb2,
    0x2a,0xd2,0x32,0xf3,0x3a,0xf3,0x42,0xf3,0x3a,0xf3,0x3a,0xd2,0x32,0x92,0x2a,0x71,
    0x22,0x50,0x22,0xb2,0x6b,0xd2,0x73,0x4c,0x32,0x0f,0x1a,0x4e,0x32,0x8a,0x4a,0x29,
    0x3a,0x8c,0x3a,0x57,0xa5,0x9b,0xce,0x3a,0xc6,0x33,0x74,0x2d,0x5b,0xd7,0xb5,0x55,
    0xa5,0xf0,0x7b,0xd3,0x94,0xd2,0x94,0xb6,0xb5,0x7a,0xce,0x39,0xc6,0xf3,0x94,0xcf,
    0x73,0xb3,0x8c,0xf4,0x94,0xf1,0x6b,0xac,0x42,0xe8,0x31,0xca,0x21,0xcf,0x73,0x79,
    0xce,0xdb,0xde,0xdb,0xde,0xdb,0xde,0xba,0xd6,0xf0,0x7b,0x4a,0x3a,0x4a,0x3a,0x6d,
    0x63,0xe7,0x31,0x46,0x21,0x0a,0x32,0xd3,0x94,0x4d,0x63,0x09,0x3a,0xe5,0x18,0xe4,
    0x10,0x2e,0x5b,0xe7,0x10,0xc4,0x18,0xc3,0x18,0x01,0x00,0x52,0x84,0x97,0xad,0xd7,
    0xb5,0xb7,0xb5,0x55,0xa5,0xf0,0x73,0xea,0x29,0x2b,0x32,0xa9,0x21,0x48,0x11,0x90,
    0x63,0xf1,0x73,0xf1,0x6b,0xb1,0x63,0xb0,0x63,0x2e,0x5b,0x02,0x00,0x01,0x00,0x01,
    0x00,0xa3,0x10,0xf4,0x94,0x35,0x9d,0x76,0xa5,0xff,0x75,0xa5,0x34,0x9d,0x8b,0x4a,
    0x42,0x00,0x83,0x08,0x83,0x08,0xa4,0x10,0x66,0x29,0xc3,0x10,0xa3,0x10,0x05,0x19,
    0xc9,0x29,0xab,0x52,0x01,0x00,0x22,0x00,0x42,0x00,0x22,0x00,0x2c,0x63,0x18,0xc6,
    0x51,0x84,0x8a,0x4a,0x86,0x29,0x25,0x21,0x25,0x21,0x25,0x19,0x42,0x00,0x62,0x00,
    0x62,0x00,0x83,0x08,0xa3,0x10,0xc3,0x18,0xa3,0x10,0xa3,0x10,0xc3,0x10,0xc3,0x18,
    0xc3,0x18,0xc3,0x18,0xc3,0x18,0xc3,0x18,0xc3,0x18,0xc4,0x18,0xc3,0x18,0xc4,0x18,
    0xc4,0x18,0xc4,0x18,0xc4,0x18,0xc4,0x18,0x83,0x08,0x63,0x08,0x63,0x08,0x63,0x08,
    0x63,0x08,0x63,0x08,0x63,0x08,0x63,0x08,0x63,0x08,0x63,0x08,0x63,0x08,0x63,0x08,
    0x63,0x08,0x63,0x08,0xc4,0x18,0x66,0x29,0x45,0x21,0x45,0x21,0x25,0x21,0xc7,0x31,
    0x66,0x29,0xe4,0x18,0xc4,0x10,0xe5,0x18,0xe6,0x18,0x06,0x19,0x68,0x21,0xd0,0x73,
    0x9a,0xce,0x34,0xa5,0x07,0x4a,0x4e,0x73,0xef,0x4a,0xe5,0x10,0x67,0x21,0xea,0x29,
    0x12,0x4b,0x12,0x43,0xd0,0x42,0x2b,0x3a,0x05,0x21,0x45,0x21,0x4a,0x3a,0xe9,0x29,
    0xe8,0x29,0x4d,0x63,0xd3,0x94,0x16,0x9d,0x98,0xad,0x7a,0xc6,0x7b,0xce,0x7b,0xce,
    0x7b,0xc6,0x3a,0xc6,0x5a,0xc6,0x39,0xc6,0x39,0xc6,0xd7,0xb5,0xb2,0x8c,0x34,0x9d,
    0x59,0xce,0xdb,0xde,0xdb,0xde,0xdb,0xde,0xbb,0xd6,0x7a,0xce,0x9a,0xce,0xbb,0xce,
    0xf9,0xbd,0xb1,0x63,0x13,0x9d,0x95,0x8c,0xf4,0x3a,0x34,0x43,0x55,0x43,0x55,0x4b,
    0x55,0x4b,0x75,0x4b,0x95,0x53,0xb5,0x63,0xff,0xf6,0x6b,0xf6,0x6b,0xd6,0x63,0xb5,
    0x5b,0xb5,0x5b,0xb5,0x5b,0xb5,0x5b,0xd6,0x63,0xf6,0x6b,0x16,0x74,0x36,0x74,0x36,
    0x74,0x36,0x74,0x36,0x74,0x36,0x74,0x36,0x74,0xf6,0x6b,0xb5,0x5b,0x75,0x53,0x75,
    0x53,0x95,0x5b,0xb5,0x5b,0xb4,0x63,0x15,0x7c,0xd5,0x6b,0xb5,0x63,0x95,0x5b,0x34,
    0x43,0xd3,0x32,0xb2,0x2a,0x92,0x2a,0xf1,0x42,0x95,0x84,0x13,0x6c,0xd2,0x6b,0xab,
    0x52,0x6b,0x52,0xcb,0x29,0x4a,0x09,0x10,0x53,0x94,0x84,0xb5,0x8c,0x6f,0x32,0x6b,
    0x09,0xeb,0x31,0xab,0x21,0xcc,0x21,0xcd,0x21,0xcd,0x11,0x2e,0x32,0x0d,0x2a,0x09,
    0x32,0x23,0x00,0xa4,0x08,0x45,0x21,0x49,0x42,0x0b,0x53,0x2c,0x5b,0x2c,0x5b,0x2c,
    0x5b,0x2c,0x5b,0x2c,0x5b,0x2c,0x5b,0x2c,0x5b,0x4c,0x5b,0x4c,0x5b,0x4c,0x5b,0x4c,
    0x5b,0x4c,0x5b,0x4c,0x5b,0x4d,0x5b,0x4c,0x5b,0xaa,0x4a,0xc7,0x31,0xc5,0x10,0xc5,
    0x10,0xc5,0x10,0xc5,0x10,0xc5,0x10,0xc5,0x10,0xc5,0x10,0xc5,0x10,0xc5,0x10,0xc5,
    0x10,0xcc,0x21,0xf3,0x3a,0xf3,0x3a,0xf3,0x3a,0x13,0x43,0x13,0x43,0xf3,0x42,0xf3,
    0x3a,0xf3,0x3a,0xd3,0x3a,0xf3,0x3a,0xd3,0x3a,0xb2,0x32,0x71,0x22,0x71,0x22,0x71,
    0x22,0x91,0x22,0xb2,0x2a,0x8e,0x42,0x47,0x21,0xe9,0x29,0x70,0x5b,0x78,0xa5,0xbb,
    0xd6,0x5a,0xc6,0x33,0x74,0x91,0x8c,0xf7,0xbd,0xd0,0x73,0xb2,0x8c,0x70,0x84,0xb2,
    0x8c,0x55,0xa5,0x5a,0xce,0xd4,0x8c,0xac,0x42,0x8a,0x42,0x92,0x8c,0x93,0x84,0x50,
    0x5b,0x4b,0x3a,0x2b,0x3a,0x72,0x84,0xff,0xba,0xd6,0xdb,0xde,0xdb,0xde,0xdb,0xde,
    0xdb,0xde,0x35,0xa5,0xed,0x4a,0x8c,0x3a,0xac,0x42,0xe8,0x31,0xc8,0x31,0x4b,0x3a,
    0x6a,0x42,0x55,0xad,0xba,0xd6,0x38,0xc6,0x55,0xa5,0x6d,0x6b,0xab,0x52,0xe5,0x18,
    0x25,0x21,0x25,0x21,0x21,0x00,0x32,0x7c,0xb4,0x8c,0xf5,0x94,0xf5,0x94,0xb4,0x8c,
    0x2e,0x5b,0x06,0x11,0x88,0x21,0x62,0x08,0xa8,0x29,0x90,0x63,0x90,0x63,0xb0,0x63,
    0x70,0x5b,0x70,0x5b,0x8c,0x42,0x45,0x00,0x45,0x00,0x24,0x00,0x09,0x3a,0x14,0x95,
    0x34,0x9d,0x55,0xa5,0x55,0xa5,0x55,0xa5,0x87,0x29,0x42,0x00,0x83,0x08,0x63,0x08,
    0x8a,0x42,0x31,0x7c,0x6e,0x63,0x6a,0x42,0x86,0x29,0x83,0x10,0x42,0x00,0x21,0x00,
    0x42,0x00,0x42,0x00,0x63,0x08,0x2d,0x63,0x14,0x9d,0x79,0xce,0x9a,0xd6,0xd7,0xbd,
    0x51,0x84,0x25,0x19,0x42,0x00,0x41,0x00,0x42,0x00,0x62,0x00,0x62,0x00,0xa3,0x10,
    0x04,0x19,0xe4,0x18,0xa3,0x10,0xa3,0x10,0x83,0x10,0xa3,0x10,0xc3,0x18,0xc3,0x18,
    0xc3,0x18,0xc4,0x18,0xc4,0x18,0xc4,0x18,0xc3,0x18,0xc4,0x18,0xc4,0x18,0xc4,0x18,
    0xc4,0x18,0x83,0x08,0x63,0x08,0x63,0x08,0x63,0x08,0x63,0x08,0x63,0x08,0x63,0x08,
    0x63,0x08,0x63,0x08,0x63,0x08,0x63,0x08,0x63,0x08,0x63,0x00,0x63,0x00,0xc4,0x10,
    0x86,0x29,0x86,0x29,0xa6,0x29,0xaa,0x4a,0x6d,0x63,0x4d,0x63,0x0c,0x5b,0x6a,0x4a,
    0x26,0x19,0x06,0x19,0x06,0x19,0x28,0x11,0x6a,0x09,0x2e,0x63,0x07,0x4a,0x4e,0x6b,
    0x32,0x53,0xf1,0x42,0x88,0x21,0xff,0xa8,0x21,0xc8,0x29,0xd1,0x42,0xd0,0x3a,0x4d,
    0x32,0x0a,0x32,0x05,0x21,0x67,0x21,0x8c,0x42,0x6b,0x3a,0x6e,0x63,0xb2,0x94,0x7a,
    0xce,0xb7,0xad,0xb8,0xad,0x1a,0xbe,0x5a,0xc6,0xf9,0xbd,0x1a,0xbe,0x5a,0xc6,0x7b,
    0xce,0x7b,0xce,0x7a,0xce,0xb7,0xb5,0x72,0x84,0x52,0x7c,0x51,0x84,0x96,0xad,0xba,
    0xd6,0xdb,0xde,0xdb,0xde,0xba,0xd6,0x19,0xbe,0x95,0x84,0x54,0x84,0x4b,0x3a,0xcf,
    0x4a,0xd3,0x2a,0x14,0x43,0x34,0x43,0x55,0x4b,0x55,0x4b,0x55,0x4b,0x55,0x4b,0x55,
    0x4b,0x75,0x4b,0x75,0x53,0xb5,0x5b,0xd6,0x63,0xf6,0x6b,0x16,0x6c,0xf6,0x6b,0xd5,
    0x63,0xb5,0x5b,0xb5,0x5b,0xb5,0x5b,0xb5,0x63,0xb5,0x63,0xb5,0x63,0xb5,0x63,0xb6,
    0x63,0xd6,0x63,0xf6,0x6b,0xf6,0x6b,0xf6,0x6b,0xd6,0x63,0xb5,0x5b,0xb4,0x6b,0xf5,
    0xcd,0xb9,0xd6,0x57,0xce,0x55,0xad,0xf3,0x7b,0x74,0x5b,0x54,0x4b,0x34,0x43,0xd3,
    0x32,0x71,0x22,0x30,0x0a,0x10,0x02,0x0f,0x12,0x0f,0x1a,0x4f,0x2a,0xce,0x09,0x93,
    0x63,0x37,0x9d,0x37,0x9d,0x91,0x63,0xac,0x19,0x4b,0x32,0x2a,0x32,0xc8,0x31,0x29,
    0x42,0x6a,0x4a,0xec,0x52,0x4d,0x3a,0xab,0x19,0x8a,0x4a,0x44,0x00,0x44,0x00,0x43,
    0x00,0x23,0x00,0x63,0x08,0xc7,0x31,0x8a,0x4a,0x0c,0x53,0x2c,0x5b,0x2c,0x5b,0x2c,
    0x5b,0x4c,0x5b,0x4c,0x5b,0x4c,0x5b,0x4c,0x5b,0x4c,0x5b,0x4c,0x5b,0x4c,0x5b,0x2c,
    0x5b,0x8a,0x4a,0xa6,0x31,0xc5,0x10,0xc5,0x10,0xc5,0x10,0xc5,0x10,0xe5,0x18,0x87,
    0x29,0x46,0x21,0xa4,0x08,0xff,0xa4,0x10,0xc5,0x08,0xc5,0x08,0x4f,0x32,0xf3,0x3a,
    0xf3,0x3a,0xf3,0x3a,0xf3,0x3a,0xf3,0x3a,0xf3,0x3a,0xf3,0x3a,0xf3,0x3a,0xd3,0x3a,
    0xd2,0x32,0xb2,0x32,0x71,0x22,0x71,0x22,0x92,0x2a,0x92,0x2a,0x92,0x2a,0xb2,0x32,
    0x91,0x2a,0xee,0x19,0x6e,0x32,0xd2,0x6b,0x58,0xa5,0x5a,0xc6,0x5a,0xc6,0x53,0x84,
    0x34,0xa5,0x2f,0x5b,0xf0,0x73,0x2c,0x5b,0xab,0x42,0xb0,0x63,0x36,0x9d,0x77,0xa5,
    0x12,0x6c,0xac,0x42,0x51,0x84,0x96,0xad,0xd1,0x6b,0xcd,0x4a,0xee,0x52,0xf0,0x73,
    0xd7,0xbd,0xdb,0xde,0xdb,0xde,0xdb,0xde,0xdb,0xde,0x59,0xc6,0x32,0x7c,0x4f,0x53,
    0x50,0x53,0x4a,0x3a,0xc8,0x29,0x8c,0x42,0xf0,0x73,0x18,0xbe,0xdb,0xde,0xdb,0xde,
    0xdb,0xde,0x14,0x9d,0xb2,0x94,0xe8,0x39,0x28,0x3a,0x0b,0x5b,0x04,0x19,0x26,0x21,
    0x2d,0x63,0x31,0x7c,0x52,0x7c,0x12,0x74,0xd2,0x6b,0x8b,0x42,0xa5,0x08,0xa4,0x08,
    0x83,0x08,0x2a,0x3a,0x0f,0x4b,0x0f,0x53,0x2f,0x53,0x2f,0x53,0xb1,0x6b,0x89,0x21,
    0xc7,0x00,0xa6,0x00,0x66,0x00,0x2e,0x5b,0x55,0xa5,0x55,0xa5,0x55,0xa5,0x35,0x9d,
    0xf4,0x94,0x03,0x00,0x02,0x00,0x43,0x00,0x22,0x00,0x2d,0x5b,0x72,0x84,0x52,0x7c,
    0x52,0x7c,0xf0,0x73,0xaf,0x6b,0x22,0x00,0x42,0x00,0x63,0x00,0x63,0x00,0xc4,0x08,
    0xc9,0x21,0xe9,0x21,0xe9,0x29,0x10,0x7c,0xd7,0xb5,0x14,0xa5,0x00,0x00,0x42,0x00,
    0x22,0x00,0x42,0x00,0x02,0x00,0xc4,0x10,0x25,0x21,0x25,0x21,0x25,0x21,0x25,0x21,
    0x05,0x21,0xe4,0x18,0xff,0x83,0x08,0xa3,0x10,0xa3,0x10,0xc3,0x18,0xc3,0x18,0xc4,
    0x18,0xc4,0x18,0xc3,0x18,0xc4,0x18,0xc4,0x18,0xc4,0x18,0xc4,0x18,0x83,0x08,0x63,
    0x08,0x63,0x08,0x63,0x08,0x63,0x08,0x63,0x08,0x63,0x08,0x63,0x08,0x63,0x08,0x63,
    0x08,0x63,0x08,0x63,0x08,0x63,0x08,0x63,0x08,0xa3,0x10,0x66,0x29,0xa7,0x29,0xaa,
    0x4a,0x6d,0x63,0x6d,0x63,0x6d,0x63,0x8d,0x6b,0xf3,0x94,0xd7,0xb5,0xcf,0x73,0x27,
    0x21,0x08,0x09,0x4a,0x09,0x6a,0x11,0xee,0x5a,0x52,0x5b,0x13,0x4b,0x12,0x4b,0xe9,
    0x29,0x46,0x21,0x05,0x19,0xaf,0x3a,0x6e,0x32,0x4b,0x32,0xcc,0x4a,0x09,0x3a,0x67,
    0x21,0x87,0x21,0xaf,0x6b,0x92,0x94,0x9a,0xd6,0x18,0xbe,0x79,0xce,0x9a,0xd6,0xdb,
    0xd6,0xbb,0xd6,0x9b,0xce,0xf9,0xb5,0xd9,0xb5,0xf9,0xbd,0x5a,0xce,0x7a,0xce,0x5a,
    0xce,0x39,0xc6,0x98,0xad,0x37,0x9d,0x94,0x8c,0x55,0xa5,0xba,0xd6,0xdb,0xde,0xdb,
    0xde,0xdb,0xde,0x7a,0xce,0x53,0x53,0xd3,0x2a,0xf4,0x3a,0x14,0x3b,0x14,0x3b,0x14,
    0x3b,0x34,0x43,0x55,0x4b,0x55,0x4b,0x55,0x4b,0x75,0x4b,0x75,0x4b,0x75,0x53,0x75,
    0x53,0x75,0x53,0x95,0x5b,0xb5,0x63,0xf6,0x6b,0x16,0x74,0x16,0x74,0xf6,0x6b,0xd5,
    0x63,0xb5,0x5b,0xb5,0x5b,0xb5,0x5b,0xb5,0x5b,0xb5,0x5b,0xb5,0x5b,0xb5,0x5b,0xb5,
    0x63,0xd6,0x63,0xf6,0x6b,0x75,0x8c,0x16,0xce,0xd9,0xde,0xda,0xde,0xda,0xde,0xda,
    0xde,0xb9,0xde,0x16,0xc6,0xf4,0x9c,0x14,0x7c,0x54,0x53,0xd3,0x32,0x71,0x1a,0x30,
    0x0a,0x10,0x02,0xff,0x30,0x0a,0x30,0x12,0x10,0x0a,0xb3,0x63,0x57,0xa5,0x35,0x7c,
    0x30,0x2a,0xec,0x31,0x09,0x2a,0x87,0x21,0x25,0x21,0x87,0x29,0x4a,0x3a,0x09,0x32,
    0x09,0x32,0xf2,0x73,0x4f,0x5b,0x44,0x00,0x44,0x00,0x44,0x00,0x44,0x00,0x44,0x00,
    0x43,0x00,0x83,0x08,0xe4,0x10,0x08,0x3a,0xeb,0x52,0x2c,0x5b,0x2c,0x5b,0x4c,0x5b,
    0x4c,0x5b,0x4c,0x5b,0x4c,0x5b,0x4c,0x5b,0x2c,0x5b,0x69,0x4a,0x45,0x21,0xc5,0x10,
    0xc5,0x10,0xc5,0x10,0xe5,0x18,0xe4,0x20,0x65,0x29,0xae,0x73,0x8e,0x63,0x09,0x3a,
    0x06,0x19,0xc6,0x08,0xc5,0x08,0xb1,0x32,0xd2,0x3a,0xd2,0x3a,0xd2,0x3a,0xd2,0x3a,
    0xd2,0x32,0xd2,0x32,0xd2,0x32,0xb2,0x2a,0x92,0x2a,0x71,0x1a,0x10,0x0a,0x0f,0x0a,
    0x30,0x1a,0x91,0x2a,0xd2,0x3a,0xd2,0x3a,0xd2,0x3a,0x91,0x2a,0x71,0x22,0x71,0x2a,
    0x91,0x2a,0x31,0x53,0xd6,0x94,0x12,0x74,0x4b,0x3a,0x4d,0x3a,0x6c,0x3a,0x4d,0x63,
    0x29,0x32,0xcd,0x42,0x98,0xad,0x3a,0xc6,0x98,0xad,0xb1,0x63,0x8e,0x6b,0x59,0xc6,
    0x14,0x9d,0xcd,0x52,0x50,0x5b,0xb2,0x8c,0xf3,0x94,0x18,0xbe,0x9a,0xd6,0x59,0xc6,
    0xf7,0xbd,0x76,0xad,0xf4,0x94,0x93,0x84,0x33,0x74,0x2f,0x53,0xc9,0x29,0xac,0x4a,
    0x72,0x8c,0xba,0xd6,0xdb,0xde,0xdb,0xde,0xdb,0xde,0x59,0xce,0x8b,0x42,0x6a,0x3a,
    0xcb,0x4a,0x6d,0x63,0x86,0x31,0x27,0x19,0x4b,0x42,0x09,0x3a,0x66,0x29,0xa7,0x29,
    0x0d,0x5b,0xb0,0x63,0xc8,0x29,0xc5,0x10,0xc3,0x10,0xa3,0x10,0x2b,0x3a,0xcf,0x42,
    0xcf,0x42,0xff,0xef,0x4a,0x0f,0x53,0xd1,0x6b,0xea,0x21,0x4c,0x32,0xaa,0x21,0xe7,
    0x00,0x31,0x84,0xf7,0xbd,0xd7,0xb5,0xb6,0xad,0x55,0xa5,0x93,0x84,0x00,0x00,0x01,
    0x00,0x02,0x00,0x01,0x00,0xb0,0x6b,0x72,0x84,0x52,0x7c,0x52,0x7c,0x73,0x84,0xd1,
    0x73,0x01,0x00,0x62,0x00,0x83,0x08,0x63,0x00,0x05,0x19,0xc4,0x10,0xe5,0x10,0x67,
    0x21,0xea,0x29,0x0d,0x5b,0x86,0x29,0x22,0x00,0x22,0x00,0x42,0x00,0x42,0x00,0xcf,
    0x7b,0xcb,0x52,0xa7,0x31,0x46,0x21,0x25,0x21,0x25,0x21,0x25,0x21,0x05,0x19,0x62,
    0x08,0x63,0x08,0x83,0x10,0xc3,0x18,0xc3,0x18,0xc4,0x18,0xc4,0x18,0xc3,0x18,0xc3,
    0x18,0xc4,0x18,0xc4,0x18,0xc4,0x18,0x83,0x08,0x63,0x08,0x63,0x08,0x63,0x08,0x63,
    0x08,0x63,0x08,0x63,0x08,0x63,0x00,0x63,0x08,0x63,0x08,0x63,0x08,0x63,0x08,0x63,
    0x08,0x63,0x08,0x83,0x08,0x05,0x21,0x69,0x42,0x4c,0x5b,0x6d,0x63,0x8d,0x63,0x8e,
    0x6b,0xf3,0x9c,0x18,0xbe,0x34,0xa5,0x9a,0xd6,0x35,0xad,0xe8,0x00,0x2a,0x09,0x6a,
    0x09,0x8e,0x42,0x33,0x53,0x33,0x4b,0x33,0x4b,0x6c,0x42,0x83,0x08,0x83,0x08,0x6c,
    0x3a,0xee,0x4a,0x2d,0x5b,0x8e,0x6b,0x4d,0x5b,0xac,0x42,0xab,0x42,0x4e,0x63,0x38,
    0xc6,0xd7,0xb5,0xd7,0xb5,0x39,0xc6,0x9a,0xd6,0xdb,0xde,0xdb,0xde,0xdb,0xde,0x9a,
    0xd6,0x3a,0xc6,0xd9,0xb5,0xb9,0xb5,0xf9,0xbd,0x3a,0xc6,0x7b,0xce,0x5a,0xc6,0x98,
    0xad,0x36,0x9d,0xb5,0x84,0xf4,0x94,0xdb,0xd6,0xdb,0xde,0xdb,0xde,0xba,0xd6,0x93,
    0x63,0xff,0x55,0x4b,0x34,0x43,0x34,0x43,0x34,0x43,0x14,0x43,0x14,0x3b,0x14,0x3b,
    0x34,0x43,0x54,0x4b,0x55,0x4b,0x75,0x53,0x75,0x53,0x75,0x53,0x75,0x53,0x75,0x53,
    0x75,0x53,0x95,0x53,0x95,0x5b,0xd6,0x63,0x16,0x74,0x36,0x74,0x16,0x74,0xf6,0x6b,
    0xd5,0x63,0xb5,0x5b,0xb5,0x5b,0xb5,0x5b,0xb5,0x5b,0xb5,0x5b,0xb5,0x5b,0xf4,0x73,
    0x16,0xce,0xd9,0xde,0xda,0xde,0xda,0xde,0xda,0xde,0xda,0xde,0xda,0xde,0xda,0xde,
    0xd9,0xde,0xb9,0xd6,0x16,0xc6,0x93,0x94,0x32,0x53,0x91,0x22,0x31,0x0a,0x30,0x02,
    0x10,0x02,0xef,0x01,0x0f,0x0a,0x50,0x22,0x10,0x0a,0xcf,0x01,0xcd,0x21,0x68,0x21,
    0x46,0x21,0x46,0x21,0x67,0x21,0x0e,0x53,0x16,0x95,0x77,0xa5,0x16,0x95,0x37,0x9d,
    0x44,0x00,0x44,0x00,0x44,0x00,0x44,0x00,0x44,0x00,0x44,0x00,0x44,0x00,0x44,0x00,
    0x23,0x00,0x22,0x00,0x86,0x29,0x49,0x42,0xeb,0x52,0x2c,0x5b,0x2c,0x5b,0x4c,0x5b,
    0x0c,0x5b,0x69,0x42,0x66,0x29,0xc5,0x10,0xc5,0x10,0xc5,0x10,0xe5,0x18,0xe4,0x18,
    0xa7,0x31,0xce,0x73,0xae,0x6b,0x6d,0x63,0x18,0xc6,0xf4,0x9c,0x06,0x19,0x07,0x09,
    0xb1,0x32,0xb1,0x32,0xb2,0x32,0xb2,0x32,0xb2,0x2a,0xb2,0x2a,0xb2,0x2a,0xb2,0x2a,
    0xb2,0x2a,0x51,0x1a,0x30,0x0a,0x91,0x2a,0xb2,0x32,0xd2,0x3a,0xf3,0x42,0xf3,0x3a,
    0xd3,0x3a,0xd2,0x3a,0xd2,0x32,0xd2,0x32,0xb2,0x32,0x71,0x2a,0x91,0x2a,0x51,0x12,
    0x30,0x12,0x2f,0x1a,0x51,0x1a,0x89,0x21,0x67,0x21,0x4b,0x32,0xf2,0x6b,0xd9,0xad,
    0xff,0xbb,0xd6,0xb8,0xad,0x6f,0x5b,0x96,0xad,0xf7,0xbd,0x4e,0x63,0xef,0x4a,0x14,
    0x9d,0xd2,0x94,0x75,0xa5,0x38,0xc6,0x59,0xce,0x92,0x8c,0xab,0x42,0xab,0x42,0x51,
    0x84,0xd5,0x8c,0x13,0x74,0xad,0x4a,0xed,0x52,0x75,0xad,0xba,0xd6,0xdb,0xde,0xdb,
    0xde,0xdb,0xde,0xba,0xd6,0x10,0x74,0x6b,0x3a,0x4a,0x32,0x6a,0x42,0xc7,0x31,0x89,
    0x21,0x0a,0x32,0x10,0x7c,0x38,0xc6,0x75,0xad,0x10,0x7c,0x26,0x19,0x4a,0x42,0x26,
    0x19,0xc4,0x18,0x24,0x21,0xa3,0x10,0x6c,0x3a,0x10,0x4b,0xd0,0x42,0xef,0x4a,0x2f,
    0x53,0xb0,0x6b,0x06,0x19,0x6c,0x32,0x83,0x08,0x88,0x19,0x14,0x9d,0x18,0xbe,0x18,
    0xbe,0xd7,0xb5,0x96,0xad,0xf1,0x73,0x03,0x00,0x23,0x00,0x03,0x00,0x00,0x00,0x52,
    0x7c,0x72,0x84,0x52,0x84,0x53,0x7c,0x53,0x7c,0x6f,0x63,0x02,0x00,0x63,0x00,0x83,
    0x08,0x22,0x00,0x32,0x7c,0x31,0x7c,0x4d,0x63,0x25,0x21,0x42,0x00,0x46,0x21,0x62,
    0x08,0x22,0x00,0x42,0x00,0x42,0x00,0x08,0x42,0xf7,0xbd,0xda,0xd6,0x18,0xbe,0xd3,
    0x9c,0xcb,0x52,0x46,0x21,0xe5,0x18,0x42,0x00,0x62,0x08,0x62,0x00,0x63,0x00,0x83,
    0x08,0xc4,0x18,0xc4,0x18,0xa3,0x10,0xa3,0x10,0xa3,0x10,0xa3,0x18,0xc3,0x18,0xc4,
    0x18,0x83,0x08,0x83,0x08,0x63,0x08,0x63,0x08,0x63,0x08,0x63,0x08,0x63,0x08,0x63,
    0x08,0x63,0x08,0x63,0x08,0x63,0x08,0x63,0x08,0x63,0x08,0x63,0x08,0x83,0x08,0xc4,
    0x18,0xc5,0x18,0xca,0x29,0xee,0x52,0xf0,0x73,0x14,0x9d,0x18,0xbe,0x54,0xa5,0xff,
    0x9a,0xd6,0xdb,0xde,0x14,0x9d,0xea,0x31,0x2a,0x09,0x6a,0x09,0x4d,0x3a,0xb4,0x63,
    0x93,0x5b,0x53,0x53,0xef,0x52,0x21,0x00,0x82,0x08,0x0a,0x3a,0x0d,0x53,0x6d,0x63,
    0x4c,0x5b,0xaf,0x6b,0x72,0x84,0x73,0x7c,0x36,0x9d,0x77,0xad,0xf8,0xbd,0xf8,0xbd,
    0x18,0xbe,0x39,0xc6,0x79,0xce,0x9a,0xd6,0xba,0xd6,0xdb,0xde,0xdb,0xde,0xbb,0xd6,
    0x7a,0xce,0x5a,0xc6,0x5b,0xc6,0x3a,0xc6,0x1a,0xbe,0x1a,0xbe,0xf9,0xb5,0x16,0x9d,
    0x6f,0x5b,0xd2,0x94,0xba,0xd6,0xdb,0xde,0xb5,0x8c,0x34,0x43,0x75,0x53,0xb5,0x5b,
    0xb5,0x5b,0x95,0x53,0x55,0x4b,0x54,0x4b,0x34,0x43,0x34,0x43,0x14,0x43,0x14,0x43,
    0x34,0x43,0x55,0x4b,0x75,0x53,0x75,0x53,0x75,0x53,0x75,0x53,0x75,0x53,0x95,0x53,
    0x95,0x53,0x95,0x5b,0xb5,0x5b,0xf6,0x6b,0x16,0x74,0x36,0x74,0x16,0x74,0xf6,0x6b,
    0xb5,0x63,0xb5,0x63,0xb5,0x5b,0xf5,0x73,0x16,0xce,0xd9,0xde,0xda,0xde,0xda,0xde,
    0xda,0xde,0xda,0xde,0xda,0xde,0xda,0xde,0xda,0xde,0xda,0xde,0xd9,0xde,0xd9,0xde,
    0xd8,0xde,0x76,0xd6,0x94,0xbd,0x72,0x94,0xf1,0x4a,0x71,0x12,0x30,0x12,0x0f,0x02,
    0xef,0x01,0xef,0x01,0x0f,0x02,0x30,0x12,0x50,0x22,0x8a,0x21,0xe9,0x21,0x0e,0x4b,
    0xf1,0x73,0x90,0x6b,0xee,0x4a,0x0e,0x53,0x0d,0x63,0x44,0x00,0x44,0x00,0x44,0x00,
    0x44,0x00,0x44,0x00,0x44,0x00,0x44,0x00,0x44,0x00,0x44,0x00,0x44,0x00,0x44,0x00,
    0x43,0x00,0x63,0x00,0xa7,0x31,0xcb,0x52,0xeb,0x52,0x48,0x42,0x25,0x21,0xff,0xc5,
    0x10,0xc5,0x10,0xc5,0x10,0xe5,0x18,0x04,0x21,0x07,0x3a,0xef,0x7b,0x8e,0x6b,0xae,
    0x6b,0x79,0xce,0xdb,0xde,0x55,0xad,0x67,0x21,0x8a,0x19,0xd1,0x3a,0xd2,0x3a,0xf2,
    0x3a,0x13,0x43,0x13,0x43,0x33,0x4b,0x13,0x43,0xf3,0x42,0xb2,0x32,0x50,0x1a,0xd2,
    0x3a,0xb2,0x32,0xf2,0x3a,0x13,0x43,0xf3,0x42,0xf3,0x42,0xf3,0x3a,0xf3,0x3a,0xf3,
    0x3a,0xd3,0x3a,0x92,0x2a,0xb2,0x32,0x91,0x2a,0xb2,0x32,0xb2,0x32,0x91,0x22,0x71,
    0x22,0x0f,0x12,0xcb,0x19,0xce,0x42,0x74,0x7c,0xd9,0xb5,0x9a,0xce,0x3a,0xbe,0xf1,
    0x73,0xd7,0xb5,0x6e,0x6b,0x6f,0x32,0x72,0x84,0x30,0x7c,0xce,0x6b,0x51,0x7c,0xd8,
    0xb5,0x97,0xad,0x0e,0x53,0xcb,0x4a,0x31,0x7c,0x96,0xad,0x12,0x74,0x50,0x5b,0x2e,
    0x5b,0x55,0xa5,0xba,0xd6,0xdb,0xde,0xdb,0xde,0xdb,0xde,0xdb,0xde,0x76,0xad,0x0e,
    0x53,0xed,0x4a,0xed,0x4a,0xe8,0x29,0x0a,0x32,0x0d,0x53,0x10,0x7c,0x9a,0xd6,0xdb,
    0xde,0xdb,0xde,0x59,0xce,0xf7,0xbd,0x6e,0x6b,0x25,0x21,0x8a,0x4a,0xa7,0x31,0xc4,
    0x10,0x0d,0x5b,0xb1,0x6b,0x30,0x53,0xef,0x42,0xef,0x4a,0x0e,0x53,0x84,0x08,0xe6,
    0x08,0x82,0x10,0xc4,0x10,0xb7,0xb5,0x38,0xc6,0x18,0xbe,0xd7,0xb5,0x75,0xa5,0x6f,
    0x63,0x65,0x00,0x86,0x00,0x86,0x00,0x06,0x19,0x93,0x8c,0x93,0x84,0x52,0x84,0x32,
    0x7c,0x32,0x7c,0x0d,0x5b,0x01,0x00,0x43,0x00,0x63,0x08,0xc4,0x10,0xb4,0x8c,0xb4,
    0x8c,0xb4,0x8c,0x35,0x9d,0x51,0x84,0xa7,0x31,0x42,0x00,0x42,0x00,0xff,0x42,0x00,
    0x42,0x00,0x88,0x21,0x0a,0x2a,0x0c,0x5b,0x55,0xa5,0x79,0xce,0xba,0xd6,0x2c,0x63,
    0x42,0x00,0x42,0x00,0x42,0x00,0x62,0x00,0x63,0x08,0xc4,0x18,0x25,0x21,0x25,0x21,
    0x05,0x21,0xe4,0x18,0xa3,0x10,0xa3,0x10,0xa3,0x10,0xc4,0x18,0x63,0x08,0x63,0x08,
    0x63,0x08,0x63,0x08,0x63,0x08,0x63,0x08,0x83,0x08,0x83,0x08,0x83,0x08,0x83,0x08,
    0x83,0x08,0x83,0x08,0x83,0x08,0x84,0x08,0x84,0x08,0xc5,0x10,0xe5,0x18,0x49,0x11,
    0xcc,0x11,0x6e,0x32,0xd2,0x6b,0xf4,0x94,0x9a,0xd6,0xdb,0xde,0x13,0x9d,0xc7,0x41,
    0x0e,0x63,0x4a,0x09,0xab,0x19,0x4d,0x32,0x95,0x8c,0x34,0x74,0x73,0x5b,0x51,0x53,
    0xc3,0x10,0xc4,0x18,0x05,0x19,0xac,0x42,0x09,0x32,0xc8,0x29,0x2d,0x5b,0x56,0x9d,
    0xf8,0xbd,0x7a,0xce,0x3a,0xc6,0x5b,0xc6,0x3a,0xc6,0x5a,0xc6,0x39,0xc6,0x39,0xc6,
    0x59,0xc6,0x38,0xc6,0x79,0xce,0x59,0xce,0xba,0xd6,0xdb,0xde,0xba,0xd6,0x9a,0xce,
    0x7a,0xce,0x5a,0xc6,0x7a,0xc6,0x9b,0xce,0x7a,0xce,0xf6,0x94,0x6e,0x63,0x59,0xce,
    0xd5,0x94,0xf4,0x3a,0x34,0x43,0x35,0x43,0x55,0x4b,0x95,0x53,0xb5,0x63,0xd6,0x63,
    0xb5,0x63,0x95,0x5b,0x75,0x4b,0x55,0x4b,0x54,0x4b,0x34,0x43,0x34,0x43,0x34,0x43,
    0x54,0x4b,0x75,0x53,0x75,0x53,0x75,0x53,0x95,0x53,0x95,0x53,0x95,0x53,0x95,0x53,
    0x95,0x53,0x95,0x5b,0xb5,0x63,0xf6,0x6b,0x36,0x74,0x36,0x74,0x16,0x74,0x15,0x7c,
    0xf6,0xc5,0xd9,0xde,0xda,0xde,0xda,0xde,0xda,0xde,0xda,0xde,0xff,0xda,0xde,0xda,
    0xde,0xda,0xde,0xda,0xde,0xda,0xde,0xda,0xde,0xd9,0xde,0xd9,0xde,0xd8,0xde,0xd7,
    0xde,0xb6,0xde,0x55,0xd6,0x33,0xad,0xd2,0x73,0xd1,0x42,0x51,0x1a,0x30,0x0a,0x0f,
    0x02,0x10,0x02,0x51,0x1a,0x30,0x12,0xce,0x09,0xcf,0x42,0x75,0x7c,0x99,0xad,0xd9,
    0xb5,0x53,0x84,0xb0,0x73,0x44,0x00,0x44,0x00,0x44,0x00,0x44,0x00,0x44,0x00,0x44,
    0x00,0x44,0x00,0x44,0x00,0x44,0x00,0x44,0x00,0x44,0x00,0x44,0x00,0x44,0x00,0x43,
    0x00,0x63,0x00,0x04,0x19,0x25,0x21,0xc4,0x18,0xc5,0x10,0xc5,0x10,0xc4,0x18,0x05,
    0x21,0x28,0x42,0xef,0x73,0x8d,0x63,0xef,0x73,0x9a,0xd6,0xdb,0xde,0xf3,0x9c,0x45,
    0x29,0xa7,0x29,0xec,0x21,0xf2,0x3a,0xf2,0x3a,0xf2,0x3a,0xf2,0x3a,0xf2,0x3a,0x13,
    0x43,0x33,0x4b,0x13,0x43,0x71,0x1a,0xd2,0x32,0xb2,0x32,0xf2,0x3a,0x13,0x43,0x13,
    0x43,0x13,0x43,0x13,0x43,0x13,0x43,0xf3,0x3a,0xf3,0x3a,0xd3,0x3a,0xb2,0x32,0x51,
    0x1a,0xd2,0x32,0x91,0x22,0xb2,0x32,0x92,0x2a,0x91,0x2a,0x71,0x22,0x51,0x1a,0x50,
    0x22,0xd0,0x42,0x74,0x84,0xd9,0xb5,0x74,0x84,0xab,0x4a,0xad,0x4a,0x0f,0x12,0xf0,
    0x73,0x4c,0x5b,0x6a,0x42,0x6f,0x5b,0x57,0xa5,0xb9,0xb5,0xd6,0x8c,0x4f,0x5b,0xaf,
    0x6b,0x18,0xbe,0xd4,0x94,0x0e,0x53,0xf1,0x73,0x92,0x8c,0xb6,0xb5,0x9a,0xd6,0xba,
    0xd6,0xdb,0xde,0x9a,0xd6,0x18,0xbe,0x31,0x7c,0xd1,0x6b,0xb1,0x63,0xcd,0x42,0xea,
    0x31,0xaf,0x6b,0xb6,0xb5,0xdb,0xde,0xdb,0xde,0xdb,0xde,0xff,0xdb,0xde,0x51,0x84,
    0x09,0x3a,0x29,0x3a,0xcb,0x52,0xcb,0x52,0x05,0x21,0x68,0x21,0x87,0x29,0x46,0x21,
    0xe8,0x31,0x8c,0x42,0xef,0x4a,0x6c,0x42,0xa6,0x00,0xa5,0x08,0x83,0x10,0xa7,0x31,
    0xd7,0xb5,0x39,0xc6,0x18,0xbe,0xb7,0xad,0x35,0x9d,0xed,0x4a,0xca,0x21,0x49,0x11,
    0xa6,0x00,0xc9,0x31,0x72,0x84,0x52,0x7c,0x32,0x7c,0xf1,0x73,0x12,0x74,0x09,0x3a,
    0x01,0x00,0x02,0x00,0x23,0x00,0x09,0x3a,0xd5,0x8c,0xd5,0x8c,0xd5,0x8c,0xd5,0x8c,
    0xf5,0x94,0xe9,0x31,0x42,0x00,0x63,0x00,0x63,0x00,0x63,0x08,0xc4,0x10,0x67,0x19,
    0xe9,0x29,0x2a,0x2a,0xab,0x42,0xaf,0x73,0x83,0x08,0x42,0x00,0x42,0x00,0x42,0x00,
    0x63,0x08,0x25,0x21,0x46,0x21,0x45,0x21,0x45,0x21,0x25,0x21,0x25,0x21,0x25,0x21,
    0xc4,0x10,0xa3,0x10,0xa3,0x10,0x83,0x08,0x83,0x08,0x83,0x08,0x83,0x08,0x83,0x08,
    0xa4,0x10,0x83,0x08,0x83,0x08,0xa3,0x08,0x83,0x08,0x84,0x08,0x84,0x08,0x83,0x08,
    0x84,0x08,0x84,0x08,0xc4,0x18,0xc5,0x10,0x6a,0x11,0x0d,0x1a,0x10,0x4b,0xf2,0x6b,
    0x33,0x74,0x15,0x9d,0xb2,0x94,0xc7,0x39,0x8f,0x73,0x16,0x9d,0xcb,0x21,0xcf,0x42,
    0x50,0x53,0xb2,0x6b,0xd3,0x6b,0x31,0x53,0x6c,0x32,0x66,0x29,0xc8,0x29,0xcc,0x4a,
    0x6b,0x3a,0x09,0x2a,0x6a,0x4a,0x92,0x94,0xf8,0xbd,0x16,0x95,0x77,0xa5,0x5a,0xc6,
    0x5a,0xc6,0x1a,0xbe,0x3a,0xc6,0x5a,0xc6,0x7a,0xce,0x5a,0xce,0x18,0xbe,0xb2,0x8c,
    0x71,0x84,0x75,0xad,0x79,0xce,0xdb,0xde,0xdb,0xde,0xff,0xbb,0xd6,0x7a,0xce,0xf6,
    0x94,0x97,0xad,0x9b,0xce,0xb5,0x8c,0x8b,0x4a,0xd2,0x73,0xd3,0x2a,0x14,0x3b,0x34,
    0x43,0x34,0x43,0x35,0x43,0x55,0x4b,0x55,0x4b,0x75,0x53,0xb5,0x5b,0xd6,0x63,0xf6,
    0x6b,0xd6,0x63,0x75,0x53,0x54,0x4b,0x55,0x4b,0x34,0x4b,0x34,0x43,0x34,0x43,0x34,
    0x43,0x55,0x4b,0x75,0x53,0x95,0x53,0x95,0x53,0x95,0x53,0x95,0x53,0x95,0x53,0x95,
    0x53,0x95,0x5b,0x95,0x5b,0xd5,0x63,0x55,0x84,0x57,0xce,0xd9,0xde,0xda,0xde,0xda,
    0xde,0xda,0xde,0xda,0xde,0xda,0xde,0xda,0xde,0xda,0xde,0xda,0xde,0xda,0xde,0xda,
    0xde,0xda,0xde,0xd9,0xde,0xd9,0xde,0xd9,0xde,0xd8,0xde,0xd8,0xde,0xd8,0xde,0xd7,
    0xde,0x97,0xde,0x56,0xce,0x33,0xad,0x50,0x63,0xb1,0x32,0x71,0x1a,0x50,0x12,0x30,
    0x02,0x10,0x02,0x10,0x02,0x30,0x1a,0xd0,0x42,0xf3,0x73,0x30,0x53,0x90,0x63,0x44,
    0x00,0x44,0x00,0x44,0x00,0x44,0x00,0x44,0x00,0x44,0x00,0x44,0x00,0x44,0x00,0x44,
    0x00,0x44,0x00,0x44,0x00,0x44,0x00,0x44,0x00,0x44,0x00,0x44,0x00,0xa4,0x10,0xc4,
    0x18,0xc4,0x18,0xc4,0x18,0xc4,0x18,0xc4,0x10,0x05,0x19,0x2c,0x63,0x0c,0x53,0x30,
    0x84,0x9a,0xd6,0xba,0xd6,0xb2,0x94,0xc3,0x18,0x4a,0x3a,0xcf,0x3a,0x0d,0x22,0xd1,
    0x3a,0xd1,0x3a,0xd2,0x3a,0xd2,0x3a,0xf2,0x3a,0xf2,0x3a,0xf2,0x3a,0xf2,0x3a,0x30,
    0x12,0xf3,0x3a,0x91,0x22,0x13,0x43,0x13,0x43,0x13,0x43,0x13,0x43,0xf3,0x3a,0xf3,
    0x3a,0xd3,0x3a,0xd3,0x3a,0xf3,0x3a,0xb2,0x32,0xff,0x50,0x12,0xd2,0x32,0x71,0x22,
    0xd2,0x32,0xb2,0x32,0x92,0x2a,0x71,0x22,0x71,0x1a,0x71,0x1a,0x51,0x1a,0x10,0x02,
    0xce,0x01,0x2e,0x2a,0xed,0x29,0x30,0x12,0x4f,0x2a,0xe8,0x31,0xab,0x4a,0x8b,0x3a,
    0x94,0x84,0x3a,0xbe,0x7a,0xce,0xb5,0x8c,0x2e,0x5b,0xf7,0xbd,0xd7,0xb5,0x8f,0x6b,
    0xf2,0x73,0x34,0xa5,0x54,0xa5,0xf7,0xbd,0x79,0xce,0xd7,0xb5,0x31,0x7c,0x2d,0x5b,
    0x0c,0x53,0x92,0x84,0x53,0x7c,0xf2,0x6b,0x6c,0x42,0x71,0x84,0x18,0xbe,0xdb,0xde,
    0xdb,0xde,0xdb,0xde,0xdb,0xde,0x96,0xad,0x6b,0x3a,0x4a,0x3a,0x8a,0x42,0xeb,0x52,
    0x87,0x29,0xc9,0x29,0xeb,0x52,0x75,0xad,0x51,0x84,0x4a,0x42,0xa4,0x00,0xa7,0x29,
    0x2a,0x3a,0xc7,0x08,0xe4,0x18,0xa3,0x10,0xe8,0x39,0x35,0xa5,0xb7,0xad,0xb7,0xb5,
    0x76,0xa5,0xd4,0x8c,0xc8,0x31,0x6c,0x3a,0x88,0x21,0x88,0x19,0x8c,0x42,0x11,0x74,
    0x32,0x7c,0xf1,0x6b,0xb0,0x63,0xd1,0x6b,0x84,0x08,0x03,0x00,0x01,0x00,0x00,0x00,
    0xed,0x52,0xd4,0x8c,0xb4,0x8c,0xb4,0x8c,0xd5,0x8c,0xd5,0x8c,0x22,0x00,0x62,0x00,
    0x83,0x08,0x63,0x00,0xab,0x52,0x30,0x84,0xcb,0x52,0x21,0x00,0xc4,0x10,0xc8,0x29,
    0x49,0x42,0x42,0x00,0x42,0x00,0x43,0x00,0x63,0x08,0x92,0x94,0x79,0xce,0x14,0xa5,
    0xae,0x73,0x66,0x21,0x25,0x19,0x09,0x42,0xe8,0x39,0x83,0x08,0xa4,0x10,0x83,0x08,
    0xa4,0x10,0xa4,0x10,0xa4,0x10,0xa4,0x10,0xa4,0x10,0x83,0x08,0x83,0x08,0x83,0x08,
    0x83,0x08,0x83,0x08,0x83,0x08,0x83,0x08,0xff,0x84,0x08,0x83,0x08,0x83,0x08,0xe4,
    0x18,0xe4,0x18,0x28,0x11,0xcb,0x21,0x10,0x4b,0x92,0x63,0x51,0x53,0x8f,0x3a,0xe9,
    0x39,0x8f,0x73,0xf5,0x94,0x37,0xa5,0xb2,0x63,0x70,0x53,0xee,0x4a,0x8e,0x42,0x31,
    0x53,0x6d,0x3a,0x0a,0x2a,0xe8,0x31,0x66,0x21,0xab,0x42,0x6e,0x5b,0x6a,0x4a,0x92,
    0x94,0x9a,0xce,0xd7,0xb5,0xb7,0xb5,0x19,0xbe,0x5a,0xc6,0x3a,0xc6,0xf9,0xb5,0xd9,
    0xb5,0x1a,0xbe,0x5a,0xc6,0x7b,0xce,0x5a,0xc6,0x56,0xa5,0xd5,0x8c,0x73,0x84,0xf3,
    0x94,0x38,0xc6,0xdb,0xde,0xdb,0xde,0xdb,0xde,0xdb,0xd6,0x77,0xa5,0xf2,0x42,0xb0,
    0x3a,0x50,0x22,0xd3,0x32,0x14,0x3b,0x14,0x3b,0x14,0x3b,0x14,0x43,0x34,0x43,0x34,
    0x43,0x55,0x4b,0x55,0x4b,0x55,0x4b,0x75,0x4b,0x95,0x5b,0xf6,0x6b,0x16,0x74,0xd6,
    0x63,0x75,0x53,0x55,0x4b,0x55,0x4b,0x54,0x4b,0x34,0x4b,0x34,0x43,0x34,0x43,0x34,
    0x43,0x55,0x4b,0x75,0x53,0x95,0x53,0x95,0x53,0x95,0x53,0x95,0x53,0x95,0x53,0x35,
    0x7c,0x78,0xd6,0xd9,0xde,0xda,0xde,0xda,0xde,0xda,0xde,0xda,0xde,0xda,0xde,0xda,
    0xde,0xda,0xde,0xda,0xde,0xda,0xde,0xda,0xde,0xda,0xde,0xda,0xde,0xd9,0xde,0xd9,
    0xde,0xd9,0xde,0xd9,0xde,0xd9,0xde,0xd8,0xde,0xd8,0xde,0xd8,0xde,0xd8,0xde,0xd7,
    0xde,0xb7,0xde,0xf4,0xc5,0xd3,0xa4,0x92,0x6b,0x71,0x2a,0x51,0x12,0x51,0x0a,0x31,
    0x02,0x31,0x02,0x10,0x02,0x30,0x0a,0x10,0x0a,0x44,0x00,0x44,0x00,0x43,0x00,0x43,
    0x00,0x44,0x00,0x44,0x00,0x44,0x00,0xff,0x44,0x00,0x44,0x00,0x44,0x00,0x44,0x00,
    0x44,0x00,0x44,0x00,0x44,0x00,0x44,0x00,0xa4,0x08,0xe4,0x18,0xe4,0x18,0xe4,0x18,
    0xe4,0x18,0xc4,0x18,0xc4,0x10,0xa4,0x08,0xe8,0x39,0x79,0xce,0xba,0xd6,0x30,0x84,
    0x04,0x21,0x8c,0x42,0x8f,0x32,0x70,0x2a,0xcf,0x42,0xf1,0x42,0xd1,0x3a,0xd2,0x3a,
    0xd2,0x3a,0xf2,0x3a,0xf2,0x3a,0xf2,0x3a,0xf3,0x3a,0x51,0x1a,0xd2,0x3a,0xb2,0x32,
    0xd2,0x3a,0x13,0x43,0x13,0x43,0xf3,0x3a,0xd3,0x3a,0xd2,0x32,0xd3,0x32,0xf3,0x3a,
    0xd3,0x3a,0x91,0x22,0x51,0x1a,0xd2,0x32,0x71,0x22,0xd2,0x32,0xb2,0x32,0x91,0x22,
    0x71,0x1a,0x71,0x1a,0x71,0x1a,0x51,0x12,0x30,0x0a,0x30,0x12,0x51,0x12,0x51,0x12,
    0x51,0x12,0x50,0x32,0x69,0x19,0xc9,0x21,0x4f,0x53,0x17,0x9d,0x7a,0xce,0x9a,0xce,
    0xd5,0x8c,0x10,0x7c,0x18,0xc6,0xb0,0x73,0x30,0x53,0x13,0x9d,0xb2,0x8c,0xd2,0x94,
    0x96,0xad,0x39,0xc6,0x52,0x7c,0xac,0x42,0xec,0x4a,0x72,0x84,0xf4,0x94,0xb1,0x63,
    0x0f,0x53,0x92,0x8c,0x79,0xce,0xdb,0xde,0xdb,0xde,0xdb,0xde,0xdb,0xde,0x9a,0xd6,
    0xb0,0x6b,0x8c,0x3a,0xac,0x42,0x09,0x32,0x08,0x32,0x4a,0x3a,0xec,0x52,0xf8,0xbd,
    0xdb,0xde,0xdb,0xde,0x9a,0xce,0x55,0xad,0x4d,0x63,0x09,0x3a,0x86,0x29,0x25,0x21,
    0xa3,0x10,0x4a,0x42,0xd4,0x94,0xd4,0x94,0xb4,0x8c,0x93,0x84,0x12,0x74,0x87,0x29,
    0x68,0x19,0x83,0x08,0x83,0x08,0x6b,0x42,0x70,0x5b,0xb0,0x63,0x90,0x63,0x70,0x5b,
    0x70,0x63,0xc6,0x08,0x65,0x00,0xff,0x65,0x00,0x24,0x00,0x4f,0x63,0x94,0x84,0xb4,
    0x8c,0xb4,0x8c,0xd5,0x8c,0x73,0x84,0x00,0x00,0x42,0x00,0x83,0x08,0x63,0x00,0xf1,
    0x73,0x36,0x9d,0x76,0xa5,0x76,0xad,0x8e,0x73,0xa7,0x31,0x63,0x00,0x42,0x00,0x43,
    0x00,0x43,0x00,0xa3,0x08,0x6a,0x42,0x92,0x8c,0x59,0xce,0x9a,0xd6,0x79,0xce,0x92,
    0x8c,0x4d,0x6b,0xc4,0x10,0x83,0x08,0x83,0x08,0x83,0x08,0xa4,0x10,0xa4,0x10,0xa4,
    0x10,0xa4,0x10,0xa3,0x10,0xa3,0x08,0x83,0x08,0x83,0x08,0x83,0x08,0x83,0x08,0x83,
    0x08,0x83,0x00,0x64,0x08,0x84,0x08,0xa4,0x10,0xc4,0x18,0xe4,0x18,0xe4,0x18,0xe5,
    0x18,0x68,0x21,0x4e,0x2a,0x0d,0x22,0xac,0x09,0xae,0x4a,0x74,0x84,0xb5,0x8c,0xb5,
    0x8c,0x13,0x74,0x0a,0x2a,0xa8,0x21,0xa9,0x29,0xae,0x42,0x6b,0x3a,0xab,0x4a,0x2d,
    0x5b,0x29,0x3a,0x6b,0x3a,0xac,0x4a,0x51,0x8c,0x7a,0xce,0x18,0xbe,0x18,0xbe,0x9a,
    0xce,0xbb,0xd6,0xdb,0xde,0xdb,0xd6,0x9b,0xce,0xf9,0xbd,0x98,0xad,0xd9,0xb5,0x5a,
    0xc6,0x5a,0xc6,0x5a,0xc6,0xf9,0xbd,0x78,0xa5,0x78,0xa5,0xb4,0x8c,0x18,0xbe,0xdb,
    0xde,0xdb,0xde,0xdb,0xde,0xdb,0xde,0x56,0xad,0x34,0x4b,0x14,0x3b,0x14,0x43,0x34,
    0x43,0x14,0x43,0x34,0x43,0x34,0x43,0x34,0x43,0x34,0x4b,0x74,0x53,0x55,0x4b,0x55,
    0x4b,0x55,0x4b,0x55,0x4b,0x75,0x53,0xb5,0x63,0xf6,0x6b,0xd6,0x63,0xd6,0x6b,0xb5,
    0x63,0x75,0x53,0x55,0x4b,0x55,0x4b,0x55,0x4b,0x54,0x4b,0x34,0x43,0x34,0x43,0x54,
    0x4b,0x75,0x53,0x75,0x53,0xff,0x95,0x53,0xf5,0x73,0x78,0xd6,0xd9,0xde,0xda,0xde,
    0xda,0xde,0xda,0xde,0xda,0xde,0xda,0xde,0xda,0xde,0xda,0xde,0xda,0xde,0xda,0xde,
    0xda,0xde,0xda,0xde,0xda,0xde,0xda,0xde,0xd9,0xde,0xd9,0xde,0xd9,0xde,0xd9,0xde,
    0xd9,0xde,0xd9,0xde,0xd9,0xde,0xd9,0xde,0xd9,0xde,0xd8,0xde,0xd8,0xde,0xd8,0xde,
    0xb7,0xde,0x96,0xde,0x15,0xce,0x71,0x94,0x32,0x5b,0xb2,0x2a,0x71,0x12,0x51,0x12,
    0x92,0x1a,0xb3,0x2a,0xe5,0x18,0x84,0x08,0x43,0x00,0x63,0x00,0x63,0x00,0x63,0x00,
    0x63,0x00,0x63,0x00,0x63,0x00,0x64,0x00,0x44,0x00,0x63,0x00,0x44,0x00,0x44,0x00,
    0x44,0x00,0x84,0x08,0xe4,0x18,0x05,0x21,0xe4,0x18,0xe4,0x18,0xc4,0x10,0xa4,0x10,
    0x84,0x00,0x64,0x00,0xcb,0x5a,0x8d,0x6b,0xc3,0x18,0xee,0x4a,0x90,0x32,0x70,0x2a,
    0xb1,0x32,0xd7,0xb5,0xb7,0xad,0xb5,0x8c,0x32,0x4b,0xd2,0x3a,0xf2,0x3a,0xf2,0x3a,
    0xf3,0x3a,0x13,0x43,0xf2,0x3a,0x71,0x1a,0xf3,0x3a,0xb2,0x32,0xd2,0x3a,0xf3,0x3a,
    0xf3,0x42,0xf3,0x3a,0xf3,0x3a,0xf3,0x3a,0xd2,0x32,0x71,0x22,0x51,0x1a,0xb2,0x32,
    0x71,0x22,0xb2,0x32,0xd2,0x32,0xb2,0x2a,0x71,0x22,0x71,0x1a,0x71,0x1a,0x51,0x12,
    0x30,0x0a,0x51,0x12,0x71,0x1a,0x71,0x1a,0x51,0x12,0x51,0x12,0x30,0x12,0x30,0x12,
    0x2e,0x1a,0x30,0x53,0xf6,0x94,0xf9,0xbd,0x19,0xbe,0x16,0x95,0x30,0x84,0x90,0x6b,
    0xb0,0x42,0x51,0x84,0x8d,0x6b,0x0d,0x53,0x32,0x7c,0xb8,0xad,0xb8,0xad,0x54,0x7c,
    0xcc,0x4a,0x51,0x84,0xff,0x96,0xad,0xf1,0x73,0xce,0x4a,0x51,0x84,0xb2,0x8c,0x58,
    0xc6,0xdb,0xde,0xdb,0xde,0xdb,0xde,0xdb,0xde,0xf4,0x94,0x8f,0x63,0x2f,0x53,0x0e,
    0x4b,0xe9,0x31,0x0c,0x53,0x92,0x8c,0x79,0xce,0xdb,0xde,0xdb,0xde,0xdb,0xde,0xf4,
    0x9c,0x0c,0x5b,0x4d,0x63,0x28,0x3a,0xeb,0x52,0x04,0x21,0xe6,0x18,0xc9,0x31,0xec,
    0x5a,0xf0,0x73,0x73,0x7c,0xb2,0x63,0x70,0x5b,0x46,0x21,0xa6,0x00,0xa3,0x10,0x83,
    0x10,0x8c,0x42,0x0f,0x53,0x50,0x5b,0x70,0x5b,0x91,0x63,0x70,0x63,0x69,0x19,0xe7,
    0x08,0xa6,0x00,0xa6,0x00,0x90,0x6b,0x73,0x84,0xb4,0x8c,0xb4,0x8c,0xd5,0x94,0x11,
    0x7c,0x00,0x00,0x22,0x00,0x43,0x00,0x02,0x00,0x93,0x8c,0x56,0xa5,0x56,0xa5,0x36,
    0xa5,0x97,0xad,0x32,0x84,0x01,0x00,0x63,0x00,0x63,0x08,0x42,0x00,0xc4,0x10,0xe9,
    0x29,0x2b,0x2a,0x2b,0x32,0x6e,0x6b,0xd3,0x94,0x72,0x8c,0xa9,0x19,0xa4,0x10,0x83,
    0x08,0x62,0x00,0x63,0x08,0xa4,0x10,0xa4,0x10,0xa4,0x10,0xa4,0x10,0xa3,0x08,0x83,
    0x08,0x84,0x08,0x84,0x08,0x84,0x08,0x84,0x00,0x64,0x00,0x63,0x00,0x84,0x00,0x84,
    0x08,0xa3,0x08,0xc4,0x18,0xe4,0x18,0xe4,0x18,0xc4,0x10,0x84,0x08,0x49,0x11,0x8c,
    0x09,0x6b,0x01,0xed,0x21,0x75,0x84,0xd6,0x94,0xb5,0x8c,0xf3,0x73,0x46,0x21,0xe4,
    0x18,0x26,0x21,0xcd,0x4a,0x2d,0x5b,0x8e,0x6b,0xae,0x6b,0x0d,0x53,0xf1,0x73,0xd0,
    0x6b,0xb3,0x8c,0xf8,0xbd,0x96,0xad,0xb6,0xad,0x18,0xbe,0x79,0xce,0x9a,0xd6,0x9a,
    0xd6,0xbb,0xd6,0xff,0xbb,0xd6,0x9b,0xce,0x5a,0xc6,0x3a,0xc6,0x5a,0xc6,0x5a,0xc6,
    0x5a,0xc6,0x3a,0xbe,0xb8,0xad,0x16,0x95,0x12,0x74,0x14,0x9d,0xdb,0xde,0xdb,0xde,
    0xdb,0xd6,0x13,0x7c,0x34,0x43,0x34,0x43,0x55,0x4b,0x55,0x4b,0x55,0x4b,0x34,0x43,
    0x34,0x43,0xd5,0x63,0x19,0xbe,0x5a,0xc6,0xf9,0xb5,0x96,0x84,0x54,0x4b,0x34,0x4b,
    0x75,0x4b,0x95,0x5b,0xb6,0x63,0xb5,0x5b,0x95,0x5b,0xb5,0x63,0xd6,0x6b,0xd6,0x6b,
    0xb5,0x63,0x75,0x53,0x55,0x4b,0x55,0x4b,0x55,0x4b,0x34,0x4b,0x34,0x43,0x34,0x43,
    0xb4,0x6b,0x58,0xce,0xd9,0xde,0xda,0xde,0xda,0xde,0xda,0xde,0xda,0xde,0xda,0xde,
    0xda,0xde,0xda,0xde,0xda,0xde,0xda,0xde,0xda,0xde,0xda,0xde,0xda,0xde,0xda,0xde,
    0xda,0xde,0xd9,0xde,0xd9,0xde,0xd9,0xde,0xd9,0xde,0xd9,0xde,0xd9,0xde,0xd9,0xde,
    0xd9,0xde,0xd9,0xde,0xd9,0xde,0xd9,0xde,0xd8,0xde,0xd8,0xde,0xd8,0xde,0xd7,0xde,
    0xb7,0xde,0x55,0xd6,0xb4,0xc5,0x92,0x94,0xf1,0x4a,0x92,0x22,0xd3,0x2a,0xe4,0x18,
    0xc4,0x18,0xa4,0x10,0x84,0x08,0x64,0x00,0x64,0x00,0x63,0x00,0x63,0x00,0x63,0x00,
    0x63,0x00,0x63,0x00,0x63,0x00,0x44,0x00,0x44,0x00,0x44,0x00,0x84,0x08,0xe4,0x18,
    0x25,0x21,0x05,0x21,0xe5,0x18,0xc4,0x10,0x83,0x10,0x84,0x08,0x84,0x00,0x85,0x00,
    0xe5,0x10,0xce,0x4a,0x6f,0x32,0x70,0x22,0x70,0x2a,0xb1,0x32,0xb7,0xad,0x59,0xc6,
    0x9b,0xd6,0x7a,0xce,0x77,0xad,0xb4,0x63,0xf2,0x3a,0xf3,0x3a,0xf3,0x3a,0x13,0x43,
    0xd2,0x32,0xff,0x91,0x22,0xf2,0x3a,0xd2,0x3a,0xb2,0x32,0xd2,0x32,0xb2,0x2a,0x91,
    0x2a,0x71,0x22,0x50,0x22,0x91,0x2a,0xb2,0x32,0x71,0x22,0xb2,0x32,0xd2,0x32,0xb2,
    0x32,0x92,0x22,0x91,0x22,0x71,0x1a,0x51,0x1a,0x30,0x12,0x51,0x1a,0x71,0x1a,0x71,
    0x1a,0x71,0x1a,0x51,0x1a,0x51,0x12,0x51,0x12,0x51,0x12,0x71,0x1a,0x51,0x1a,0x10,
    0x12,0x92,0x63,0x34,0x7c,0x4c,0x32,0xcc,0x29,0x30,0x0a,0xad,0x42,0x4d,0x63,0x4a,
    0x3a,0xb1,0x63,0xf9,0xb5,0x7b,0xce,0xb9,0xad,0xd1,0x6b,0xaf,0x6b,0x18,0xbe,0xf3,
    0x94,0x0f,0x53,0xf4,0x9c,0xd2,0x8c,0x75,0xad,0x58,0xc6,0x38,0xc6,0xd7,0xb5,0x34,
    0x9d,0xb2,0x8c,0x30,0x7c,0x52,0x7c,0xd2,0x63,0xac,0x42,0x4d,0x5b,0xd3,0x94,0xba,
    0xd6,0xdb,0xde,0xdb,0xde,0xdb,0xde,0x59,0xc6,0xec,0x52,0xe9,0x31,0x86,0x29,0xaa,
    0x4a,0x66,0x29,0x47,0x21,0xe9,0x29,0x10,0x7c,0x0d,0x5b,0x26,0x19,0x66,0x21,0xcc,
    0x52,0x2e,0x5b,0x07,0x11,0xc5,0x10,0xc3,0x18,0x83,0x08,0x8d,0x42,0x10,0x4b,0x50,
    0x53,0x91,0x63,0xf2,0x73,0x90,0x6b,0x4c,0x32,0x2b,0x32,0x89,0x19,0x68,0x19,0xf1,
    0x73,0xb4,0x8c,0xd4,0x94,0xf4,0x9c,0x35,0x9d,0x6f,0x63,0x01,0x00,0x01,0x00,0x01,
    0x00,0xa3,0x08,0x35,0xa5,0x97,0xad,0x97,0xad,0x76,0xa5,0x76,0xa5,0xb0,0x6b,0x22,
    0x00,0x83,0x08,0x83,0x08,0x42,0x00,0x0c,0x5b,0x66,0x29,0x83,0x08,0x87,0x21,0x2b,
    0x32,0xed,0x52,0x4f,0x53,0x2b,0x2a,0xc5,0x10,0x63,0x00,0x62,0x00,0x63,0x00,0x84,
    0x08,0xff,0x84,0x08,0x63,0x08,0x83,0x00,0x83,0x08,0x84,0x08,0x84,0x08,0x84,0x08,
    0x84,0x08,0x84,0x08,0x84,0x00,0x63,0x00,0x64,0x00,0x64,0x00,0x83,0x08,0xc4,0x10,
    0xc4,0x10,0xa4,0x10,0x84,0x08,0x43,0x00,0xa6,0x08,0x6b,0x09,0x4b,0x01,0x4b,0x01,
    0x54,0x7c,0xb6,0x8c,0x34,0x7c,0xb3,0x63,0x87,0x29,0xa3,0x10,0xe4,0x18,0x4b,0x3a,
    0x8a,0x42,0x8a,0x42,0x49,0x42,0xd4,0x94,0x35,0x9d,0x5a,0xc6,0x5a,0xc6,0x3a,0xc6,
    0x3a,0xc6,0xf8,0xbd,0xf8,0xbd,0x38,0xc6,0x59,0xc6,0x59,0xc6,0x7a,0xce,0x9a,0xd6,
    0xdb,0xde,0x9a,0xd6,0x9a,0xce,0x9b,0xce,0x7a,0xce,0x7b,0xce,0x3a,0xbe,0x3a,0xbe,
    0x1a,0xbe,0xf6,0x94,0x6f,0x5b,0x96,0xb5,0xdb,0xde,0xf6,0x9c,0x14,0x3b,0x34,0x43,
    0x34,0x43,0x55,0x4b,0x55,0x4b,0x55,0x4b,0x55,0x4b,0x55,0x4b,0x17,0x9d,0xdb,0xde,
    0xdb,0xde,0xdb,0xde,0xdb,0xde,0x7a,0xce,0x58,0xa5,0x36,0x74,0x95,0x53,0x95,0x5b,
    0xb5,0x5b,0x95,0x5b,0x95,0x5b,0x95,0x5b,0xb5,0x5b,0xd6,0x63,0xf6,0x6b,0xd6,0x63,
    0xb5,0x5b,0x75,0x53,0x55,0x4b,0x55,0x4b,0x54,0x53,0xb6,0xbd,0xd9,0xde,0xda,0xde,
    0xda,0xde,0xda,0xde,0xda,0xde,0xda,0xde,0xda,0xde,0xda,0xde,0xda,0xde,0xda,0xde,
    0xda,0xde,0xda,0xde,0xda,0xde,0xda,0xde,0xda,0xde,0xda,0xde,0xd9,0xde,0xd9,0xde,
    0xd9,0xde,0xd9,0xde,0xd9,0xde,0xd9,0xde,0xd9,0xde,0xd9,0xde,0xd9,0xde,0xd9,0xde,
    0xd9,0xde,0xd9,0xde,0xd9,0xde,0xd9,0xde,0xd8,0xde,0xd8,0xde,0xd8,0xde,0xb7,0xde,
    0xff,0xb6,0xde,0x76,0xde,0x94,0xb5,0x53,0x84,0x05,0x19,0xe4,0x18,0xe4,0x18,0xc4,
    0x18,0xc4,0x10,0xa4,0x10,0xa4,0x10,0x64,0x00,0x63,0x00,0x64,0x00,0x63,0x00,0x63,
    0x00,0x63,0x00,0x63,0x00,0x44,0x00,0x84,0x08,0xe4,0x18,0x05,0x21,0xe5,0x18,0xc4,
    0x18,0xa4,0x10,0xa2,0x18,0x62,0x08,0x84,0x08,0xa5,0x08,0xe6,0x10,0xd0,0x3a,0x2f,
    0x1a,0x0f,0x12,0x2f,0x1a,0x70,0x22,0x32,0x4b,0x14,0x74,0x7a,0xce,0xbb,0xd6,0x9a,
    0xce,0x96,0x84,0xf3,0x3a,0xf3,0x3a,0xf3,0x3a,0xf3,0x3a,0x13,0x43,0x13,0x43,0xd2,
    0x32,0xb2,0x2a,0xb2,0x2a,0xb2,0x2a,0xd2,0x32,0xb2,0x32,0xb2,0x2a,0x92,0x2a,0xb2,
    0x2a,0xd2,0x32,0xf2,0x3a,0xd3,0x3a,0xb2,0x32,0x92,0x2a,0x92,0x2a,0x91,0x22,0x71,
    0x1a,0x51,0x12,0x71,0x1a,0x71,0x22,0x91,0x22,0x71,0x22,0x71,0x1a,0x71,0x1a,0x51,
    0x1a,0x51,0x12,0x51,0x1a,0x71,0x1a,0x71,0x1a,0x71,0x1a,0x71,0x1a,0x51,0x1a,0x30,
    0x12,0x30,0x12,0x50,0x22,0x0a,0x3a,0x09,0x32,0xee,0x4a,0xb5,0x8c,0x1a,0xbe,0xbb,
    0xd6,0xd8,0xb5,0x90,0x5b,0x34,0xa5,0x96,0xad,0xcf,0x4a,0x93,0x8c,0xd2,0x94,0xd2,
    0x94,0x13,0x9d,0x59,0xc6,0x97,0xad,0x2e,0x53,0xec,0x4a,0xec,0x52,0xb3,0x8c,0x12,
    0x74,0xb1,0x63,0xd0,0x73,0x14,0x9d,0xba,0xd6,0xdb,0xde,0xdb,0xde,0xdb,0xde,0xba,
    0xd6,0x11,0x74,0xcc,0x4a,0x4b,0x3a,0xc8,0x29,0xc7,0x29,0xa8,0x29,0x4b,0x3a,0x6a,
    0x42,0xd7,0xb5,0x9a,0xd6,0xf7,0xbd,0x10,0x7c,0x09,0x32,0x8b,0x4a,0x05,0x19,0xff,
    0x66,0x29,0xe4,0x18,0xa3,0x10,0x90,0x63,0xb2,0x63,0x91,0x63,0xf2,0x73,0x73,0x84,
    0x8f,0x6b,0xa9,0x21,0xa8,0x21,0x83,0x08,0xe9,0x31,0x93,0x8c,0x14,0x9d,0x35,0x9d,
    0x35,0xa5,0x56,0xa5,0xed,0x5a,0x44,0x00,0x44,0x00,0x03,0x00,0xa7,0x31,0x55,0xa5,
    0x97,0xb5,0x97,0xad,0x96,0xad,0x97,0xad,0xac,0x4a,0x42,0x00,0x83,0x08,0x83,0x08,
    0x87,0x29,0xb7,0xb5,0xb7,0xb5,0xd3,0x94,0x08,0x42,0x04,0x19,0x2b,0x3a,0x4d,0x32,
    0x89,0x19,0x63,0x00,0x42,0x00,0x62,0x00,0x42,0x00,0x84,0x08,0x84,0x08,0x84,0x08,
    0x84,0x08,0x84,0x08,0x84,0x08,0x84,0x08,0x84,0x08,0xa4,0x08,0xa4,0x08,0x84,0x08,
    0x84,0x08,0x84,0x00,0x63,0x00,0xa3,0x10,0xc3,0x10,0xa3,0x10,0x63,0x00,0x23,0x00,
    0x24,0x00,0x85,0x00,0x6b,0x09,0x4b,0x01,0x4a,0x01,0x31,0x5b,0xf4,0x6b,0x72,0x5b,
    0x10,0x4b,0xc8,0x29,0x04,0x19,0x87,0x21,0x2a,0x32,0xa7,0x29,0xa8,0x29,0x8a,0x52,
    0xf4,0x9c,0x97,0xad,0xf8,0xbd,0x59,0xc6,0x3a,0xc6,0xd9,0xb5,0xd9,0xb5,0x1a,0xbe,
    0x39,0xc6,0x79,0xce,0x18,0xc6,0xb6,0xb5,0x34,0xa5,0x18,0xbe,0xdb,0xd6,0xdb,0xde,
    0xdb,0xd6,0x59,0xce,0x36,0xa5,0x3a,0xbe,0x7b,0xc6,0x5a,0xc6,0xd9,0xb5,0xb1,0x6b,
    0x92,0x8c,0xb5,0x94,0x34,0x43,0x75,0x53,0x55,0x4b,0x34,0x4b,0x34,0x43,0x34,0x43,
    0x55,0x4b,0x55,0x4b,0x55,0x4b,0x95,0x5b,0x3a,0xc6,0xdb,0xde,0xdb,0xde,0xdb,0xde,
    0xdb,0xde,0xdb,0xde,0xbb,0xd6,0x7a,0xce,0x58,0xa5,0xf5,0x63,0x75,0x53,0xff,0x75,
    0x53,0x95,0x5b,0x95,0x5b,0x95,0x5b,0x95,0x5b,0xb5,0x5b,0xd6,0x63,0xf6,0x6b,0xf6,
    0x6b,0xd5,0x6b,0x54,0xb5,0xb8,0xde,0xda,0xde,0xda,0xde,0xda,0xde,0xda,0xde,0xda,
    0xde,0xda,0xde,0xda,0xde,0xda,0xde,0xda,0xde,0xda,0xde,0xda,0xde,0xda,0xde,0xda,
    0xde,0xda,0xde,0xda,0xde,0xda,0xde,0xda,0xde,0xd9,0xde,0xd9,0xde,0xd9,0xde,0xd9,
    0xde,0xd9,0xde,0xd9,0xde,0xd9,0xde,0xd9,0xde,0xd9,0xde,0xd9,0xde,0xd9,0xde,0xd9,
    0xde,0xd9,0xde,0xd9,0xde,0xd8,0xde,0xd8,0xde,0xd8,0xde,0xd8,0xde,0xd8,0xde,0xd8,
    0xde,0xb8,0xde,0xe4,0x18,0xe5,0x18,0x05,0x19,0x05,0x19,0xe5,0x18,0xe5,0x18,0x05,
    0x19,0x05,0x19,0xc4,0x10,0x84,0x08,0x64,0x00,0x63,0x00,0x63,0x00,0x63,0x00,0x63,
    0x00,0x64,0x00,0xc4,0x18,0x05,0x19,0xe5,0x18,0xa4,0x10,0x83,0x10,0x81,0x18,0x82,
    0x10,0xe5,0x18,0x06,0x19,0x06,0x19,0x2f,0x1a,0x30,0x1a,0x2f,0x12,0x2f,0x12,0x2f,
    0x1a,0xf4,0x6b,0xf9,0xbd,0x9a,0xd6,0x5a,0xc6,0x75,0x84,0x13,0x43,0xf3,0x3a,0xf3,
    0x3a,0xf3,0x3a,0xf3,0x3a,0xf3,0x3a,0xf3,0x3a,0x13,0x43,0x13,0x43,0xf3,0x3a,0xf3,
    0x3a,0xd2,0x32,0xd2,0x32,0xb2,0x32,0xf3,0x3a,0xf3,0x42,0xf3,0x3a,0xf3,0x3a,0xd2,
    0x32,0xb2,0x2a,0xb2,0x2a,0x92,0x2a,0x71,0x1a,0x51,0x12,0x71,0x22,0x92,0x22,0x92,
    0x22,0x92,0x22,0x91,0x22,0x71,0x22,0x71,0x1a,0x71,0x1a,0x51,0x1a,0x51,0x1a,0x71,
    0x1a,0x71,0x1a,0x71,0x1a,0x71,0x1a,0x71,0x1a,0x51,0x12,0x51,0x12,0xff,0x30,0x12,
    0xee,0x11,0xec,0x21,0x71,0x5b,0x17,0x9d,0x3a,0xc6,0x7a,0xce,0x3a,0xbe,0xb0,0x63,
    0x34,0xa5,0x10,0x53,0xb1,0x6b,0x50,0x84,0x8e,0x6b,0x2d,0x53,0xf5,0x94,0x19,0xbe,
    0xd5,0x8c,0x6f,0x5b,0xec,0x4a,0xf3,0x94,0x92,0x8c,0x2f,0x53,0x31,0x7c,0xb2,0x8c,
    0x59,0xce,0xdb,0xde,0xdb,0xde,0xdb,0xde,0xdb,0xde,0x56,0xa5,0x6f,0x63,0x70,0x5b,
    0x6b,0x3a,0xa7,0x29,0x88,0x21,0x4a,0x3a,0x31,0x84,0x59,0xce,0xdb,0xde,0xdb,0xde,
    0xba,0xd6,0xf4,0x9c,0xd3,0x94,0xe8,0x39,0xcb,0x52,0xeb,0x5a,0xc4,0x18,0x07,0x11,
    0xaf,0x6b,0x52,0x7c,0x33,0x7c,0xf2,0x6b,0x33,0x7c,0xcc,0x52,0xc5,0x10,0xa4,0x10,
    0x83,0x08,0x66,0x29,0x14,0x9d,0x55,0xa5,0x55,0xad,0x75,0xad,0x55,0xad,0x8c,0x4a,
    0xa6,0x00,0x86,0x00,0x86,0x00,0x4a,0x42,0x76,0xad,0xb6,0xb5,0xb7,0xb5,0x97,0xb5,
    0x76,0xad,0xe9,0x39,0x22,0x00,0x43,0x00,0x63,0x00,0xcc,0x52,0x5a,0xce,0x9a,0xce,
    0x59,0xce,0x39,0xc6,0x35,0xa5,0x8e,0x3a,0xcb,0x19,0xc5,0x08,0x63,0x00,0x42,0x00,
    0x42,0x00,0x62,0x00,0x83,0x08,0x84,0x08,0x84,0x08,0x84,0x08,0xa4,0x08,0xa4,0x08,
    0x84,0x08,0x83,0x08,0xa4,0x08,0xa4,0x10,0xa4,0x10,0x84,0x08,0x83,0x08,0x83,0x08,
    0xc4,0x10,0xa3,0x10,0x63,0x00,0x22,0x00,0x03,0x00,0x44,0x00,0x85,0x00,0x4a,0x09,
    0x4a,0x01,0x2a,0x01,0x6e,0x3a,0x52,0x53,0xd0,0x42,0x4c,0x32,0xe8,0x31,0xa7,0x29,
    0xed,0x4a,0x8f,0x63,0xa7,0x29,0x6a,0x4a,0xd3,0x9c,0x79,0xce,0xba,0x76,0xa5,0xb7,
    0xad,0x5a,0xc6,0x9a,0xce,0x7a,0xce,0x5a,0xc6,0x3a,0xc6,0x3a,0xc6,0x3a,0xc6,0x39,
    0xc6,0x93,0x84,0xf0,0x73,0x10,0x74,0x55,0xa5,0x79,0xce,0xdb,0xde,0xdb,0xde,0xbb,
    0xd6,0x97,0xad,0x34,0x7c,0xd6,0x94,0x33,0x7c,0x2b,0x32,0xef,0x4a,0xf3,0x32,0x34,
    0x43,0x55,0x4b,0x75,0x53,0x75,0x53,0x75,0x53,0x75,0x53,0x54,0x4b,0x34,0x43,0x54,
    0x4b,0x75,0x53,0xb7,0x8c,0xbb,0xd6,0xdb,0xde,0x7a,0xce,0x98,0xad,0x3a,0xc6,0xdb,
    0xde,0xdb,0xde,0xdb,0xde,0xbb,0xd6,0x19,0xbe,0x37,0x9d,0xf5,0x6b,0x55,0x4b,0xf5,
    0x6b,0x17,0x9d,0xd7,0x8c,0xb5,0x5b,0xb5,0x5b,0xd5,0x6b,0xd6,0xc5,0xb8,0xde,0xda,
    0xde,0x11,0xda,0xde,0x12,0xd9,0xde,0xff,0xd8,0xde,0xd9,0xde,0xd9,0xde,0xc4,0x10,
    0xc4,0x18,0xe4,0x18,0x05,0x19,0x05,0x19,0x05,0x19,0xe5,0x18,0xe4,0x18,0xc4,0x10,
    0xa4,0x08,0x84,0x08,0xa4,0x08,0x84,0x00,0x64,0x00,0x63,0x00,0x64,0x00,0xc4,0x18,
    0xe5,0x18,0xa4,0x10,0x84,0x00,0x62,0x10,0x41,0x08,0x41,0x08,0x05,0x19,0x46,0x21,
    0x67,0x19,0x6e,0x32,0x8f,0x32,0x70,0x22,0x30,0x1a,0x4f,0x22,0xd8,0xb5,0x7a,0xce,
    0xd8,0xb5,0xf4,0x6b,0xd2,0x3a,0xf3,0x3a,0xf3,0x3a,0xf3,0x3a,0xf3,0x3a,0xf3,0x3a,
    0xf3,0x3a,0xf3,0x3a,0xf3,0x3a,0xf3,0x3a,0xf3,0x3a,0xf3,0x3a,0xf3,0x3a,0xf3,0x3a,
    0xf3,0x3a,0xd3,0x32,0xd3,0x32,0xf3,0x3a,0xd3,0x32,0xb2,0x32,0xb2,0x2a,0xb2,0x2a,
    0x92,0x22,0x71,0x1a,0x71,0x1a,0x92,0x2a,0x92,0x2a,0x92,0x22,0x92,0x22,0x92,0x22,
    0x92,0x22,0x71,0x22,0x71,0x1a,0x71,0x1a,0x71,0x1a,0x71,0x1a,0x71,0x1a,0x71,0x1a,
    0x71,0x1a,0x51,0x1a,0x51,0x12,0x51,0x12,0x51,0x12,0x51,0x12,0x51,0x1a,0x50,0x1a,
    0xf1,0x4a,0xb5,0x8c,0x37,0x9d,0xd2,0x6b,0x4a,0x3a,0xaf,0x42,0xb0,0x3a,0xef,0x73,
    0x28,0x3a,0x6b,0x3a,0xd5,0x8c,0x3a,0xbe,0xf9,0xbd,0xf6,0x94,0xec,0x4a,0xd3,0x94,
    0x75,0xad,0xd0,0x73,0x92,0x8c,0x13,0x9d,0x95,0xad,0xf7,0xbd,0x59,0xce,0x38,0xc6,
    0x55,0xad,0x18,0xbe,0x93,0x8c,0x94,0x84,0x0e,0x53,0x09,0x32,0x68,0x21,0x4b,0x3a,
    0xf3,0x9c,0xba,0xd6,0xdb,0xde,0xdb,0xde,0xdb,0xde,0x96,0xad,0x29,0x3a,0xc8,0x31,
    0xab,0x52,0x0f,0x7c,0x45,0x21,0xff,0x48,0x19,0xcc,0x52,0xe9,0x31,0x66,0x21,0xec,
    0x52,0xd0,0x6b,0xf1,0x6b,0x6b,0x42,0xc7,0x00,0xa4,0x10,0x83,0x10,0xc7,0x31,0x35,
    0xa5,0x55,0xad,0x75,0xad,0x95,0xb5,0x75,0xad,0xcd,0x4a,0x0b,0x2a,0x48,0x11,0xe7,
    0x08,0xab,0x4a,0x96,0xad,0x96,0xb5,0x96,0xb5,0x96,0xb5,0x55,0xa5,0x87,0x29,0x02,
    0x00,0x02,0x00,0x22,0x00,0x2d,0x63,0x39,0xc6,0x7a,0xce,0x9a,0xd6,0x9a,0xd6,0x39,
    0xc6,0x2d,0x2a,0x8a,0x11,0x83,0x08,0x63,0x08,0x62,0x00,0x42,0x00,0x42,0x00,0x84,
    0x08,0xa4,0x08,0xa4,0x08,0x84,0x08,0x83,0x08,0x83,0x08,0x83,0x08,0x83,0x08,0x84,
    0x08,0xa4,0x08,0xa4,0x10,0xa4,0x10,0xa4,0x10,0xa4,0x10,0xa4,0x10,0x63,0x08,0x23,
    0x00,0x03,0x00,0x44,0x00,0x64,0x00,0xa5,0x00,0x89,0x19,0x4a,0x01,0x2a,0x01,0xcc,
    0x21,0xd0,0x42,0x4c,0x32,0x0a,0x32,0xab,0x4a,0x46,0x21,0xe9,0x29,0x8f,0x63,0xec,
    0x5a,0x92,0x94,0x9a,0xd6,0xf8,0xbd,0x59,0xc6,0x7a,0xce,0xbb,0xd6,0xbb,0xd6,0xbb,
    0xce,0x7a,0xc6,0x7a,0xce,0x9a,0xd6,0x5a,0xc6,0x7a,0xce,0xf8,0xb5,0x98,0xad,0x77,
    0xa5,0xb4,0x8c,0x34,0x9d,0x79,0xce,0xdb,0xde,0xdb,0xde,0xdb,0xde,0xba,0xd6,0xb5,
    0x8c,0x33,0x53,0x92,0x22,0xf4,0x32,0x34,0x43,0x34,0x43,0x55,0x4b,0x55,0x4b,0x55,
    0x4b,0x75,0x53,0xd5,0x63,0xf9,0xbd,0x5a,0xce,0x98,0xad,0xb5,0x63,0x54,0x4b,0x36,
    0x74,0x76,0x84,0xd5,0x63,0x75,0x53,0x95,0x5b,0x56,0x7c,0x78,0xad,0x7a,0xce,0xbb,
    0xd6,0xdb,0xde,0xdb,0xde,0x8a,0xbb,0xd6,0x19,0xbe,0x5a,0xce,0xdb,0xde,0xdb,0xde,
    0xf9,0xbd,0xb5,0x63,0x75,0xb5,0xb8,0xde,0xda,0xde,0x11,0xda,0xde,0x16,0xd9,0xde,
    0xff,0x84,0x08,0x84,0x08,0xa4,0x08,0xc4,0x10,0xc4,0x10,0xc4,0x10,0xa4,0x10,0x84,
    0x08,0x84,0x00,0x64,0x00,0xa4,0x08,0xe4,0x18,0x05,0x19,0xe5,0x18,0xc4,0x10,0x64,
    0x00,0xc4,0x10,0xc4,0x10,0x84,0x00,0x64,0x00,0x21,0x00,0x00,0x00,0x00,0x00,0x05,
    0x19,0x47,0x21,0xa8,0x21,0x6c,0x3a,0x6c,0x3a,0x8d,0x3a,0x8e,0x32,0x90,0x32,0x97,
    0xad,0x97,0xad,0xf4,0x6b,0x12,0x43,0xd1,0x32,0xb2,0x2a,0xb2,0x32,0xd3,0x3a,0xf3,
    0x3a,0xf3,0x3a,0xf3,0x3a,0xf3,0x3a,0xf3,0x3a,0xf3,0x3a,0xf3,0x3a,0xf3,0x3a,0xf3,
    0x3a,0xd3,0x3a,0xd3,0x32,0xd3,0x32,0xb2,0x32,0xd3,0x32,0x53,0x53,0x57,0xa5,0xd4,
    0x6b,0xb2,0x32,0xb2,0x2a,0x71,0x1a,0x92,0x22,0xb2,0x2a,0xb2,0x2a,0xb2,0x2a,0x92,
    0x2a,0x92,0x22,0x92,0x22,0x92,0x22,0x72,0x22,0x71,0x1a,0x71,0x1a,0x71,0x1a,0x71,
    0x1a,0x71,0x1a,0x71,0x1a,0x71,0x1a,0x51,0x1a,0x51,0x12,0x51,0x12,0x51,0x12,0x51,
    0x1a,0x71,0x1a,0x51,0x1a,0x51,0x1a,0x91,0x32,0x2f,0x1a,0x0f,0x0a,0x31,0x0a,0xae,
    0x42,0xe8,0x31,0x09,0x32,0xcd,0x4a,0x37,0x9d,0x9b,0xce,0x9b,0xce,0x53,0x7c,0xaf,
    0x6b,0x96,0xad,0x31,0x84,0x32,0x84,0xf3,0x9c,0x13,0x9d,0x54,0xa5,0xf8,0xbd,0x77,
    0xad,0xb0,0x63,0xab,0x42,0x0d,0x53,0x14,0x9d,0xd1,0x6b,0x0e,0x4b,0xa9,0x29,0xac,
    0x4a,0xb6,0xb5,0xdb,0xde,0xdb,0xde,0xdb,0xde,0xdb,0xde,0x9a,0xd6,0x6e,0x63,0x6b,
    0x3a,0x4a,0x32,0xcb,0x4a,0x28,0x3a,0xca,0x29,0x6b,0x42,0xef,0x73,0xf7,0xbd,0xff,
    0xd3,0x94,0x4a,0x42,0xa8,0x29,0x29,0x3a,0xa9,0x29,0xe5,0x18,0xe4,0x18,0x82,0x08,
    0x4a,0x42,0xf4,0x94,0x14,0x9d,0x35,0xa5,0x75,0xad,0x55,0xa5,0x2b,0x32,0x6c,0x3a,
    0x05,0x19,0x88,0x21,0x4e,0x5b,0x56,0xad,0x55,0xa5,0x55,0xa5,0x55,0xad,0xd3,0x94,
    0x26,0x19,0x03,0x00,0x01,0x00,0x00,0x00,0x6e,0x6b,0xb7,0xad,0xf8,0xb5,0x18,0xbe,
    0x59,0xc6,0xb7,0xb5,0xcc,0x19,0x6a,0x11,0x83,0x08,0x83,0x08,0x83,0x08,0x63,0x00,
    0x62,0x00,0x83,0x08,0x84,0x08,0x83,0x08,0x63,0x00,0x63,0x00,0x63,0x00,0x63,0x00,
    0x63,0x00,0x63,0x00,0x83,0x00,0x83,0x08,0xa4,0x10,0xa4,0x10,0xc4,0x10,0x84,0x08,
    0x23,0x00,0x44,0x00,0x64,0x00,0x65,0x00,0x85,0x00,0xc8,0x29,0x2b,0x32,0x6b,0x09,
    0x2a,0x01,0x4b,0x09,0xcf,0x42,0xcd,0x52,0x0c,0x5b,0x6d,0x6b,0xcc,0x4a,0xec,0x4a,
    0xcc,0x4a,0x11,0x7c,0x59,0xce,0xd7,0xb5,0xf8,0xbd,0x79,0xce,0xba,0xd6,0xdb,0xde,
    0xdb,0xde,0xdb,0xd6,0x9a,0xce,0x3a,0xc6,0x5a,0xc6,0x7b,0xce,0x7a,0xce,0x7a,0xce,
    0x3a,0xc6,0xb8,0xb5,0x78,0xa5,0x37,0x9d,0xd4,0x8c,0x9a,0xd6,0xdb,0xde,0xdb,0xde,
    0xdb,0xde,0x59,0xce,0xb3,0x6b,0x34,0x43,0x34,0x43,0x34,0x43,0x55,0x4b,0x55,0x4b,
    0x55,0x4b,0x55,0x4b,0x55,0x4b,0xd5,0x63,0x7a,0xce,0xdb,0xde,0xdb,0xde,0x3a,0xc6,
    0xf5,0x6b,0x54,0x4b,0x34,0x43,0x34,0x43,0x55,0x4b,0x55,0x4b,0x34,0x43,0x34,0x43,
    0xd5,0x63,0x97,0x8c,0xb9,0xb5,0x9a,0xd6,0xdb,0xde,0xdb,0xde,0xdb,0xde,0x86,0xdb,
    0xde,0xdb,0xde,0x17,0x9d,0x55,0xb5,0xb8,0xde,0xda,0xde,0x13,0xda,0xde,0x15,0xd9,
    0xde,0xff,0xc4,0x10,0xa4,0x10,0x84,0x08,0x84,0x00,0x84,0x00,0x63,0x00,0x64,0x00,
    0x63,0x00,0x63,0x00,0x63,0x00,0xa4,0x08,0xe4,0x18,0x05,0x19,0x05,0x19,0x05,0x19,
    0xc4,0x10,0x84,0x08,0xc4,0x10,0x84,0x00,0x43,0x00,0x01,0x00,0x00,0x00,0x00,0x00,
    0xe4,0x18,0x06,0x19,0x88,0x19,0x4a,0x32,0xc8,0x29,0xe8,0x29,0x2a,0x32,0x6c,0x3a,
    0x73,0x84,0x91,0x5b,0xf1,0x42,0xf2,0x42,0x33,0x4b,0x33,0x4b,0xf3,0x42,0xd2,0x32,
    0xb2,0x32,0xd2,0x32,0xd3,0x3a,0xf3,0x3a,0xf3,0x3a,0xf3,0x3a,0xf3,0x3a,0xf3,0x3a,
    0xd3,0x3a,0xd3,0x3a,0xd3,0x3a,0xd3,0x32,0xb2,0x32,0x93,0x5b,0x19,0xc6,0xdb,0xde,
    0xdb,0xde,0x39,0xc6,0xf6,0x94,0x93,0x63,0x71,0x1a,0x92,0x22,0xb2,0x2a,0xb2,0x2a,
    0xb2,0x2a,0x92,0x2a,0x92,0x22,0x92,0x22,0x92,0x22,0x92,0x22,0x72,0x22,0x72,0x22,
    0x71,0x1a,0x71,0x1a,0x71,0x1a,0x71,0x1a,0x71,0x1a,0x51,0x1a,0x51,0x1a,0x51,0x12,
    0x51,0x1a,0x51,0x1a,0x51,0x1a,0x71,0x1a,0x71,0x1a,0x51,0x12,0x51,0x12,0x51,0x12,
    0x4e,0x32,0x49,0x19,0x2b,0x32,0xb1,0x63,0x98,0xad,0xbb,0xd6,0x7a,0xce,0x94,0x84,
    0x92,0x8c,0xb3,0x8c,0x50,0x5b,0xd2,0x94,0xae,0x6b,0x8e,0x63,0xf5,0x94,0xf9,0xbd,
    0x16,0x95,0x4f,0x53,0x6a,0x3a,0xd3,0x94,0x72,0x84,0x90,0x5b,0x4c,0x3a,0x8f,0x63,
    0x55,0xa5,0xdb,0xde,0xdb,0xde,0xdb,0xde,0xdb,0xde,0xbb,0xd6,0xb4,0x8c,0x2e,0x53,
    0xee,0x4a,0x8b,0x3a,0x08,0x32,0x2b,0x32,0xcc,0x4a,0x92,0x8c,0x9a,0xd6,0xdb,0xde,
    0xff,0xdb,0xde,0x39,0xc6,0x14,0xa5,0x4e,0x63,0x05,0x21,0x49,0x42,0x04,0x19,0x63,
    0x08,0xd0,0x73,0x35,0x9d,0xd4,0x94,0xb4,0x8c,0xd4,0x94,0x72,0x84,0x26,0x21,0x27,
    0x19,0x83,0x08,0x21,0x00,0xd0,0x73,0xf4,0x9c,0xd4,0x94,0xd4,0x94,0xd3,0x94,0x31,
    0x7c,0xe7,0x08,0x85,0x00,0x65,0x00,0x44,0x00,0x10,0x7c,0x96,0xad,0x96,0xad,0xb7,
    0xad,0xb7,0xb5,0xb4,0x8c,0x6b,0x11,0x29,0x09,0x83,0x08,0x83,0x08,0x83,0x08,0x83,
    0x08,0x83,0x08,0x83,0x08,0x63,0x00,0x63,0x00,0x43,0x00,0x43,0x00,0x43,0x00,0x43,
    0x00,0x43,0x00,0x43,0x00,0x43,0x00,0x63,0x00,0x83,0x08,0xa4,0x10,0xa4,0x10,0x43,
    0x00,0x44,0x00,0x85,0x00,0x85,0x00,0xa5,0x00,0xc9,0x29,0x09,0x32,0xa8,0x29,0xab,
    0x19,0x2a,0x01,0x2a,0x01,0x8e,0x3a,0x0c,0x53,0x4d,0x63,0x2c,0x63,0xaf,0x6b,0xf1,
    0x73,0x94,0x84,0x15,0x9d,0x76,0xa5,0xd8,0xb5,0xf7,0xb5,0x18,0xbe,0x59,0xc6,0x7a,
    0xce,0x9a,0xd6,0xba,0xd6,0xdb,0xde,0xdb,0xd6,0x9a,0xd6,0x9a,0xce,0x9b,0xce,0x5a,
    0xc6,0x3a,0xbe,0xf9,0xbd,0xb9,0xad,0x37,0x9d,0x74,0x7c,0xd0,0x6b,0x79,0xce,0xdb,
    0xde,0xdb,0xde,0xb5,0x94,0x35,0x4b,0x75,0x4b,0x75,0x53,0x55,0x4b,0x55,0x4b,0x55,
    0x4b,0x55,0x4b,0x55,0x4b,0x55,0x4b,0x55,0x4b,0x76,0x84,0x9a,0xd6,0xdb,0xde,0xdb,
    0xde,0xb9,0xad,0xb5,0x5b,0x95,0x5b,0x75,0x53,0x54,0x4b,0x14,0x3b,0xf4,0x3a,0x54,
    0x4b,0x75,0x53,0x75,0x53,0x95,0x5b,0x36,0x74,0x7a,0xce,0xdb,0xde,0xdb,0xde,0x85,
    0xdb,0xde,0x98,0xb5,0x75,0xbd,0x97,0xde,0xda,0xde,0x13,0xda,0xde,0x16,0xd9,0xde,
    0xff,0xe4,0x18,0xe4,0x18,0xc4,0x18,0xc4,0x10,0x84,0x08,0x64,0x00,0x63,0x00,0x63,
    0x00,0x63,0x00,0x63,0x00,0x84,0x08,0xc4,0x18,0x05,0x19,0x05,0x19,0xe4,0x18,0x84,
    0x08,0xa4,0x08,0x25,0x21,0xa4,0x10,0x22,0x00,0x00,0x00,0x00,0x00,0x00,0x00,0xa3,
    0x10,0x84,0x08,0xe6,0x08,0x29,0x32,0xe8,0x31,0xa6,0x29,0x6a,0x4a,0x75,0xad,0x79,
    0xce,0x59,0xc6,0xb3,0x8c,0xb1,0x63,0x32,0x4b,0x12,0x43,0x33,0x4b,0x33,0x4b,0x33,
    0x4b,0xf3,0x3a,0xb2,0x32,0xd2,0x32,0xd3,0x32,0xd3,0x3a,0xf3,0x3a,0xf3,0x3a,0xf3,
    0x3a,0xf3,0x3a,0xd3,0x3a,0xd3,0x32,0x13,0x43,0x18,0xbe,0xdb,0xde,0xdb,0xde,0xdb,
    0xde,0xdb,0xde,0xdb,0xde,0xbb,0xd6,0x39,0xc6,0x55,0x7c,0x33,0x4b,0xb2,0x32,0xb2,
    0x2a,0xb2,0x2a,0xb2,0x2a,0xb2,0x2a,0x92,0x22,0x92,0x22,0x92,0x22,0x92,0x22,0x72,
    0x22,0x72,0x22,0x71,0x22,0x71,0x1a,0x71,0x1a,0x71,0x1a,0x71,0x1a,0x51,0x1a,0x51,
    0x1a,0x51,0x1a,0x71,0x1a,0x71,0x1a,0x71,0x1a,0x51,0x12,0x51,0x12,0x51,0x12,0x30,
    0x12,0x30,0x12,0x2f,0x22,0x71,0x5b,0xf6,0x94,0x57,0xa5,0x37,0x9d,0x90,0x63,0x11,
    0x7c,0x70,0x32,0x30,0x7c,0x49,0x3a,0x8c,0x42,0xf5,0x94,0x7a,0xc6,0x5a,0xc6,0x37,
    0x9d,0x2e,0x53,0x71,0x84,0x55,0xa5,0xaf,0x63,0x4c,0x3a,0x52,0x84,0x13,0x9d,0xd6,
    0xb5,0x9a,0xd6,0xdb,0xde,0xba,0xd6,0xba,0xd6,0xf8,0xbd,0x72,0x7c,0xd1,0x6b,0x2f,
    0x53,0x2a,0x32,0xea,0x29,0x2d,0x5b,0x96,0xb5,0xdb,0xde,0xdb,0xde,0xdb,0xde,0xff,
    0xba,0xd6,0xcf,0x73,0x8a,0x4a,0x86,0x29,0x4c,0x63,0x28,0x42,0xe4,0x18,0x28,0x19,
    0xe9,0x31,0xaf,0x73,0x14,0x9d,0xb4,0x8c,0x53,0x7c,0x90,0x63,0x86,0x00,0xa6,0x08,
    0x83,0x10,0x21,0x00,0xf1,0x73,0x53,0x7c,0x33,0x7c,0x32,0x7c,0x31,0x7c,0xb0,0x6b,
    0xaa,0x21,0x07,0x09,0xa6,0x00,0xa6,0x00,0xf4,0x9c,0xf7,0xbd,0xb7,0xb5,0x96,0xad,
    0x56,0xa5,0x12,0x74,0x2a,0x09,0xc7,0x08,0x23,0x00,0x43,0x00,0x63,0x00,0x63,0x08,
    0x83,0x08,0x83,0x08,0x43,0x00,0x23,0x00,0x23,0x00,0x23,0x00,0x23,0x00,0x43,0x00,
    0x23,0x00,0x23,0x00,0x23,0x00,0x23,0x00,0x43,0x00,0x63,0x00,0x63,0x00,0x24,0x00,
    0x85,0x00,0x86,0x00,0xc6,0x00,0x2b,0x32,0x8b,0x3a,0xe4,0x10,0x62,0x08,0x8a,0x21,
    0x2a,0x01,0x2a,0x01,0xac,0x19,0x4a,0x3a,0x29,0x3a,0xc8,0x31,0xf0,0x73,0x35,0x9d,
    0x56,0xa5,0x5a,0xc6,0x3a,0xc6,0x3a,0xc6,0x19,0xbe,0x3a,0xc6,0x39,0xc6,0x59,0xc6,
    0x38,0xc6,0x59,0xc6,0x9a,0xd6,0x9a,0xd6,0xdb,0xde,0xdb,0xde,0x9a,0xd6,0x9a,0xce,
    0x9b,0xce,0x7b,0xc6,0x1a,0xbe,0xfa,0xbd,0x77,0xa5,0x70,0x5b,0xf3,0x9c,0xba,0xd6,
    0xf5,0x9c,0xf4,0x3a,0x34,0x43,0x55,0x4b,0x75,0x53,0x75,0x53,0x55,0x4b,0x55,0x4b,
    0x55,0x4b,0x55,0x4b,0x55,0x4b,0x55,0x4b,0x75,0x53,0x17,0x9d,0xdb,0xde,0xdb,0xde,
    0xdb,0xde,0x17,0x9d,0x75,0x53,0x95,0x53,0x95,0x5b,0x75,0x53,0x95,0x53,0x75,0x53,
    0x54,0x4b,0x55,0x4b,0x75,0x53,0x16,0x74,0x7a,0xce,0xdb,0xde,0xbb,0xd6,0x84,0x37,
    0xa5,0x55,0xb5,0xb8,0xde,0xda,0xde,0x14,0xda,0xde,0x16,0xd9,0xde,0xff,0xc4,0x10,
    0xe4,0x18,0xe4,0x18,0xe5,0x18,0xe4,0x18,0xc4,0x10,0xa4,0x10,0x84,0x08,0x64,0x00,
    0x64,0x00,0x84,0x00,0xa4,0x10,0xc4,0x18,0xc4,0x18,0xa4,0x08,0x64,0x00,0x84,0x08,
    0x25,0x21,0xe4,0x18,0x21,0x00,0x00,0x00,0x00,0x00,0x81,0x10,0xe4,0x20,0x85,0x00,
    0x07,0x09,0x2a,0x32,0xc7,0x29,0x0c,0x5b,0xd7,0xb5,0x9a,0xce,0xba,0xd6,0xdb,0xde,
    0xba,0xd6,0xf7,0xbd,0x93,0x84,0x90,0x63,0xb2,0x63,0x12,0x43,0x13,0x43,0x33,0x43,
    0x13,0x43,0x13,0x43,0xf2,0x3a,0xd2,0x32,0xd2,0x32,0xd3,0x3a,0xf3,0x3a,0xf3,0x3a,
    0xf3,0x3a,0xf3,0x3a,0x57,0xa5,0xd7,0xbd,0x34,0xa5,0x96,0xb5,0xba,0xd6,0xdb,0xde,
    0xdb,0xde,0xdb,0xde,0xdb,0xde,0xfb,0xde,0x7a,0xce,0xb8,0xb5,0x55,0x7c,0xb2,0x2a,
    0xb2,0x2a,0xb2,0x2a,0xb2,0x2a,0xb2,0x2a,0x92,0x22,0x92,0x22,0x92,0x22,0x92,0x22,
    0x92,0x22,0x92,0x22,0x71,0x1a,0x71,0x1a,0x71,0x1a,0x71,0x1a,0x71,0x1a,0x71,0x1a,
    0x71,0x1a,0x71,0x1a,0x71,0x1a,0x51,0x1a,0x51,0x12,0x51,0x12,0x51,0x12,0x51,0x1a,
    0x71,0x1a,0x51,0x1a,0x70,0x2a,0x52,0x53,0x8e,0x3a,0xcc,0x19,0xf0,0x01,0x6d,0x32,
    0xe8,0x31,0x8b,0x42,0xd1,0x63,0x1a,0xbe,0xdb,0xd6,0xbb,0xce,0xd5,0x8c,0x8f,0x63,
    0x75,0xad,0xb3,0x8c,0x2c,0x3a,0x73,0x84,0x34,0x9d,0x54,0xa5,0xb6,0xb5,0xf8,0xbd,
    0x76,0xa5,0x30,0x7c,0x8e,0x6b,0x31,0x7c,0xf4,0x94,0xd1,0x6b,0xee,0x4a,0x2b,0x3a,
    0x6e,0x63,0xf7,0xbd,0xdb,0xde,0xdb,0xde,0xdb,0xde,0xdb,0xde,0xff,0x96,0xad,0x6a,
    0x3a,0xe9,0x31,0x49,0x3a,0x69,0x42,0x66,0x29,0x6a,0x19,0x4e,0x63,0x14,0x9d,0x4d,
    0x63,0x67,0x19,0xec,0x5a,0xd0,0x73,0x8f,0x63,0xc6,0x08,0xc4,0x18,0xc3,0x10,0x21,
    0x00,0xb1,0x63,0xd2,0x6b,0xd2,0x6b,0xb1,0x6b,0xd0,0x6b,0x2e,0x5b,0x6c,0x3a,0x0a,
    0x32,0x68,0x19,0x89,0x19,0xb7,0xb5,0x59,0xc6,0x18,0xbe,0xb7,0xb5,0x55,0xa5,0x70,
    0x63,0x29,0x01,0x85,0x00,0x01,0x00,0x02,0x00,0x22,0x00,0x22,0x00,0x43,0x00,0x63,
    0x00,0x23,0x00,0x23,0x00,0x23,0x00,0x23,0x00,0x23,0x00,0x43,0x00,0x63,0x00,0x63,
    0x08,0x83,0x08,0x63,0x08,0x43,0x08,0x63,0x08,0x44,0x00,0x85,0x00,0xa6,0x00,0xe7,
    0x00,0xce,0x4a,0x70,0x5b,0x66,0x21,0x83,0x08,0x83,0x08,0xe6,0x10,0x2a,0x01,0x2a,
    0x01,0x4b,0x01,0xa9,0x21,0xc8,0x29,0x49,0x4a,0x14,0x9d,0x77,0xa5,0x36,0x9d,0x98,
    0xad,0x3a,0xc6,0x5a,0xc6,0x5a,0xc6,0x1a,0xbe,0x3a,0xc6,0x3a,0xc6,0x39,0xc6,0xf7,
    0xb5,0xb2,0x8c,0xd2,0x94,0xf7,0xbd,0xba,0xd6,0xdb,0xde,0xdb,0xd6,0xbb,0xd6,0x9a,
    0xd6,0x5a,0xc6,0x3a,0xc6,0xfa,0xbd,0x12,0x74,0xef,0x7b,0xb4,0x94,0xb3,0x2a,0x14,
    0x3b,0x34,0x43,0x34,0x43,0x55,0x4b,0x75,0x53,0x55,0x4b,0x55,0x4b,0x55,0x4b,0x55,
    0x4b,0x55,0x4b,0x34,0x43,0x34,0x43,0x34,0x4b,0x78,0xa5,0xdb,0xde,0xdb,0xde,0xbb,
    0xd6,0xd7,0x94,0x95,0x5b,0xb5,0x5b,0xb5,0x63,0x16,0x74,0x36,0x74,0x36,0x7c,0x36,
    0x74,0x15,0x74,0x95,0x5b,0x36,0x74,0xb7,0x8c,0x56,0x7c,0x83,0x75,0xb5,0xb8,0xde,
    0xda,0xde,0x14,0xda,0xde,0x17,0xd9,0xde,0xff,0x87,0x29,0xa4,0x08,0x84,0x08,0xc4,
    0x10,0xe4,0x18,0xe4,0x18,0xe4,0x18,0xe4,0x18,0xc4,0x10,0xa4,0x08,0x84,0x08,0x84,
    0x08,0x84,0x08,0x84,0x00,0x63,0x00,0x64,0x00,0x84,0x08,0xe4,0x18,0xc4,0x18,0x42,
    0x08,0x00,0x00,0x40,0x10,0xe2,0x28,0x83,0x10,0xc6,0x00,0x4c,0x32,0x8b,0x42,0x8a,
    0x4a,0x75,0xad,0x79,0xce,0xdb,0xde,0xdb,0xde,0xdb,0xde,0xdb,0xde,0xdb,0xde,0x9a,
    0xd6,0x96,0xad,0x51,0x7c,0x52,0x7c,0x31,0x53,0xd2,0x3a,0xf3,0x3a,0x13,0x43,0x13,
    0x43,0x13,0x43,0xf3,0x3a,0xd2,0x32,0xd2,0x32,0xd2,0x32,0x13,0x43,0x78,0xad,0xdb,
    0xde,0xdb,0xde,0xdb,0xde,0x59,0xce,0xd3,0x9c,0x96,0xad,0x38,0xc6,0xba,0xd6,0xdb,
    0xde,0xdb,0xde,0xdb,0xde,0xdb,0xde,0xdb,0xde,0x5a,0xce,0xb4,0x63,0xb2,0x2a,0xb2,
    0x2a,0xb2,0x2a,0xb2,0x2a,0xb2,0x2a,0x92,0x22,0x92,0x22,0x92,0x22,0x92,0x22,0x92,
    0x22,0x92,0x22,0x71,0x1a,0x71,0x1a,0x71,0x1a,0x71,0x1a,0x71,0x1a,0x71,0x1a,0x71,
    0x1a,0x71,0x1a,0x51,0x1a,0x51,0x12,0x51,0x12,0x51,0x12,0x51,0x1a,0x71,0x1a,0x71,
    0x1a,0x71,0x1a,0x51,0x12,0x31,0x12,0x51,0x22,0x0c,0x2a,0x88,0x21,0x70,0x53,0x16,
    0x95,0x9b,0xce,0xdb,0xde,0x9a,0xce,0xd5,0x8c,0x30,0x7c,0x14,0x9d,0x6c,0x42,0xd2,
    0x6b,0x13,0x9d,0x70,0x84,0x91,0x8c,0x76,0xad,0xf9,0xb5,0x12,0x74,0x8c,0x3a,0x8b,
    0x42,0xb3,0x94,0x52,0x7c,0x91,0x5b,0x8c,0x42,0xaf,0x6b,0xf7,0xbd,0xba,0xd6,0xdb,
    0xde,0xdb,0xde,0xdb,0xde,0x59,0xc6,0xff,0x6e,0x5b,0xed,0x4a,0x8c,0x3a,0xc8,0x29,
    0xc7,0x29,0xaa,0x21,0x6b,0x3a,0x6e,0x6b,0x18,0xc6,0x9a,0xd6,0x18,0xbe,0x51,0x84,
    0x6e,0x63,0xa8,0x29,0xe4,0x18,0x45,0x21,0xa3,0x10,0x05,0x19,0x73,0x84,0xd2,0x6b,
    0x91,0x63,0x50,0x5b,0x90,0x63,0x6b,0x42,0xa9,0x21,0x67,0x19,0x62,0x08,0x88,0x29,
    0x18,0xc6,0x59,0xc6,0xf8,0xbd,0x96,0xad,0x14,0x9d,0xee,0x52,0x09,0x01,0x86,0x00,
    0x24,0x00,0x02,0x00,0x01,0x00,0x01,0x00,0x02,0x00,0x23,0x00,0x22,0x00,0x23,0x00,
    0x63,0x00,0x83,0x08,0x83,0x10,0x83,0x10,0x83,0x10,0x83,0x10,0xc4,0x18,0x46,0x21,
    0x26,0x21,0x06,0x19,0xa6,0x00,0xa7,0x00,0x29,0x09,0x50,0x53,0x54,0x7c,0x8b,0x42,
    0xc4,0x10,0xe4,0x18,0xe4,0x18,0xc5,0x10,0x4a,0x09,0xed,0x21,0x8f,0x3a,0x8c,0x42,
    0x69,0x4a,0xd3,0x94,0x79,0xce,0x76,0xad,0xb6,0xad,0xd8,0xb5,0x3a,0xc6,0x1a,0xbe,
    0xf9,0xbd,0x7a,0xce,0x7a,0xce,0x7b,0xce,0x7a,0xce,0x19,0xbe,0xd4,0x8c,0x52,0x7c,
    0x31,0x7c,0x55,0xa5,0x9a,0xce,0xdb,0xde,0xdb,0xde,0xdb,0xde,0x9a,0xd6,0x57,0xa5,
    0x34,0x74,0x0c,0x2a,0x2e,0x2a,0xb3,0x2a,0xf4,0x32,0x14,0x3b,0x34,0x43,0x34,0x43,
    0x55,0x4b,0x75,0x53,0xd5,0x63,0x38,0x9d,0xf9,0xbd,0xf9,0xbd,0x19,0xbe,0x3a,0xc6,
    0x3a,0xc6,0x5a,0xce,0x7a,0xce,0xdb,0xde,0xdb,0xde,0xdb,0xde,0xbb,0xd6,0xbb,0xd6,
    0xbb,0xd6,0xbb,0xd6,0xdb,0xde,0xdb,0xde,0xdb,0xde,0xdb,0xde,0xdb,0xde,0x9b,0xd6,
    0xb7,0x8c,0x75,0x53,0x56,0x84,0x82,0x9a,0xd6,0xda,0xde,0x15,0xda,0xde,0x17,0xd9,
    0xde,0xff,0x6e,0x3a,0x07,0x09,0x44,0x00,0x23,0x00,0x64,0x00,0xa4,0x10,0xc4,0x10,
    0xe4,0x18,0xe5,0x18,0xe4,0x18,0xc4,0x18,0xc4,0x10,0xa4,0x08,0x84,0x00,0x63,0x00,
    0x64,0x00,0x84,0x00,0xc4,0x18,0x83,0x10,0x41,0x08,0x60,0x10,0xc1,0x20,0x61,0x10,
    0x83,0x08,0xe7,0x08,0x2c,0x2a,0x6f,0x63,0xd3,0x94,0x95,0xad,0xba,0xd6,0xba,0xd6,
    0xdb,0xde,0xdb,0xde,0xdb,0xde,0xba,0xd6,0xbb,0xd6,0xbb,0xd6,0x79,0xce,0x18,0xbe,
    0x11,0x7c,0xce,0x4a,0xd0,0x3a,0xd3,0x32,0xd3,0x32,0xf3,0x3a,0x13,0x43,0xf3,0x3a,
    0xf3,0x3a,0x13,0x4b,0xb8,0xb5,0xdb,0xde,0xdb,0xde,0xdb,0xde,0xdb,0xde,0xba,0xd6,
    0x38,0xc6,0xba,0xd6,0x58,0xce,0x14,0xa5,0x14,0xa5,0x9a,0xd6,0xdb,0xde,0xdb,0xde,
    0xba,0xd6,0x97,0xad,0x31,0x53,0xb0,0x32,0xb2,0x2a,0xb2,0x2a,0xb2,0x2a,0xb2,0x2a,
    0xb2,0x2a,0x92,0x22,0x92,0x22,0x92,0x22,0x92,0x22,0x92,0x22,0x92,0x22,0x72,0x22,
    0x72,0x22,0x72,0x22,0x72,0x22,0x71,0x1a,0x71,0x1a,0x71,0x1a,0x71,0x1a,0x71,0x1a,
    0x71,0x1a,0x71,0x1a,0x71,0x1a,0x71,0x1a,0x71,0x1a,0x71,0x1a,0x51,0x1a,0x51,0x12,
    0x51,0x12,0x30,0x12,0x0f,0x12,0x31,0x53,0x17,0x9d,0x3a,0xbe,0xf8,0xb5,0xf9,0xb5,
    0x73,0x84,0x30,0x7c,0x8d,0x42,0xd0,0x42,0x71,0x84,0xeb,0x52,0xec,0x4a,0xb5,0x8c,
    0xfa,0xbd,0xb8,0xad,0x33,0x7c,0xac,0x42,0xd3,0x94,0x14,0x9d,0x90,0x63,0xee,0x52,
    0x51,0x84,0xd3,0x94,0x9a,0xd6,0xdb,0xde,0xdb,0xde,0xdb,0xde,0xdb,0xd6,0xf4,0x94,
    0xff,0x90,0x63,0x70,0x5b,0x4a,0x32,0xa7,0x29,0x8a,0x21,0xed,0x52,0x14,0x9d,0xba,
    0xd6,0xdb,0xde,0xdb,0xde,0x9a,0xce,0xef,0x73,0xef,0x7b,0x45,0x29,0x8a,0x4a,0x65,
    0x29,0xa4,0x10,0x0a,0x3a,0x14,0x9d,0xd4,0x94,0x91,0x63,0x30,0x53,0x91,0x63,0x88,
    0x29,0xc5,0x10,0xa3,0x10,0x83,0x10,0x8b,0x4a,0x7a,0xce,0x38,0xc6,0xb7,0xb5,0x35,
    0x9d,0xd4,0x8c,0xae,0x42,0x4a,0x09,0xa7,0x00,0xa6,0x00,0x86,0x00,0x65,0x00,0x03,
    0x00,0x01,0x00,0x62,0x08,0x82,0x10,0xa3,0x18,0xe4,0x18,0x25,0x21,0xa8,0x29,0x2a,
    0x3a,0xad,0x42,0x0f,0x53,0x50,0x5b,0xce,0x42,0x49,0x11,0xe8,0x00,0xe8,0x00,0x4a,
    0x11,0xd2,0x6b,0xb5,0x84,0x75,0x7c,0x87,0x29,0x46,0x21,0xac,0x4a,0xa8,0x31,0x67,
    0x21,0x6d,0x3a,0xd2,0x63,0x74,0x7c,0xd1,0x6b,0xd3,0x9c,0x59,0xce,0xf3,0x94,0x14,
    0x9d,0x75,0xa5,0x18,0xbe,0x79,0xce,0x7a,0xce,0x39,0xc6,0xf9,0xbd,0xf9,0xbd,0x5a,
    0xc6,0x9b,0xce,0x7a,0xce,0x39,0xc6,0x98,0xad,0x37,0x9d,0x16,0x95,0xf4,0x94,0x99,
    0xce,0xdb,0xde,0xdb,0xde,0xdb,0xde,0xdb,0xde,0xd5,0x94,0xd2,0x32,0xf4,0x3a,0x14,
    0x3b,0x14,0x3b,0x14,0x3b,0x34,0x43,0x34,0x43,0x34,0x43,0x75,0x4b,0x56,0x7c,0x9a,
    0xd6,0xdb,0xde,0xdb,0xde,0xdb,0xde,0xdb,0xde,0xdb,0xde,0xdb,0xde,0xdb,0xde,0xdb,
    0xde,0xdb,0xde,0xdb,0xde,0xdb,0xde,0xdb,0xde,0xdb,0xde,0xdb,0xde,0xbb,0xd6,0xbb,
    0xde,0xbb,0xd6,0xbb,0xd6,0x9a,0xd6,0x5a,0xce,0x17,0x9d,0x16,0x74,0x78,0xad,0x85,
    0xbb,0xd6,0xdb,0xde,0x39,0xc6,0x9a,0xd6,0xda,0xde,0x12,0xda,0xde,0x17,0xd9,0xde,
    0xff,0x51,0x5b,0x6e,0x3a,0x6a,0x11,0xa7,0x00,0x65,0x00,0x24,0x00,0x23,0x00,0x84,
    0x08,0xa4,0x10,0xc4,0x18,0xe5,0x18,0xe5,0x18,0xe4,0x18,0xc4,0x18,0xa4,0x10,0x84,
    0x08,0xa4,0x08,0x84,0x08,0x82,0x10,0xa1,0x18,0xa1,0x18,0x80,0x18,0x62,0x08,0x83,
    0x08,0x05,0x19,0x67,0x21,0x2d,0x5b,0x15,0x9d,0xcf,0x6b,0xb6,0xb5,0x91,0x8c,0x10,
    0x7c,0x55,0xa5,0x38,0xc6,0x59,0xce,0xdb,0xde,0xdb,0xde,0xbb,0xd6,0xba,0xd6,0x96,
    0xad,0x6e,0x5b,0x8f,0x6b,0xb3,0x9c,0x32,0x5b,0xd3,0x3a,0xd2,0x32,0xd2,0x32,0x33,
    0x4b,0xf9,0xbd,0xdb,0xde,0xdb,0xde,0xdb,0xde,0xdb,0xde,0xdb,0xde,0x79,0xce,0x9a,
    0xd6,0x59,0xce,0x9a,0xd6,0xfb,0xde,0x9a,0xd6,0x96,0xb5,0x75,0xad,0xb6,0xb5,0x77,
    0xad,0xf2,0x42,0xd1,0x6b,0xcd,0x42,0xcf,0x42,0xd2,0x32,0xb2,0x2a,0xb2,0x2a,0xb2,
    0x2a,0x92,0x1a,0x92,0x22,0xb2,0x2a,0x92,0x22,0x92,0x22,0x92,0x22,0x92,0x22,0x92,
    0x22,0x92,0x22,0x92,0x22,0x92,0x22,0x72,0x22,0x71,0x1a,0x71,0x1a,0x71,0x1a,0x71,
    0x1a,0x71,0x1a,0x71,0x1a,0x71,0x1a,0x71,0x1a,0x71,0x1a,0x51,0x1a,0x51,0x12,0x51,
    0x12,0x51,0x12,0x51,0x1a,0x51,0x1a,0x10,0x12,0x92,0x63,0x95,0x84,0x91,0x63,0x0a,
    0x32,0xcc,0x21,0x30,0x12,0x2d,0x5b,0xeb,0x52,0x2a,0x32,0x33,0x74,0x5a,0xc6,0x9b,
    0xce,0xd9,0xb5,0xd1,0x6b,0xf0,0x73,0xb6,0xb5,0x31,0x7c,0xae,0x4a,0xf4,0x94,0xf3,
    0x94,0xb6,0xb5,0x79,0xce,0x79,0xce,0x38,0xc6,0x75,0xad,0x76,0xa5,0xb3,0x8c,0xff,
    0x73,0x84,0xee,0x4a,0xe9,0x29,0x8a,0x21,0x0d,0x53,0xb6,0xb5,0xdb,0xde,0xdb,0xde,
    0xdb,0xde,0xdb,0xde,0xd3,0x94,0x29,0x32,0xc8,0x29,0x6a,0x42,0xe8,0x39,0x05,0x19,
    0x4a,0x19,0x6f,0x6b,0x87,0x21,0xcc,0x52,0x10,0x7c,0x52,0x84,0x73,0x84,0x26,0x19,
    0xc4,0x18,0xc4,0x18,0x83,0x10,0x6e,0x6b,0x18,0xbe,0xf8,0xbd,0x76,0xad,0xd3,0x94,
    0x52,0x7c,0xd2,0x63,0x30,0x53,0xca,0x29,0x48,0x11,0xa6,0x00,0xa6,0x00,0x86,0x00,
    0x86,0x00,0x85,0x00,0xe7,0x10,0x69,0x19,0x6c,0x3a,0xef,0x4a,0x30,0x53,0x50,0x5b,
    0x50,0x53,0xae,0x42,0xcc,0x21,0xe9,0x00,0xe9,0x00,0xe9,0x00,0x6a,0x11,0xf2,0x6b,
    0xf6,0x8c,0x95,0x84,0xcf,0x42,0x05,0x19,0x67,0x21,0x4b,0x32,0xf2,0x6b,0xb4,0x8c,
    0x93,0x8c,0x31,0x7c,0x31,0x74,0x53,0x7c,0xb7,0xb5,0x96,0xad,0xd3,0x94,0xd3,0x94,
    0xf2,0x94,0x34,0x9d,0xb6,0xb5,0x38,0xc6,0x9a,0xce,0x7a,0xce,0x39,0xc6,0x3a,0xc6,
    0x3a,0xbe,0x5a,0xc6,0x5a,0xc6,0x3a,0xbe,0xd9,0xb5,0x57,0xa5,0xb5,0x8c,0x11,0x74,
    0xf7,0xbd,0xdb,0xde,0xdb,0xde,0xdb,0xde,0xf2,0x73,0x34,0x43,0x54,0x4b,0x34,0x43,
    0x14,0x43,0x14,0x3b,0x34,0x43,0x34,0x43,0x34,0x43,0x55,0x4b,0x95,0x53,0x36,0x74,
    0x17,0x9d,0xd7,0x94,0xd7,0x94,0xd7,0x8c,0xb6,0x84,0x76,0x84,0x96,0x84,0x76,0x84,
    0xb7,0x8c,0x9a,0xce,0xdb,0xde,0xdb,0xde,0x5a,0xce,0x76,0x84,0x36,0x74,0xf6,0x6b,
    0xd5,0x63,0xb5,0x63,0xb5,0x63,0x95,0x5b,0xb5,0x63,0x58,0xa5,0xbb,0xd6,0x97,0xdb,
    0xde,0x5a,0xce,0xf5,0x6b,0x95,0x5b,0xb7,0x8c,0xb9,0xb5,0x9a,0xd6,0xda,0xde,0xda,
    0xde,0xda,0xde,0xda,0xde,0xda,0xde,0xda,0xde,0xda,0xde,0xda,0xde,0xda,0xde,0xda,
    0xde,0xda,0xde,0xda,0xde,0xd9,0xde,0xda,0xde,0xda,0xde,0xd9,0xde,0x17,0xd9,0xde,
    0xff,0x13,0x74,0x34,0x74,0xf3,0x6b,0x10,0x4b,0x0c,0x2a,0x29,0x09,0xa7,0x00,0x44,
    0x00,0x23,0x00,0x63,0x00,0xe5,0x18,0x05,0x19,0xe5,0x18,0xe5,0x18,0xe4,0x18,0xe4,
    0x18,0xe5,0x18,0x84,0x00,0x44,0x00,0xc4,0x18,0xc2,0x18,0xe1,0x20,0x62,0x08,0xc3,
    0x10,0x04,0x19,0x67,0x21,0x2f,0x53,0x2f,0x53,0x4e,0x5b,0x36,0x9d,0xb4,0x8c,0x53,
    0x7c,0x90,0x63,0xcc,0x4a,0x71,0x84,0xf7,0xbd,0x79,0xce,0xdb,0xde,0xdb,0xde,0x59,
    0xce,0x71,0x84,0xb1,0x9c,0x94,0xbd,0x72,0x63,0xf3,0x3a,0xd3,0x3a,0x53,0x4b,0x19,
    0xbe,0xdb,0xde,0xdb,0xde,0xdb,0xde,0xdb,0xde,0x9a,0xd6,0x9a,0xd6,0x59,0xce,0xdb,
    0xde,0x79,0xce,0xdb,0xde,0xdb,0xde,0xdb,0xde,0xdb,0xde,0xdb,0xde,0xd8,0xb5,0xb1,
    0x32,0x91,0x32,0xce,0x4a,0x0e,0x53,0xcd,0x4a,0x50,0x63,0x32,0x53,0xb2,0x32,0x74,
    0x5b,0x39,0xc6,0x57,0xa5,0x93,0x5b,0xf2,0x3a,0xb2,0x22,0xb2,0x2a,0x92,0x22,0x92,
    0x22,0x92,0x22,0x92,0x22,0x92,0x22,0x92,0x22,0x92,0x22,0x92,0x22,0x71,0x1a,0x71,
    0x1a,0x71,0x1a,0x71,0x1a,0x71,0x1a,0x71,0x1a,0x71,0x1a,0x71,0x1a,0x51,0x1a,0x51,
    0x12,0x51,0x12,0x51,0x1a,0x71,0x1a,0x71,0x1a,0x71,0x1a,0x51,0x1a,0x51,0x1a,0x30,
    0x12,0x31,0x0a,0x4f,0x22,0x67,0x21,0x09,0x32,0x0e,0x4b,0x16,0x95,0x5a,0xc6,0xdb,
    0xd6,0x98,0xad,0xb0,0x63,0x75,0xa5,0x34,0xa5,0xae,0x4a,0x15,0x9d,0x13,0x9d,0x54,
    0xa5,0x96,0xad,0x9a,0xd6,0xb7,0xb5,0x4e,0x5b,0xab,0x42,0x6d,0x63,0x15,0x95,0xff,
    0x70,0x5b,0xee,0x4a,0xaa,0x21,0x8f,0x63,0x38,0xc6,0xdb,0xde,0xdb,0xde,0xdb,0xde,
    0xdb,0xde,0x18,0xbe,0x0d,0x53,0x6b,0x3a,0x2a,0x32,0x87,0x29,0x46,0x21,0x4a,0x11,
    0xeb,0x29,0x10,0x7c,0x38,0xc6,0xf4,0x9c,0x0d,0x5b,0x4a,0x3a,0x4a,0x42,0x25,0x21,
    0x45,0x21,0x66,0x29,0x04,0x21,0xd0,0x73,0x36,0x9d,0x35,0x9d,0xd4,0x94,0x32,0x7c,
    0xd1,0x6b,0x30,0x53,0x91,0x5b,0xc4,0x10,0x0a,0x32,0x6c,0x32,0xca,0x21,0x28,0x11,
    0xc8,0x00,0xc7,0x00,0xc8,0x00,0xc8,0x00,0xe8,0x00,0xe9,0x00,0x09,0x01,0x09,0x01,
    0x09,0x01,0x09,0x01,0xe9,0x00,0xe9,0x00,0xe9,0x00,0x6a,0x11,0xf3,0x6b,0xd6,0x8c,
    0x95,0x84,0xaf,0x3a,0x0a,0x01,0x08,0x09,0x47,0x19,0xa8,0x21,0xcd,0x42,0xd2,0x6b,
    0xd5,0x8c,0x57,0xa5,0x94,0x8c,0xf0,0x73,0xcf,0x6b,0x73,0x84,0x96,0xad,0x59,0xc6,
    0xd7,0xb5,0xb6,0xb5,0xd6,0xb5,0xd7,0xb5,0x18,0xbe,0x59,0xc6,0x9a,0xd6,0xdb,0xde,
    0xbb,0xd6,0x9a,0xce,0x9b,0xce,0x5a,0xc6,0xf9,0xb5,0xf9,0xbd,0x98,0xad,0x12,0x74,
    0xcf,0x6b,0x59,0xce,0xdb,0xde,0x16,0x9d,0x14,0x43,0x55,0x4b,0x75,0x53,0x75,0x53,
    0x54,0x4b,0x14,0x3b,0x14,0x43,0x34,0x43,0x34,0x43,0x55,0x4b,0x75,0x53,0x95,0x5b,
    0x75,0x53,0x55,0x4b,0x75,0x53,0x75,0x53,0x54,0x4b,0x34,0x4b,0x34,0x4b,0x55,0x4b,
    0x55,0x4b,0x96,0x84,0xbb,0xd6,0xdb,0xde,0xdb,0xde,0xd9,0xb5,0x16,0x74,0xf6,0x6b,
    0xd5,0x63,0xb5,0x5b,0x95,0x5b,0xb4,0x6b,0x96,0x8c,0xbb,0xd6,0xdb,0xde,0x94,0x5a,
    0xce,0x36,0x74,0xd5,0x63,0x95,0x53,0x75,0x53,0x95,0x5b,0xb5,0x63,0xd7,0x94,0x19,
    0xc6,0x9a,0xd6,0xda,0xde,0xda,0xde,0xda,0xde,0xda,0xde,0xda,0xde,0xda,0xde,0xda,
    0xde,0xda,0xde,0xda,0xde,0xd9,0xde,0x1a,0xd9,0xde,0xff,0xeb,0x29,0xcf,0x42,0xd2,
    0x63,0x33,0x74,0x33,0x74,0xb2,0x63,0xcf,0x42,0xab,0x19,0xe8,0x00,0x8d,0x42,0x2a,
    0x32,0xe5,0x18,0x84,0x08,0xa4,0x10,0xc4,0x18,0xe5,0x18,0x05,0x19,0x64,0x00,0x44,
    0x00,0xa6,0x00,0x07,0x11,0x07,0x19,0xc5,0x18,0xe4,0x18,0x88,0x21,0x0a,0x32,0x4b,
    0x3a,0xb5,0x84,0xd8,0xb5,0xf9,0xb5,0x7b,0xc6,0x9b,0xce,0xf9,0xbd,0x94,0x84,0xb3,
    0x8c,0x6e,0x5b,0x96,0xad,0xba,0xd6,0xdb,0xde,0x59,0xce,0x38,0xc6,0xb2,0x9c,0xd3,
    0x73,0x13,0x43,0x13,0x43,0x94,0x5b,0x5a,0xc6,0xdb,0xde,0xdb,0xde,0xdb,0xde,0xdb,
    0xde,0xba,0xd6,0x79,0xce,0x18,0xc6,0x9a,0xd6,0x79,0xce,0xdb,0xde,0xdb,0xde,0xdb,
    0xde,0xdb,0xde,0xdb,0xde,0x77,0xad,0xb1,0x32,0x70,0x22,0x4c,0x32,0xcf,0x6b,0xab,
    0x42,0x4e,0x5b,0xf1,0xac,0x31,0x8c,0xb4,0x63,0x7a,0xce,0xdb,0xde,0xdb,0xde,0xbb,
    0xd6,0x39,0xc6,0x37,0xa5,0x13,0x43,0xb2,0x2a,0xb2,0x2a,0xb2,0x2a,0x92,0x22,0x92,
    0x22,0x92,0x22,0x92,0x22,0x92,0x22,0x92,0x22,0x92,0x22,0x92,0x22,0x71,0x1a,0x71,
    0x1a,0x71,0x1a,0x71,0x1a,0x71,0x1a,0x71,0x1a,0x71,0x1a,0x71,0x1a,0x71,0x1a,0x51,
    0x1a,0x51,0x1a,0x71,0x1a,0x71,0x1a,0x51,0x1a,0x51,0x12,0x51,0x12,0x50,0x22,0xad,
    0x11,0x4c,0x32,0x13,0x6c,0x78,0xa5,0x9a,0xce,0xbb,0xd6,0x3a,0xbe,0xd0,0x6b,0x55,
    0xa5,0xaf,0x42,0x32,0x7c,0x50,0x84,0xce,0x6b,0x6e,0x63,0x15,0x9d,0x19,0xbe,0x73,
    0x7c,0xed,0x4a,0x0c,0x53,0x76,0xad,0xf1,0x73,0xff,0x91,0x63,0x2c,0x32,0xcf,0x6b,
    0xd7,0xbd,0xdb,0xde,0xdb,0xde,0xdb,0xde,0xdb,0xde,0x9a,0xd6,0x52,0x84,0x2e,0x53,
    0x2f,0x53,0x4a,0x3a,0x67,0x21,0x4a,0x11,0x4c,0x32,0xec,0x52,0xf7,0xbd,0xba,0xd6,
    0xdb,0xde,0x7a,0xce,0x96,0xad,0x4d,0x6b,0x45,0x21,0x86,0x29,0x49,0x3a,0x45,0x21,
    0xf4,0x9c,0x35,0x9d,0x94,0x84,0x12,0x74,0x91,0x63,0x50,0x5b,0x4a,0x01,0x8a,0x21,
    0xe4,0x18,0x05,0x21,0x8c,0x42,0x91,0x63,0x91,0x5b,0xef,0x4a,0x0c,0x2a,0x09,0x01,
    0xe8,0x00,0xe9,0x00,0xe9,0x00,0xe9,0x00,0xe9,0x00,0x09,0x01,0x09,0x01,0xe9,0x00,
    0xe9,0x00,0x6a,0x11,0xf3,0x6b,0xd6,0x8c,0x95,0x84,0xaf,0x42,0x0a,0x01,0x09,0x01,
    0x0a,0x01,0x2a,0x01,0x4b,0x09,0x8a,0x19,0x8c,0x3a,0xf2,0x6b,0x33,0x74,0x33,0x7c,
    0x74,0x84,0xb5,0x8c,0x53,0x7c,0xf2,0x6b,0x94,0x84,0xd8,0xb5,0x7a,0xce,0x39,0xc6,
    0xd7,0xb5,0x75,0xa5,0xd3,0x94,0x96,0xad,0x9a,0xce,0xdb,0xde,0xdb,0xde,0xdb,0xd6,
    0xbb,0xd6,0x9b,0xce,0x7b,0xce,0x5a,0xc6,0xb8,0xad,0x4f,0x5b,0x75,0xad,0xf5,0x9c,
    0xd3,0x32,0x14,0x3b,0x34,0x43,0x34,0x43,0x75,0x53,0x75,0x53,0x34,0x43,0x14,0x43,
    0x34,0x43,0x34,0x43,0x55,0x4b,0x75,0x4b,0x95,0x5b,0x75,0x53,0x75,0x53,0x75,0x53,
    0x75,0x53,0x75,0x53,0x54,0x4b,0x34,0x4b,0x55,0x4b,0x55,0x4b,0x75,0x53,0x17,0x9d,
    0xdb,0xde,0xdb,0xde,0xdb,0xde,0x38,0x9d,0xb5,0x5b,0xf6,0x6b,0x16,0x74,0x76,0xb5,
    0x57,0xd6,0x37,0xce,0xf7,0xc5,0xd7,0xbd,0x95,0x56,0x7c,0x95,0x5b,0xb5,0x63,0x95,
    0x5b,0x75,0x53,0x95,0x53,0x95,0x5b,0x95,0x53,0x95,0x5b,0x16,0x74,0xf7,0x94,0x19,
    0xc6,0xda,0xde,0xda,0xde,0xda,0xde,0xd9,0xde,0xd9,0xde,0xd9,0xde,0xda,0xde,0xda,
    0xde,0xd9,0xde,0x19,0xd9,0xde,0xff,0xe8,0x00,0xc8,0x00,0x09,0x01,0x4d,0x32,0x50,
    0x53,0xf3,0x6b,0x54,0x74,0x13,0x6c,0xd2,0x63,0x74,0x7c,0x34,0x74,0x0c,0x2a,0x65,
    0x00,0x24,0x00,0x43,0x00,0x84,0x08,0x84,0x08,0x44,0x00,0x86,0x00,0xaa,0x21,0x6d,
    0x3a,0x0c,0x2a,0x09,0x01,0xe8,0x08,0x69,0x19,0xee,0x4a,0x13,0x6c,0xb1,0x63,0x33,
    0x7c,0x77,0xa5,0xb8,0xad,0x7a,0xc6,0x7a,0xc6,0x97,0xad,0x36,0x9d,0x33,0x74,0x6e,
    0x5b,0x96,0xad,0x99,0xce,0xdb,0xde,0xf5,0x9c,0xb1,0x3a,0x13,0x43,0x13,0x43,0xb6,
    0x8c,0x5a,0xce,0xdb,0xde,0xdb,0xde,0xdb,0xde,0xdb,0xde,0xba,0xd6,0x79,0xce,0x9a,
    0xd6,0xba,0xd6,0xba,0xd6,0xdb,0xde,0xdb,0xde,0xdb,0xde,0xdb,0xde,0xdb,0xde,0x56,
    0xa5,0x50,0x22,0x90,0x2a,0xcd,0x4a,0x29,0x3a,0x6a,0x42,0x11,0x7c,0x10,0x7c,0xb0,
    0x7b,0xf2,0x3a,0x76,0xad,0x79,0xce,0xdb,0xde,0xdb,0xde,0xdb,0xde,0xdb,0xde,0xdb,
    0xde,0xdb,0xde,0xd8,0xb5,0x75,0x84,0x33,0x4b,0x92,0x22,0xb2,0x2a,0xb2,0x22,0x92,
    0x22,0x92,0x22,0x92,0x22,0x92,0x22,0x92,0x22,0x92,0x22,0x92,0x22,0x72,0x22,0x72,
    0x1a,0x72,0x1a,0x71,0x1a,0x71,0x1a,0x71,0x1a,0x71,0x1a,0x71,0x1a,0x71,0x1a,0x71,
    0x1a,0x51,0x1a,0x51,0x12,0x51,0x12,0x51,0x12,0x51,0x12,0x51,0x12,0x30,0x12,0xb0,
    0x3a,0x54,0x7c,0x37,0xa5,0x57,0x9d,0x53,0x7c,0x0d,0x5b,0x6f,0x32,0x10,0x4b,0xce,
    0x73,0x29,0x3a,0x6b,0x3a,0xd5,0x94,0x3a,0xbe,0xf9,0xb5,0xb5,0x8c,0xcc,0x4a,0x55,
    0xa5,0x14,0x9d,0x6f,0x63,0xff,0x2d,0x32,0x72,0x84,0xf3,0x94,0x38,0xc6,0xba,0xd6,
    0xba,0xd6,0x79,0xce,0x59,0xce,0x35,0x9d,0x93,0x84,0x33,0x74,0x2f,0x53,0xc8,0x29,
    0x4a,0x11,0xcd,0x4a,0xb3,0x8c,0x9a,0xd6,0xdb,0xde,0xdb,0xde,0xdb,0xde,0x76,0xad,
    0x4a,0x3a,0xeb,0x52,0x28,0x3a,0x28,0x3a,0x69,0x42,0x87,0x29,0xa8,0x29,0x30,0x7c,
    0xd3,0x94,0x93,0x84,0xf2,0x6b,0xef,0x4a,0x2a,0x01,0x48,0x19,0xcb,0x5a,0x69,0x42,
    0xc8,0x31,0xae,0x42,0x91,0x5b,0x33,0x74,0x54,0x7c,0xf3,0x6b,0x10,0x53,0x0d,0x32,
    0x4a,0x11,0x6a,0x11,0xec,0x29,0x6d,0x3a,0xcf,0x4a,0x50,0x53,0xb2,0x63,0x54,0x7c,
    0xd6,0x8c,0x95,0x84,0xd0,0x42,0x0a,0x01,0x0a,0x01,0x0a,0x01,0x4b,0x09,0xb0,0x42,
    0xb0,0x42,0xcd,0x19,0x2c,0x01,0x2d,0x32,0x30,0x53,0x71,0x5b,0x70,0x5b,0x2f,0x4b,
    0x91,0x63,0x13,0x74,0x33,0x74,0x13,0x74,0x94,0x84,0x77,0xa5,0xf8,0xbd,0x35,0x9d,
    0x92,0x84,0x31,0x7c,0xd3,0x94,0x38,0xc6,0xdb,0xde,0xdb,0xde,0xdb,0xde,0xbb,0xd6,
    0x39,0xc6,0xd9,0xb5,0x95,0x84,0x4b,0x42,0x50,0x63,0xb2,0x2a,0xf4,0x32,0x14,0x3b,
    0x14,0x43,0x34,0x43,0x54,0x4b,0x75,0x53,0x55,0x4b,0x14,0x43,0x34,0x43,0x34,0x43,
    0x34,0x4b,0x55,0x4b,0x75,0x53,0x95,0x5b,0x75,0x53,0x75,0x53,0x75,0x53,0x75,0x53,
    0x55,0x4b,0x34,0x4b,0x34,0x43,0x54,0x4b,0x55,0x4b,0x75,0x53,0xb9,0xad,0xdb,0xde,
    0xdb,0xde,0x9b,0xd6,0x76,0x7c,0x95,0x5b,0x96,0xbd,0xd8,0xde,0xd9,0xde,0xda,0xde,
    0xda,0xde,0x78,0xd6,0x93,0x16,0xce,0x55,0xb5,0x54,0x8c,0xf5,0x73,0x95,0x53,0x75,
    0x53,0x95,0x5b,0x95,0x5b,0x95,0x5b,0x95,0x5b,0x95,0x5b,0xb5,0x5b,0x36,0x7c,0x78,
    0xad,0x39,0xc6,0xba,0xd6,0xda,0xde,0xda,0xde,0xd9,0xde,0x1b,0xd9,0xde,0xff,0xe9,
    0x00,0xe9,0x00,0xe8,0x00,0xe8,0x00,0x29,0x09,0x6a,0x19,0x6e,0x3a,0xd2,0x63,0x54,
    0x74,0x54,0x7c,0x34,0x74,0x31,0x4b,0x0d,0x2a,0x29,0x09,0xc7,0x00,0x65,0x00,0x65,
    0x00,0xc7,0x00,0x4c,0x32,0x74,0x7c,0xf5,0x8c,0x13,0x74,0x6b,0x09,0x2b,0x01,0x2b,
    0x01,0x6b,0x11,0x8e,0x42,0x33,0x7c,0x95,0x84,0xb5,0x84,0x74,0x7c,0x37,0x9d,0x77,
    0xa5,0xd6,0x8c,0xd5,0x8c,0xb1,0x63,0x70,0x5b,0x6d,0x63,0x38,0xc6,0xf5,0x9c,0x91,
    0x32,0xb2,0x32,0xf3,0x3a,0xd8,0xb5,0xdb,0xde,0xdb,0xde,0xdb,0xde,0xdb,0xde,0xdb,
    0xde,0x9a,0xd6,0xba,0xd6,0xdb,0xde,0xba,0xd6,0xdb,0xd6,0xdb,0xde,0xdb,0xde,0xdb,
    0xde,0xdb,0xde,0xdb,0xde,0xd5,0x94,0x91,0x2a,0xb0,0x3a,0x4e,0x5b,0xeb,0x52,0xcb,
    0x4a,0xb3,0x94,0xb6,0xb5,0xae,0x42,0xb2,0x2a,0x98,0xad,0xba,0xd6,0x96,0xb5,0x71,
    0x8c,0x18,0xc6,0xba,0xd6,0xdb,0xde,0xdb,0xde,0xdb,0xde,0xdb,0xde,0xdb,0xde,0xba,
    0xd6,0xb8,0xb5,0xb4,0x63,0xd3,0x32,0xb2,0x2a,0xb2,0x2a,0x92,0x22,0x92,0x22,0x92,
    0x22,0x92,0x22,0x92,0x22,0x92,0x22,0x92,0x22,0x92,0x22,0x71,0x1a,0x72,0x1a,0x71,
    0x1a,0x71,0x1a,0x71,0x1a,0x71,0x1a,0x71,0x1a,0x71,0x1a,0x71,0x1a,0x71,0x1a,0x51,
    0x1a,0x71,0x1a,0x71,0x1a,0x51,0x1a,0x51,0x1a,0x51,0x12,0x70,0x2a,0x6f,0x32,0xed,
    0x21,0xef,0x11,0x31,0x12,0x2b,0x32,0xcb,0x52,0x29,0x32,0x4f,0x53,0xb8,0xad,0xbb,
    0xd6,0x7a,0xc6,0x12,0x74,0x72,0x84,0xf7,0xbd,0x72,0x84,0xed,0x21,0xff,0x35,0x9d,
    0x54,0xa5,0xd6,0xb5,0x59,0xce,0x59,0xce,0x55,0xa5,0x8e,0x63,0x0c,0x53,0x30,0x7c,
    0x36,0x9d,0xd1,0x6b,0xcd,0x42,0x4a,0x09,0x2e,0x53,0x55,0xa5,0xbb,0xd6,0xdb,0xde,
    0xdb,0xde,0xdb,0xde,0x9a,0xd6,0xcc,0x4a,0x2a,0x32,0x4a,0x32,0x49,0x3a,0x08,0x32,
    0x29,0x32,0xcf,0x73,0x96,0xb5,0x6e,0x63,0x8b,0x42,0x09,0x3a,0xf0,0x7b,0xce,0x4a,
    0x8a,0x11,0x2d,0x5b,0x34,0xa5,0x29,0x32,0x26,0x21,0xe8,0x08,0x4a,0x09,0x2d,0x2a,
    0x51,0x53,0x54,0x74,0x95,0x84,0x95,0x84,0x74,0x7c,0x75,0x7c,0x95,0x84,0x95,0x84,
    0xb5,0x84,0xb5,0x84,0x95,0x84,0x54,0x7c,0x13,0x74,0xaf,0x42,0x2a,0x01,0x0a,0x01,
    0x0a,0x01,0x0a,0x01,0x0e,0x22,0xf6,0x94,0x57,0xa5,0xf6,0x94,0x34,0x7c,0xd0,0x42,
    0xcd,0x19,0x8c,0x11,0x0d,0x2a,0x30,0x53,0x70,0x5b,0x50,0x53,0x50,0x53,0x33,0x74,
    0x57,0xa5,0x57,0xa5,0x78,0xa5,0xbb,0xce,0x5a,0xc6,0xd9,0xb5,0xf6,0x94,0xb3,0x8c,
    0x18,0xc6,0xdb,0xde,0xdb,0xde,0xdb,0xde,0xdb,0xde,0xd8,0xbd,0xd2,0x3a,0x71,0x1a,
    0xd3,0x2a,0xf4,0x3a,0xf3,0x3a,0x14,0x3b,0x34,0x43,0x34,0x43,0x34,0x43,0x75,0x53,
    0x75,0x53,0x34,0x43,0x34,0x43,0x34,0x4b,0x34,0x4b,0x55,0x4b,0x75,0x53,0x95,0x5b,
    0x75,0x53,0x75,0x53,0x75,0x53,0x75,0x53,0x75,0x53,0x54,0x4b,0x34,0x43,0x14,0x43,
    0x14,0x43,0x34,0x43,0xb5,0x5b,0x19,0xbe,0xbb,0xd6,0x9b,0xd6,0x17,0x9d,0x96,0xbd,
    0xd9,0xde,0xd9,0xde,0xda,0xde,0xda,0xde,0xda,0xde,0xda,0xde,0x95,0xda,0xde,0xd9,
    0xde,0x98,0xd6,0xd5,0xc5,0x55,0xb5,0x75,0x8c,0xb5,0x63,0x95,0x5b,0x95,0x5b,0x95,
    0x5b,0x95,0x5b,0xb5,0x5b,0x95,0x5b,0x95,0x53,0xb5,0x5b,0x36,0x74,0x77,0xad,0x59,
    0xce,0xba,0xde,0xda,0xde,0xd9,0xde,0x19,0xd9,0xde,0xff,0x0c,0x2a,0xae,0x42,0x50,
    0x5b,0xb1,0x6b,0xf2,0x6b,0x0f,0x4b,0x29,0x09,0x09,0x01,0x0c,0x32,0x0f,0x4b,0xd2,
    0x63,0x34,0x74,0x33,0x74,0xd2,0x6b,0x30,0x53,0x0c,0x22,0x09,0x01,0xef,0x4a,0xd5,
    0x8c,0x36,0x9d,0x34,0x7c,0x0e,0x2a,0x2b,0x01,0x2b,0x01,0x4b,0x01,0x4b,0x01,0x6c,
    0x01,0x6c,0x01,0x4d,0x32,0xef,0x4a,0xb1,0x63,0x13,0x74,0xd5,0x8c,0x37,0x9d,0xb5,
    0x8c,0x12,0x74,0x0e,0x4b,0x0c,0x53,0xf1,0x73,0x71,0x22,0xf3,0x3a,0x33,0x4b,0xb8,
    0xb5,0xdb,0xde,0xdb,0xde,0xdb,0xde,0xdb,0xde,0xdb,0xde,0xdb,0xde,0xdb,0xde,0xdb,
    0xde,0xba,0xd6,0x9a,0xd6,0xdb,0xde,0xdb,0xde,0xdb,0xde,0xdb,0xde,0xdb,0xde,0xd5,
    0x94,0x90,0x32,0x70,0x2a,0x6f,0x63,0x2c,0x5b,0x8e,0x6b,0x14,0x9d,0x38,0xc6,0x2f,
    0x5b,0x71,0x22,0xb8,0xb5,0xdb,0xde,0xdb,0xde,0xdb,0xde,0xdb,0xde,0x18,0xc6,0x96,
    0xb5,0x34,0xa5,0xf8,0xbd,0xfb,0xde,0xdb,0xde,0xdb,0xde,0xdb,0xde,0xdb,0xde,0xdb,
    0xde,0x54,0x7c,0xb2,0x2a,0xb2,0x2a,0xb2,0x2a,0xb2,0x2a,0xb2,0x2a,0xb2,0x22,0x92,
    0x22,0x92,0x22,0x92,0x22,0x92,0x22,0x92,0x22,0x92,0x22,0x71,0x1a,0x71,0x1a,0x72,
    0x1a,0x71,0x1a,0x71,0x1a,0x71,0x1a,0x71,0x1a,0x71,0x1a,0x71,0x1a,0x71,0x1a,0x72,
    0x22,0x71,0x1a,0x51,0x12,0x51,0x12,0x51,0x12,0x31,0x0a,0x10,0x02,0x31,0x0a,0x51,
    0x1a,0xec,0x29,0x67,0x21,0x6b,0x32,0x53,0x7c,0xf9,0xbd,0xdb,0xd6,0x7a,0xce,0x53,
    0x7c,0xf3,0x9c,0xf4,0x9c,0x0e,0x2a,0x94,0x84,0xff,0x13,0x9d,0xd2,0x8c,0xf3,0x9c,
    0xf8,0xbd,0xd8,0xb5,0x6f,0x5b,0x6b,0x3a,0xec,0x52,0x96,0xad,0x52,0x7c,0xb1,0x63,
    0xcc,0x21,0xb0,0x6b,0xf7,0xbd,0xdb,0xde,0xdb,0xde,0xdb,0xde,0xdb,0xde,0xdb,0xd6,
    0x52,0x84,0x8c,0x3a,0x8b,0x3a,0x2a,0x32,0xe8,0x31,0xec,0x52,0x8a,0x42,0x55,0xa5,
    0xba,0xd6,0xdb,0xde,0xf8,0xbd,0x35,0xa5,0xaf,0x73,0x4c,0x32,0x8f,0x6b,0xd7,0xbd,
    0xcf,0x73,0xa8,0x29,0x09,0x01,0x0a,0x01,0x0a,0x01,0xe9,0x00,0x0a,0x01,0xac,0x19,
    0xef,0x4a,0x14,0x74,0x34,0x74,0xd2,0x6b,0x50,0x5b,0xef,0x4a,0x6e,0x3a,0xcc,0x21,
    0x6b,0x09,0x0a,0x01,0x0a,0x01,0x0a,0x01,0x2a,0x01,0x2b,0x01,0x2b,0x01,0x2b,0x01,
    0x6c,0x01,0x34,0x7c,0xd9,0xb5,0xf9,0xb5,0xf9,0xbd,0xb8,0xb5,0x37,0x9d,0x14,0x74,
    0xb0,0x42,0x6d,0x01,0xee,0x21,0xcf,0x42,0x91,0x5b,0xd6,0x8c,0x17,0x95,0x57,0xa5,
    0xb8,0xad,0x3a,0xc6,0x9b,0xce,0xbb,0xce,0x5a,0xc6,0x98,0xad,0x94,0x84,0xf7,0xbd,
    0xdb,0xde,0xdb,0xde,0xdb,0xde,0x9a,0xd6,0xf4,0x73,0x14,0x3b,0x14,0x43,0x34,0x43,
    0x14,0x3b,0x14,0x3b,0x34,0x43,0x34,0x43,0x34,0x43,0x55,0x4b,0x75,0x53,0x54,0x4b,
    0x14,0x43,0x34,0x43,0x34,0x4b,0x34,0x4b,0x55,0x4b,0x95,0x5b,0x95,0x5b,0x75,0x53,
    0x75,0x53,0x75,0x53,0x75,0x53,0x75,0x53,0x75,0x53,0x55,0x4b,0x34,0x4b,0x14,0x43,
    0x14,0x3b,0x14,0x43,0xf5,0x6b,0xf5,0x6b,0xb6,0xbd,0xd9,0xde,0xd9,0xde,0xda,0xde,
    0xda,0xde,0xda,0xde,0xda,0xde,0xda,0xde,0x97,0xda,0xde,0xda,0xde,0xda,0xde,0xda,
    0xde,0xb9,0xde,0x57,0xd6,0xb6,0xc5,0xf4,0xa4,0x55,0x84,0x95,0x5b,0x95,0x53,0xb5,
    0x5b,0xb5,0x63,0x95,0x5b,0x75,0x53,0x95,0x5b,0x75,0x53,0xb5,0x63,0x76,0x84,0x57,
    0xad,0x38,0xce,0x99,0xde,0xd9,0xde,0x17,0xd9,0xde,0xff,0xf5,0x8c,0xf5,0x94,0xf5,
    0x94,0xd5,0x8c,0xd5,0x8c,0x53,0x7c,0xec,0x21,0xe8,0x00,0xe8,0x00,0xe8,0x00,0x09,
    0x01,0x4d,0x32,0xd2,0x63,0x94,0x84,0xf5,0x94,0xd5,0x8c,0x54,0x7c,0x16,0x95,0x36,
    0x9d,0x33,0x74,0xed,0x21,0x2b,0x01,0x2b,0x01,0x4b,0x01,0x4c,0x01,0x6c,0x01,0xee,
    0x09,0x50,0x22,0x30,0x1a,0xee,0x09,0xce,0x09,0xed,0x19,0xae,0x42,0x91,0x63,0x90,
    0x63,0x6b,0x42,0x6a,0x42,0xcb,0x29,0x50,0x22,0x13,0x43,0x33,0x43,0x33,0x4b,0x0c,
    0x32,0xb3,0x94,0x39,0xc6,0xba,0xd6,0xdb,0xde,0xdb,0xde,0xdb,0xde,0xdb,0xde,0xdb,
    0xde,0xdb,0xde,0xdb,0xde,0xdb,0xde,0xdb,0xde,0xdb,0xde,0xba,0xd6,0x95,0x84,0x91,
    0x2a,0xb1,0x3a,0xef,0x5a,0x6b,0x42,0x8b,0x42,0x91,0x8c,0x96,0xad,0xef,0x52,0xd2,
    0x42,0x19,0xbe,0xdb,0xde,0xdb,0xde,0xdb,0xde,0xdb,0xde,0xba,0xd6,0x38,0xc6,0xdb,
    0xd6,0xdb,0xde,0xd7,0xbd,0x92,0x94,0xd7,0xbd,0x79,0xce,0xdb,0xde,0xdb,0xde,0x57,
    0xa5,0x51,0x5b,0xcf,0x42,0xb1,0x32,0xb2,0x2a,0xb2,0x2a,0xb2,0x2a,0xb2,0x2a,0xb2,
    0x2a,0xb2,0x2a,0x92,0x22,0x92,0x22,0x92,0x22,0x92,0x22,0x92,0x22,0x92,0x22,0x92,
    0x22,0x72,0x22,0x71,0x22,0x92,0x22,0x72,0x1a,0x71,0x1a,0x71,0x1a,0x71,0x1a,0x92,
    0x22,0x71,0x22,0x51,0x12,0x51,0x12,0x51,0x12,0x31,0x0a,0x30,0x02,0x31,0x0a,0x51,
    0x12,0x30,0x12,0x0f,0x12,0xd0,0x42,0x34,0x74,0x78,0xa5,0xf9,0xb5,0xd8,0xb5,0xb0,
    0x6b,0x31,0x84,0xee,0x19,0x71,0x5b,0x91,0x8c,0xff,0x2c,0x5b,0x2e,0x53,0xf5,0x94,
    0x1a,0xbe,0x57,0x9d,0xd1,0x63,0x8b,0x42,0x55,0xa5,0x35,0xa5,0xd1,0x6b,0x0d,0x2a,
    0x90,0x63,0x34,0x9d,0x79,0xce,0xdb,0xde,0xdb,0xde,0xdb,0xde,0xdb,0xd6,0xd7,0xb5,
    0x31,0x7c,0x4f,0x5b,0xee,0x4a,0x6b,0x3a,0x6d,0x63,0x30,0x7c,0x18,0xc6,0xdb,0xde,
    0xdb,0xde,0xdb,0xde,0xb7,0xb5,0x8e,0x6b,0x52,0x84,0x8e,0x6b,0xf8,0xbd,0x13,0x9d,
    0xcb,0x4a,0x0a,0x01,0x2b,0x01,0x2b,0x01,0x8c,0x19,0x0c,0x2a,0x4b,0x09,0x0a,0x01,
    0x0a,0x01,0x2a,0x01,0x2a,0x01,0x0a,0x01,0x0a,0x01,0x0a,0x01,0x0a,0x01,0x0a,0x01,
    0x0a,0x01,0x0a,0x01,0x2a,0x01,0x2b,0x01,0x2b,0x01,0x4b,0x01,0x4c,0x01,0x4c,0x01,
    0x6d,0x01,0x6f,0x32,0x98,0xad,0x19,0xbe,0x57,0xa5,0x98,0xad,0xf9,0xbd,0x19,0xbe,
    0xd8,0xb5,0x37,0x9d,0xf3,0x73,0xd0,0x42,0x0f,0x1a,0x4f,0x32,0x75,0x84,0x78,0xa5,
    0x98,0xad,0x78,0xad,0xb9,0xad,0x3a,0xbe,0x9b,0xce,0xbb,0xd6,0xb8,0xad,0x8f,0x63,
    0x75,0xad,0xdb,0xde,0xdb,0xde,0x36,0xa5,0x14,0x43,0x34,0x43,0x34,0x43,0x34,0x43,
    0x34,0x43,0x14,0x3b,0x14,0x43,0x34,0x43,0x34,0x43,0x34,0x4b,0x75,0x53,0x75,0x53,
    0x34,0x43,0x34,0x43,0x55,0x4b,0x55,0x4b,0x55,0x4b,0x75,0x53,0x95,0x5b,0x75,0x53,
    0x75,0x53,0x75,0x53,0x75,0x53,0x75,0x53,0x75,0x53,0x75,0x53,0x75,0x53,0x75,0x53,
    0x54,0x4b,0x34,0x43,0x14,0x43,0xf5,0xa4,0xd8,0xde,0xd9,0xde,0xda,0xde,0xda,0xde,
    0xda,0xde,0xda,0xde,0xda,0xde,0xda,0xde,0x9a,0xda,0xde,0xda,0xde,0xd9,0xde,0xda,
    0xde,0xda,0xde,0xda,0xde,0xd9,0xde,0xd9,0xde,0x16,0xce,0x95,0xbd,0xd5,0x9c,0xf5,
    0x73,0xd5,0x63,0xb5,0x5b,0x75,0x53,0x95,0x53,0x95,0x53,0x95,0x53,0x95,0x53,0x95,
    0x53,0x95,0x5b,0x76,0x84,0x77,0xb5,0x38,0xce,0x99,0xd6,0xd9,0xde,0x14,0xd9,0xde,
    0xff,0x54,0x7c,0x16,0x95,0x16,0x95,0x16,0x95,0x94,0x84,0x2c,0x32,0x09,0x01,0x09,
    0x01,0x09,0x01,0x09,0x01,0x09,0x01,0x09,0x01,0x2a,0x01,0xec,0x29,0x30,0x53,0x94,
    0x84,0x36,0x9d,0x36,0x9d,0x33,0x74,0xac,0x19,0x2a,0x01,0x2b,0x01,0x2b,0x01,0x4b,
    0x01,0x6c,0x01,0xad,0x01,0x0f,0x0a,0x71,0x22,0xb2,0x2a,0x91,0x2a,0x91,0x2a,0x71,
    0x22,0x2f,0x12,0x0f,0x1a,0x4e,0x3a,0xac,0x5a,0xae,0x4a,0x71,0x22,0xd3,0x32,0x33,
    0x43,0x33,0x4b,0x54,0x4b,0x6c,0x01,0x6b,0x01,0xcb,0x29,0x2f,0x5b,0x14,0x9d,0x9a,
    0xd6,0xdb,0xde,0xdb,0xde,0xdb,0xde,0xdb,0xde,0xdb,0xde,0xdb,0xde,0xdb,0xde,0x9a,
    0xd6,0x14,0x7c,0x91,0x2a,0x91,0x32,0x50,0x6b,0x90,0x9c,0x09,0x3a,0xcc,0x4a,0xae,
    0x73,0x8e,0x42,0xd2,0x3a,0x39,0xc6,0xdb,0xde,0xdb,0xde,0xdb,0xde,0xdb,0xde,0xba,
    0xd6,0xba,0xd6,0xdb,0xde,0xba,0xd6,0xba,0xd6,0xdb,0xde,0xdb,0xde,0x79,0xce,0xf7,
    0xbd,0x72,0x8c,0x36,0xa5,0x12,0x4b,0xf0,0x42,0x2e,0x53,0xee,0x4a,0xaf,0x3a,0xb2,
    0x2a,0xb2,0x2a,0xb2,0x2a,0xb2,0x2a,0xb2,0x2a,0xb2,0x2a,0xb2,0x2a,0x92,0x22,0x92,
    0x22,0x92,0x22,0x92,0x22,0x92,0x22,0x92,0x22,0x92,0x22,0x92,0x22,0x92,0x22,0x71,
    0x1a,0x71,0x1a,0x71,0x1a,0x92,0x22,0x92,0x22,0x71,0x1a,0x51,0x12,0x51,0x12,0x51,
    0x12,0x31,0x02,0x31,0x02,0x51,0x12,0x51,0x12,0x71,0x1a,0x71,0x1a,0x71,0x22,0xf1,
    0x42,0xd3,0x6b,0xee,0x4a,0x0a,0x3a,0x0f,0x1a,0x50,0x1a,0xcc,0x4a,0x0c,0x5b,0xff,
    0x6b,0x3a,0xd5,0x8c,0x9b,0xce,0xbb,0xce,0x78,0xa5,0x2e,0x53,0x14,0x9d,0x38,0xc6,
    0x14,0x9d,0xed,0x29,0xf2,0x73,0x54,0xa5,0xf7,0xbd,0x79,0xce,0x79,0xce,0xf7,0xbd,
    0xf3,0x9c,0x71,0x84,0xd3,0x8c,0xf4,0x94,0x32,0x7c,0xb1,0x63,0xcf,0x73,0xf3,0x94,
    0x79,0xce,0xdb,0xde,0xdb,0xde,0xdb,0xde,0x7a,0xce,0xae,0x6b,0xaf,0x73,0xcf,0x73,
    0x18,0xc6,0x95,0xad,0xd3,0x94,0x2a,0x01,0x2b,0x01,0x4b,0x01,0xd0,0x42,0xb5,0x8c,
    0x36,0x9d,0x54,0x7c,0x6b,0x11,0x2b,0x01,0x2b,0x01,0x2b,0x01,0x2b,0x01,0x2b,0x01,
    0x2b,0x01,0x2b,0x01,0x2b,0x01,0x2b,0x01,0x2b,0x01,0x2b,0x01,0x2b,0x01,0x4c,0x01,
    0x4c,0x01,0x6c,0x01,0x6d,0x01,0x6d,0x01,0x4f,0x2a,0x78,0xad,0x39,0xc6,0x14,0x74,
    0x2f,0x22,0x31,0x53,0xb5,0x8c,0x19,0xbe,0x5a,0xce,0x7a,0xce,0x3a,0xc6,0x98,0xad,
    0x34,0x7c,0x91,0x32,0x70,0x2a,0x11,0x53,0xb5,0x8c,0xf9,0xbd,0xf9,0xb5,0x3a,0xc6,
    0x7a,0xce,0xdb,0xd6,0x57,0xa5,0xaf,0x6b,0xdb,0xde,0x36,0xa5,0x13,0x3b,0x34,0x43,
    0x34,0x43,0x34,0x43,0x34,0x4b,0x34,0x43,0x34,0x43,0x34,0x43,0x34,0x43,0x34,0x43,
    0x34,0x4b,0x55,0x4b,0x75,0x53,0x54,0x4b,0x34,0x43,0x55,0x4b,0x55,0x4b,0x55,0x4b,
    0x55,0x4b,0x95,0x5b,0x95,0x53,0x75,0x53,0x75,0x53,0x75,0x53,0x75,0x53,0x75,0x53,
    0x75,0x53,0x75,0x53,0x75,0x53,0x75,0x53,0x75,0x53,0x94,0x94,0x97,0xde,0xd9,0xde,
    0xda,0xde,0xda,0xde,0xda,0xde,0xda,0xde,0xda,0xde,0xda,0xde,0xda,0xde,0x9d,0xda,
    0xde,0xd9,0xde,0xda,0xde,0xda,0xde,0xda,0xde,0xd9,0xde,0xd9,0xde,0xd9,0xde,0xd9,
    0xde,0xd9,0xde,0xb8,0xd6,0x37,0xce,0x54,0xb5,0xb5,0x94,0xb5,0x6b,0x95,0x5b,0x95,
    0x53,0x95,0x53,0x95,0x53,0x95,0x53,0x95,0x53,0x95,0x53,0x95,0x5b,0xd5,0x6b,0x76,
    0x84,0x97,0xb5,0x58,0xd6,0xb9,0xde,0xd9,0xde,0x11,0xd9,0xde,0xff,0x74,0x7c,0x36,
    0x9d,0x56,0x9d,0x94,0x84,0x2d,0x32,0x2a,0x01,0x2a,0x01,0x2a,0x01,0x2a,0x01,0x2a,
    0x01,0x2a,0x01,0x2a,0x01,0x2a,0x01,0x0a,0x01,0x0a,0x01,0x2b,0x01,0xae,0x42,0xae,
    0x42,0x8c,0x19,0x2a,0x01,0x2a,0x01,0x2b,0x01,0x4b,0x01,0x4c,0x01,0x8d,0x01,0xae,
    0x01,0x0f,0x12,0x71,0x22,0xb2,0x32,0xb2,0x32,0xb2,0x32,0x92,0x2a,0x71,0x22,0x71,
    0x22,0x71,0x22,0x71,0x1a,0x92,0x2a,0xd2,0x32,0xf3,0x3a,0xf3,0x3a,0x13,0x43,0x32,
    0x4b,0x6a,0x11,0x48,0x11,0x48,0x11,0x89,0x19,0x4c,0x32,0xee,0x4a,0x93,0x8c,0xb7,
    0xb5,0x9a,0xd6,0xdb,0xde,0xdb,0xde,0xdb,0xde,0x39,0xc6,0xd3,0x6b,0x91,0x2a,0xb1,
    0x32,0xb1,0x32,0x90,0x32,0x0d,0x2a,0xcb,0x21,0x0a,0x3a,0x0e,0x2a,0x33,0x4b,0x39,
    0xc6,0xdb,0xde,0xdb,0xde,0xdb,0xde,0xdb,0xde,0xdb,0xde,0x59,0xce,0x9a,0xd6,0x79,
    0xce,0xba,0xd6,0xdb,0xde,0xdb,0xde,0xdb,0xde,0xdb,0xde,0xdb,0xde,0xd8,0xb5,0xf1,
    0x42,0x6f,0x2a,0x6c,0x3a,0xaf,0x6b,0x8d,0x3a,0xcd,0x4a,0x73,0x8c,0x13,0x4b,0xb2,
    0x2a,0xb2,0x2a,0xb2,0x2a,0xb2,0x2a,0xb2,0x2a,0xb2,0x2a,0xb2,0x2a,0x92,0x22,0x92,
    0x22,0x92,0x22,0x92,0x22,0x92,0x22,0x92,0x22,0x92,0x22,0x92,0x22,0x72,0x22,0x71,
    0x22,0x92,0x22,0x92,0x2a,0x72,0x22,0x71,0x1a,0x51,0x12,0x51,0x12,0x31,0x0a,0x31,
    0x02,0x31,0x02,0x31,0x0a,0x51,0x12,0x71,0x1a,0x71,0x1a,0x71,0x1a,0x51,0x12,0x31,
    0x12,0x30,0x12,0x31,0x0a,0xaf,0x4a,0x67,0x29,0xc8,0x29,0xff,0x2f,0x53,0x77,0xa5,
    0xbb,0xd6,0xdb,0xd6,0x57,0xa5,0xb0,0x63,0x17,0xbe,0x96,0xad,0x2e,0x32,0xd2,0x6b,
    0x96,0xad,0xb5,0xad,0xf7,0xbd,0x59,0xce,0xb7,0xad,0xb0,0x63,0x8b,0x42,0x0c,0x53,
    0x71,0x84,0x96,0xad,0xf5,0x94,0xf0,0x73,0xf3,0x9c,0xba,0xd6,0xdb,0xde,0xdb,0xde,
    0xdb,0xde,0xba,0xd6,0x14,0x9d,0x10,0x7c,0x71,0x8c,0x18,0xc6,0xf3,0x9c,0xd3,0x94,
    0x4b,0x09,0x2b,0x01,0x4b,0x01,0xf0,0x4a,0xf6,0x94,0x97,0xad,0x77,0xa5,0x14,0x74,
    0x6c,0x09,0x4b,0x01,0x4b,0x01,0x4b,0x01,0x4b,0x01,0x4b,0x01,0x4b,0x01,0x4b,0x01,
    0x4b,0x01,0x4b,0x01,0x4b,0x01,0x4c,0x01,0x4c,0x01,0x6c,0x01,0x6c,0x01,0x6d,0x01,
    0x8d,0x01,0x8d,0x01,0xb0,0x42,0xd9,0xb5,0x3a,0xc6,0x14,0x74,0xcf,0x01,0xcf,0x01,
    0xcf,0x01,0x71,0x2a,0x35,0x7c,0x98,0xad,0x7a,0xce,0xbb,0xd6,0xbb,0xd6,0x39,0xc6,
    0x57,0xa5,0x14,0x74,0xb1,0x32,0x0f,0x12,0x14,0x74,0x57,0xa5,0x3a,0xc6,0x3a,0xbe,
    0xf5,0x94,0x4d,0x63,0xf5,0x9c,0xd3,0x3a,0x14,0x43,0x34,0x43,0x34,0x43,0x34,0x4b,
    0x34,0x4b,0x34,0x43,0x34,0x43,0x34,0x43,0x34,0x43,0x34,0x43,0x34,0x43,0x34,0x43,
    0x55,0x4b,0x54,0x4b,0x54,0x4b,0x55,0x4b,0x54,0x4b,0x54,0x4b,0x54,0x4b,0x54,0x4b,
    0x75,0x53,0x75,0x53,0x75,0x53,0x75,0x53,0x75,0x53,0x75,0x53,0x75,0x53,0x75,0x53,
    0x75,0x53,0x75,0x53,0x94,0x94,0x97,0xd6,0xd9,0xde,0xda,0xde,0xda,0xde,0xd9,0xde,
    0xda,0xde,0xda,0xde,0xda,0xde,0xd9,0xde,0xda,0xde,0xff,0xd9,0xde,0xda,0xde,0xda,
    0xde,0xd9,0xde,0xd9,0xde,0xd9,0xde,0xd9,0xde,0xd9,0xde,0xd9,0xde,0xd9,0xde,0xd9,
    0xde,0xd9,0xde,0xd9,0xde,0x77,0xd6,0x36,0xce,0x55,0xb5,0x75,0x8c,0xf5,0x73,0x75,
    0x53,0x95,0x53,0x95,0x53,0x95,0x53,0x95,0x53,0x95,0x53,0x75,0x53,0x75,0x53,0xf5,
    0x6b,0xd6,0x94,0xb7,0xbd,0x58,0xd6,0xb9,0xde,0xd9,0xde,0xd9,0xde,0xd9,0xde,0xd9,
    0xde,0xd9,0xde,0xd9,0xde,0xd9,0xde,0xd9,0xde,0xd9,0xde,0xd9,0xde,0xd9,0xde,0xd9,
    0xde,0xd9,0xde,0xd9,0xde,0xd9,0xde,0x77,0xa5,0x56,0xa5,0xb4,0x8c,0xec,0x21,0x4b,
    0x01,0x4b,0x01,0x4b,0x01,0x4b,0x01,0x2b,0x01,0x2b,0x01,0x4b,0x01,0x2b,0x01,0x2b,
    0x01,0x2b,0x01,0x2b,0x01,0x2b,0x01,0x2b,0x01,0x2a,0x01,0x2b,0x01,0x2a,0x01,0x2b,
    0x01,0x2b,0x01,0x4b,0x01,0x6c,0x01,0x8d,0x01,0xce,0x01,0x30,0x12,0x71,0x22,0x92,
    0x2a,0xb2,0x32,0xd2,0x32,0xb2,0x32,0x91,0x22,0x91,0x22,0xb2,0x2a,0xb2,0x2a,0xd2,
    0x32,0xd3,0x32,0xd3,0x3a,0xf3,0x3a,0x11,0x4b,0x2f,0x5b,0xe5,0x18,0x05,0x19,0x26,
    0x21,0x67,0x21,0xa8,0x21,0x0a,0x2a,0x6c,0x32,0xad,0x42,0x2f,0x53,0xb3,0x94,0x59,
    0xce,0xf8,0xbd,0x51,0x5b,0x2f,0x1a,0x70,0x22,0xb1,0x3a,0x34,0x7c,0xb4,0x8c,0xb3,
    0x63,0x91,0x2a,0xb2,0x32,0xb4,0x63,0x7a,0xce,0xdb,0xde,0xdb,0xde,0xdb,0xde,0xdb,
    0xde,0xdb,0xde,0x9a,0xce,0x9a,0xce,0x7a,0xce,0x59,0xc6,0xdb,0xde,0xdb,0xde,0xdb,
    0xde,0xdb,0xde,0xdb,0xde,0xb7,0xb5,0xb1,0x3a,0xff,0x2e,0x22,0x0a,0x32,0x8b,0x42,
    0x6e,0x63,0xcc,0x4a,0x6d,0x6b,0x6f,0x9c,0xf2,0x42,0xb3,0x32,0xb2,0x32,0xb2,0x32,
    0xb2,0x32,0xb2,0x2a,0xb2,0x2a,0xb2,0x2a,0xb2,0x2a,0xb2,0x2a,0x92,0x2a,0x92,0x22,
    0x92,0x22,0x92,0x22,0x92,0x22,0x92,0x22,0x92,0x22,0x92,0x22,0x92,0x22,0xb2,0x2a,
    0x92,0x22,0x72,0x1a,0x71,0x1a,0x51,0x12,0x51,0x12,0x31,0x0a,0x31,0x0a,0x31,0x02,
    0x31,0x0a,0x51,0x12,0x51,0x1a,0x71,0x1a,0x71,0x1a,0x71,0x1a,0x51,0x12,0x51,0x12,
    0x30,0x1a,0xac,0x11,0x4c,0x32,0xd2,0x6b,0xb9,0xad,0x9b,0xce,0x9a,0xce,0xb9,0xad,
    0x6d,0x6b,0x96,0xb5,0x4e,0x32,0xb0,0x3a,0x55,0xa5,0x91,0x84,0xf0,0x73,0xf5,0x94,
    0x1a,0xbe,0x16,0x9d,0x2f,0x53,0xab,0x42,0x4d,0x63,0xf7,0xbd,0x38,0xc6,0x51,0x7c,
    0xb2,0x8c,0x59,0xce,0xdb,0xde,0xdb,0xde,0xdb,0xde,0xba,0xd6,0x76,0xa5,0x31,0x7c,
    0xd2,0x94,0xf7,0xbd,0x91,0x8c,0xd3,0x94,0x6c,0x11,0xad,0x01,0x8d,0x09,0x10,0x4b,
    0x16,0x95,0x97,0xad,0x77,0xa5,0x54,0x7c,0xee,0x21,0x4c,0x01,0x6c,0x01,0x4c,0x01,
    0x4c,0x01,0x6c,0x01,0x6c,0x01,0xad,0x19,0xad,0x19,0x6c,0x01,0x4c,0x01,0x4c,0x01,
    0x6c,0x01,0x6c,0x01,0x6c,0x01,0x6d,0x01,0x6d,0x01,0x8d,0x01,0xad,0x01,0xce,0x09,
    0x52,0x53,0xb6,0x8c,0x32,0x53,0xf0,0x01,0x10,0x02,0x10,0x02,0x31,0x02,0x51,0x12,
    0x92,0x22,0x13,0x43,0xb6,0x8c,0x3a,0xc6,0x9b,0xd6,0xbb,0xd6,0xbb,0xd6,0x3a,0xc6,
    0x37,0x9d,0x73,0x5b,0x51,0x1a,0x91,0x2a,0xff,0x72,0x5b,0x2c,0x32,0xec,0x29,0xd3,
    0x32,0x14,0x3b,0x34,0x43,0x34,0x43,0x34,0x43,0x34,0x4b,0x34,0x43,0x34,0x43,0x34,
    0x43,0x34,0x43,0x34,0x43,0x34,0x43,0x14,0x43,0x34,0x43,0x54,0x4b,0x55,0x4b,0x55,
    0x4b,0x54,0x4b,0x54,0x4b,0x34,0x4b,0x34,0x43,0x34,0x43,0x55,0x4b,0x75,0x53,0x75,
    0x53,0x75,0x53,0x75,0x53,0x75,0x53,0x75,0x53,0x75,0x53,0x75,0x53,0x74,0x94,0x97,
    0xde,0xd9,0xde,0xd9,0xde,0xd9,0xde,0xd9,0xde,0xd9,0xde,0xd9,0xde,0xd9,0xde,0xd9,
    0xde,0xd9,0xde,0xda,0xde,0xd9,0xde,0xd9,0xde,0xd9,0xde,0xd9,0xde,0xd9,0xde,0xd9,
    0xde,0xd9,0xde,0xd9,0xde,0xd9,0xde,0xd9,0xde,0xd9,0xde,0xd9,0xde,0xd9,0xde,0xd9,
    0xde,0xd9,0xde,0xd9,0xde,0x78,0xd6,0xb5,0xc5,0x15,0xad,0x35,0x84,0xb5,0x63,0x95,
    0x53,0x95,0x53,0x75,0x53,0x95,0x53,0x95,0x53,0x75,0x53,0x95,0x53,0x95,0x5b,0xf5,
    0x6b,0xf6,0x9c,0xd7,0xc5,0x78,0xd6,0xb9,0xde,0xd9,0xde,0xd9,0xde,0xd9,0xde,0xd9,
    0xde,0xd9,0xde,0xd9,0xde,0xd9,0xde,0xd9,0xde,0xd9,0xde,0xd9,0xde,0xd9,0xde,0xd9,
    0xde,0x97,0xad,0x74,0x84,0xed,0x21,0x4b,0x01,0x4b,0x01,0x4c,0x01,0x6b,0x01,0x4b,
    0x01,0x4b,0x01,0x4b,0x01,0x4b,0x01,0x4b,0x01,0x4b,0x01,0x4b,0x01,0x4b,0x01,0x4b,
    0x01,0x4b,0x01,0x2b,0x01,0x2b,0x01,0x2b,0x01,0x4b,0x01,0x4b,0x01,0x6c,0x01,0x8d,
    0x01,0xad,0x01,0xee,0x01,0x30,0x12,0x51,0x1a,0x91,0x2a,0x92,0x2a,0xb2,0x2a,0xd2,
    0x32,0xd2,0x32,0x92,0x2a,0x91,0x22,0xff,0x92,0x2a,0xb2,0x32,0xd2,0x32,0xf3,0x3a,
    0xb0,0x3a,0xad,0x42,0x87,0x29,0xc4,0x18,0xe4,0x18,0x05,0x19,0x46,0x21,0xa8,0x29,
    0x09,0x32,0xab,0x4a,0xec,0x52,0x2e,0x53,0x6f,0x5b,0xb0,0x63,0x31,0x53,0x71,0x22,
    0x70,0x2a,0x6f,0x2a,0x6f,0x32,0xd2,0x6b,0x16,0x9d,0x94,0x63,0xf3,0x42,0x77,0xa5,
    0x7a,0xce,0xdb,0xde,0xdb,0xde,0xdb,0xde,0xdb,0xde,0x9a,0xd6,0x9a,0xd6,0x9a,0xd6,
    0x9a,0xd6,0xba,0xd6,0xdb,0xde,0xdb,0xde,0xdb,0xde,0xdb,0xde,0xdb,0xde,0x57,0xa5,
    0x4f,0x2a,0x0d,0x2a,0xc8,0x31,0xe8,0x31,0x29,0x32,0xcc,0x4a,0xd3,0x94,0x6e,0x63,
    0xf2,0x42,0xd2,0x32,0xd3,0x32,0xd2,0x32,0x33,0x84,0x14,0xa5,0xf1,0x4a,0xb2,0x32,
    0xb2,0x2a,0xb2,0x2a,0xb2,0x2a,0xb2,0x2a,0xb2,0x2a,0xb2,0x2a,0xb2,0x2a,0x92,0x22,
    0x92,0x22,0x92,0x22,0x92,0x22,0x92,0x22,0x92,0x2a,0xb2,0x2a,0x92,0x22,0x72,0x1a,
    0x71,0x1a,0x51,0x12,0x51,0x12,0x51,0x12,0x51,0x12,0x31,0x12,0x31,0x0a,0x51,0x12,
    0x51,0x12,0x51,0x12,0x51,0x12,0x51,0x12,0x51,0x12,0x51,0x12,0x51,0x12,0x50,0x1a,
    0xb0,0x3a,0xd3,0x6b,0x37,0x9d,0x16,0x95,0x4f,0x5b,0xec,0x5a,0x6f,0x32,0x50,0x22,
    0x71,0x84,0x4d,0x63,0xed,0x4a,0xb5,0x8c,0x5a,0xc6,0x7a,0xc6,0x37,0x9d,0x90,0x63,
    0xec,0x4a,0xb6,0xb5,0x79,0xce,0xf4,0x9c,0x34,0xa5,0x95,0xad,0x38,0xc6,0xba,0xd6,
    0xba,0xd6,0x17,0xbe,0x18,0xbe,0xd3,0x94,0x54,0xa5,0x18,0xc6,0xf3,0x94,0x92,0x94,
    0xce,0x19,0x30,0x0a,0x51,0x1a,0xd8,0xf3,0x6b,0x77,0xad,0xd8,0xb5,0xb8,0xad,0x54,
    0x7c,0xee,0x21,0x6c,0x01,0x6d,0x01,0x8d,0x01,0x8d,0x01,0x8d,0x01,0x6d,0x01,0x51,
    0x5b,0x37,0x9d,0x57,0xa5,0x13,0x74,0xad,0x11,0x6d,0x01,0x6d,0x01,0x6d,0x01,0x8d,
    0x01,0x8d,0x01,0x8d,0x01,0xae,0x01,0xae,0x01,0xae,0x01,0xcf,0x01,0xcf,0x01,0xf0,
    0x01,0x10,0x02,0x11,0x02,0x31,0x02,0x51,0x0a,0x72,0x12,0x92,0x1a,0xb3,0x22,0xb3,
    0x2a,0xf3,0x3a,0xd5,0x63,0x17,0x9d,0x5a,0xc6,0xdb,0xde,0xbb,0xd6,0xd6,0x8c,0xd3,
    0x32,0xd3,0x2a,0xb3,0x2a,0xb3,0x2a,0xf3,0x32,0x14,0x3b,0x34,0x43,0x34,0x43,0x34,
    0x43,0x34,0x4b,0x34,0x43,0x34,0x43,0x34,0x43,0x34,0x43,0x34,0x43,0x34,0x43,0x34,
    0x43,0x34,0x43,0x54,0x4b,0x54,0x4b,0x54,0x4b,0x55,0x4b,0x55,0x4b,0x55,0x4b,0x34,
    0x43,0x14,0x43,0x54,0x4b,0x75,0x53,0x75,0x53,0x75,0x53,0x75,0x53,0x75,0x53,0x75,
    0x53,0x75,0x53,0x75,0x53,0x74,0x94,0x77,0xd6,0xd9,0xde,0xda,0xde,0xd9,0xde,0xda,
    0xde,0xd9,0xde,0xda,0xde,0xd9,0xde,0x16,0xd9,0xde,0xff,0xb9,0xde,0x77,0xd6,0xb5,
    0xbd,0xd4,0xa4,0x35,0x84,0x95,0x5b,0x95,0x53,0x95,0x53,0x75,0x53,0x75,0x53,0x75,
    0x53,0x74,0x53,0x74,0x53,0x95,0x5b,0x15,0x7c,0xf6,0x9c,0xf7,0xc5,0x78,0xd6,0xd9,
    0xde,0xd9,0xde,0xd9,0xde,0xd9,0xde,0xd9,0xde,0xd9,0xde,0xd9,0xde,0xd9,0xde,0xd9,
    0xde,0xd9,0xde,0x74,0x84,0xcd,0x19,0x6c,0x01,0x6c,0x01,0x6c,0x01,0x6c,0x01,0x6c,
    0x01,0x6c,0x01,0x6c,0x01,0x6c,0x01,0x6c,0x01,0x4c,0x01,0x4c,0x01,0x4c,0x01,0x4b,
    0x01,0x4c,0x01,0x6c,0x01,0x4b,0x01,0x4b,0x01,0x4b,0x01,0x6c,0x01,0x6c,0x01,0x8d,
    0x01,0x8d,0x01,0xce,0x01,0xef,0x01,0x30,0x0a,0x50,0x1a,0x71,0x22,0x91,0x22,0x92,
    0x2a,0xb2,0x2a,0xd2,0x32,0xf3,0x3a,0xf3,0x3a,0xd2,0x32,0xb2,0x2a,0x92,0x2a,0x70,
    0x2a,0x28,0x11,0x66,0x21,0xef,0x73,0x6d,0x6b,0x25,0x21,0x05,0x19,0x26,0x21,0xc9,
    0x29,0x8c,0x3a,0x2f,0x53,0x8f,0x63,0x10,0x74,0x71,0x84,0xf1,0x73,0x70,0x2a,0xaf,
    0x3a,0x4f,0x5b,0xb0,0x6b,0xee,0x52,0x11,0x53,0x91,0x32,0xb1,0x32,0x77,0xad,0xdb,
    0xde,0xdb,0xde,0xdb,0xde,0xdb,0xde,0xdb,0xde,0xdb,0xde,0x79,0xce,0xba,0xd6,0x38,
    0xc6,0xdb,0xde,0xdb,0xde,0xdb,0xde,0xdb,0xde,0xdb,0xde,0xdb,0xd6,0x57,0xa5,0x70,
    0x22,0x2d,0x2a,0xe8,0x39,0xc6,0x41,0xa7,0x31,0xcb,0x52,0xb6,0xb5,0x11,0x7c,0x50,
    0x1a,0xb2,0x2a,0xb2,0x2a,0xd3,0x3a,0x74,0x8c,0x97,0xd6,0xd8,0xde,0x97,0xde,0x74,
    0xb5,0x32,0x84,0xf2,0x4a,0xb2,0x2a,0xb2,0x2a,0xff,0xb2,0x2a,0xb2,0x2a,0xb2,0x2a,
    0xb2,0x2a,0xb2,0x2a,0x92,0x22,0x92,0x22,0x92,0x22,0x92,0x22,0x92,0x2a,0xb2,0x2a,
    0xb2,0x2a,0x92,0x2a,0x92,0x22,0x72,0x1a,0x71,0x1a,0x51,0x12,0x51,0x12,0x51,0x12,
    0x51,0x12,0x51,0x12,0x31,0x0a,0x31,0x0a,0x51,0x0a,0x51,0x12,0x51,0x12,0x51,0x12,
    0x51,0x1a,0x51,0x12,0x30,0x0a,0xef,0x01,0x90,0x3a,0xcd,0x19,0xce,0x01,0x30,0x12,
    0x8d,0x42,0x09,0x3a,0xab,0x4a,0x70,0x5b,0xd9,0xb5,0xdb,0xd6,0xbb,0xd6,0x37,0x9d,
    0x0e,0x53,0xf3,0x9c,0x58,0xc6,0xb4,0x94,0x75,0xad,0x74,0xa5,0x54,0xa5,0xf7,0xbd,
    0xf8,0xbd,0xb3,0x8c,0x6e,0x63,0x14,0x9d,0xd7,0xbd,0x79,0xce,0x17,0xbe,0xb3,0x94,
    0x8d,0x01,0x30,0x0a,0x92,0x2a,0x75,0x84,0x19,0xc6,0x5a,0xc6,0xf9,0xbd,0x95,0x84,
    0x0e,0x22,0x6d,0x01,0x8d,0x01,0x8d,0x01,0x8d,0x01,0x8d,0x01,0x8d,0x01,0x92,0x63,
    0xf9,0xbd,0x39,0xc6,0x19,0xbe,0xb5,0x8c,0xae,0x11,0x8d,0x01,0x8d,0x01,0x8d,0x01,
    0x6d,0x01,0x8d,0x01,0xae,0x01,0xae,0x01,0xae,0x01,0xcf,0x01,0xef,0x01,0xf0,0x01,
    0x10,0x02,0x31,0x02,0x31,0x02,0x51,0x0a,0x72,0x12,0x92,0x1a,0xb2,0x22,0xb3,0x2a,
    0xd3,0x32,0xd3,0x32,0xd3,0x32,0xd3,0x32,0xf3,0x32,0x35,0x74,0x96,0x84,0x34,0x43,
    0x14,0x3b,0x14,0x43,0x14,0x43,0x14,0x43,0x14,0x43,0x14,0x43,0x34,0x43,0x34,0x43,
    0x34,0x4b,0x34,0x43,0x34,0x43,0x34,0x43,0x34,0x43,0x34,0x43,0x34,0x43,0x14,0x43,
    0x34,0x43,0x54,0x4b,0x54,0x4b,0x54,0x4b,0x91,0x55,0x4b,0x55,0x4b,0x34,0x4b,0x14,
    0x43,0x34,0x43,0x54,0x4b,0x75,0x53,0x75,0x53,0x75,0x53,0x75,0x53,0x75,0x53,0x75,
    0x53,0x75,0x53,0x75,0x53,0x54,0x8c,0x77,0xd6,0xd9,0xde,0x20,0xd9,0xde,0xff,0xb9,
    0xde,0x36,0xce,0x95,0xbd,0x94,0x94,0x15,0x74,0x94,0x5b,0x75,0x53,0x75,0x53,0x75,
    0x53,0x75,0x53,0x75,0x53,0x74,0x53,0x74,0x53,0x95,0x5b,0x55,0x7c,0x36,0xad,0x17,
    0xce,0xd9,0xde,0xd9,0xde,0xd9,0xde,0xd9,0xde,0xd9,0xde,0xd9,0xde,0xd9,0xde,0xd9,
    0xde,0xcd,0x11,0x8d,0x01,0x8d,0x01,0x6c,0x01,0x8c,0x01,0x6c,0x01,0x8d,0x01,0x6c,
    0x01,0x6c,0x01,0x6c,0x01,0x6c,0x01,0x6c,0x01,0x6c,0x01,0x6c,0x01,0x6c,0x01,0x6c,
    0x01,0x6c,0x01,0x6c,0x01,0x6c,0x01,0x6c,0x01,0x8d,0x01,0x8d,0x01,0xad,0x01,0xae,
    0x01,0xce,0x01,0xef,0x01,0x30,0x0a,0x50,0x12,0x71,0x1a,0x71,0x22,0x91,0x22,0x92,
    0x2a,0xb2,0x2a,0xb2,0x32,0xd2,0x3a,0xf2,0x42,0xf2,0x42,0xd1,0x42,0x8c,0x52,0x27,
    0x19,0x06,0x19,0xe5,0x18,0x46,0x29,0x05,0x19,0x26,0x21,0x67,0x21,0xa8,0x21,0x2a,
    0x2a,0x2f,0x53,0xf6,0x94,0xf6,0x94,0xb4,0x8c,0x15,0x9d,0xae,0x42,0x6e,0x63,0x10,
    0x74,0x72,0x84,0x32,0xad,0xae,0x83,0x91,0x2a,0x16,0x9d,0xba,0xd6,0xdb,0xde,0xdb,
    0xde,0xdb,0xde,0xdb,0xde,0xdb,0xde,0xdb,0xde,0xdb,0xde,0xdb,0xde,0xdb,0xde,0xdb,
    0xde,0xdb,0xde,0xdb,0xde,0xdb,0xde,0xdb,0xde,0x16,0x9d,0xb1,0x3a,0x4f,0x2a,0x09,
    0x42,0x28,0x42,0xe7,0x41,0x49,0x4a,0x75,0xad,0xd4,0x94,0x70,0x2a,0xb2,0x2a,0xd3,
    0x32,0xb2,0x32,0xd4,0x9c,0xb8,0xde,0xd9,0xde,0xd9,0xde,0xd8,0xde,0xd8,0xde,0xb8,
    0xde,0x77,0xd6,0x54,0xad,0x51,0x63,0xf2,0x42,0xb2,0x32,0xb2,0x2a,0xff,0xb2,0x2a,
    0xb2,0x2a,0xb2,0x2a,0xb2,0x2a,0xb2,0x2a,0xb2,0x2a,0xb2,0x2a,0x92,0x22,0xb2,0x2a,
    0xb2,0x2a,0xb2,0x2a,0xb2,0x2a,0x92,0x22,0x72,0x22,0x71,0x1a,0x51,0x12,0x51,0x12,
    0x71,0x1a,0x51,0x12,0x51,0x12,0x31,0x0a,0x51,0x12,0x51,0x12,0x31,0x12,0x51,0x12,
    0x51,0x12,0x51,0x12,0x51,0x12,0x51,0x12,0x31,0x0a,0x31,0x02,0x30,0x0a,0x8d,0x4a,
    0x27,0x19,0xcd,0x42,0xb5,0x84,0x5a,0xc6,0xdb,0xd6,0xbb,0xd6,0x77,0xa5,0xaf,0x6b,
    0xf7,0xbd,0x12,0x7c,0x55,0xa5,0x91,0x84,0xef,0x73,0x52,0x84,0xb8,0xb5,0x56,0xa5,
    0x2e,0x53,0x71,0x84,0x38,0xc6,0xba,0xd6,0x9a,0xd6,0x76,0xad,0xce,0x19,0xf0,0x01,
    0x51,0x1a,0x96,0x8c,0x7a,0xce,0xbb,0xd6,0x5a,0xce,0xd6,0x94,0x4f,0x2a,0xae,0x01,
    0x8e,0x01,0xae,0x01,0xae,0x01,0xae,0x01,0xae,0x01,0x72,0x63,0x19,0xbe,0x5a,0xc6,
    0x3a,0xc6,0xd6,0x94,0x0f,0x22,0xee,0x19,0x2f,0x2a,0xd0,0x42,0xf3,0x73,0xf6,0x94,
    0xd6,0x94,0xf1,0x4a,0xcf,0x01,0xcf,0x01,0xef,0x01,0xf0,0x01,0x10,0x02,0x11,0x02,
    0x31,0x02,0x51,0x0a,0x72,0x12,0x72,0x1a,0x92,0x22,0xb3,0x2a,0xb3,0x2a,0xd3,0x2a,
    0xd3,0x32,0xd3,0x32,0xd3,0x32,0xf3,0x32,0xd3,0x32,0xf3,0x3a,0x14,0x3b,0x34,0x43,
    0x34,0x4b,0x54,0x4b,0x34,0x43,0x34,0x43,0x34,0x43,0x34,0x43,0x34,0x43,0x34,0x43,
    0x34,0x43,0x34,0x43,0x34,0x43,0x34,0x43,0x34,0x43,0x14,0x43,0x34,0x43,0x54,0x4b,
    0x54,0x4b,0x55,0x4b,0x55,0x4b,0x54,0x4b,0x34,0x4b,0x14,0x43,0x8d,0x14,0x43,0x54,
    0x4b,0x75,0x53,0x75,0x53,0x75,0x53,0x75,0x53,0x75,0x53,0x75,0x53,0x75,0x53,0x75,
    0x53,0x54,0x8c,0x77,0xd6,0xd9,0xde,0x24,0xd9,0xde,0x9a,0xb9,0xde,0x16,0xce,0x54,
    0xb5,0xb5,0x9c,0xb4,0x63,0x95,0x5b,0x74,0x53,0x75,0x53,0x75,0x53,0x74,0x53,0x74,
    0x53,0x74,0x53,0x34,0x43,0x74,0x53,0xd6,0x94,0x97,0xb5,0x37,0xce,0xb9,0xde,0xd9,
    0xde,0xd9,0xde,0xd9,0xde,0xd9,0xde,0xad,0x01,0xce,0x01,0xce,0x01,0x8d,0x01,0x11,
    0x8d,0x01,0xff,0xad,0x01,0xae,0x01,0xce,0x01,0xef,0x01,0x0f,0x02,0x30,0x0a,0x50,
    0x12,0x51,0x1a,0x71,0x22,0x91,0x22,0x91,0x2a,0x92,0x2a,0xb2,0x2a,0xb2,0x32,0xd2,
    0x3a,0x33,0x53,0x11,0x84,0x6f,0x94,0xa4,0x08,0xe5,0x18,0x26,0x21,0x67,0x21,0xe8,
    0x29,0xc8,0x29,0xa8,0x29,0x8c,0x3a,0x12,0x74,0x73,0x84,0x94,0x84,0x16,0x95,0x1a,
    0xbe,0x57,0xa5,0x51,0x84,0x30,0x7c,0x72,0x84,0xd7,0xb5,0x2f,0x8c,0x91,0x32,0xd3,
    0x32,0xee,0x19,0x70,0x63,0x15,0x9d,0x38,0xc6,0xfb,0xde,0xdb,0xde,0xdb,0xde,0xdb,
    0xde,0xdb,0xde,0xdb,0xde,0xdb,0xde,0xdb,0xde,0xdb,0xde,0xdb,0xde,0xbb,0xd6,0xf6,
    0x94,0x91,0x32,0xd0,0x42,0xed,0x62,0xc8,0x31,0x6b,0x42,0x4a,0x42,0xaa,0x52,0xaf,
    0x6b,0x0f,0x12,0xb2,0x2a,0xd3,0x32,0xb2,0x32,0x94,0x94,0xb8,0xde,0xd9,0xde,0xd9,
    0xde,0xd9,0xde,0xd9,0xde,0xd8,0xde,0xd8,0xde,0xd8,0xde,0xd8,0xde,0xb8,0xde,0xf6,
    0xc5,0xf3,0x9c,0x31,0x5b,0xb2,0x32,0xb2,0x2a,0xb2,0x2a,0xb2,0x2a,0xb2,0x2a,0xb2,
    0x2a,0xb2,0x2a,0x92,0x22,0x92,0x22,0x92,0x22,0x91,0x22,0x72,0x22,0x92,0x22,0x92,
    0x22,0x92,0x2a,0x92,0x22,0x71,0x1a,0x71,0x1a,0x71,0x1a,0x71,0x1a,0x71,0x1a,0xb2,
    0x2a,0x92,0x2a,0x71,0x1a,0x51,0x12,0x51,0x12,0x51,0x12,0x51,0x12,0x51,0x12,0x51,
    0x0a,0x31,0x0a,0x31,0x02,0x10,0x02,0xee,0x09,0xaf,0x3a,0x74,0x84,0xfa,0xbd,0x39,
    0xbe,0xf8,0xb5,0xf6,0x94,0x10,0x7c,0x70,0x63,0x72,0x84,0x8d,0x6b,0x8a,0x42,0xb1,
    0x6b,0xdd,0xb8,0xad,0x3a,0xbe,0x16,0x9d,0x11,0x74,0xf3,0x94,0x9a,0xd6,0xba,0xd6,
    0x76,0xad,0xce,0x11,0xf0,0x01,0x50,0x22,0xd6,0x94,0x7a,0xce,0xbb,0xd6,0x9b,0xd6,
    0x57,0xa5,0x91,0x32,0xcf,0x01,0xcf,0x01,0xce,0x01,0xce,0x01,0xce,0x01,0xae,0x01,
    0xd3,0x6b,0x19,0xbe,0x5a,0xce,0x5a,0xc6,0xf6,0x94,0x0f,0x1a,0xd1,0x42,0x78,0xad,
    0x19,0xbe,0x5a,0xc6,0x7a,0xce,0x7a,0xce,0x7a,0xce,0xf6,0x94,0x10,0x12,0xf0,0x01,
    0xf0,0x01,0x10,0x02,0x31,0x02,0x31,0x02,0x51,0x0a,0x52,0x12,0x72,0x1a,0x92,0x22,
    0xb3,0x2a,0xb2,0x22,0xb3,0x22,0xd3,0x2a,0xd3,0x32,0xf3,0x32,0xf3,0x32,0xf3,0x32,
    0xf4,0x3a,0x14,0x3b,0x13,0x3b,0x14,0x3b,0x34,0x43,0x54,0x4b,0x55,0x4b,0x34,0x4b,
    0x34,0x43,0x34,0x43,0x34,0x43,0x34,0x43,0x34,0x43,0x34,0x43,0x34,0x43,0x34,0x43,
    0x14,0x43,0x14,0x43,0x54,0x4b,0x54,0x4b,0x54,0x4b,0x54,0x4b,0x54,0x4b,0x34,0x4b,
    0x34,0x43,0x14,0x43,0x54,0x4b,0x55,0x53,0x75,0x53,0x75,0x53,0x75,0x53,0x75,0x53,
    0x75,0x53,0x75,0x53,0x75,0x53,0x34,0x8c,0x57,0xd6,0xd9,0xde,0x28,0xd9,0xde,0xff,
    0x77,0xd6,0x16,0xce,0x34,0xad,0x74,0x8c,0xb5,0x63,0x74,0x53,0x74,0x53,0x74,0x53,
    0x34,0x43,0xf3,0x3a,0xb5,0x63,0xf5,0x6b,0x74,0x53,0xd5,0x6b,0xb6,0x94,0x97,0xb5,
    0x58,0xd6,0xb8,0xde,0xd9,0xde,0x6c,0x01,0x8d,0x01,0xce,0x01,0xce,0x01,0xae,0x01,
    0xad,0x01,0x8d,0x01,0x8d,0x01,0x8d,0x01,0x8d,0x01,0x8d,0x01,0x8d,0x01,0x8d,0x01,
    0x8d,0x01,0x8d,0x01,0x8d,0x01,0x8d,0x01,0xad,0x01,0xad,0x01,0xad,0x01,0xad,0x01,
    0xce,0x01,0xce,0x01,0xcf,0x01,0xef,0x01,0x0f,0x02,0x30,0x0a,0x50,0x12,0x51,0x1a,
    0x71,0x22,0x71,0x22,0x91,0x2a,0x92,0x2a,0xb2,0x2a,0xb2,0x32,0xd2,0x3a,0x12,0x43,
    0x12,0x4b,0x2e,0x32,0x28,0x11,0xe5,0x18,0x25,0x21,0x87,0x21,0xad,0x42,0x70,0x5b,
    0xf2,0x6b,0xf5,0x94,0x36,0x9d,0x57,0x9d,0x37,0x9d,0x37,0x9d,0x57,0xa5,0x94,0x84,
    0xb2,0x8c,0x55,0xa5,0x79,0xce,0x52,0x84,0x71,0x2a,0xd3,0x32,0xd3,0x32,0xee,0x19,
    0xac,0x09,0xec,0x19,0xae,0x3a,0x11,0x7c,0xf8,0xbd,0x9a,0xd6,0xdb,0xde,0xdb,0xde,
    0xdb,0xde,0xdb,0xde,0xdb,0xde,0xdb,0xde,0x9a,0xd6,0xd6,0x8c,0xb1,0x32,0x91,0x32,
    0x30,0x63,0xee,0x8b,0x47,0x21,0xc9,0x29,0xe9,0x39,0xcb,0x31,0x30,0x1a,0xb2,0x2a,
    0xb2,0x32,0xd2,0x32,0x15,0xa5,0x97,0xde,0xd9,0xde,0xd9,0xde,0xd9,0xde,0xd9,0xde,
    0xd9,0xde,0xd9,0xde,0xd9,0xde,0xd8,0xde,0xd9,0xde,0xd8,0xde,0xd8,0xde,0xd8,0xde,
    0xd8,0xde,0xb5,0xbd,0x12,0x84,0x72,0x63,0xd2,0x3a,0x92,0x22,0x72,0x22,0xff,0x71,
    0x22,0x71,0x22,0x92,0x22,0x92,0x22,0xb2,0x2a,0x92,0x22,0x72,0x22,0x71,0x1a,0x71,
    0x1a,0x71,0x1a,0x71,0x1a,0x71,0x1a,0x51,0x12,0x31,0x0a,0x30,0x02,0x51,0x12,0x92,
    0x2a,0xb2,0x32,0xb2,0x2a,0x71,0x22,0x51,0x1a,0x51,0x12,0x51,0x12,0x51,0x12,0x51,
    0x0a,0x31,0x0a,0x31,0x0a,0x51,0x0a,0x51,0x12,0x30,0x12,0xb0,0x42,0x54,0x84,0x33,
    0x74,0x2b,0x32,0x2e,0x2a,0xd0,0x42,0xab,0x4a,0x49,0x3a,0x8c,0x3a,0xf6,0x94,0x9b,
    0xce,0x5a,0xc6,0x36,0x9d,0x8f,0x63,0x17,0xbe,0xba,0xd6,0x56,0xad,0xae,0x01,0x10,
    0x02,0x10,0x02,0x12,0x4b,0x19,0xc6,0xbb,0xd6,0xbb,0xd6,0xf9,0xbd,0xf2,0x3a,0x31,
    0x0a,0x10,0x02,0xf0,0x01,0xcf,0x01,0xcf,0x01,0xcf,0x01,0xd3,0x6b,0x3a,0xc6,0x7a,
    0xce,0x5a,0xce,0x16,0x9d,0x2f,0x22,0xcf,0x01,0xd1,0x3a,0xb8,0xb5,0x5a,0xce,0x7a,
    0xce,0x7a,0xce,0x7a,0xce,0x98,0xad,0xb4,0x63,0x10,0x02,0x10,0x02,0x10,0x02,0x31,
    0x02,0x31,0x02,0x51,0x02,0x51,0x0a,0x72,0x12,0x92,0x22,0xb3,0x22,0x92,0x22,0xb2,
    0x22,0xb3,0x2a,0xd3,0x32,0xd3,0x32,0xf3,0x32,0xf3,0x32,0xf3,0x3a,0x14,0x3b,0x14,
    0x3b,0x13,0x3b,0x14,0x3b,0x14,0x3b,0x34,0x43,0x55,0x53,0x55,0x4b,0x34,0x4b,0x34,
    0x43,0x34,0x43,0x34,0x43,0x34,0x43,0x34,0x43,0x34,0x43,0x14,0x43,0x34,0x43,0x54,
    0x4b,0x54,0x4b,0x54,0x4b,0x34,0x4b,0x34,0x4b,0x34,0x4b,0x14,0x43,0x14,0x43,0x54,
    0x4b,0x55,0x53,0x75,0x53,0x75,0x53,0x75,0x53,0x74,0x53,0x75,0x53,0x85,0x75,0x53,
    0x75,0x53,0x34,0x84,0x77,0xd6,0xd9,0xde,0x2c,0xd9,0xde,0xff,0x77,0xd6,0xd5,0xc5,
    0x35,0xad,0x14,0x7c,0x34,0x4b,0xf3,0x3a,0xb5,0x63,0xf5,0x6b,0x95,0x5b,0x74,0x53,
    0x74,0x53,0x74,0x53,0x74,0x53,0xd5,0x6b,0xd6,0x9c,0xb6,0xbd,0x8d,0x01,0x8d,0x01,
    0x8d,0x01,0x8d,0x01,0x8d,0x01,0xae,0x01,0xce,0x01,0xce,0x01,0xad,0x01,0x8d,0x01,
    0x8d,0x01,0x8d,0x01,0x8d,0x01,0x8d,0x01,0xad,0x01,0xad,0x01,0xad,0x01,0xae,0x01,
    0xce,0x01,0xce,0x01,0xce,0x01,0xce,0x01,0xef,0x01,0xef,0x01,0x0f,0x02,0x10,0x0a,
    0x30,0x12,0x50,0x12,0x71,0x1a,0x71,0x22,0x71,0x22,0x91,0x2a,0x92,0x2a,0xb2,0x2a,
    0xb2,0x32,0xd2,0x32,0xd2,0x3a,0xf2,0x3a,0x91,0x2a,0xee,0x09,0x8c,0x09,0x49,0x11,
    0x87,0x21,0x0a,0x2a,0x8c,0x3a,0x4f,0x5b,0x57,0x9d,0xf9,0xb5,0xd5,0x8c,0x33,0x74,
    0x0e,0x53,0xb1,0x63,0x50,0x5b,0x34,0x9d,0xdb,0xd6,0x73,0x8c,0x30,0x1a,0xd3,0x32,
    0xd3,0x32,0xd2,0x32,0x6d,0x32,0x4c,0x32,0x6c,0x3a,0xcd,0x42,0x2f,0x53,0x8f,0x63,
    0x32,0x7c,0x93,0x8c,0x18,0xc6,0xdb,0xde,0xdb,0xde,0xdb,0xde,0x39,0xc6,0x13,0x74,
    0x70,0x22,0x70,0x22,0x70,0x2a,0x70,0x2a,0xec,0x21,0x6b,0x09,0xcb,0x29,0x0d,0x2a,
    0x91,0x2a,0xd3,0x3a,0xf3,0x3a,0xf3,0x42,0x15,0xa5,0xb8,0xde,0xd9,0xde,0xd9,0xde,
    0xd9,0xde,0xd9,0xde,0xd9,0xde,0xd9,0xde,0xd9,0xde,0xd9,0xde,0xd9,0xde,0xd9,0xde,
    0xd9,0xde,0xd9,0xde,0xd8,0xde,0xd8,0xde,0xd8,0xde,0xd8,0xde,0x97,0xd6,0xf6,0xc5,
    0xb4,0x9c,0xd2,0x3a,0x92,0x22,0x57,0xa5,0x77,0xad,0xff,0x53,0x53,0xb2,0x2a,0x92,
    0x22,0xb2,0x22,0x92,0x22,0xb2,0x2a,0xb2,0x2a,0x92,0x2a,0x92,0x22,0x72,0x1a,0x72,
    0x1a,0x51,0x12,0x51,0x0a,0x51,0x12,0x51,0x12,0x71,0x1a,0x92,0x22,0xb2,0x32,0xb2,
    0x32,0x72,0x22,0x51,0x12,0x51,0x12,0x51,0x0a,0x31,0x0a,0x51,0x0a,0x51,0x12,0x51,
    0x12,0x51,0x12,0x31,0x0a,0x30,0x12,0x10,0x02,0x30,0x1a,0xad,0x4a,0x46,0x21,0x8c,
    0x42,0xb1,0x63,0x98,0xad,0x9b,0xce,0xbb,0xd6,0xb5,0x8c,0x30,0x7c,0x79,0xce,0x15,
    0x9d,0x0f,0x1a,0x31,0x0a,0x31,0x02,0x10,0x02,0x50,0x22,0x78,0xa5,0xbb,0xd6,0xbb,
    0xd6,0xf9,0xbd,0xb2,0x32,0x51,0x12,0x31,0x02,0x10,0x02,0xf0,0x01,0xcf,0x01,0xf3,
    0x6b,0x3a,0xc6,0x7a,0xce,0x7a,0xce,0xf6,0x94,0x30,0x22,0xcf,0x01,0xcf,0x01,0xef,
    0x01,0xf4,0x6b,0x39,0xc6,0x7a,0xce,0x7a,0xce,0x58,0xa5,0xf2,0x42,0x10,0x02,0x31,
    0x02,0x31,0x02,0x31,0x02,0x31,0x02,0x51,0x02,0xd2,0x3a,0x15,0x74,0x15,0x74,0x13,
    0x3b,0x92,0x1a,0x92,0x1a,0xb3,0x2a,0xd3,0x2a,0xd3,0x32,0xd3,0x32,0xd3,0x32,0xf3,
    0x3a,0x14,0x3b,0xf3,0x3a,0x14,0x3b,0x14,0x3b,0x14,0x3b,0x14,0x3b,0x14,0x3b,0x34,
    0x43,0x54,0x4b,0x34,0x4b,0x34,0x43,0x34,0x43,0x34,0x43,0x34,0x43,0x34,0x43,0x14,
    0x3b,0x14,0x43,0x54,0x4b,0x54,0x4b,0x54,0x4b,0x34,0x4b,0x34,0x4b,0x34,0x4b,0x14,
    0x43,0x14,0x43,0x54,0x4b,0x55,0x4b,0x75,0x53,0x75,0x53,0x75,0x53,0x75,0x53,0x75,
    0x53,0x75,0x53,0x75,0x53,0x34,0x84,0x56,0xd6,0x30,0xd9,0xde,0xff,0xb8,0xde,0x78,
    0xd6,0x95,0xbd,0x76,0xb5,0x96,0x94,0x95,0x5b,0x74,0x53,0x74,0x53,0x74,0x53,0x74,
    0x53,0x74,0x53,0x74,0x53,0x54,0x53,0x94,0x5b,0xce,0x01,0xad,0x01,0xce,0x01,0xad,
    0x01,0x8d,0x01,0x8d,0x01,0x8d,0x01,0xad,0x01,0xce,0x01,0xce,0x01,0xce,0x01,0xad,
    0x01,0xad,0x01,0xad,0x01,0xad,0x01,0xad,0x01,0xae,0x01,0xce,0x01,0xce,0x01,0xce,
    0x01,0xce,0x01,0xef,0x01,0xef,0x01,0x0f,0x02,0x10,0x0a,0x30,0x0a,0x30,0x12,0x50,
    0x1a,0x71,0x1a,0x71,0x22,0x91,0x22,0x92,0x2a,0xf2,0x42,0x14,0x74,0x96,0x8c,0xf6,
    0x94,0x98,0xad,0xd9,0xb5,0x78,0xad,0x14,0x74,0x90,0x32,0xcf,0x01,0xad,0x01,0xcc,
    0x19,0x8d,0x32,0xb1,0x5b,0x74,0x7c,0x94,0x84,0x32,0x7c,0xb0,0x6b,0xac,0x42,0x70,
    0x5b,0xab,0x42,0xd7,0xbd,0x11,0x7c,0x0f,0x0a,0xd2,0x32,0xd3,0x32,0xd2,0x3a,0xf1,
    0x73,0x6a,0x42,0x87,0x29,0xe8,0x31,0xab,0x4a,0x6e,0x63,0x10,0x74,0x31,0x74,0x11,
    0x74,0xb0,0x63,0xf1,0x73,0x55,0xa5,0xd8,0xbd,0xf3,0x6b,0x2f,0x12,0x2f,0x1a,0x70,
    0x2a,0x95,0x84,0x77,0xad,0xd6,0x94,0x71,0x2a,0x71,0x22,0xd3,0x3a,0xf3,0x3a,0xf3,
    0x3a,0x33,0x4b,0xd4,0x9c,0xd8,0xde,0xd9,0xde,0xd9,0xde,0xd9,0xde,0xd9,0xde,0xd9,
    0xde,0xd9,0xde,0xd9,0xde,0xd9,0xde,0xd9,0xde,0xd9,0xde,0xd9,0xde,0xd9,0xde,0xd9,
    0xde,0xd9,0xde,0xd8,0xde,0xd8,0xde,0xd8,0xde,0xd8,0xde,0x92,0xbd,0x71,0x63,0xb2,
    0x32,0x78,0xa5,0xdb,0xde,0xdb,0xde,0xdb,0xde,0x19,0xbe,0xfd,0xd6,0x94,0x74,0x5b,
    0x92,0x1a,0xb2,0x2a,0xb2,0x2a,0xb2,0x2a,0x92,0x22,0x92,0x22,0x92,0x1a,0x72,0x1a,
    0x51,0x12,0x92,0x22,0x92,0x22,0x51,0x12,0x51,0x12,0x51,0x12,0x71,0x1a,0xb2,0x2a,
    0xb2,0x32,0x92,0x2a,0x71,0x1a,0x51,0x12,0x51,0x12,0x51,0x12,0x51,0x12,0x51,0x12,
    0x51,0x12,0x51,0x0a,0x31,0x02,0x31,0x02,0x10,0x0a,0xac,0x11,0xae,0x42,0x74,0x7c,
    0xd9,0xb5,0x7a,0xc6,0x7a,0xc6,0x94,0x8c,0x70,0x8c,0xd4,0x9c,0xcf,0x01,0x10,0x02,
    0x31,0x02,0x31,0x02,0x31,0x0a,0x30,0x02,0x15,0x74,0x9b,0xce,0xbb,0xd6,0xbb,0xd6,
    0x39,0xc6,0xf6,0x94,0x93,0x5b,0x91,0x32,0x12,0x4b,0x54,0x7c,0x5a,0xc6,0x7a,0xce,
    0x7a,0xce,0x16,0x9d,0x30,0x1a,0xef,0x01,0xef,0x01,0xef,0x01,0xd3,0x6b,0x19,0xbe,
    0x7a,0xce,0x7a,0xce,0x57,0xa5,0xd2,0x42,0x10,0x02,0x10,0x02,0x31,0x02,0x31,0x02,
    0x51,0x0a,0x51,0x0a,0x33,0x4b,0xf9,0xbd,0xdb,0xd6,0xbb,0xd6,0xf9,0xbd,0xb6,0x8c,
    0x94,0x5b,0xf3,0x32,0xd3,0x2a,0xd3,0x32,0xd3,0x32,0xf3,0x3a,0x14,0x3b,0x13,0x3b,
    0x13,0x3b,0x14,0x3b,0x14,0x3b,0x14,0x3b,0x14,0x3b,0xf3,0x3a,0x14,0x3b,0x34,0x43,
    0x34,0x43,0x34,0x43,0x34,0x43,0x34,0x43,0x34,0x43,0x14,0x3b,0x14,0x43,0x54,0x4b,
    0x54,0x4b,0x54,0x4b,0x34,0x4b,0x34,0x4b,0x34,0x4b,0x34,0x43,0x14,0x3b,0x34,0x4b,
    0x54,0x4b,0x75,0x53,0x75,0x53,0x74,0x53,0x75,0x53,0x75,0x53,0x75,0x53,0x75,0x53,
    0x14,0x7c,0x56,0xd6,0xd9,0xde,0x33,0xd9,0xde,0xff,0xb8,0xde,0x36,0xce,0x95,0xbd,
    0x94,0x94,0x14,0x74,0x74,0x53,0x54,0x53,0x74,0x53,0x74,0x53,0x74,0x53,0x74,0x53,
    0xae,0x01,0xce,0x01,0xef,0x09,0xee,0x09,0xce,0x01,0xad,0x01,0x8d,0x01,0x8d,0x01,
    0x8d,0x01,0xad,0x01,0xce,0x01,0xce,0x01,0xce,0x01,0xce,0x01,0xae,0x01,0xae,0x01,
    0xce,0x01,0xce,0x01,0xce,0x01,0xce,0x01,0xef,0x01,0xef,0x01,0x0f,0x02,0x10,0x0a,
    0x30,0x0a,0x30,0x12,0x50,0x1a,0x51,0x1a,0x71,0x1a,0x71,0x22,0x91,0x2a,0x33,0x4b,
    0xf9,0xbd,0x9b,0xd6,0x9b,0xd6,0xbb,0xd6,0xbb,0xd6,0xbb,0xd6,0xbb,0xd6,0x9b,0xd6,
    0x3a,0xc6,0x93,0x63,0x50,0x1a,0x0f,0x0a,0xce,0x01,0xed,0x19,0x50,0x53,0x33,0x74,
    0x74,0x84,0x74,0x84,0xf2,0x6b,0xd1,0x63,0x8b,0x42,0xce,0x52,0x50,0x1a,0xd2,0x32,
    0xd3,0x32,0xb1,0x32,0x8b,0x3a,0x0c,0x5b,0x09,0x3a,0x05,0x19,0x25,0x21,0x46,0x21,
    0xc8,0x29,0xec,0x52,0x51,0x84,0xb3,0x8c,0xb3,0x8c,0x72,0x84,0x32,0x74,0x11,0x4b,
    0x70,0x22,0x4f,0x22,0x2d,0x2a,0x6e,0x32,0xd0,0x42,0xb6,0x8c,0xf4,0x73,0xb2,0x32,
    0xd2,0x32,0xd3,0x32,0xf3,0x3a,0xd3,0x3a,0x33,0x53,0xf2,0x7b,0x13,0xa5,0x36,0xce,
    0xb8,0xd6,0xd9,0xde,0xd9,0xde,0xd9,0xde,0xd9,0xde,0xd9,0xde,0xd9,0xde,0xd9,0xde,
    0xd9,0xde,0xd9,0xde,0xd9,0xde,0xd9,0xde,0xd9,0xde,0xd9,0xde,0xd9,0xde,0xd8,0xde,
    0x92,0xbd,0x92,0x6b,0xd2,0x32,0x16,0x9d,0xba,0xd6,0xdb,0xde,0xdb,0xde,0xdb,0xde,
    0xdb,0xde,0xdb,0xde,0xbb,0xd6,0xf9,0xbd,0xf9,0x15,0x74,0x13,0x43,0xb3,0x2a,0x92,
    0x22,0x92,0x22,0x92,0x22,0x72,0x1a,0x71,0x12,0x92,0x22,0xb2,0x22,0x92,0x1a,0x72,
    0x1a,0x71,0x1a,0x51,0x12,0x31,0x0a,0x51,0x0a,0x71,0x1a,0xb2,0x2a,0xb2,0x32,0x92,
    0x22,0x51,0x1a,0x51,0x12,0x51,0x12,0x51,0x12,0x51,0x0a,0x31,0x02,0x51,0x0a,0x31,
    0x0a,0x51,0x12,0x50,0x12,0x2f,0x22,0xf3,0x73,0x17,0x9d,0x53,0x7c,0x09,0x3a,0xcc,
    0x52,0x0f,0x12,0x31,0x02,0x11,0x02,0x10,0x02,0x10,0x02,0xf0,0x01,0x10,0x02,0x51,
    0x1a,0x35,0x7c,0xf9,0xbd,0x9a,0xce,0xbb,0xd6,0xbb,0xd6,0x9a,0xce,0x5a,0xc6,0x5a,
    0xce,0x7a,0xce,0x7a,0xce,0x7a,0xce,0x17,0x9d,0x50,0x22,0xef,0x01,0xef,0x01,0xf0,
    0x09,0xd3,0x6b,0x19,0xbe,0x9b,0xd6,0x7a,0xce,0x58,0xa5,0xf2,0x42,0x10,0x02,0x10,
    0x02,0x31,0x02,0x31,0x02,0x31,0x02,0x52,0x0a,0x13,0x43,0x19,0xbe,0xbb,0xd6,0xbb,
    0xd6,0x9b,0xd6,0xbb,0xd6,0xbb,0xd6,0x9a,0xce,0xd9,0xb5,0x96,0x84,0x74,0x53,0x13,
    0x3b,0xf3,0x3a,0xf3,0x3a,0x13,0x3b,0x14,0x3b,0x14,0x3b,0x14,0x3b,0x14,0x3b,0xf4,
    0x3a,0x14,0x3b,0x34,0x43,0x34,0x43,0x34,0x43,0x34,0x43,0x34,0x43,0x34,0x43,0x14,
    0x3b,0x14,0x43,0x54,0x4b,0x54,0x4b,0x34,0x4b,0x34,0x4b,0x34,0x4b,0x34,0x43,0x14,
    0x43,0x14,0x3b,0x34,0x43,0x54,0x4b,0x75,0x53,0x75,0x53,0x75,0x53,0x74,0x53,0x75,
    0x53,0x75,0x53,0x75,0x53,0x14,0x7c,0x56,0xd6,0xd9,0xde,0x37,0xd9,0xde,0xff,0xb8,
    0xde,0x15,0xce,0x54,0xb5,0x95,0x94,0xb4,0x63,0x74,0x53,0x54,0x53,0x74,0x53,0x0f,
    0x12,0xef,0x09,0xce,0x01,0xee,0x09,0xef,0x09,0xee,0x09,0xce,0x01,0xce,0x01,0xad,
    0x01,0xad,0x01,0xad,0x01,0xad,0x01,0xce,0x01,0xce,0x01,0xee,0x01,0xee,0x01,0xce,
    0x01,0xcf,0x01,0xef,0x01,0xef,0x01,0xef,0x01,0x0f,0x02,0x10,0x02,0x30,0x0a,0x30,
    0x12,0x50,0x12,0x51,0x1a,0x71,0x1a,0x71,0x22,0x71,0x22,0x53,0x53,0xf9,0xbd,0xbb,
    0xd6,0xbb,0xd6,0x3a,0xc6,0x78,0xad,0xf6,0x94,0x57,0xa5,0x7a,0xce,0xbb,0xd6,0x9b,
    0xd6,0x17,0x9d,0x73,0x5b,0x14,0x74,0x34,0x7c,0xd1,0x3a,0xef,0x01,0xce,0x09,0x0e,
    0x1a,0x4e,0x2a,0x2b,0x3a,0xca,0x62,0x4d,0x42,0x50,0x1a,0xd3,0x32,0xd3,0x32,0xd2,
    0x3a,0x30,0x53,0xe9,0x29,0x4d,0x63,0x92,0x94,0xeb,0x5a,0x05,0x21,0x46,0x21,0xa7,
    0x21,0x2a,0x32,0x0e,0x53,0x12,0x74,0xb3,0x8c,0x75,0xa5,0x35,0x9d,0x30,0x53,0x4d,
    0x2a,0x8c,0x42,0xac,0x4a,0x8d,0x3a,0x8f,0x42,0xd1,0x42,0x91,0x2a,0xb2,0x32,0xb2,
    0x32,0xd2,0x32,0xd3,0x32,0xd3,0x32,0xd4,0x6b,0xf5,0x6b,0x53,0x53,0x72,0x5b,0xd1,
    0x7b,0xf2,0xa4,0x16,0xc6,0xd9,0xde,0xd9,0xde,0xd9,0xde,0xd9,0xde,0xd9,0xde,0xd9,
    0xde,0xd9,0xde,0xd9,0xde,0xd9,0xde,0xd9,0xde,0xd9,0xde,0xd8,0xde,0x93,0xbd,0x92,
    0x6b,0xd3,0x32,0x15,0x74,0x39,0xc6,0xd7,0xbd,0x55,0xa5,0x18,0xc6,0xdb,0xde,0xdb,
    0xde,0xdb,0xde,0xdb,0xde,0xdb,0xde,0xdb,0xde,0x7a,0xce,0x98,0xad,0xf5,0xf4,0x6b,
    0x92,0x1a,0x92,0x22,0x72,0x1a,0x72,0x1a,0x92,0x22,0x92,0x22,0x92,0x22,0x92,0x1a,
    0x72,0x1a,0x72,0x1a,0x72,0x1a,0x71,0x12,0x31,0x0a,0x31,0x0a,0x51,0x12,0x92,0x22,
    0xb2,0x32,0x92,0x2a,0x71,0x22,0x51,0x12,0x51,0x0a,0x71,0x12,0x71,0x1a,0x51,0x12,
    0x51,0x12,0x51,0x12,0x51,0x12,0x30,0x02,0x10,0x0a,0x90,0x32,0xee,0x19,0x10,0x0a,
    0x31,0x02,0x31,0x02,0x11,0x02,0x10,0x02,0x10,0x02,0x10,0x02,0xf0,0x01,0xf0,0x01,
    0xf0,0x01,0x31,0x12,0x73,0x5b,0xb6,0x8c,0x19,0xbe,0x9b,0xd6,0x9b,0xd6,0x7a,0xce,
    0x19,0xbe,0xb8,0xb5,0x95,0x8c,0x71,0x2a,0xf0,0x01,0xf0,0x01,0x10,0x02,0xf4,0x6b,
    0x19,0xbe,0x9b,0xce,0x7a,0xce,0x58,0xa5,0xf2,0x42,0x10,0x02,0x11,0x02,0x31,0x02,
    0x31,0x02,0x51,0x02,0x51,0x0a,0x33,0x4b,0x19,0xbe,0xdb,0xde,0xdb,0xd6,0x19,0xbe,
    0x55,0x7c,0x58,0xa5,0x5a,0xce,0xbb,0xd6,0xdb,0xde,0xbb,0xd6,0x5a,0xce,0x98,0xad,
    0x76,0x84,0x54,0x4b,0x14,0x3b,0x14,0x3b,0x14,0x3b,0x14,0x3b,0xf3,0x3a,0x14,0x3b,
    0x34,0x43,0x34,0x43,0x34,0x43,0x34,0x43,0x34,0x43,0x34,0x43,0x14,0x3b,0x14,0x43,
    0x54,0x4b,0x54,0x4b,0x54,0x4b,0x34,0x4b,0x34,0x4b,0x34,0x43,0x14,0x43,0x14,0x3b,
    0x34,0x43,0x54,0x4b,0x54,0x53,0x74,0x53,0x74,0x53,0x75,0x53,0x74,0x53,0x74,0x53,
    0x74,0x53,0x14,0x7c,0x15,0xce,0xd9,0xde,0x3b,0xd9,0xde,0xff,0x77,0xd6,0x16,0xce,
    0x14,0xad,0x54,0x8c,0x94,0x5b,0xce,0x01,0xee,0x01,0x0f,0x12,0x2f,0x1a,0xee,0x09,
    0xee,0x01,0xee,0x01,0xef,0x09,0xef,0x01,0xce,0x01,0xce,0x01,0xce,0x01,0xae,0x01,
    0xae,0x01,0xce,0x01,0xee,0x01,0xef,0x01,0x0f,0x02,0x0f,0x02,0x0f,0x02,0xef,0x01,
    0x0f,0x02,0x30,0x0a,0x30,0x0a,0x50,0x12,0x50,0x1a,0x51,0x1a,0x71,0x22,0x71,0x22,
    0x93,0x63,0x39,0xc6,0xbb,0xd6,0xbb,0xd6,0xf9,0xbd,0x73,0x53,0xd2,0x32,0xd2,0x32,
    0xf3,0x42,0xd8,0xb5,0xbb,0xd6,0xbb,0xd6,0x9a,0xce,0x9b,0xd6,0x9b,0xd6,0x9b,0xd6,
    0x5a,0xc6,0x37,0xa5,0x93,0x63,0x30,0x12,0x30,0x02,0x10,0x02,0x0f,0x12,0x30,0x0a,
    0x92,0x22,0xb2,0x32,0xb2,0x32,0x70,0x73,0xcb,0x52,0x67,0x21,0x05,0x19,0x25,0x19,
    0x25,0x21,0x25,0x21,0x87,0x21,0xa8,0x21,0x0a,0x2a,0x8c,0x3a,0x53,0x7c,0x98,0xad,
    0x16,0x95,0x76,0xa5,0x4e,0x63,0x8b,0x4a,0xcb,0x52,0xec,0x52,0x8f,0x63,0x8c,0x7b,
    0x2e,0x2a,0x92,0x22,0xb2,0x2a,0xd3,0x32,0xb2,0x2a,0xd2,0x32,0x55,0x7c,0xbb,0xd6,
    0xbb,0xd6,0x3a,0xc6,0x17,0x9d,0xf5,0x6b,0x13,0x4b,0x11,0x53,0x11,0x84,0x95,0xbd,
    0x77,0xd6,0xd8,0xde,0xd9,0xde,0xd9,0xde,0xd9,0xde,0xd9,0xde,0xd9,0xde,0xd9,0xde,
    0xb8,0xde,0x93,0xbd,0x51,0x5b,0xd3,0x32,0x55,0x7c,0xbb,0xde,0xdb,0xde,0xdb,0xde,
    0xfb,0xde,0x38,0xc6,0x14,0xa5,0xf7,0xbd,0x59,0xce,0xdb,0xde,0xdb,0xde,0xdb,0xde,
    0xdb,0xde,0xdb,0xde,0xdb,0xde,0xf8,0xbd,0x91,0x2a,0xf2,0x92,0x22,0xb3,0x2a,0xb3,
    0x2a,0x92,0x22,0x92,0x22,0x92,0x1a,0x92,0x1a,0x92,0x1a,0x92,0x1a,0x72,0x1a,0x72,
    0x1a,0x71,0x12,0x51,0x0a,0x31,0x0a,0x51,0x0a,0x51,0x12,0x51,0x1a,0x71,0x1a,0x92,
    0x2a,0xb2,0x32,0x92,0x2a,0x72,0x22,0x72,0x22,0x71,0x1a,0x51,0x0a,0x51,0x0a,0x72,
    0x1a,0x72,0x1a,0x51,0x0a,0x31,0x02,0x31,0x02,0x31,0x02,0x31,0x02,0x11,0x02,0x10,
    0x02,0x10,0x02,0x10,0x02,0x10,0x02,0x10,0x02,0x10,0x02,0x10,0x02,0x30,0x02,0x71,
    0x1a,0x93,0x5b,0xd4,0x63,0x92,0x32,0x30,0x0a,0x10,0x02,0xf0,0x01,0xf2,0x42,0xb3,
    0x63,0x72,0x5b,0xf4,0x6b,0x19,0xbe,0x9b,0xd6,0x7b,0xce,0x57,0xa5,0xf2,0x42,0x11,
    0x02,0x31,0x02,0x31,0x02,0x31,0x02,0x51,0x02,0x51,0x0a,0x33,0x4b,0x19,0xbe,0xbb,
    0xd6,0xbb,0xd6,0x7a,0xce,0x15,0x74,0xb4,0x5b,0x94,0x5b,0xd4,0x63,0xb6,0x8c,0xd9,
    0xb5,0x7a,0xce,0xdb,0xd6,0xdb,0xde,0xdb,0xd6,0x3a,0xc6,0xd5,0x63,0x14,0x3b,0x14,
    0x3b,0xf4,0x3a,0x14,0x3b,0x34,0x43,0x34,0x43,0x34,0x43,0x14,0x43,0x34,0x43,0x34,
    0x43,0x14,0x3b,0x14,0x3b,0x54,0x4b,0x54,0x4b,0x54,0x4b,0x34,0x4b,0x34,0x4b,0x34,
    0x4b,0x14,0x43,0x14,0x3b,0x34,0x4b,0x54,0x4b,0x55,0x53,0x55,0x53,0x75,0x53,0x74,
    0x53,0x75,0x53,0x75,0x53,0x74,0x53,0xf5,0x6b,0x17,0xce,0xb8,0xde,0xd9,0xde,0x3e,
    0xd9,0xde,0xff,0x77,0xd6,0xb4,0xc5,0x0f,0x0a,0xee,0x01,0xae,0x01,0xee,0x09,0x0f,
    0x12,0x2f,0x1a,0x2f,0x12,0xef,0x09,0xee,0x01,0xef,0x09,0x0f,0x0a,0xef,0x09,0xef,
    0x01,0xce,0x01,0xce,0x01,0xce,0x01,0xef,0x01,0x0f,0x02,0x10,0x0a,0x30,0x12,0x10,
    0x12,0x30,0x0a,0x30,0x12,0x30,0x12,0x50,0x12,0x51,0x1a,0x71,0x1a,0x71,0x22,0xb2,
    0x2a,0xb8,0xb5,0x9b,0xd6,0xbb,0xd6,0x3a,0xc6,0x93,0x5b,0xd2,0x32,0xd2,0x32,0xd2,
    0x3a,0xd4,0x6b,0x3a,0xc6,0xbb,0xd6,0xbb,0xd6,0x9b,0xd6,0x7a,0xce,0x5a,0xce,0x7a,
    0xce,0xbb,0xd6,0x9b,0xd6,0xf9,0xbd,0xd2,0x3a,0x71,0x1a,0x51,0x12,0x51,0x12,0x51,
    0x1a,0x91,0x22,0xb2,0x2a,0x51,0x6b,0xb4,0xc5,0x6d,0x63,0x26,0x19,0x26,0x21,0x87,
    0x21,0xe8,0x29,0x09,0x32,0xe9,0x29,0x4a,0x3a,0xb1,0x63,0x36,0x9d,0x74,0x84,0xf6,
    0x8c,0x37,0x9d,0x74,0x7c,0x0c,0x5b,0x4c,0x63,0x6a,0x42,0x92,0x8c,0x10,0x7c,0xf0,
    0x52,0xd3,0x32,0xd3,0x32,0xb2,0x2a,0x12,0x4b,0x33,0x84,0xf4,0x73,0x53,0x53,0xd6,
    0x94,0xf9,0xbd,0x9a,0xce,0xbb,0xd6,0x9a,0xd6,0x19,0xbe,0xd6,0x94,0x74,0x5b,0x13,
    0x4b,0xd2,0x73,0x54,0xad,0x36,0xce,0xb8,0xde,0xd9,0xde,0xd9,0xde,0xd9,0xde,0xd8,
    0xde,0x52,0xbd,0x52,0x5b,0xf3,0x3a,0x55,0x7c,0xba,0xd6,0xdb,0xde,0xdb,0xde,0xdb,
    0xde,0xdb,0xde,0x79,0xce,0x79,0xce,0x9a,0xd6,0x38,0xc6,0xf3,0x9c,0xb6,0xb5,0xdb,
    0xde,0xdb,0xde,0xdb,0xde,0x9a,0xd6,0x33,0x7c,0x90,0x63,0xaf,0x3a,0xb2,0x32,0xb2,
    0x2a,0xf1,0xb2,0x22,0x92,0x22,0x92,0x22,0x92,0x22,0x92,0x22,0x92,0x1a,0x72,0x1a,
    0x72,0x1a,0x51,0x12,0x30,0x02,0x30,0x0a,0x71,0x1a,0x92,0x22,0x92,0x1a,0x92,0x22,
    0x92,0x22,0x92,0x2a,0xb2,0x2a,0xb2,0x32,0x92,0x2a,0xb2,0x2a,0x71,0x1a,0x72,0x1a,
    0x72,0x1a,0x52,0x12,0x51,0x0a,0x51,0x0a,0x31,0x02,0x31,0x02,0x31,0x02,0x31,0x02,
    0x11,0x02,0x10,0x02,0x31,0x02,0x31,0x02,0x31,0x0a,0x31,0x0a,0x31,0x0a,0x51,0x0a,
    0x31,0x0a,0x31,0x02,0x10,0x02,0x31,0x0a,0x31,0x0a,0x31,0x0a,0x91,0x2a,0xd9,0xbd,
    0x7a,0xce,0x7a,0xce,0x5a,0xce,0x9b,0xd6,0x9b,0xd6,0x78,0xa5,0xf2,0x42,0x11,0x02,
    0x31,0x02,0x31,0x02,0x31,0x02,0x51,0x02,0x51,0x0a,0xb2,0x32,0xf9,0xbd,0xbb,0xd6,
    0xdb,0xd6,0xbb,0xd6,0xbb,0xd6,0x9a,0xce,0x9a,0xd6,0x9a,0xce,0x9a,0xce,0x98,0xad,
    0x56,0x7c,0xb4,0x63,0xd7,0x94,0x1a,0xc6,0x9a,0xce,0x3a,0xc6,0x35,0x74,0x14,0x3b,
    0xf3,0x3a,0x14,0x3b,0x34,0x43,0x34,0x43,0x34,0x43,0x34,0x43,0x34,0x43,0x34,0x43,
    0x14,0x3b,0x14,0x3b,0x34,0x43,0x34,0x43,0x34,0x4b,0x34,0x4b,0x34,0x4b,0x34,0x4b,
    0x34,0x43,0x14,0x43,0x34,0x43,0x54,0x4b,0x55,0x53,0x74,0x53,0x54,0x53,0x74,0x53,
    0x75,0x53,0x74,0x53,0x75,0x53,0x74,0x53,0x75,0x53,0xd5,0x6b,0x17,0x9d,0x79,0xce,
    0xda,0xde,0xd9,0xde,0x3e,0xd9,0xde,0xff,0xee,0x01,0xef,0x09,0xef,0x01,0x0f,0x0a,
    0xef,0x09,0xce,0x01,0xef,0x09,0x2f,0x12,0x30,0x12,0x0f,0x12,0xef,0x01,0xef,0x01,
    0x0f,0x0a,0x0f,0x0a,0x0f,0x0a,0xef,0x01,0xef,0x01,0x0f,0x02,0x30,0x0a,0x30,0x12,
    0x30,0x0a,0x30,0x12,0x50,0x12,0x50,0x12,0x50,0x1a,0x71,0x1a,0x71,0x22,0x91,0x22,
    0x91,0x22,0xd6,0x8c,0x9b,0xd6,0xbb,0xd6,0x7a,0xce,0xb4,0x63,0xb2,0x32,0xf2,0x3a,
    0x55,0x7c,0x3a,0xc6,0xbb,0xd6,0xbb,0xd6,0xf9,0xbd,0x95,0x84,0x53,0x53,0x53,0x53,
    0xd6,0x94,0x9b,0xd6,0xbb,0xd6,0x7a,0xce,0xf4,0x6b,0x92,0x22,0x92,0x22,0x71,0x22,
    0x91,0x22,0xb2,0x32,0xb2,0x2a,0xb2,0x2a,0xb1,0x3a,0xac,0x19,0x28,0x19,0x25,0x21,
    0x67,0x21,0x0a,0x32,0x70,0x5b,0xb1,0x63,0x94,0x84,0xd8,0xb5,0xb9,0xb5,0xd8,0xb5,
    0x16,0x9d,0x12,0x74,0x2f,0x53,0x0c,0x5b,0x6c,0x6b,0xf3,0x9c,0x96,0xad,0x8f,0x3a,
    0xd3,0x32,0xd3,0x32,0xb2,0x2a,0x32,0x53,0xf6,0xc5,0xb8,0xde,0xd9,0xde,0x38,0xce,
    0x56,0xa5,0x34,0x7c,0x35,0x74,0x37,0xa5,0x3a,0xc6,0xbb,0xd6,0xdb,0xd6,0x7a,0xce,
    0xb8,0xad,0x96,0x84,0x73,0x53,0x93,0x63,0x12,0x7c,0xf3,0xa4,0x16,0xc6,0xb8,0xde,
    0xb5,0xc5,0x72,0x63,0xd3,0x32,0x96,0x8c,0xbb,0xd6,0xdb,0xde,0xdb,0xde,0xdb,0xde,
    0xdb,0xde,0xba,0xd6,0xdb,0xde,0xba,0xd6,0xdb,0xde,0xba,0xd6,0xfb,0xde,0x59,0xce,
    0x96,0xb5,0x96,0xb5,0xd7,0xbd,0x54,0x84,0x70,0x22,0x0e,0x53,0xee,0x4a,0xce,0x4a,
    0xd1,0x3a,0xb3,0x2a,0xb2,0x2a,0xf1,0xb2,0x22,0x92,0x22,0x92,0x22,0x92,0x22,0x92,
    0x1a,0x51,0x12,0x31,0x02,0x51,0x12,0xb2,0x2a,0xb2,0x2a,0xb2,0x2a,0xb2,0x22,0x92,
    0x22,0x92,0x22,0x72,0x1a,0x71,0x1a,0x71,0x1a,0xb2,0x2a,0xb2,0x32,0xb2,0x2a,0xb2,
    0x2a,0x14,0x74,0xd2,0x3a,0x31,0x02,0x51,0x0a,0x51,0x0a,0x31,0x02,0x31,0x02,0x31,
    0x02,0x31,0x02,0x31,0x02,0x31,0x02,0x10,0x02,0x10,0x02,0x10,0x02,0x10,0x02,0x10,
    0x02,0x30,0x02,0x31,0x0a,0x31,0x0a,0x31,0x02,0x10,0x02,0x10,0x02,0x51,0x12,0x35,
    0x74,0xb8,0xb5,0x7a,0xce,0x9b,0xd6,0x9b,0xd6,0x9b,0xd6,0xf9,0xbd,0x14,0x74,0x31,
    0x02,0x31,0x02,0x31,0x02,0x51,0x02,0x51,0x0a,0x51,0x02,0x92,0x22,0xd6,0x8c,0x19,
    0xbe,0xf9,0xbd,0x19,0xbe,0x3a,0xc6,0x7a,0xce,0x9b,0xd6,0xdb,0xd6,0xdb,0xd6,0xdb,
    0xde,0xbb,0xd6,0x17,0x95,0x14,0x3b,0x34,0x43,0x54,0x53,0x14,0x43,0xf3,0x32,0xd3,
    0x32,0xf3,0x32,0x34,0x43,0x34,0x43,0x34,0x43,0x34,0x43,0x34,0x43,0x34,0x43,0x14,
    0x3b,0x14,0x3b,0x34,0x43,0x34,0x43,0x34,0x43,0x34,0x43,0x34,0x4b,0x34,0x4b,0x54,
    0x4b,0x55,0x4b,0x75,0x53,0x55,0x53,0x54,0x53,0x54,0x53,0x55,0x53,0x55,0x53,0x75,
    0x53,0x55,0x53,0x75,0x53,0x74,0x53,0x74,0x53,0x75,0x53,0x75,0x53,0x54,0x4b,0x54,
    0x53,0x76,0x84,0x77,0xad,0x59,0xce,0xd9,0xde,0x3c,0xd9,0xde,0xff,0x0f,0x0a,0xef,
    0x01,0xee,0x01,0xef,0x01,0x30,0x12,0x30,0x12,0x0f,0x0a,0xce,0x01,0xef,0x01,0x0f,
    0x12,0x30,0x1a,0x30,0x12,0x0f,0x0a,0x0f,0x02,0x2f,0x0a,0x30,0x12,0x10,0x12,0x10,
    0x0a,0x30,0x12,0x50,0x12,0x30,0x12,0x30,0x12,0x71,0x1a,0x71,0x1a,0x71,0x1a,0x51,
    0x1a,0x71,0x22,0x71,0x22,0x91,0x2a,0xb4,0x63,0x7a,0xce,0xbb,0xd6,0xbb,0xd6,0x5a,
    0xc6,0xf9,0xbd,0x3a,0xc6,0x9b,0xd6,0xbb,0xd6,0xbb,0xd6,0xf9,0xbd,0xb4,0x63,0xf3,
    0x3a,0xd3,0x3a,0xd3,0x3a,0x35,0x7c,0x9b,0xd6,0xbb,0xd6,0xbb,0xd6,0x37,0x9d,0xb2,
    0x2a,0xb2,0x2a,0xb2,0x2a,0x95,0x84,0x3a,0xc6,0xf9,0xbd,0xf7,0x94,0x93,0x5b,0x91,
    0x2a,0xef,0x09,0x8c,0x11,0x89,0x19,0xe9,0x21,0x8c,0x3a,0xee,0x4a,0xd5,0x94,0x5a,
    0xc6,0xb9,0xb5,0xf6,0x94,0xf2,0x6b,0xe9,0x29,0x2a,0x32,0x48,0x4a,0x13,0xa5,0xd7,
    0xbd,0x4e,0x3a,0x92,0x2a,0xd3,0x32,0xb2,0x2a,0x32,0x53,0x17,0xc6,0xd8,0xde,0xd8,
    0xde,0xd9,0xde,0xd9,0xde,0xd9,0xde,0xd9,0xde,0x95,0xb5,0x13,0x7c,0x94,0x63,0x96,
    0x84,0xd9,0xb5,0x7a,0xce,0xbb,0xd6,0xbb,0xd6,0x5a,0xce,0x58,0xa5,0xd4,0x6b,0xd2,
    0x3a,0x52,0x5b,0x93,0x9c,0xf3,0x7b,0xb2,0x2a,0x95,0x84,0xdb,0xde,0xdb,0xde,0xdb,
    0xde,0xdb,0xde,0xdb,0xde,0xba,0xd6,0x9a,0xd6,0x59,0xce,0xba,0xd6,0x9a,0xd6,0xdb,
    0xde,0xdb,0xde,0xdb,0xde,0xdb,0xde,0xba,0xd6,0xd5,0x8c,0x91,0x2a,0x2d,0x2a,0xd0,
    0x6b,0xd0,0x6b,0x0e,0x4b,0xf1,0x7b,0x71,0x6b,0xd3,0x3a,0xf4,0xb3,0x32,0xb2,0x2a,
    0xb2,0x22,0x92,0x22,0x72,0x1a,0x51,0x0a,0x51,0x12,0xb2,0x2a,0xd3,0x32,0xb2,0x2a,
    0xb2,0x2a,0xb2,0x2a,0xb2,0x2a,0x92,0x22,0x92,0x22,0x92,0x22,0x92,0x22,0x72,0x1a,
    0x92,0x22,0xd3,0x3a,0x36,0x9d,0xdb,0xde,0xbb,0xd6,0x97,0xad,0xb3,0x63,0xd2,0x32,
    0x31,0x02,0x31,0x02,0x31,0x02,0x51,0x0a,0x31,0x02,0x31,0x02,0x31,0x02,0x31,0x02,
    0x31,0x02,0x31,0x02,0x31,0x02,0x10,0x02,0x10,0x02,0x10,0x02,0x10,0x02,0x31,0x0a,
    0x31,0x0a,0x30,0x02,0x11,0x02,0x51,0x12,0x93,0x5b,0x57,0xa5,0x3a,0xc6,0x7b,0xce,
    0x9b,0xce,0xb8,0xb5,0x71,0x12,0x51,0x02,0x51,0x02,0x51,0x0a,0x13,0x43,0xd6,0x94,
    0xb6,0x8c,0x74,0x53,0xb2,0x2a,0x92,0x22,0xb2,0x2a,0xd3,0x32,0xf3,0x3a,0x34,0x4b,
    0x56,0x7c,0x3a,0xc6,0xdb,0xde,0xdb,0xde,0x3a,0xc6,0x34,0x4b,0x14,0x3b,0x34,0x43,
    0x34,0x43,0x14,0x43,0xf3,0x32,0xf3,0x3a,0x14,0x3b,0x14,0x3b,0x14,0x43,0x34,0x43,
    0x34,0x43,0x14,0x3b,0x14,0x3b,0x34,0x43,0x34,0x4b,0x34,0x4b,0x34,0x43,0x34,0x43,
    0x34,0x4b,0x34,0x4b,0x54,0x4b,0x75,0x53,0x95,0x53,0x75,0x53,0x54,0x53,0x54,0x53,
    0x55,0x53,0x55,0x53,0x75,0x5b,0x93,0x63,0x34,0x84,0xf5,0x6b,0x75,0x53,0x74,0x53,
    0x75,0x53,0x74,0x53,0x75,0x53,0x75,0x53,0x75,0x53,0x75,0x53,0x56,0x84,0xd8,0xbd,
    0x99,0xd6,0xd9,0xde,0x39,0xd9,0xde,0xff,0x2f,0x12,0x2f,0x12,0x0f,0x0a,0x0f,0x02,
    0x0f,0x0a,0x0f,0x0a,0x0f,0x0a,0x2f,0x12,0x2f,0x12,0x0f,0x0a,0xef,0x01,0x0f,0x0a,
    0x30,0x12,0x50,0x1a,0x30,0x1a,0x30,0x12,0x30,0x0a,0x30,0x12,0x50,0x12,0x50,0x1a,
    0x50,0x12,0x50,0x12,0x51,0x1a,0x91,0x22,0x92,0x2a,0xb2,0x2a,0x91,0x2a,0x71,0x22,
    0x71,0x22,0xd2,0x32,0x75,0x84,0xf9,0xbd,0x9b,0xd6,0xbb,0xd6,0xbb,0xd6,0xbb,0xd6,
    0xbb,0xd6,0xbb,0xd6,0xbb,0xd6,0x17,0x9d,0xf3,0x3a,0xf3,0x3a,0xf3,0x3a,0xf4,0x6b,
    0xf9,0xbd,0xbb,0xd6,0xbb,0xd6,0x5a,0xce,0x35,0x74,0xd2,0x32,0xd2,0x32,0xf6,0x94,
    0x9b,0xd6,0xbb,0xd6,0xbb,0xd6,0xbb,0xd6,0x5a,0xce,0x17,0x9d,0x91,0x22,0x50,0x1a,
    0x0f,0x12,0xee,0x11,0x2d,0x2a,0x50,0x53,0x74,0x7c,0x57,0xa5,0xb4,0x8c,0xd1,0x6b,
    0xcd,0x42,0x87,0x29,0xe9,0x31,0xea,0x5a,0xd2,0x94,0x8f,0x42,0x92,0x2a,0xd3,0x32,
    0xb2,0x2a,0x32,0x53,0x37,0xce,0xd8,0xde,0xd9,0xde,0xd9,0xde,0xd9,0xde,0xd9,0xde,
    0xd9,0xde,0xd9,0xde,0xd9,0xde,0x98,0xde,0x16,0xce,0xf3,0xa4,0xd3,0x73,0xd5,0x6b,
    0xd7,0x94,0x19,0xbe,0xbb,0xd6,0xbb,0xd6,0x5a,0xce,0x55,0x7c,0xf3,0x3a,0xf3,0x3a,
    0x92,0x22,0x17,0x9d,0xdb,0xde,0xdb,0xde,0xdb,0xde,0xdb,0xde,0xdb,0xde,0xba,0xd6,
    0x9a,0xd6,0x9a,0xd6,0x9a,0xd6,0x79,0xce,0xdb,0xde,0xdb,0xde,0xdb,0xde,0xdb,0xde,
    0xba,0xd6,0x95,0x84,0x91,0x2a,0x4e,0x2a,0x4b,0x3a,0xf4,0x9c,0xb2,0x8c,0xd3,0x94,
    0x91,0x9c,0xb2,0x73,0xd2,0x3a,0xf7,0xd3,0x32,0xd3,0x32,0xd3,0x32,0xb2,0x2a,0x72,
    0x1a,0x51,0x12,0x92,0x22,0xf3,0x32,0xd2,0x32,0xb2,0x2a,0xb2,0x2a,0xb2,0x2a,0xb2,
    0x2a,0x92,0x22,0x92,0x22,0x92,0x22,0xb2,0x22,0x92,0x22,0x92,0x22,0x77,0xa5,0xdb,
    0xde,0xdb,0xde,0xdb,0xde,0xdb,0xde,0xdb,0xde,0x79,0xce,0x77,0xa5,0x31,0x4b,0x71,
    0x12,0x51,0x0a,0x51,0x02,0x31,0x02,0x31,0x02,0x31,0x02,0x31,0x02,0x31,0x02,0x31,
    0x02,0x31,0x02,0x31,0x02,0x10,0x02,0x10,0x02,0x10,0x02,0x11,0x02,0x31,0x02,0x31,
    0x0a,0x31,0x0a,0x31,0x02,0x51,0x12,0xf2,0x42,0xb4,0x63,0xf4,0x73,0x13,0x43,0x51,
    0x0a,0x51,0x0a,0x52,0x0a,0x72,0x12,0xd7,0x94,0xbb,0xd6,0xdb,0xd6,0x19,0xbe,0xf3,
    0x3a,0x92,0x22,0xb3,0x22,0xb3,0x2a,0xb3,0x2a,0xd3,0x2a,0xd3,0x32,0xb6,0x8c,0xbb,
    0xd6,0xdb,0xde,0xbb,0xd6,0x76,0x84,0xf3,0x3a,0x13,0x3b,0x14,0x3b,0x34,0x43,0x54,
    0x4b,0x54,0x4b,0x34,0x43,0x14,0x3b,0xf3,0x3a,0xf3,0x3a,0xf4,0x3a,0xf3,0x3a,0x34,
    0x43,0x34,0x4b,0x54,0x4b,0x54,0x4b,0x34,0x43,0x14,0x43,0x34,0x43,0x34,0x4b,0x34,
    0x4b,0x54,0x4b,0x95,0x5b,0x95,0x53,0x55,0x53,0x54,0x53,0x74,0x53,0x75,0x53,0x36,
    0xa5,0x98,0xd6,0x77,0xd6,0xb5,0xc5,0x75,0xb5,0xb6,0x94,0x95,0x5b,0x75,0x53,0x75,
    0x53,0x75,0x53,0x75,0x53,0x75,0x53,0x75,0x53,0x74,0x53,0xd5,0x6b,0xb6,0x8c,0xd7,
    0xbd,0x99,0xd6,0xd9,0xde,0x36,0xd9,0xde,0xff,0x30,0x12,0x30,0x12,0x2f,0x12,0x0f,
    0x0a,0x30,0x12,0x30,0x12,0x0f,0x0a,0x0f,0x02,0x0f,0x0a,0x30,0x0a,0x30,0x12,0x30,
    0x12,0x0f,0x0a,0x10,0x0a,0x30,0x12,0x50,0x1a,0x50,0x1a,0x50,0x1a,0x50,0x1a,0x71,
    0x1a,0x71,0x1a,0x50,0x1a,0x50,0x1a,0x71,0x1a,0x71,0x22,0x92,0x2a,0xb2,0x32,0xd2,
    0x32,0xb2,0x32,0x92,0x2a,0x91,0x2a,0x92,0x2a,0xd4,0x6b,0x37,0x9d,0xf7,0x94,0x55,
    0x7c,0x19,0xbe,0xbb,0xd6,0xbb,0xd6,0x3a,0xc6,0x75,0x84,0x76,0x84,0x37,0x9d,0x3a,
    0xc6,0xbb,0xd6,0xbb,0xd6,0x19,0xc6,0xf5,0x6b,0xd3,0x32,0xf3,0x3a,0x17,0x9d,0xbb,
    0xd6,0xbb,0xd6,0x9b,0xd6,0x3a,0xc6,0xbb,0xd6,0xbb,0xd6,0x5a,0xce,0x53,0x53,0xd2,
    0x32,0x92,0x2a,0x71,0x22,0x30,0x12,0x0f,0x12,0xaf,0x3a,0xf3,0x6b,0x33,0x7c,0xb5,
    0x8c,0x54,0x7c,0x4f,0x5b,0x4a,0x3a,0x09,0x42,0xee,0x19,0xb2,0x2a,0xd3,0x32,0xb2,
    0x2a,0x92,0x63,0x57,0xce,0xd8,0xde,0xd9,0xde,0xd9,0xde,0xd9,0xde,0xd9,0xde,0xd9,
    0xde,0xd9,0xde,0xd9,0xde,0xd9,0xde,0xd9,0xde,0xd9,0xde,0xd9,0xde,0x97,0xde,0xb5,
    0xbd,0x94,0x94,0x93,0x63,0x35,0x74,0xd6,0x94,0xf7,0x94,0x94,0x5b,0xf3,0x3a,0x94,
    0x5b,0x57,0xa5,0xdb,0xde,0xdb,0xde,0xdb,0xde,0xdb,0xde,0xdb,0xde,0x9a,0xd6,0xba,
    0xd6,0xba,0xd6,0x9a,0xce,0xdb,0xd6,0xdb,0xde,0xdb,0xde,0xdb,0xde,0xdb,0xde,0xba,
    0xd6,0x95,0x8c,0x91,0x2a,0x2e,0x2a,0x6b,0x42,0x6a,0x42,0x4d,0x63,0xd3,0x94,0xf8,
    0xbd,0x51,0x5b,0xd3,0x3a,0xb2,0x22,0xfa,0x92,0x1a,0x92,0x1a,0xb2,0x2a,0xb3,0x32,
    0x92,0x22,0x51,0x12,0x92,0x22,0xf3,0x3a,0xd3,0x32,0xb3,0x32,0xd2,0x32,0xd2,0x32,
    0xb2,0x2a,0xb2,0x22,0x92,0x22,0xb2,0x22,0xb2,0x2a,0xb2,0x22,0x33,0x7c,0xba,0xd6,
    0xdb,0xde,0xdb,0xde,0xdb,0xde,0xdb,0xde,0xdb,0xde,0xdb,0xde,0xdb,0xde,0xdb,0xde,
    0xf8,0xbd,0xb4,0x8c,0x32,0x4b,0x51,0x12,0x51,0x02,0x51,0x02,0x51,0x0a,0x72,0x1a,
    0x51,0x12,0x31,0x0a,0x31,0x02,0x31,0x02,0x31,0x02,0x31,0x02,0x11,0x02,0x11,0x02,
    0x31,0x02,0x31,0x02,0x51,0x0a,0x51,0x0a,0x51,0x0a,0x51,0x0a,0x51,0x0a,0x52,0x12,
    0x72,0x12,0x72,0x12,0x72,0x12,0x72,0x12,0xb4,0x63,0x9b,0xd6,0xbb,0xd6,0xbb,0xd6,
    0xb6,0x8c,0xb2,0x22,0xb3,0x22,0xb3,0x2a,0xd3,0x2a,0xd3,0x32,0x54,0x4b,0x98,0xad,
    0xdb,0xde,0xdb,0xde,0xbb,0xd6,0xd7,0x94,0xf3,0x3a,0xf3,0x3a,0xf3,0x3a,0x14,0x43,
    0x14,0x43,0x34,0x43,0x54,0x4b,0x54,0x4b,0x54,0x4b,0x14,0x43,0xd3,0x32,0xf3,0x3a,
    0x34,0x43,0x54,0x4b,0x54,0x4b,0x54,0x4b,0x34,0x4b,0x34,0x43,0x34,0x43,0x34,0x4b,
    0x34,0x4b,0x54,0x4b,0x75,0x53,0xb5,0x63,0xb5,0x5b,0x95,0x5b,0x95,0x5b,0x36,0xa5,
    0xd9,0xde,0xd9,0xde,0xd9,0xde,0xd9,0xde,0x98,0xd6,0x36,0xce,0xf6,0xcd,0xf5,0xa4,
    0x75,0x84,0x95,0x5b,0x75,0x53,0x75,0x53,0x75,0x53,0x75,0x53,0x75,0x53,0x75,0x53,
    0x75,0x53,0x15,0x74,0x37,0xa5,0x18,0xc6,0x99,0xd6,0xd9,0xde,0x33,0xd9,0xde,0xff,
    0x50,0x12,0x30,0x12,0x30,0x12,0x30,0x12,0x30,0x12,0x50,0x1a,0x50,0x12,0x30,0x12,
    0x30,0x12,0x30,0x0a,0x30,0x0a,0x30,0x12,0x30,0x12,0x50,0x12,0x30,0x12,0x30,0x0a,
    0x50,0x12,0x51,0x1a,0x71,0x22,0x71,0x22,0x71,0x22,0x71,0x22,0x91,0x2a,0xb1,0x3a,
    0xd2,0x3a,0x91,0x2a,0x92,0x2a,0xb2,0x2a,0xd2,0x32,0xf3,0x3a,0xf3,0x3a,0xd2,0x32,
    0xb2,0x32,0xb2,0x2a,0xb2,0x32,0xf3,0x3a,0x17,0x9d,0x9b,0xd6,0xbb,0xd6,0xbb,0xd6,
    0xbb,0xd6,0xbb,0xd6,0xbb,0xd6,0xbb,0xd6,0xbb,0xd6,0x5a,0xc6,0xd4,0x6b,0xf3,0x3a,
    0x13,0x43,0x57,0xa5,0xbb,0xd6,0xbb,0xd6,0x9b,0xd6,0xd6,0x94,0xf4,0x6b,0x7a,0xce,
    0xbb,0xd6,0xbb,0xd6,0xd6,0x8c,0x13,0x43,0xd3,0x3a,0xd2,0x32,0xb2,0x2a,0x91,0x22,
    0x51,0x1a,0x30,0x12,0x2f,0x1a,0x0e,0x1a,0x0c,0x2a,0x29,0x4a,0x6b,0x4a,0x2f,0x1a,
    0xb2,0x2a,0xd3,0x32,0xb2,0x32,0x92,0x63,0x78,0xd6,0xd8,0xde,0xd9,0xde,0xd9,0xde,
    0xd9,0xde,0xd9,0xde,0xd9,0xde,0xd9,0xde,0xd9,0xde,0xd9,0xde,0xd9,0xde,0xd9,0xde,
    0xd9,0xde,0xd9,0xde,0xd9,0xde,0xd9,0xde,0xb9,0xde,0x97,0xd6,0x95,0xbd,0xb5,0x94,
    0x13,0x4b,0x14,0x43,0xb4,0x5b,0x5a,0xce,0xdb,0xde,0xdb,0xde,0xdb,0xde,0xdb,0xde,
    0xdb,0xde,0xba,0xd6,0xba,0xd6,0x9a,0xd6,0x79,0xce,0xdb,0xde,0xdb,0xde,0xdb,0xde,
    0xdb,0xde,0xdb,0xde,0xba,0xd6,0x54,0x84,0x90,0x2a,0x0d,0x22,0x6b,0x42,0xaa,0x52,
    0x8a,0x4a,0x10,0x84,0x79,0xce,0xd2,0x6b,0x92,0x22,0xd3,0x32,0xb3,0x2a,0xfd,0xb3,
    0x2a,0xb3,0x2a,0x92,0x22,0x72,0x12,0x71,0x12,0x72,0x1a,0xb2,0x2a,0xf3,0x3a,0xf3,
    0x3a,0xd3,0x32,0xd3,0x32,0xd3,0x32,0xb3,0x32,0xb3,0x2a,0xb2,0x2a,0xb2,0x2a,0xb3,
    0x2a,0xd4,0x63,0x9a,0xd6,0x96,0xb5,0xd7,0xb5,0xdb,0xd6,0xdb,0xde,0xdb,0xde,0xdb,
    0xde,0xdb,0xde,0xdb,0xde,0xdb,0xde,0xdb,0xde,0x7a,0xce,0x35,0xa5,0xee,0x4a,0x90,
    0x32,0x51,0x12,0x72,0x12,0x72,0x1a,0x92,0x22,0x92,0x22,0x72,0x1a,0x51,0x12,0x51,
    0x02,0x31,0x02,0x31,0x02,0x31,0x02,0x31,0x02,0x31,0x02,0x31,0x02,0x51,0x02,0x51,
    0x0a,0x72,0x12,0x72,0x12,0x72,0x12,0x72,0x1a,0x92,0x1a,0x92,0x1a,0x92,0x22,0xb2,
    0x2a,0xd9,0xb5,0xbb,0xd6,0xbb,0xd6,0xbb,0xd6,0x19,0xbe,0x96,0x84,0x33,0x43,0x33,
    0x4b,0xd5,0x63,0xb8,0xad,0xdb,0xd6,0xdb,0xde,0xbb,0xd6,0xf7,0x94,0x13,0x43,0xf3,
    0x3a,0xf3,0x3a,0x14,0x43,0x14,0x43,0x14,0x43,0x14,0x43,0x34,0x43,0x34,0x43,0x34,
    0x43,0x34,0x43,0x54,0x53,0x54,0x4b,0x34,0x43,0x34,0x43,0x54,0x4b,0x54,0x4b,0x54,
    0x4b,0x34,0x43,0x34,0x43,0x34,0x43,0x34,0x4b,0x34,0x4b,0x54,0x4b,0x75,0x53,0xb5,
    0x5b,0xd5,0x6b,0x15,0xad,0xd9,0xde,0xd9,0xde,0xd9,0xde,0xd9,0xde,0xd9,0xde,0xd9,
    0xde,0xd9,0xde,0xd9,0xde,0xb8,0xde,0xd5,0xc5,0xd6,0xc5,0x36,0xa5,0xd5,0x6b,0x95,
    0x5b,0x75,0x53,0x95,0x5b,0xb5,0x63,0xd5,0x63,0xd5,0x63,0xd5,0x63,0xf6,0x6b,0x36,
    0x7c,0x16,0xa5,0x58,0xce,0xb9,0xde,0xd9,0xde,0x2f,0xd9,0xde,0xce,0x98,0xd6,0x50,
    0x1a,0x50,0x1a,0x50,0x1a,0x30,0x12,0x30,0x12,0x50,0x1a,0x50,0x1a,0x50,0x12,0x50,
    0x12,0x30,0x12,0x30,0x12,0x30,0x12,0x30,0x12,0x30,0x12,0x50,0x12,0x50,0x1a,0x50,
    0x1a,0x51,0x1a,0x71,0x1a,0x91,0x22,0x91,0x2a,0xb1,0x32,0x16,0x9d,0x19,0xbe,0x19,
    0xc6,0xf6,0x94,0x32,0x4b,0x91,0x2a,0x92,0x2a,0xb2,0x32,0xd3,0x3a,0xf3,0x3a,0x13,
    0x43,0x13,0x43,0xd2,0x3a,0xb2,0x32,0xb2,0x2a,0x94,0x5b,0xd6,0x94,0xf9,0xbd,0x7a,
    0xce,0x19,0xc6,0x98,0xad,0x57,0xa5,0xb6,0x8c,0xd4,0x63,0xf3,0x3a,0x33,0x4b,0x98,
    0xad,0xbb,0xd6,0xbb,0xd6,0x9a,0xd6,0x96,0x8c,0xf3,0x3a,0x13,0x43,0xf9,0xb5,0xdb,
    0xd6,0xdb,0xd6,0xf9,0xbd,0x33,0x4b,0xf3,0x3a,0xd3,0x3a,0xd2,0x32,0xb2,0x32,0xb2,
    0x2a,0x92,0x22,0x71,0x22,0x71,0x1a,0x71,0x1a,0x51,0x1a,0x50,0x1a,0x71,0x1a,0xb2,
    0x2a,0xb2,0x2a,0xd3,0x73,0x77,0xd6,0xd9,0xde,0x12,0xd9,0xde,0xff,0x34,0xad,0x53,
    0x53,0xf5,0x6b,0x7a,0xce,0xdb,0xde,0xdb,0xde,0xdb,0xde,0xdb,0xde,0xdb,0xde,0xdb,
    0xde,0xdb,0xde,0x9a,0xd6,0xba,0xd6,0x9a,0xd6,0xdb,0xde,0xdb,0xde,0xdb,0xde,0xdb,
    0xde,0x9a,0xd6,0x54,0x7c,0x70,0x22,0x2e,0x2a,0xea,0x29,0x69,0x42,0xca,0x5a,0xef,
    0x7b,0x18,0xc6,0xd2,0x73,0x51,0x12,0xb3,0x2a,0xd3,0x32,0xb3,0x32,0xd3,0x2a,0xb3,
    0x2a,0xb3,0x2a,0xb3,0x2a,0x92,0x22,0x71,0x12,0x51,0x12,0xf3,0x3a,0xf3,0x3a,0xf3,
    0x3a,0xd3,0x32,0xd3,0x32,0xd3,0x32,0xd3,0x32,0xd3,0x32,0xb3,0x2a,0xd4,0x63,0x7a,
    0xce,0xdb,0xde,0xdb,0xde,0xba,0xd6,0x38,0xc6,0xf8,0xbd,0xd7,0xbd,0xbb,0xd6,0xdb,
    0xde,0xdb,0xde,0xdb,0xde,0x7a,0xce,0x76,0xad,0x57,0xa5,0xaf,0x6b,0x11,0x74,0xb1,
    0x63,0xf2,0x3a,0x72,0x12,0x72,0x12,0x72,0x1a,0x92,0x1a,0x92,0x22,0x72,0x1a,0x51,
    0x12,0x92,0x22,0x33,0x4b,0x94,0x5b,0xd2,0x3a,0x31,0x02,0x51,0x0a,0x52,0x0a,0x52,
    0x0a,0x72,0x0a,0x72,0x12,0x72,0x12,0x72,0x12,0x72,0x12,0x72,0x1a,0x92,0x1a,0x94,
    0x5b,0x37,0x9d,0x3a,0xc6,0xdb,0xd6,0xdb,0xde,0xdb,0xde,0x7a,0xce,0x7a,0xce,0xbb,
    0xd6,0xdb,0xde,0xdb,0xde,0xbb,0xd6,0xf7,0x94,0x13,0x3b,0xf3,0x3a,0xf3,0x3a,0x14,
    0x3b,0x14,0x3b,0x14,0x43,0x14,0x43,0x14,0x43,0x14,0x43,0x14,0x3b,0xf3,0x3a,0x34,
    0x43,0x54,0x4b,0x75,0x53,0x75,0x53,0x54,0x4b,0x34,0x4b,0x34,0x4b,0x54,0x4b,0x34,
    0x43,0x14,0x43,0x14,0x3b,0x34,0x43,0x34,0x4b,0x54,0x4b,0xa0,0x54,0x4b,0x34,0x4b,
    0xb4,0x9c,0x78,0xd6,0xd9,0xde,0xd9,0xde,0xd9,0xde,0xd9,0xde,0xd9,0xde,0xd9,0xde,
    0xd9,0xde,0xd9,0xde,0xd9,0xde,0xd9,0xde,0xb9,0xde,0x77,0xd6,0x16,0xce,0x34,0xb5,
    0xf5,0x73,0xb5,0x63,0xb5,0x5b,0x75,0x53,0x55,0x53,0x54,0x53,0x75,0x53,0x95,0x53,
    0xb5,0x5b,0xf5,0x6b,0x96,0x8c,0x77,0xad,0x58,0xce,0xd9,0xde,0x2c,0xd9,0xde,0xff,
    0xb8,0xd6,0x73,0x8c,0x50,0x1a,0x50,0x1a,0x50,0x1a,0x50,0x1a,0x50,0x1a,0x50,0x1a,
    0x50,0x1a,0x50,0x1a,0x50,0x1a,0x50,0x12,0x50,0x1a,0x50,0x12,0x50,0x12,0x50,0x12,
    0x50,0x12,0x50,0x1a,0x71,0x1a,0x71,0x1a,0x71,0x22,0x71,0x22,0xb2,0x2a,0x73,0x53,
    0x39,0xc6,0x9a,0xce,0x9b,0xd6,0x9b,0xd6,0x3a,0xc6,0x57,0xa5,0x14,0x74,0x12,0x43,
    0xb2,0x32,0xb2,0x32,0xd3,0x3a,0x13,0x43,0x33,0x43,0x33,0x4b,0x13,0x43,0xd2,0x3a,
    0xb2,0x32,0xd2,0x32,0x33,0x4b,0xf3,0x3a,0xf3,0x3a,0xf3,0x3a,0xf3,0x3a,0xf3,0x3a,
    0x53,0x4b,0xb8,0xad,0xbb,0xd6,0xdb,0xd6,0x7a,0xce,0x76,0x84,0xf3,0x3a,0xf3,0x3a,
    0xf3,0x3a,0x17,0x95,0xbb,0xd6,0xdb,0xde,0x7a,0xce,0xd4,0x63,0x13,0x43,0xf3,0x3a,
    0xf3,0x3a,0xd3,0x3a,0xd3,0x32,0xd2,0x32,0xb2,0x32,0xb2,0x2a,0x92,0x22,0x92,0x22,
    0x71,0x1a,0x71,0x1a,0xb2,0x2a,0x53,0x53,0x55,0xad,0x77,0xd6,0xd8,0xde,0xd9,0xde,
    0xd9,0xde,0xd9,0xde,0xd9,0xde,0xd9,0xde,0xd9,0xde,0xd9,0xde,0xd9,0xde,0xd9,0xde,
    0xd9,0xde,0xd9,0xde,0xd9,0xde,0xd9,0xde,0xd9,0xde,0xd9,0xde,0xd9,0xde,0xd9,0xde,
    0x14,0xa5,0xf2,0x42,0x14,0x43,0xd1,0x3a,0x52,0x84,0xf8,0xbd,0x9a,0xd6,0xdb,0xde,
    0xdb,0xde,0xdb,0xde,0xdb,0xde,0xdb,0xde,0xdb,0xde,0xdb,0xde,0xdb,0xde,0xdb,0xde,
    0xdb,0xde,0xdb,0xde,0x9a,0xd6,0x54,0x7c,0x91,0x32,0xaf,0x42,0x2d,0x63,0xe8,0x31,
    0x8c,0x42,0x8a,0x4a,0xef,0x7b,0x50,0x5b,0x30,0x12,0xb3,0x2a,0xd3,0x32,0xff,0xd3,
    0x32,0xd3,0x32,0xb3,0x32,0xd3,0x32,0xb3,0x2a,0xb3,0x2a,0xb3,0x2a,0x92,0x22,0x51,
    0x0a,0x92,0x22,0xf3,0x3a,0xf3,0x3a,0xf3,0x32,0xd3,0x32,0xd3,0x32,0xd3,0x32,0xb3,
    0x2a,0xf4,0x6b,0x9a,0xd6,0xdb,0xde,0xdb,0xde,0xdb,0xde,0xdb,0xde,0xdb,0xde,0xdb,
    0xde,0xdb,0xde,0xb6,0xb5,0xd7,0xbd,0x9a,0xce,0x59,0xce,0x76,0xad,0x98,0xad,0x75,
    0x7c,0x55,0xa5,0x18,0xbe,0x35,0x9d,0x33,0x7c,0xd2,0x3a,0x72,0x12,0x52,0x0a,0x72,
    0x12,0x55,0x7c,0x78,0xad,0xf9,0xbd,0x5a,0xce,0x9b,0xd6,0x9b,0xd6,0x7a,0xce,0x17,
    0x9d,0xb4,0x63,0xd2,0x32,0x72,0x0a,0x72,0x12,0x72,0x12,0x72,0x12,0x72,0x12,0x92,
    0x1a,0x92,0x1a,0xb2,0x22,0xb3,0x22,0xb3,0x2a,0xd3,0x32,0x35,0x74,0xb8,0xad,0x7a,
    0xce,0xbb,0xd6,0xbb,0xd6,0x9a,0xce,0x7a,0xce,0x39,0xc6,0x37,0x9d,0x14,0x43,0xf3,
    0x3a,0xf3,0x3a,0x14,0x3b,0x14,0x3b,0x14,0x3b,0x14,0x3b,0x14,0x43,0x14,0x43,0x14,
    0x3b,0xf3,0x3a,0x14,0x43,0x34,0x4b,0x54,0x4b,0x54,0x4b,0x54,0x53,0x75,0x53,0x54,
    0x4b,0x34,0x4b,0x54,0x4b,0x54,0x4b,0x34,0x4b,0x14,0x43,0x13,0x3b,0xf3,0x3a,0x14,
    0x43,0x34,0x4b,0x94,0x94,0x57,0xd6,0xd9,0xde,0xd9,0xde,0xd9,0xde,0xd9,0xde,0xd9,
    0xde,0xd9,0xde,0xd9,0xde,0xd9,0xde,0xd9,0xde,0xd9,0xde,0xd9,0xde,0xd9,0xde,0xd9,
    0xde,0x98,0xd6,0x93,0x94,0xd5,0x6b,0xb5,0x5b,0x75,0x53,0x54,0x4b,0x54,0x4b,0x54,
    0x53,0x54,0x53,0x54,0x4b,0x54,0x53,0x75,0x53,0x95,0x5b,0xb5,0x63,0x85,0xf6,0x6b,
    0x96,0x8c,0xd7,0xbd,0x78,0xd6,0xd9,0xde,0x28,0xd9,0xde,0xff,0xb8,0xde,0x92,0x94,
    0x94,0x5b,0x50,0x1a,0x50,0x1a,0x50,0x1a,0x50,0x1a,0x50,0x1a,0x50,0x1a,0x71,0x22,
    0x50,0x1a,0x50,0x1a,0x50,0x1a,0x50,0x1a,0x50,0x1a,0x50,0x1a,0x50,0x1a,0x50,0x1a,
    0x71,0x1a,0x71,0x1a,0x71,0x22,0x91,0x22,0x91,0x22,0x92,0x2a,0xb2,0x2a,0x57,0xa5,
    0x9a,0xd6,0xbb,0xd6,0x9b,0xd6,0x9a,0xd6,0x9b,0xd6,0x9a,0xce,0x19,0xc6,0xf7,0x94,
    0x93,0x5b,0xd2,0x32,0xd2,0x32,0xd3,0x3a,0xf3,0x3a,0x13,0x43,0x33,0x4b,0x33,0x4b,
    0xf3,0x42,0xd2,0x32,0xb2,0x32,0xd2,0x32,0xd3,0x3a,0xf3,0x3a,0xf3,0x3a,0xd6,0x94,
    0xbb,0xd6,0xdb,0xd6,0x7a,0xce,0x35,0x7c,0xf3,0x3a,0xf3,0x3a,0xf3,0x3a,0xf3,0x3a,
    0xf5,0x6b,0x9a,0xd6,0xdb,0xde,0xdb,0xde,0xf6,0x94,0x13,0x43,0x13,0x43,0xf3,0x3a,
    0xf3,0x3a,0xf3,0x3a,0xf3,0x3a,0xd3,0x32,0xd3,0x32,0xb2,0x2a,0xb2,0x2a,0x92,0x22,
    0x92,0x22,0xb2,0x2a,0xd3,0x32,0x13,0x43,0x73,0x5b,0x73,0x8c,0xf6,0xc5,0xd9,0xde,
    0xd9,0xde,0xd9,0xde,0xd9,0xde,0xd9,0xde,0xd9,0xde,0xd9,0xde,0xd9,0xde,0xd9,0xde,
    0xd9,0xde,0xd9,0xde,0xd9,0xde,0xd9,0xde,0xd9,0xde,0xd9,0xde,0xb3,0x9c,0x13,0x4b,
    0x14,0x43,0x14,0x3b,0x91,0x2a,0xad,0x01,0xed,0x19,0x30,0x53,0x93,0x8c,0x59,0xce,
    0xdb,0xde,0xdb,0xde,0xdb,0xde,0xdb,0xde,0xdb,0xde,0xdb,0xde,0xdb,0xde,0xdb,0xde,
    0x9a,0xd6,0x14,0x74,0xb1,0x32,0xb1,0x3a,0x8f,0x73,0x0e,0x8c,0x47,0x21,0x6b,0x42,
    0x09,0x3a,0x0d,0x2a,0x30,0x12,0xb2,0x2a,0xd3,0x32,0xff,0xd3,0x32,0xd3,0x32,0xd3,
    0x32,0xd3,0x32,0xd3,0x32,0xd3,0x32,0xb3,0x32,0xd3,0x32,0xb3,0x2a,0x92,0x1a,0x92,
    0x22,0xd3,0x32,0x92,0x22,0xb3,0x22,0xd3,0x32,0xd3,0x32,0xd3,0x2a,0xf4,0x6b,0x9a,
    0xd6,0xdb,0xde,0xdb,0xde,0xdb,0xde,0xdb,0xde,0xdb,0xde,0xdb,0xde,0xdb,0xde,0xdb,
    0xde,0xdb,0xde,0xdb,0xde,0x59,0xc6,0x31,0x84,0xb6,0x8c,0xd4,0x6b,0x93,0x5b,0x9a,
    0xd6,0xdb,0xde,0x9a,0xd6,0x13,0xad,0x91,0x73,0x92,0x22,0x72,0x1a,0xf7,0x94,0x9b,
    0xd6,0xbb,0xd6,0xbb,0xd6,0xbb,0xd6,0x9b,0xd6,0xbb,0xd6,0xbb,0xd6,0xbb,0xd6,0x7a,
    0xce,0xf9,0xbd,0xd7,0x94,0x33,0x4b,0x92,0x22,0x92,0x1a,0x92,0x1a,0x92,0x1a,0xb2,
    0x22,0x92,0x22,0xb3,0x22,0xb3,0x2a,0xd3,0x32,0xd3,0x32,0xf3,0x3a,0x74,0x53,0x15,
    0x74,0xd4,0x63,0x74,0x53,0x54,0x4b,0x14,0x43,0xf3,0x3a,0xf3,0x32,0xf3,0x3a,0x14,
    0x3b,0x14,0x3b,0x14,0x3b,0x14,0x3b,0x14,0x43,0x14,0x43,0x14,0x3b,0xf3,0x3a,0x14,
    0x43,0x34,0x4b,0x54,0x4b,0x34,0x4b,0x54,0x4b,0x54,0x4b,0x74,0x53,0x75,0x53,0x54,
    0x4b,0x54,0x4b,0x54,0x4b,0x54,0x4b,0x54,0x4b,0x54,0x4b,0x34,0x43,0x14,0x43,0x94,
    0x94,0x78,0xd6,0xd9,0xde,0xd9,0xde,0xd9,0xde,0xd9,0xde,0xd9,0xde,0xd9,0xde,0xd9,
    0xde,0xd9,0xde,0xd9,0xde,0xd9,0xde,0xd9,0xde,0xd9,0xde,0xd9,0xde,0x98,0xd6,0x93,
    0x94,0xd5,0x6b,0x76,0x7c,0x3a,0xc6,0x19,0xbe,0x36,0x74,0x54,0x4b,0x54,0x4b,0x74,
    0x63,0x74,0x53,0x75,0x53,0x54,0x53,0x54,0x53,0x89,0x74,0x53,0x75,0x53,0x95,0x5b,
    0xd5,0x63,0x36,0x74,0xd6,0x94,0xd7,0xbd,0xb9,0xde,0xd9,0xde,0x25,0xd9,0xde,0xff,
    0xd3,0x9c,0x94,0x5b,0x74,0x53,0x71,0x22,0x71,0x22,0x51,0x22,0x51,0x1a,0x50,0x1a,
    0x71,0x1a,0x71,0x22,0x71,0x22,0x51,0x1a,0x51,0x1a,0x51,0x1a,0x50,0x1a,0x50,0x1a,
    0x71,0x1a,0x71,0x1a,0x71,0x22,0x71,0x22,0x71,0x22,0x71,0x22,0x91,0x22,0xb2,0x2a,
    0xd2,0x3a,0xf4,0x6b,0x5a,0xce,0x9a,0xd6,0x19,0xbe,0x57,0xa5,0x19,0xbe,0x9b,0xce,
    0x9b,0xd6,0xbb,0xd6,0x7a,0xce,0xd8,0xb5,0xb6,0x8c,0x73,0x53,0xb2,0x32,0x13,0x43,
    0x15,0x74,0xb6,0x8c,0xd4,0x6b,0x53,0x4b,0x33,0x4b,0xf3,0x3a,0xd2,0x32,0xd2,0x32,
    0xd3,0x32,0x33,0x4b,0xd6,0x8c,0x57,0xa5,0xf5,0x6b,0xf3,0x3a,0xf3,0x3a,0xf3,0x3a,
    0xf3,0x3a,0x13,0x43,0x33,0x4b,0xf9,0xbd,0xdb,0xde,0xdb,0xde,0x19,0xbe,0x54,0x53,
    0x33,0x43,0x13,0x43,0x13,0x43,0xf3,0x3a,0xf3,0x3a,0xf3,0x3a,0xd3,0x32,0xd2,0x32,
    0xb2,0x2a,0xf3,0x3a,0x94,0x5b,0xf4,0x6b,0x96,0x84,0x37,0x9d,0x37,0xa5,0x96,0x84,
    0x53,0x53,0xf3,0x73,0x35,0xa5,0x17,0xc6,0xd9,0xde,0xd9,0xde,0xd9,0xde,0xd9,0xde,
    0xd9,0xde,0xd9,0xde,0xd9,0xde,0xd9,0xde,0xd9,0xde,0xd9,0xde,0xb9,0xde,0xd3,0x9c,
    0x13,0x4b,0x34,0x43,0x14,0x3b,0x13,0x3b,0xb0,0x3a,0xcb,0x19,0x4c,0x32,0xee,0x4a,
    0x50,0x53,0xf2,0x6b,0xb4,0x8c,0x96,0xad,0x59,0xce,0xfb,0xde,0xdb,0xde,0xdb,0xde,
    0xdb,0xde,0x19,0xc6,0xb3,0x63,0xb1,0x32,0xb1,0x32,0xd1,0x3a,0xd1,0x42,0xcc,0x19,
    0x6b,0x11,0x0b,0x3a,0x2e,0x22,0x71,0x22,0xd3,0x32,0xd3,0x32,0xd3,0x32,0xff,0xd3,
    0x32,0xd3,0x32,0xd3,0x32,0xd3,0x32,0xd3,0x32,0xd3,0x32,0xd3,0x32,0xd3,0x32,0xd3,
    0x32,0xb3,0x2a,0x92,0x22,0xf3,0x3a,0xd3,0x32,0xb3,0x22,0xb2,0x22,0xf3,0x3a,0xb6,
    0x8c,0x9a,0xd6,0xdb,0xde,0xdb,0xde,0xdb,0xde,0xdb,0xde,0xdb,0xde,0xdb,0xde,0xdb,
    0xde,0xdb,0xde,0xdb,0xde,0xdb,0xde,0xba,0xd6,0x36,0xa5,0x13,0x74,0xf2,0x3a,0x12,
    0x43,0x2e,0x53,0xf7,0xbd,0x39,0xc6,0x9a,0xd6,0x71,0x6b,0x92,0x22,0x92,0x22,0xf7,
    0x94,0xbb,0xd6,0xbb,0xd6,0xbb,0xd6,0x58,0xa5,0x35,0x74,0x94,0x5b,0x15,0x74,0x37,
    0x9d,0x19,0xc6,0xbb,0xd6,0xbb,0xd6,0xbb,0xd6,0x7a,0xce,0x98,0xad,0x75,0x84,0x53,
    0x53,0x92,0x1a,0x92,0x22,0x92,0x22,0xb2,0x22,0xb3,0x22,0xb3,0x2a,0xd3,0x2a,0xd3,
    0x2a,0xd3,0x32,0xf3,0x3a,0xf3,0x3a,0xd3,0x32,0xd3,0x32,0xd3,0x32,0xd3,0x32,0xf3,
    0x32,0x14,0x3b,0x14,0x3b,0x14,0x3b,0x14,0x3b,0x14,0x43,0x14,0x43,0xf3,0x3a,0xf3,
    0x32,0x14,0x43,0x34,0x43,0x34,0x4b,0x54,0x4b,0x54,0x4b,0x54,0x4b,0x54,0x4b,0x54,
    0x4b,0x74,0x53,0x54,0x4b,0x54,0x4b,0x54,0x4b,0x54,0x4b,0x54,0x53,0x54,0x53,0x75,
    0x53,0xb5,0x94,0xd9,0xde,0xd9,0xde,0xd9,0xde,0xd9,0xde,0xd9,0xde,0xd9,0xde,0xd9,
    0xde,0xd9,0xde,0xd9,0xde,0xd9,0xde,0xd9,0xde,0xd9,0xde,0xd9,0xde,0xd9,0xde,0x98,
    0xd6,0xb3,0x9c,0xd5,0x6b,0x76,0x84,0x9a,0xd6,0xdb,0xde,0x7a,0xce,0x15,0x74,0x34,
    0x4b,0xb3,0x9c,0xb5,0xbd,0x33,0xb5,0x53,0x94,0xf4,0x7b,0x74,0x53,0x8c,0x54,0x4b,
    0x54,0x53,0x54,0x53,0x54,0x53,0x75,0x53,0x95,0x5b,0xd5,0x63,0x36,0x7c,0x36,0xa5,
    0x18,0xc6,0xb9,0xde,0xd9,0xde,0x20,0xd9,0xde,0x86,0xd8,0xde,0xf3,0xa4,0x74,0x5b,
    0x74,0x53,0x54,0x4b,0x71,0x22,0x11,0x71,0x22,0xff,0x91,0x22,0xb1,0x2a,0xf2,0x3a,
    0x33,0x4b,0x33,0x4b,0xd4,0x63,0x75,0x84,0x33,0x4b,0xb2,0x32,0x13,0x43,0x55,0x7c,
    0xd9,0xb5,0x5a,0xce,0x7b,0xce,0x9b,0xd6,0x9b,0xd6,0x5a,0xce,0x77,0xa5,0xd9,0xb5,
    0x7a,0xce,0x9b,0xd6,0x19,0xc6,0x33,0x4b,0x13,0x43,0x33,0x4b,0x33,0x4b,0x13,0x43,
    0xd3,0x3a,0xd2,0x32,0xd3,0x32,0xf3,0x3a,0xf3,0x3a,0xf3,0x3a,0xf3,0x3a,0xf3,0x3a,
    0xf3,0x3a,0xf3,0x3a,0xf3,0x3a,0xd6,0x94,0xbb,0xd6,0xdb,0xde,0xbb,0xd6,0x15,0x74,
    0x33,0x4b,0x34,0x43,0x13,0x43,0x13,0x43,0x13,0x43,0x13,0x3b,0xf3,0x3a,0xf3,0x32,
    0x74,0x53,0xf9,0xbd,0x9b,0xd6,0xbb,0xd6,0xbb,0xd6,0xbb,0xd6,0x9b,0xd6,0x7a,0xce,
    0x3a,0xc6,0x17,0x9d,0x15,0x74,0x53,0x53,0xb2,0x6b,0x95,0xb5,0x98,0xd6,0xd9,0xde,
    0xd9,0xde,0xd9,0xde,0xd9,0xde,0xd9,0xde,0xd9,0xde,0xb9,0xde,0x92,0x94,0x13,0x43,
    0x34,0x43,0x14,0x3b,0x13,0x3b,0x52,0x53,0x6f,0x63,0x8c,0x42,0xaf,0x6b,0xf0,0x6b,
    0x11,0x74,0x11,0x74,0x32,0x7c,0x32,0x74,0xf2,0x6b,0x73,0x84,0xf8,0xbd,0xba,0xd6,
    0x18,0xbe,0xb3,0x63,0xd1,0x32,0xb1,0x32,0x52,0x53,0xb8,0xb5,0xb7,0xad,0x75,0x84,
    0x71,0x22,0x71,0x22,0xd2,0x32,0xd3,0x32,0xd3,0x32,0xd3,0x32,0xd3,0x32,0xd3,0x32,
    0xd3,0x32,0xd3,0x32,0xd3,0x32,0xd3,0x32,0xd3,0x32,0xd3,0x32,0xd3,0x32,0xd3,0x32,
    0xd3,0x32,0xb3,0x22,0xd3,0x32,0xf3,0x3a,0xd3,0x32,0x13,0x3b,0xb8,0xb5,0xdb,0xde,
    0xdb,0xde,0xdb,0xd6,0xdb,0xde,0xdb,0xde,0xf9,0xdb,0xde,0xdb,0xde,0xdb,0xde,0xdb,
    0xde,0xdb,0xde,0xdb,0xde,0x9a,0xd6,0x36,0xa5,0x13,0x43,0x92,0x63,0xb1,0x3a,0xee,
    0x52,0x49,0x42,0x30,0x7c,0x18,0xbe,0x54,0x84,0x92,0x2a,0x92,0x1a,0xf7,0x94,0xbb,
    0xd6,0xdb,0xd6,0xbb,0xd6,0xf7,0x94,0x92,0x22,0x72,0x1a,0x72,0x1a,0x72,0x1a,0x92,
    0x1a,0xf3,0x3a,0x55,0x7c,0x98,0xad,0x7a,0xce,0xbb,0xd6,0xbb,0xd6,0xbb,0xd6,0x9a,
    0xce,0x58,0xa5,0xb3,0x2a,0xb3,0x22,0xb3,0x22,0xb3,0x2a,0xb3,0x2a,0xd3,0x32,0xd3,
    0x32,0xd3,0x32,0xf3,0x32,0x14,0x3b,0x14,0x43,0x14,0x43,0xf3,0x3a,0xd3,0x32,0xf3,
    0x32,0xf3,0x3a,0xf3,0x3a,0x14,0x3b,0x14,0x3b,0x14,0x3b,0x13,0x3b,0xf3,0x3a,0x14,
    0x43,0x34,0x4b,0x34,0x4b,0x34,0x4b,0x34,0x4b,0x34,0x4b,0x54,0x4b,0x54,0x4b,0x54,
    0x4b,0x75,0x53,0x75,0x53,0x54,0x4b,0x54,0x4b,0x54,0x4b,0x54,0x4b,0x74,0x53,0xb5,
    0x94,0xd9,0xde,0xd9,0xde,0xd9,0xde,0xd9,0xde,0xd9,0xde,0xd9,0xde,0xd9,0xde,0xd9,
    0xde,0xd9,0xde,0xd9,0xde,0xd9,0xde,0xd9,0xde,0xd9,0xde,0xd9,0xde,0x98,0xd6,0xb4,
    0x9c,0xd5,0x6b,0x56,0x7c,0x9a,0xd6,0xdb,0xde,0x9a,0xce,0x76,0x7c,0x54,0x53,0xb3,
    0x9c,0xd9,0xde,0xd9,0xde,0xd9,0xde,0x77,0xd6,0x73,0xbd,0x14,0xb5,0x54,0x8c,0x94,
    0x63,0x74,0x53,0x54,0x4b,0x54,0x4b,0x54,0x4b,0x74,0x53,0x75,0x53,0xb5,0x5b,0xf5,
    0x6b,0x56,0x7c,0x77,0xad,0x58,0xce,0xb9,0xde,0xd9,0xde,0x1d,0xd9,0xde,0xff,0x34,
    0xad,0x94,0x63,0x74,0x53,0x54,0x4b,0x34,0x4b,0x71,0x22,0x71,0x22,0x71,0x22,0x71,
    0x22,0x71,0x22,0x71,0x22,0x71,0x22,0x71,0x22,0x71,0x22,0x71,0x22,0x71,0x22,0x71,
    0x22,0x71,0x22,0x71,0x22,0x71,0x22,0x71,0x22,0x53,0x53,0xd6,0x94,0x77,0xa5,0xb8,
    0xb5,0x19,0xbe,0x5a,0xc6,0x19,0xbe,0xf6,0x94,0x53,0x53,0xf3,0x3a,0xd2,0x3a,0xd2,
    0x32,0xb2,0x2a,0xd2,0x3a,0xb4,0x63,0xf7,0x94,0x19,0xbe,0x9b,0xd6,0x9b,0xd6,0xbb,
    0xd6,0xbb,0xd6,0xbb,0xd6,0xbb,0xd6,0x57,0xa5,0xf2,0x3a,0xd3,0x32,0xf3,0x3a,0x13,
    0x43,0x33,0x4b,0x34,0x4b,0x33,0x4b,0x13,0x43,0xd3,0x32,0xd2,0x32,0xd3,0x32,0xf3,
    0x3a,0xf3,0x3a,0xf3,0x3a,0x13,0x43,0xf3,0x3a,0xb4,0x63,0x7a,0xce,0xdb,0xd6,0xbb,
    0xd6,0x37,0x9d,0x13,0x43,0x13,0x43,0x13,0x43,0x13,0x43,0x13,0x43,0xf3,0x3a,0xf3,
    0x3a,0xb4,0x63,0x39,0xc6,0xbb,0xd6,0xbb,0xd6,0x9b,0xd6,0x39,0xc6,0xb8,0xad,0x19,
    0xc6,0xbb,0xd6,0xdb,0xde,0xdb,0xde,0x9a,0xce,0xf9,0xbd,0xd6,0x8c,0x74,0x5b,0x93,
    0x5b,0x74,0x8c,0xd6,0xbd,0xd9,0xde,0xd9,0xde,0xd9,0xde,0xb9,0xde,0x72,0x8c,0x13,
    0x4b,0x34,0x43,0x14,0x3b,0x14,0x3b,0x71,0x63,0x8e,0x73,0x8a,0x4a,0x05,0x19,0xe4,
    0x18,0xa7,0x29,0x8a,0x4a,0x6e,0x63,0x71,0x84,0x52,0x7c,0xf1,0x6b,0x12,0x74,0x53,
    0x7c,0x53,0x7c,0x93,0x5b,0xb1,0x32,0x90,0x32,0x8e,0x3a,0x31,0x53,0x54,0x7c,0x57,
    0xa5,0xf4,0x6b,0xd2,0x3a,0xf3,0x3a,0xf3,0x3a,0xd3,0x32,0xd3,0x32,0xff,0xd3,0x32,
    0xd3,0x32,0xd3,0x32,0xf3,0x32,0xd3,0x32,0xd3,0x32,0xd3,0x32,0xd3,0x32,0xd3,0x32,
    0xd3,0x32,0xd3,0x32,0xd3,0x32,0xb3,0x2a,0xd3,0x2a,0xf3,0x3a,0x13,0x43,0xd8,0xb5,
    0xdb,0xde,0xdb,0xde,0xdb,0xde,0xdb,0xde,0xdb,0xde,0xdb,0xde,0xdb,0xde,0xdb,0xde,
    0xdb,0xde,0xdb,0xde,0xdb,0xde,0x9a,0xd6,0x15,0x9d,0x12,0x4b,0x91,0x32,0xd0,0x42,
    0x4d,0x3a,0x08,0x42,0x6e,0x6b,0x59,0xc6,0x33,0x7c,0x51,0x1a,0x93,0x22,0x92,0x22,
    0x98,0xad,0xdb,0xd6,0xdb,0xd6,0x7a,0xce,0x33,0x4b,0x92,0x1a,0x92,0x1a,0x92,0x1a,
    0x92,0x1a,0x92,0x1a,0x92,0x1a,0x92,0x1a,0xb3,0x2a,0x74,0x5b,0xb6,0x8c,0x19,0xc6,
    0xdb,0xd6,0xdb,0xd6,0x9a,0xce,0xb4,0x5b,0xb3,0x2a,0xb3,0x2a,0xd3,0x2a,0xd3,0x32,
    0xd3,0x32,0xd3,0x32,0xd3,0x32,0xf3,0x32,0xf3,0x32,0xf3,0x3a,0x14,0x3b,0x34,0x4b,
    0x55,0x53,0x14,0x43,0x13,0x3b,0xf3,0x32,0xf3,0x3a,0x14,0x3b,0x14,0x43,0x14,0x3b,
    0x14,0x43,0x34,0x43,0x34,0x4b,0x34,0x4b,0x54,0x4b,0x54,0x4b,0x54,0x4b,0x54,0x4b,
    0x54,0x4b,0x54,0x4b,0x54,0x53,0x75,0x53,0x54,0x4b,0x54,0x4b,0x54,0x4b,0x54,0x53,
    0x55,0x84,0x98,0xd6,0xd9,0xde,0xd9,0xde,0xd9,0xde,0xd9,0xde,0xd9,0xde,0xd9,0xde,
    0xd9,0xde,0xd9,0xde,0xd9,0xde,0xd9,0xde,0xd9,0xde,0xd9,0xde,0xd9,0xde,0x98,0xde,
    0xd4,0x9c,0xd5,0x6b,0x56,0x7c,0x7a,0xce,0xdb,0xde,0x9a,0xce,0x76,0x84,0x54,0x4b,
    0x92,0x94,0xb9,0xde,0xd9,0xde,0xd9,0xde,0xd9,0xde,0xd9,0xde,0x93,0xd9,0xde,0x98,
    0xde,0x37,0xce,0x94,0xbd,0x93,0x9c,0x34,0x8c,0x94,0x5b,0x54,0x4b,0x54,0x4b,0x54,
    0x4b,0x54,0x53,0x74,0x53,0x95,0x5b,0xb5,0x5b,0xf5,0x73,0xb6,0x8c,0x97,0xb5,0x78,
    0xd6,0xd9,0xde,0x1a,0xd9,0xde,0xff,0x34,0xad,0x94,0x5b,0x74,0x53,0x54,0x4b,0x34,
    0x4b,0xd6,0x94,0x71,0x22,0x71,0x22,0x71,0x22,0x71,0x22,0x71,0x22,0x71,0x22,0x71,
    0x22,0x71,0x22,0x71,0x22,0x71,0x22,0x71,0x22,0x71,0x22,0x71,0x22,0x71,0x22,0x71,
    0x22,0xd3,0x63,0x3a,0xc6,0x9b,0xd6,0x9b,0xd6,0x9b,0xd6,0x9a,0xd6,0x9b,0xd6,0xbb,
    0xd6,0xbb,0xd6,0x7a,0xce,0x98,0xad,0x96,0x8c,0x53,0x53,0xf3,0x3a,0xf3,0x3a,0xd2,
    0x32,0xb2,0x32,0xf3,0x42,0x55,0x7c,0x7a,0xce,0xbb,0xd6,0xbb,0xd6,0x9a,0xd6,0x78,
    0xad,0x33,0x4b,0xf3,0x3a,0x73,0x5b,0xd4,0x63,0x13,0x43,0xd3,0x32,0xf3,0x3a,0x13,
    0x43,0x33,0x4b,0x34,0x4b,0x33,0x43,0xf3,0x3a,0xd2,0x32,0xd3,0x32,0xd3,0x3a,0xf3,
    0x3a,0xf3,0x3a,0x33,0x4b,0xd9,0xb5,0xbb,0xd6,0xbb,0xd6,0xbb,0xd6,0xf9,0xbd,0x55,
    0x7c,0x13,0x43,0x13,0x43,0xf3,0x3a,0xf3,0x3a,0xd4,0x63,0x39,0xc6,0xdb,0xd6,0xdb,
    0xd6,0x3a,0xc6,0xb4,0x63,0x92,0x2a,0x92,0x22,0x74,0x53,0xb6,0x8c,0xd9,0xb5,0x7a,
    0xce,0xbb,0xd6,0xdb,0xde,0xbb,0xd6,0x7a,0xce,0x98,0xad,0x96,0x8c,0x33,0x4b,0x52,
    0x5b,0x55,0xad,0x37,0xc6,0x93,0x94,0x13,0x43,0x34,0x43,0x13,0x43,0x13,0x3b,0xd2,
    0x42,0x6c,0x73,0xab,0x52,0x51,0x84,0xcf,0x7b,0x86,0x29,0x87,0x29,0x6a,0x3a,0xab,
    0x42,0xab,0x42,0xaf,0x6b,0x92,0x84,0x92,0x84,0x11,0x74,0x32,0x7c,0xb0,0x3a,0x8e,
    0x32,0x4f,0x5b,0x50,0x5b,0x2f,0x53,0x11,0x53,0xb2,0x32,0xd3,0x3a,0xf3,0x3a,0xd3,
    0x32,0xd3,0x32,0xd2,0x32,0xff,0xd3,0x32,0xd3,0x32,0xf3,0x32,0xf3,0x32,0xf3,0x32,
    0xf3,0x32,0xf3,0x32,0xf3,0x32,0xf3,0x32,0xd3,0x32,0xd3,0x32,0xd3,0x32,0xd3,0x32,
    0xd3,0x32,0xb3,0x22,0xf3,0x3a,0x15,0x9d,0xdb,0xde,0xdb,0xde,0xdb,0xde,0xdb,0xde,
    0xdb,0xde,0xdb,0xde,0xdb,0xde,0xdb,0xde,0xdb,0xde,0xdb,0xde,0xbb,0xd6,0x9a,0xce,
    0x36,0xa5,0x32,0x4b,0xb1,0x32,0x6f,0x32,0xcc,0x21,0xc8,0x31,0x89,0x52,0x13,0xa5,
    0x53,0x84,0x51,0x12,0xb3,0x22,0xb3,0x22,0x93,0x22,0x15,0x74,0xbb,0xd6,0xdb,0xd6,
    0xbb,0xd6,0xd6,0x94,0x33,0x4b,0x92,0x12,0x92,0x1a,0x92,0x22,0x92,0x22,0x92,0x22,
    0x92,0x22,0x92,0x22,0xb2,0x22,0x92,0x22,0x94,0x5b,0x7a,0xce,0xdb,0xd6,0xdb,0xd6,
    0x58,0xa5,0xd3,0x32,0xd3,0x2a,0xd3,0x32,0xd3,0x32,0xd3,0x32,0xd3,0x32,0xf3,0x32,
    0xf3,0x32,0xf3,0x32,0xf3,0x3a,0xf3,0x3a,0x14,0x43,0x54,0x4b,0x14,0x43,0x14,0x43,
    0x34,0x4b,0x14,0x43,0xf3,0x3a,0x34,0x43,0x54,0x4b,0x54,0x4b,0x34,0x4b,0x34,0x4b,
    0x34,0x4b,0x54,0x4b,0x54,0x4b,0x54,0x4b,0x54,0x4b,0x54,0x4b,0x54,0x4b,0x54,0x4b,
    0x75,0x53,0x74,0x53,0x54,0x4b,0x54,0x4b,0x75,0x53,0x98,0xad,0x59,0xce,0x58,0xce,
    0x79,0xd6,0xb9,0xde,0xd9,0xde,0xd9,0xde,0xd9,0xde,0xd9,0xde,0xd9,0xde,0xd9,0xde,
    0xd9,0xde,0xd9,0xde,0xd9,0xde,0xb8,0xde,0xf4,0xa4,0xd5,0x6b,0x36,0x74,0x7a,0xce,
    0xdb,0xde,0x9a,0xd6,0x96,0x84,0x54,0x53,0x73,0x8c,0xb9,0xde,0xd9,0xde,0xd9,0xde,
    0xd9,0xde,0xd9,0xde,0x97,0xd9,0xde,0xd9,0xde,0xd9,0xde,0xd9,0xde,0xd9,0xde,0x98,
    0xde,0xf5,0xc5,0x54,0xbd,0x73,0x94,0xd4,0x73,0x54,0x4b,0x54,0x4b,0x54,0x4b,0x54,
    0x4b,0x54,0x4b,0x74,0x53,0x95,0x5b,0xb5,0x63,0xf5,0x6b,0xf6,0x9c,0xf7,0xbd,0x98,
    0xd6,0xd9,0xde,0x16,0xd9,0xde,0xff,0x95,0xb5,0x53,0x5b,0x54,0x53,0x54,0x4b,0x34,
    0x43,0x96,0x84,0xbb,0xd6,0x71,0x22,0x71,0x22,0x71,0x22,0x71,0x22,0x71,0x22,0x71,
    0x22,0x71,0x22,0x71,0x22,0x91,0x2a,0x71,0x22,0x71,0x22,0x91,0x2a,0x71,0x22,0x91,
    0x2a,0xf4,0x6b,0x5a,0xc6,0x9a,0xd6,0x9a,0xd6,0xd8,0xb5,0x96,0x8c,0xb3,0x63,0x35,
    0x74,0xd9,0xb5,0x9a,0xce,0x9b,0xd6,0xbb,0xd6,0x9b,0xd6,0x78,0xad,0x13,0x43,0x13,
    0x43,0x13,0x43,0x13,0x43,0xf3,0x3a,0x14,0x74,0x5a,0xce,0x9b,0xd6,0x9a,0xd6,0x37,
    0xa5,0x53,0x53,0xd2,0x32,0xb4,0x63,0x5a,0xc6,0x9a,0xd6,0x5a,0xc6,0x17,0x9d,0x73,
    0x53,0xf3,0x3a,0xf3,0x3a,0x13,0x43,0x33,0x43,0x34,0x4b,0x34,0x4b,0x13,0x43,0xf3,
    0x3a,0xd2,0x32,0xd3,0x32,0xf3,0x3a,0x35,0x7c,0x19,0xbe,0x7a,0xce,0xbb,0xd6,0xbb,
    0xd6,0xf9,0xbd,0x53,0x4b,0x13,0x43,0xf3,0x3a,0x94,0x5b,0x5a,0xc6,0xdb,0xd6,0xbb,
    0xd6,0x39,0xc6,0x53,0x53,0x51,0x1a,0x71,0x1a,0xf3,0x3a,0x13,0x43,0xf3,0x3a,0xf3,
    0x42,0x74,0x53,0xd6,0x8c,0x19,0xbe,0x9b,0xd6,0xdb,0xd6,0xbb,0xd6,0xbb,0xd6,0x78,
    0xad,0xf3,0x3a,0x54,0x4b,0x53,0x4b,0x33,0x4b,0x14,0x43,0x13,0x43,0xf3,0x3a,0xf2,
    0x4a,0xee,0x8b,0x6b,0x42,0x88,0x21,0x46,0x29,0x86,0x31,0xc7,0x29,0x08,0x32,0x29,
    0x32,0x8b,0x42,0xec,0x4a,0xed,0x4a,0xf2,0x73,0x53,0x7c,0x92,0x8c,0x52,0x7c,0x8e,
    0x3a,0x4e,0x5b,0xd0,0x6b,0xf2,0x73,0xf4,0x9c,0xec,0x62,0xd1,0x4a,0xf3,0x3a,0xf3,
    0x3a,0xd3,0x32,0xd3,0x32,0xff,0xd3,0x32,0xd3,0x32,0xd3,0x32,0xf3,0x32,0xf3,0x32,
    0xf3,0x32,0xf3,0x32,0xf3,0x32,0xf3,0x32,0xf3,0x32,0xf3,0x32,0xf3,0x32,0xf3,0x32,
    0xf3,0x32,0xd3,0x32,0xb3,0x2a,0x92,0x2a,0x70,0x63,0x52,0x8c,0xb6,0xb5,0xba,0xd6,
    0xdb,0xde,0xdb,0xde,0xdb,0xde,0xdb,0xde,0xdb,0xde,0xdb,0xde,0xdb,0xde,0x59,0xce,
    0x76,0xa5,0x34,0x74,0xf2,0x42,0x51,0x63,0xce,0x83,0xa7,0x31,0xcd,0x4a,0xca,0x62,
    0xad,0x4a,0xef,0x09,0x72,0x22,0xb2,0x22,0xb2,0x22,0xb2,0x22,0x13,0x3b,0x3a,0xc6,
    0xbb,0xd6,0xbb,0xd6,0xbb,0xd6,0x9a,0xce,0x98,0xad,0xb4,0x63,0xd3,0x32,0xb2,0x22,
    0xb2,0x22,0xb3,0x22,0xb3,0x22,0xb3,0x22,0xb3,0x2a,0xf5,0x6b,0x7a,0xce,0xdb,0xde,
    0xdb,0xde,0x3a,0xc6,0x34,0x4b,0xd3,0x32,0xd3,0x32,0xd3,0x32,0xd3,0x32,0xf3,0x32,
    0xf3,0x32,0xf3,0x32,0xf3,0x3a,0xf3,0x3a,0x13,0x3b,0x14,0x3b,0x34,0x4b,0x14,0x43,
    0xf3,0x3a,0x34,0x43,0x34,0x4b,0x14,0x3b,0x14,0x43,0x54,0x4b,0x75,0x53,0x54,0x4b,
    0x54,0x4b,0x34,0x4b,0x54,0x4b,0x54,0x4b,0x54,0x4b,0x54,0x4b,0x54,0x4b,0x54,0x4b,
    0x54,0x4b,0x54,0x53,0x75,0x53,0x54,0x53,0x74,0x53,0xb8,0xad,0xdb,0xde,0xdb,0xde,
    0xdb,0xde,0xbb,0xd6,0x19,0xc6,0x18,0xce,0xb9,0xde,0xd9,0xde,0xd9,0xde,0xd9,0xde,
    0xd9,0xde,0xd9,0xde,0xd9,0xde,0xb8,0xd6,0xd4,0x9c,0xf5,0x6b,0x16,0x74,0x7a,0xce,
    0xdb,0xde,0xbb,0xd6,0xb7,0x8c,0x74,0x53,0x32,0x8c,0xb9,0xde,0xd9,0xde,0xd9,0xde,
    0xd9,0xde,0xd9,0xde,0x9b,0xd9,0xde,0xd9,0xde,0xd9,0xde,0xd9,0xde,0xd9,0xde,0xd9,
    0xde,0xd9,0xde,0xd9,0xde,0xd9,0xde,0x57,0xd6,0xf4,0xac,0x34,0x4b,0x14,0x43,0x34,
    0x43,0x34,0x4b,0x54,0x4b,0x54,0x4b,0x54,0x4b,0x54,0x4b,0x74,0x53,0x95,0x5b,0xd5,
    0x63,0x35,0x74,0xd5,0x94,0x38,0xce,0xb9,0xde,0xd9,0xde,0x12,0xd9,0xde,0xff,0xb5,
    0xbd,0x73,0x5b,0x14,0x43,0xf3,0x3a,0xf3,0x3a,0x75,0x7c,0xbb,0xd6,0xdb,0xde,0x71,
    0x22,0x71,0x22,0x71,0x22,0x71,0x22,0x71,0x22,0x71,0x22,0x91,0x2a,0x91,0x2a,0x91,
    0x2a,0x71,0x22,0x91,0x2a,0x91,0x2a,0x71,0x22,0x35,0x7c,0x5a,0xce,0x9b,0xd6,0x9b,
    0xd6,0x77,0xa5,0xf2,0x42,0x92,0x2a,0x92,0x2a,0x92,0x2a,0xb2,0x2a,0xb4,0x63,0xb8,
    0xb5,0xbb,0xd6,0xbb,0xd6,0x5a,0xc6,0x53,0x4b,0xf3,0x3a,0xf3,0x3a,0x13,0x43,0x13,
    0x43,0x53,0x53,0xb6,0x8c,0xf6,0x94,0xd4,0x63,0xf3,0x3a,0x13,0x43,0x54,0x4b,0x96,
    0x84,0x9a,0xce,0xbb,0xd6,0xbb,0xd6,0xbb,0xd6,0x9a,0xd6,0xd8,0xb5,0xb6,0x8c,0x33,
    0x4b,0xd3,0x32,0xf3,0x3a,0x13,0x43,0x33,0x4b,0x54,0x4b,0x33,0x4b,0x13,0x43,0xd2,
    0x32,0xd3,0x32,0x33,0x4b,0xd4,0x63,0x96,0x8c,0x17,0x95,0x15,0x74,0x13,0x43,0x13,
    0x43,0x13,0x43,0x33,0x4b,0x19,0xbe,0xbb,0xd6,0x9b,0xd6,0x78,0xad,0x10,0x02,0x71,
    0x22,0xf3,0x42,0x13,0x43,0xf3,0x3a,0xd2,0x32,0xb2,0x32,0xd2,0x32,0xb2,0x32,0x13,
    0x43,0x15,0x74,0xb8,0xb5,0xbb,0xd6,0xbb,0xd6,0x7a,0xce,0xf5,0x6b,0x34,0x43,0x14,
    0x43,0x13,0x43,0x13,0x43,0xf3,0x3a,0xf2,0x42,0xd0,0x83,0x12,0xad,0x67,0x21,0x25,
    0x21,0x46,0x21,0x87,0x21,0x8b,0x3a,0x6e,0x63,0x6d,0x63,0x0c,0x53,0xcc,0x4a,0x0e,
    0x4b,0xcd,0x42,0xf1,0x6b,0xb5,0x84,0xf1,0x73,0x2c,0x63,0x0b,0x5b,0x6e,0x63,0x97,
    0xb5,0x55,0xad,0xf1,0x52,0xf3,0x42,0xf3,0x3a,0xf3,0x32,0xd3,0x32,0xff,0xd3,0x32,
    0xd3,0x32,0xd3,0x32,0xf3,0x32,0xf3,0x32,0xf3,0x32,0xf3,0x32,0xf3,0x3a,0xf3,0x32,
    0xf3,0x32,0xf3,0x32,0xf3,0x32,0xf3,0x32,0xf3,0x32,0xf3,0x32,0xf3,0x32,0xd3,0x2a,
    0x72,0x22,0x8d,0x01,0x8d,0x01,0xae,0x42,0x90,0x63,0x14,0x9d,0xf7,0xbd,0xdb,0xde,
    0xdb,0xde,0xdb,0xde,0xdb,0xde,0x79,0xce,0x35,0xa5,0xd3,0x6b,0xf2,0x42,0xf2,0x42,
    0xd2,0x73,0x91,0x94,0x88,0x29,0x09,0x42,0xec,0x29,0x30,0x1a,0x92,0x22,0x92,0x22,
    0xb2,0x22,0xb3,0x22,0xb3,0x22,0xb3,0x22,0x34,0x4b,0x96,0x84,0xb8,0xb5,0x9b,0xd6,
    0xdb,0xde,0xdb,0xde,0xbb,0xd6,0x39,0xc6,0x37,0x9d,0xb4,0x5b,0x93,0x1a,0x93,0x22,
    0xb3,0x22,0x15,0x74,0x19,0xc6,0xdb,0xd6,0xdb,0xde,0x5a,0xce,0x76,0x84,0xd3,0x32,
    0xd3,0x32,0xd3,0x32,0xd3,0x32,0xf3,0x32,0xf3,0x32,0xf3,0x32,0xf3,0x3a,0xf3,0x3a,
    0xf3,0x3a,0x14,0x3b,0x14,0x3b,0x34,0x43,0x34,0x4b,0x13,0x3b,0x14,0x3b,0x34,0x4b,
    0x14,0x43,0x14,0x3b,0x34,0x4b,0x95,0x53,0x95,0x5b,0x75,0x53,0x54,0x4b,0x54,0x4b,
    0x54,0x4b,0x54,0x4b,0x54,0x4b,0x54,0x4b,0x54,0x4b,0x54,0x4b,0x54,0x53,0x75,0x53,
    0xd4,0x63,0xb8,0xad,0xdb,0xde,0xdb,0xde,0xdb,0xde,0xdb,0xde,0x9a,0xd6,0x59,0xce,
    0x19,0xbe,0x98,0xad,0x77,0xad,0x38,0xce,0xd9,0xde,0xd9,0xde,0xd9,0xde,0xb8,0xde,
    0xf4,0xa4,0xd5,0x6b,0x16,0x74,0x5a,0xce,0xdb,0xde,0xba,0xd6,0xb7,0x8c,0x54,0x4b,
    0x32,0x84,0xb8,0xd6,0xd9,0xde,0xd9,0xde,0xd9,0xde,0xd9,0xde,0xff,0xd9,0xde,0xd9,
    0xde,0xd9,0xde,0xd9,0xde,0xd9,0xde,0xd9,0xde,0xd9,0xde,0xd9,0xde,0xd9,0xde,0xda,
    0xde,0x37,0xce,0xb4,0x6b,0xd3,0x32,0xf3,0x3a,0xf3,0x3a,0x94,0x5b,0xd7,0x8c,0xf5,
    0x6b,0x34,0x4b,0x54,0x4b,0x54,0x4b,0x54,0x4b,0x54,0x4b,0x34,0x43,0x34,0x43,0x16,
    0x74,0xd6,0x94,0x57,0xad,0x38,0xce,0xb9,0xde,0xd9,0xde,0xd9,0xde,0xd9,0xde,0xd9,
    0xde,0xd9,0xde,0xd9,0xde,0xd9,0xde,0xd9,0xde,0xd9,0xde,0xd9,0xde,0xd9,0xde,0xd9,
    0xde,0xd9,0xde,0xd9,0xde,0xd9,0xde,0xb5,0xbd,0xb4,0x6b,0x74,0x53,0x54,0x4b,0x34,
    0x43,0xf3,0x3a,0xd4,0x94,0xd7,0xbd,0xba,0xd6,0x71,0x22,0x71,0x22,0x71,0x22,0x71,
    0x22,0x91,0x2a,0x91,0x2a,0x91,0x2a,0x91,0x2a,0x91,0x2a,0x91,0x2a,0x91,0x2a,0xb1,
    0x2a,0x75,0x84,0x7a,0xce,0x9b,0xd6,0x9a,0xd6,0x57,0xa5,0xd2,0x3a,0x92,0x2a,0x92,
    0x2a,0xb2,0x2a,0xb2,0x2a,0xb2,0x32,0xb2,0x32,0x95,0x84,0x9b,0xd6,0xbb,0xd6,0x9b,
    0xd6,0x17,0x9d,0xb6,0x8c,0x57,0xa5,0x19,0xbe,0x5a,0xce,0x37,0xa5,0x53,0x53,0x33,
    0x4b,0x13,0x43,0x13,0x43,0xf3,0x3a,0xd2,0x32,0x33,0x4b,0xf9,0xbd,0xdb,0xde,0xbb,
    0xd6,0x9b,0xd6,0x9b,0xd6,0xbb,0xd6,0xbb,0xd6,0x7a,0xce,0x57,0xa5,0xf4,0x6b,0x13,
    0x43,0xf3,0x3a,0x13,0x43,0x13,0x43,0x34,0x4b,0x33,0x4b,0xf3,0x3a,0xf3,0x3a,0x13,
    0x43,0x13,0x43,0x13,0x43,0x13,0x43,0x13,0x43,0x13,0x43,0x13,0x43,0xf3,0x3a,0xb6,
    0x8c,0x9a,0xce,0x5a,0xc6,0x39,0xc6,0x78,0xad,0x35,0x7c,0xff,0x94,0x5b,0x74,0x53,
    0x54,0x53,0x54,0x53,0x54,0x4b,0x13,0x43,0xf3,0x3a,0xd2,0x3a,0xd2,0x32,0x15,0x74,
    0x7a,0xce,0xbb,0xd6,0xdb,0xd6,0xf7,0x94,0x14,0x43,0x13,0x43,0x13,0x43,0x13,0x3b,
    0xf3,0x3a,0xd2,0x32,0xb2,0x32,0x8f,0x42,0x8a,0x21,0x05,0x19,0x26,0x21,0x67,0x21,
    0xac,0x3a,0xf2,0x6b,0x33,0x74,0x32,0x7c,0xb0,0x6b,0xf1,0x73,0x16,0x9d,0xf9,0xb5,
    0x70,0x5b,0x2e,0x53,0x6b,0x7b,0x4b,0x73,0x35,0xa5,0xf8,0xbd,0xb0,0x42,0xf3,0x3a,
    0xf3,0x3a,0xf3,0x32,0xd3,0x32,0xd3,0x32,0xf3,0x32,0xf3,0x32,0xf3,0x32,0xf3,0x32,
    0xf3,0x3a,0xf3,0x3a,0xf3,0x3a,0xf3,0x3a,0xf3,0x32,0xf3,0x3a,0xf3,0x3a,0xf3,0x32,
    0xf3,0x32,0xf3,0x3a,0xf3,0x32,0xf3,0x32,0xd3,0x32,0x91,0x2a,0xcc,0x19,0x4c,0x32,
    0xce,0x4a,0xef,0x4a,0xef,0x42,0x71,0x63,0x11,0x7c,0x76,0xad,0x9a,0xd6,0x59,0xc6,
    0x35,0xa5,0xd3,0x63,0x73,0x53,0xf6,0x94,0x77,0xa5,0x74,0x84,0x10,0x53,0x2f,0x22,
    0x0f,0x1a,0x91,0x22,0xf3,0x3a,0x76,0x84,0x17,0x9d,0xb6,0x8c,0x74,0x5b,0xd3,0x2a,
    0xb3,0x22,0xb3,0x22,0xb3,0x22,0xb3,0x2a,0x33,0x4b,0x17,0x95,0x39,0xc6,0xbb,0xd6,
    0xdb,0xde,0xdb,0xde,0xbb,0xd6,0x19,0xbe,0x58,0xa5,0xf9,0xbd,0x9b,0xd6,0xdb,0xd6,
    0xdb,0xde,0x5a,0xce,0x35,0x74,0xd3,0x32,0xd3,0x32,0xd3,0x32,0xd3,0x32,0xf3,0x32,
    0xf3,0x32,0xf3,0x32,0xf3,0x3a,0xf3,0x3a,0x13,0x3b,0x13,0x3b,0x14,0x3b,0x14,0x3b,
    0x14,0x43,0x54,0x4b,0x14,0x43,0xf3,0x3a,0x34,0x43,0xff,0x34,0x43,0x14,0x43,0x14,
    0x43,0x34,0x4b,0x74,0x53,0x95,0x5b,0x95,0x5b,0x95,0x5b,0x75,0x53,0x54,0x53,0x54,
    0x4b,0x54,0x4b,0x54,0x4b,0x54,0x4b,0x74,0x53,0xf3,0x6b,0x97,0xad,0xdb,0xde,0xdb,
    0xde,0xdb,0xde,0xdb,0xde,0x9a,0xd6,0x38,0xc6,0xdb,0xde,0xdb,0xde,0xdb,0xde,0xba,
    0xd6,0xb8,0xb5,0x37,0xa5,0xf8,0xc5,0x79,0xd6,0x14,0xa5,0xd5,0x6b,0xb5,0x63,0x3a,
    0xc6,0xdb,0xde,0xbb,0xd6,0xf7,0x94,0x75,0x53,0x12,0x84,0xb9,0xde,0xd9,0xde,0xd9,
    0xde,0xd9,0xde,0xd9,0xde,0xd9,0xde,0xd9,0xde,0xd9,0xde,0xd9,0xde,0xd9,0xde,0xd9,
    0xde,0xd9,0xde,0xd9,0xde,0xd9,0xde,0xda,0xde,0x79,0xd6,0x35,0x7c,0x74,0x53,0x34,
    0x4b,0x13,0x43,0xf5,0x6b,0x3a,0xc6,0xdb,0xd6,0xbb,0xd6,0x19,0xbe,0xd6,0x8c,0xd5,
    0x63,0x54,0x4b,0x13,0x3b,0xd3,0x32,0x94,0x53,0xf5,0x6b,0xb5,0x63,0x95,0x5b,0xb5,
    0x63,0x55,0x84,0x96,0xb5,0x58,0xce,0xb8,0xde,0xd9,0xde,0xd9,0xde,0xd9,0xde,0xd9,
    0xde,0xd9,0xde,0xd9,0xde,0xd9,0xde,0xd9,0xde,0xd9,0xde,0xd9,0xde,0xd9,0xde,0xf6,
    0xc5,0x93,0x63,0xb5,0x63,0xd5,0x63,0xb5,0x63,0x95,0x5b,0x54,0x4b,0xee,0x19,0x6e,
    0x3a,0x4f,0x5b,0x50,0x22,0x50,0x22,0x91,0x2a,0xb1,0x32,0x91,0x2a,0x91,0x2a,0x91,
    0x2a,0x91,0x2a,0x92,0x2a,0x91,0x2a,0x71,0x22,0xf4,0x6b,0x7a,0xce,0x9b,0xd6,0x9b,
    0xd6,0x7a,0xce,0x57,0xa5,0xb3,0x63,0xb2,0x32,0xb2,0x2a,0xb2,0x2a,0xb2,0x2a,0xb2,
    0x32,0x35,0x74,0x19,0xbe,0xbb,0xd6,0xbb,0xd6,0xff,0xbb,0xd6,0xbb,0xd6,0xbb,0xd6,
    0xbb,0xd6,0xbb,0xd6,0x9b,0xd6,0xf9,0xb5,0x74,0x5b,0x13,0x43,0x33,0x4b,0x33,0x4b,
    0x33,0x4b,0x13,0x43,0x13,0x43,0x55,0x7c,0x5a,0xc6,0x9a,0xd6,0x98,0xad,0xb6,0x8c,
    0xd9,0xb5,0x9b,0xd6,0xbb,0xd6,0xbb,0xd6,0xbb,0xd6,0x3a,0xc6,0x17,0x9d,0x73,0x53,
    0xf3,0x3a,0xd4,0x63,0xf7,0x94,0x37,0x9d,0xd4,0x6b,0xf3,0x3a,0x13,0x43,0x13,0x43,
    0x13,0x43,0x13,0x43,0x13,0x43,0x13,0x43,0xf3,0x3a,0x33,0x4b,0x98,0xad,0x7a,0xce,
    0xbb,0xd6,0xbb,0xd6,0xbb,0xd6,0x7a,0xce,0x78,0xad,0xd4,0x6b,0x33,0x4b,0x34,0x4b,
    0x54,0x4b,0x54,0x4b,0x13,0x43,0x94,0x5b,0x78,0xad,0xbb,0xd6,0xdb,0xd6,0xbb,0xd6,
    0xf7,0x94,0x13,0x43,0x13,0x43,0x13,0x3b,0xf3,0x3a,0xd3,0x32,0xd2,0x32,0xb2,0x32,
    0x92,0x2a,0x50,0x22,0xee,0x11,0x6a,0x19,0xa8,0x21,0x2a,0x2a,0xee,0x4a,0x4f,0x5b,
    0x12,0x74,0xd9,0xb5,0xd5,0x8c,0xd1,0x6b,0x0e,0x53,0x67,0x21,0x2a,0x3a,0xa8,0x62,
    0x54,0xb5,0xd7,0xb5,0xb0,0x3a,0xd3,0x32,0xf3,0x3a,0xf3,0x32,0xd3,0x32,0xf3,0x32,
    0xf3,0x32,0xf3,0x32,0xf3,0x3a,0xf3,0x3a,0xf3,0x3a,0xf3,0x3a,0xf3,0x3a,0xf3,0x3a,
    0xf3,0x3a,0xf3,0x3a,0xf3,0x3a,0xf3,0x3a,0xf3,0x3a,0xf3,0x3a,0xf3,0x32,0xf3,0x32,
    0xf3,0x32,0xf3,0x3a,0x10,0x4b,0xe9,0x31,0xec,0x52,0xf0,0x73,0xb3,0x8c,0x52,0x7c,
    0x11,0x74,0xd1,0x6b,0x71,0x5b,0x70,0x5b,0xf1,0x7b,0x52,0x53,0x91,0x2a,0xf1,0x42,
    0xb5,0x8c,0x97,0xad,0xb8,0xb5,0x5a,0xc6,0xff,0xd6,0x94,0xb2,0x2a,0xf3,0x3a,0x76,
    0x7c,0xbb,0xd6,0xbb,0xd6,0xdb,0xd6,0x7a,0xce,0xd9,0xb5,0x76,0x84,0xf3,0x3a,0xd3,
    0x2a,0x74,0x53,0x96,0x84,0xb4,0x5b,0x13,0x3b,0xd4,0x63,0x37,0x9d,0x7a,0xce,0xdb,
    0xd6,0xdb,0xde,0xdb,0xde,0xdb,0xde,0xdb,0xde,0xdb,0xd6,0x7a,0xce,0x55,0x7c,0xd3,
    0x32,0xd3,0x32,0xd3,0x32,0xd3,0x32,0xf3,0x32,0xf3,0x32,0xf3,0x32,0xf3,0x32,0xf3,
    0x3a,0xf3,0x3a,0x13,0x3b,0x14,0x3b,0x14,0x3b,0x14,0x3b,0x14,0x3b,0x34,0x4b,0x54,
    0x4b,0x14,0x3b,0xf3,0x3a,0x14,0x3b,0x14,0x3b,0x14,0x43,0x34,0x43,0x34,0x43,0x34,
    0x43,0x54,0x4b,0x75,0x53,0x95,0x5b,0xb5,0x5b,0x95,0x5b,0x75,0x53,0x75,0x53,0x74,
    0x53,0x92,0x63,0x97,0xad,0xdb,0xde,0xdb,0xde,0xdb,0xde,0xdb,0xde,0xba,0xd6,0x79,
    0xce,0xdb,0xde,0xdb,0xde,0xdb,0xde,0xdb,0xde,0xdb,0xde,0xdb,0xde,0xdb,0xd6,0x7a,
    0xce,0xd9,0xb5,0x36,0x7c,0x95,0x5b,0x95,0x53,0x38,0xa5,0x19,0xbe,0xb7,0x8c,0x75,
    0x53,0xd2,0x7b,0x98,0xd6,0xd9,0xde,0xd9,0xde,0xd9,0xde,0xd9,0xde,0xd9,0xde,0xd9,
    0xde,0xd9,0xde,0xd9,0xde,0xd9,0xde,0xd9,0xde,0xd9,0xde,0xd9,0xde,0xd9,0xde,0xda,
    0xde,0x99,0xd6,0x76,0x84,0x74,0x53,0x74,0x53,0x74,0x53,0xf5,0x6b,0x39,0xc6,0xdb,
    0xd6,0xdb,0xd6,0xdb,0xd6,0xdb,0xde,0xdb,0xde,0x9a,0xce,0xf9,0xbd,0x35,0x7c,0x74,
    0x5b,0xd5,0x63,0x95,0x5b,0x74,0x53,0x54,0x4b,0x54,0x4b,0x74,0x53,0xb5,0x5b,0xf5,
    0x73,0x96,0x8c,0x96,0xb5,0x98,0xd6,0xff,0xd9,0xde,0xd9,0xde,0xd9,0xde,0xd9,0xde,
    0xd9,0xde,0xd9,0xde,0xd9,0xde,0xd9,0xde,0xf5,0xc5,0x52,0x5b,0x54,0x4b,0x54,0x4b,
    0x74,0x53,0x95,0x5b,0xd5,0x63,0xd5,0x63,0xcc,0x19,0xcb,0x21,0x6d,0x32,0x91,0x2a,
    0x12,0x4b,0x36,0x9d,0x19,0xbe,0x57,0xa5,0xf2,0x42,0x91,0x2a,0x91,0x2a,0x92,0x2a,
    0xb2,0x2a,0xb2,0x2a,0xf2,0x3a,0x16,0x95,0xf9,0xbd,0x5a,0xce,0x9b,0xd6,0x9b,0xd6,
    0x7a,0xce,0xb8,0xb5,0xb5,0x8c,0x73,0x5b,0xb2,0x2a,0xd4,0x6b,0x39,0xc6,0xbb,0xd6,
    0xbb,0xd6,0x9a,0xd6,0x3a,0xc6,0xf9,0xbd,0x98,0xad,0x37,0x9d,0xd6,0x8c,0x35,0x7c,
    0x33,0x4b,0xd3,0x3a,0xd2,0x3a,0xf3,0x3a,0x33,0x4b,0x94,0x5b,0x55,0x7c,0x96,0x8c,
    0xf4,0x6b,0x74,0x53,0x94,0x5b,0xd2,0x3a,0xf3,0x3a,0x13,0x43,0xf5,0x6b,0x37,0xa5,
    0x19,0xbe,0x9b,0xd6,0xbb,0xd6,0xbb,0xd6,0x9a,0xce,0xd9,0xb5,0x7a,0xce,0xdb,0xd6,
    0xdb,0xde,0xd9,0xb5,0x33,0x4b,0x13,0x43,0x13,0x3b,0x13,0x43,0x94,0x5b,0x15,0x74,
    0x96,0x84,0xf6,0x94,0x55,0x7c,0x93,0x5b,0xf4,0x6b,0x37,0x9d,0x39,0xc6,0xbb,0xd6,
    0xdb,0xde,0xdb,0xde,0xdb,0xd6,0x19,0xbe,0xf7,0x94,0xb4,0x63,0xb4,0x63,0x76,0x84,
    0xb8,0xb5,0x9a,0xd6,0xbb,0xd6,0x7a,0xce,0xd6,0x94,0x13,0x43,0x13,0x43,0x33,0x43,
    0xf5,0x6b,0x76,0x84,0xd6,0x94,0x37,0xa5,0xd9,0xb5,0x98,0xad,0x75,0x84,0xf2,0x42,
    0x30,0x0a,0xee,0x09,0x0d,0x22,0xae,0x3a,0x91,0x5b,0x33,0x74,0x74,0x84,0x32,0x7c,
    0x6f,0x63,0x09,0x2a,0x87,0x21,0xff,0xc8,0x31,0x2b,0x73,0xb2,0x94,0x2f,0x2a,0xb2,
    0x2a,0xf3,0x3a,0xf3,0x3a,0xf3,0x32,0xf3,0x32,0xf3,0x3a,0xf3,0x3a,0xf3,0x3a,0xf3,
    0x3a,0xf3,0x3a,0xf3,0x3a,0xf3,0x3a,0xf3,0x3a,0xf3,0x3a,0xf3,0x3a,0xf3,0x3a,0xf3,
    0x3a,0xf3,0x3a,0xf3,0x3a,0xf3,0x3a,0xf3,0x3a,0xf3,0x3a,0x13,0x3b,0x30,0x53,0xab,
    0x4a,0x25,0x21,0x46,0x21,0xa8,0x21,0xed,0x52,0x11,0x7c,0xf4,0x94,0x14,0x9d,0xd4,
    0x8c,0x12,0x74,0xb5,0x8c,0x71,0x22,0x90,0x32,0x71,0x5b,0x94,0x84,0xb3,0x63,0xf7,
    0x94,0x16,0x9d,0xf4,0x73,0xb3,0x32,0xd3,0x32,0x54,0x4b,0x3a,0xc6,0xdb,0xd6,0xdb,
    0xd6,0xdb,0xde,0xdb,0xde,0xdb,0xd6,0x5a,0xce,0xb8,0xb5,0x7a,0xce,0xdb,0xde,0x9b,
    0xd6,0xd5,0x6b,0xb3,0x2a,0xb3,0x22,0xf3,0x3a,0x96,0x84,0xb8,0xad,0xb8,0xb5,0x37,
    0x9d,0x96,0x84,0x35,0x74,0x54,0x53,0xd3,0x32,0xd3,0x32,0xd3,0x32,0xd3,0x32,0xf3,
    0x32,0xf3,0x32,0xf3,0x32,0xf3,0x32,0xf3,0x3a,0xf3,0x3a,0x13,0x3b,0x14,0x3b,0x14,
    0x3b,0x14,0x3b,0x14,0x3b,0x14,0x3b,0x14,0x43,0x54,0x4b,0x74,0x53,0x54,0x4b,0x34,
    0x43,0xf3,0x3a,0xf3,0x3a,0x14,0x3b,0x14,0x43,0x34,0x43,0x34,0x43,0x34,0x43,0x54,
    0x4b,0x75,0x53,0x95,0x5b,0xb5,0x5b,0x94,0x5b,0x30,0x53,0x56,0xa5,0xdb,0xde,0xdb,
    0xde,0xdb,0xde,0xdb,0xde,0xba,0xd6,0x79,0xce,0xdb,0xde,0x79,0xce,0x9a,0xd6,0xdb,
    0xde,0xdb,0xde,0xdb,0xde,0xdb,0xde,0xdb,0xde,0xdb,0xde,0xdb,0xde,0xdb,0xde,0x39,
    0xc6,0x38,0x9d,0xf5,0x6b,0xff,0xb5,0x5b,0x55,0x4b,0x74,0x8c,0x98,0xd6,0xd9,0xde,
    0xd9,0xde,0xd9,0xde,0xd9,0xde,0xd9,0xde,0xd9,0xde,0xd9,0xde,0xd9,0xde,0xd9,0xde,
    0xd9,0xde,0xd9,0xde,0xd9,0xde,0xd9,0xde,0xda,0xde,0x99,0xd6,0x96,0x8c,0xd5,0x63,
    0xb5,0x63,0x95,0x5b,0xf5,0x6b,0x39,0xc6,0xdb,0xde,0xdb,0xde,0x9a,0xce,0x17,0x9d,
    0xb8,0xb5,0x9a,0xce,0xdb,0xde,0xbb,0xd6,0xdb,0xde,0x9a,0xd6,0x98,0xad,0xf5,0x6b,
    0x54,0x53,0x54,0x53,0x34,0x43,0x34,0x4b,0x54,0x4b,0x54,0x53,0x94,0x5b,0xb5,0x5b,
    0x15,0x74,0x16,0x9d,0xf7,0xbd,0x98,0xd6,0xd9,0xde,0xd8,0xde,0xd8,0xde,0xd8,0xde,
    0x98,0xd6,0x92,0x6b,0x34,0x4b,0x34,0x4b,0x34,0x4b,0x34,0x4b,0x34,0x4b,0x54,0x4b,
    0xd5,0x94,0x8d,0x3a,0x2e,0x5b,0xed,0x4a,0x73,0x53,0xb8,0xb5,0x7a,0xce,0x7a,0xce,
    0xf9,0xbd,0x32,0x4b,0x71,0x22,0x71,0x2a,0x91,0x2a,0xb2,0x2a,0xb2,0x2a,0xb2,0x32,
    0xd2,0x32,0xf2,0x42,0xd4,0x6b,0x37,0x9d,0x39,0xc6,0x9a,0xce,0x9b,0xd6,0x9a,0xd6,
    0x3a,0xc6,0xb8,0xb5,0x5a,0xc6,0xbb,0xd6,0xbb,0xd6,0x19,0xbe,0x73,0x5b,0x13,0x43,
    0xf3,0x42,0xf3,0x3a,0xd2,0x3a,0xd3,0x3a,0xd2,0x3a,0xd3,0x3a,0xf3,0x42,0xd6,0x8c,
    0xf9,0xbd,0x5a,0xc6,0x7a,0xce,0xbb,0xd6,0xbb,0xd6,0xbb,0xd6,0xd9,0xb5,0x55,0x7c,
    0x74,0x53,0x13,0x43,0xf3,0x3a,0xd2,0x32,0xf3,0x42,0x74,0x53,0x35,0x7c,0xb9,0xb5,
    0x7a,0xce,0x9b,0xd6,0x9a,0xd6,0xbb,0xd6,0xbb,0xd6,0x9b,0xd6,0xd6,0x94,0xf3,0x42,
    0x13,0x43,0x96,0x84,0xff,0x7a,0xce,0x9b,0xd6,0xbb,0xd6,0xbb,0xd6,0xdb,0xd6,0xbb,
    0xd6,0x7a,0xce,0x17,0x9d,0xb4,0x63,0x74,0x53,0x55,0x7c,0xb8,0xad,0x7a,0xce,0xbb,
    0xd6,0xdb,0xde,0xbb,0xd6,0x9b,0xd6,0x9b,0xd6,0xbb,0xd6,0xbb,0xd6,0xbb,0xd6,0x5a,
    0xc6,0xb6,0x8c,0x33,0x4b,0x13,0x43,0x54,0x53,0x78,0xa5,0x9b,0xd6,0xbb,0xd6,0xbb,
    0xd6,0xbb,0xd6,0xbb,0xd6,0xbb,0xd6,0xbb,0xd6,0x7a,0xce,0x37,0x9d,0x52,0x53,0x70,
    0x2a,0x0f,0x12,0x0f,0x1a,0x30,0x53,0x33,0x74,0x33,0x74,0x74,0x84,0xf2,0x6b,0x4f,
    0x53,0x2a,0x3a,0x6a,0x5a,0x0e,0x1a,0xb2,0x2a,0xd3,0x32,0xf3,0x32,0xf3,0x32,0xf3,
    0x32,0xf3,0x3a,0xf3,0x3a,0x13,0x3b,0x13,0x3b,0xf3,0x3a,0xf3,0x3a,0x14,0x3b,0x14,
    0x3b,0x14,0x3b,0xf3,0x3a,0xf3,0x3a,0xf3,0x3a,0xf3,0x3a,0xf3,0x3a,0xf3,0x3a,0xf3,
    0x3a,0xf3,0x3a,0xf3,0x3a,0xd0,0x42,0xcc,0x4a,0x71,0x84,0x49,0x42,0x66,0x21,0xc8,
    0x29,0x6b,0x3a,0xd1,0x6b,0xb5,0x8c,0xb4,0x8c,0x55,0xa5,0xd3,0x94,0xb4,0x8c,0x90,
    0x2a,0x6f,0x63,0x52,0x84,0x35,0x9d,0xef,0x5a,0x93,0x63,0x91,0x22,0xd3,0x32,0xd3,
    0x32,0xd3,0x32,0xb3,0x2a,0xf7,0x94,0xbb,0xd6,0xdb,0xde,0xbb,0xd6,0x7a,0xce,0xbb,
    0xd6,0xdb,0xde,0xdb,0xde,0xdb,0xde,0xdb,0xde,0x3a,0xc6,0xb4,0x63,0xf3,0x3a,0xd3,
    0x2a,0xd3,0x2a,0xd3,0x2a,0xd3,0x32,0xf3,0x32,0xd3,0x32,0xd3,0x32,0xd3,0x32,0xd3,
    0x32,0xd3,0x32,0xd3,0x32,0xd3,0x32,0xf3,0x32,0xf3,0x32,0xf3,0x32,0xf3,0x32,0xf3,
    0x3a,0x13,0x3b,0xff,0x13,0x3b,0x13,0x3b,0x14,0x3b,0x14,0x3b,0x14,0x3b,0x14,0x3b,
    0x14,0x3b,0x14,0x3b,0x14,0x43,0x34,0x43,0x54,0x4b,0x95,0x5b,0x95,0x5b,0x34,0x4b,
    0x13,0x3b,0xf3,0x3a,0xf3,0x3a,0x14,0x43,0x34,0x43,0x34,0x43,0x34,0x43,0x55,0x4b,
    0x74,0x53,0x30,0x4b,0xd5,0x94,0xdb,0xde,0xdb,0xde,0xdb,0xde,0xdb,0xde,0x9a,0xd6,
    0x18,0xc6,0xdb,0xde,0xbb,0xd6,0xba,0xd6,0x9a,0xd6,0xdb,0xde,0xbb,0xd6,0xba,0xd6,
    0xba,0xd6,0xdb,0xde,0xdb,0xde,0xdb,0xde,0xdb,0xde,0xdb,0xde,0xdb,0xde,0xdb,0xde,
    0xba,0xd6,0x7a,0xce,0x39,0xc6,0xba,0xde,0xda,0xde,0xd9,0xde,0xd9,0xde,0xd9,0xde,
    0xd9,0xde,0xd9,0xde,0xd9,0xde,0xd9,0xde,0xd9,0xde,0xd9,0xde,0xd9,0xde,0xd9,0xde,
    0xda,0xde,0x99,0xd6,0x76,0x8c,0x74,0x53,0x74,0x53,0x74,0x53,0xd5,0x63,0x19,0xbe,
    0xdb,0xde,0xdb,0xde,0x9a,0xd6,0x76,0x84,0x54,0x53,0x54,0x53,0x74,0x53,0x55,0x7c,
    0x1a,0xc6,0xdb,0xde,0xdb,0xde,0xdb,0xde,0x58,0xa5,0x54,0x53,0x74,0x53,0x54,0x4b,
    0x34,0x4b,0x34,0x4b,0x54,0x4b,0x54,0x4b,0x54,0x4b,0x74,0x53,0x95,0x5b,0x74,0x53,
    0x15,0x74,0x56,0xad,0x37,0xce,0xb8,0xde,0x56,0xce,0x92,0x63,0x34,0x43,0x34,0x43,
    0x34,0x4b,0x34,0x4b,0x34,0x4b,0x54,0x4b,0x54,0x84,0x91,0x8c,0x29,0x42,0x66,0x21,
    0xc8,0x29,0xd8,0xb5,0x9a,0xce,0x9a,0xd6,0x19,0xc6,0xb3,0x63,0x91,0x2a,0x91,0x2a,
    0x71,0x22,0x50,0x22,0x71,0x22,0x91,0x2a,0xb1,0x2a,0xb2,0x32,0xb2,0x32,0xd2,0x32,
    0xd2,0x3a,0xff,0x53,0x53,0x55,0x7c,0x98,0xad,0x5a,0xc6,0x9b,0xd6,0xbb,0xd6,0xbb,
    0xd6,0xbb,0xd6,0x5a,0xc6,0x15,0x74,0xd2,0x32,0xd2,0x32,0xd2,0x32,0xd2,0x3a,0xd2,
    0x3a,0xd3,0x3a,0xd3,0x3a,0xf3,0x3a,0x37,0x9d,0xbb,0xd6,0xbb,0xd6,0xbb,0xd6,0xbb,
    0xd6,0x9b,0xd6,0x9b,0xd6,0xbb,0xd6,0xdb,0xd6,0xbb,0xd6,0x5a,0xc6,0x98,0xad,0xd4,
    0x63,0x13,0x43,0xd2,0x32,0xd2,0x32,0xf3,0x3a,0x33,0x4b,0x96,0x8c,0x7a,0xce,0xbb,
    0xd6,0xbb,0xd6,0x7a,0xce,0x96,0x84,0xf3,0x3a,0xf3,0x3a,0xd6,0x8c,0x9b,0xd6,0xbb,
    0xd6,0xbb,0xd6,0x9b,0xd6,0x5a,0xce,0x3a,0xc6,0xbb,0xd6,0xdb,0xd6,0x9a,0xce,0x78,
    0xad,0x33,0x4b,0x33,0x43,0x13,0x43,0x94,0x5b,0x96,0x84,0xd9,0xb5,0xbb,0xd6,0xdb,
    0xd6,0xbb,0xd6,0x7a,0xce,0x5a,0xce,0x57,0xa5,0x96,0x8c,0x33,0x43,0x13,0x43,0x34,
    0x4b,0x17,0x9d,0xbb,0xd6,0xdb,0xd6,0xbb,0xd6,0x19,0xbe,0x78,0xad,0x37,0x9d,0x19,
    0xbe,0xbb,0xd6,0xbb,0xd6,0xbb,0xd6,0x7a,0xce,0xd8,0xb5,0xb6,0x8c,0xf2,0x42,0x30,
    0x0a,0x30,0x1a,0x2f,0x22,0x4e,0x2a,0x0b,0x2a,0x27,0x4a,0xad,0x52,0x30,0x1a,0xb2,
    0x32,0xf3,0x3a,0xd3,0x32,0xf3,0x32,0xf3,0x32,0xf3,0x3a,0xf3,0x3a,0x13,0x3b,0x13,
    0x3b,0x13,0x3b,0x13,0x3b,0x13,0x3b,0x14,0x3b,0x14,0x3b,0xf3,0x3a,0x14,0x3b,0xf3,
    0x3a,0xf3,0x3a,0xf3,0x3a,0xf3,0x3a,0xf3,0x3a,0xf3,0x3a,0xf3,0x3a,0xb1,0x3a,0x0a,
    0x2a,0x87,0x21,0x05,0x19,0x66,0x21,0xa7,0x29,0xe9,0x29,0x6b,0x32,0xad,0x42,0x91,
    0x5b,0xff,0x16,0x95,0x37,0x9d,0xb4,0x8c,0x51,0x5b,0xed,0x52,0x0c,0x5b,0xf4,0x9c,
    0xf7,0xbd,0x30,0x63,0x74,0x5b,0xd3,0x32,0xd2,0x32,0xd3,0x32,0xb3,0x32,0xd3,0x32,
    0xb4,0x63,0x7a,0xce,0xdb,0xd6,0xdb,0xd6,0x17,0x9d,0x58,0xa5,0xbb,0xd6,0xdb,0xde,
    0xdb,0xde,0xdb,0xde,0xdb,0xde,0x9a,0xce,0xf9,0xbd,0xb6,0x8c,0x33,0x43,0xd3,0x2a,
    0xd3,0x32,0xd3,0x32,0xd3,0x32,0xd3,0x32,0xd3,0x32,0xd3,0x32,0xf3,0x32,0xf3,0x32,
    0xf3,0x32,0xf3,0x32,0xf3,0x32,0xf3,0x32,0xf3,0x3a,0xf3,0x3a,0x13,0x3b,0x14,0x3b,
    0x14,0x3b,0x14,0x3b,0x14,0x3b,0x14,0x3b,0x14,0x3b,0x14,0x43,0x14,0x43,0x14,0x43,
    0x14,0x43,0x34,0x43,0x34,0x43,0x75,0x53,0x75,0x53,0x74,0x53,0x75,0x53,0x54,0x4b,
    0x14,0x3b,0xf3,0x3a,0x14,0x3b,0x34,0x43,0x33,0x43,0x10,0x4b,0x8e,0x3a,0xf1,0x73,
    0x97,0xb5,0xba,0xd6,0xdb,0xde,0xba,0xd6,0x59,0xce,0xdb,0xde,0xdb,0xde,0xba,0xd6,
    0x9a,0xd6,0xba,0xd6,0x7a,0xce,0x79,0xce,0xba,0xd6,0x9a,0xd6,0xba,0xd6,0xdb,0xde,
    0xdb,0xde,0xdb,0xde,0xdb,0xde,0xdb,0xde,0xdb,0xde,0xdb,0xde,0xdb,0xde,0xdb,0xde,
    0xbb,0xd6,0xb8,0xb5,0xb8,0xb5,0xba,0xd6,0xda,0xde,0xda,0xde,0xd9,0xde,0xd9,0xde,
    0xd9,0xde,0xd9,0xde,0xd9,0xde,0xd9,0xde,0xda,0xde,0xba,0xde,0xb6,0x94,0x54,0x53,
    0x34,0x4b,0x14,0x43,0x74,0x53,0xf9,0xbd,0xdb,0xde,0xdb,0xde,0xbb,0xd6,0xb6,0x8c,
    0x94,0x5b,0x74,0x53,0x34,0x4b,0xd2,0x2a,0x54,0x4b,0xf5,0x6b,0xf9,0xbd,0xdb,0xde,
    0xff,0xdb,0xde,0x5a,0xc6,0xd5,0x6b,0x54,0x53,0x54,0x4b,0x34,0x4b,0x34,0x4b,0x34,
    0x4b,0x34,0x4b,0x34,0x4b,0x14,0x43,0xf3,0x32,0x74,0x53,0xd5,0x63,0xb5,0x63,0xd5,
    0x63,0x76,0x84,0x75,0x8c,0x13,0x43,0xd3,0x32,0xd3,0x32,0xf3,0x3a,0x14,0x43,0x34,
    0x4b,0x33,0x7c,0x50,0x84,0x0f,0x7c,0x86,0x29,0x87,0x21,0x0a,0x2a,0x9a,0xd6,0x9a,
    0xd6,0xf9,0xbd,0x73,0x53,0x91,0x2a,0xb2,0x2a,0xb2,0x2a,0xb2,0x32,0xb2,0x32,0x91,
    0x2a,0x32,0x53,0x75,0x84,0xf6,0x9c,0xf4,0x6b,0xd2,0x32,0xd2,0x32,0xd2,0x32,0xd2,
    0x32,0xf2,0x3a,0xb4,0x63,0x37,0x9d,0x39,0xc6,0x7a,0xce,0x9b,0xd6,0x9b,0xd6,0x7a,
    0xce,0xb8,0xb5,0x55,0x7c,0xf3,0x42,0xd2,0x32,0xd2,0x3a,0xd2,0x3a,0x13,0x43,0x57,
    0xa5,0xbb,0xd6,0xbb,0xd6,0x9a,0xce,0x37,0x9d,0xf4,0x6b,0x94,0x5b,0xf4,0x6b,0x37,
    0x9d,0x3a,0xc6,0xbb,0xd6,0xbb,0xd6,0xbb,0xd6,0x57,0xa5,0x53,0x4b,0x33,0x4b,0xf3,
    0x3a,0xd2,0x32,0xd2,0x32,0xb6,0x8c,0x9a,0xd6,0xbb,0xd6,0x3a,0xc6,0x55,0x7c,0xf3,
    0x3a,0xd2,0x3a,0xb6,0x8c,0x9a,0xd6,0xbb,0xd6,0xbb,0xd6,0x58,0xa5,0x94,0x5b,0xd2,
    0x32,0xd2,0x32,0xb8,0xb5,0xdb,0xde,0x9b,0xd6,0xf9,0xbd,0x53,0x53,0x33,0x43,0x13,
    0x43,0x13,0x43,0x13,0x43,0x54,0x53,0x15,0x74,0xb6,0x8c,0x93,0x5b,0x13,0x43,0xd2,
    0x3a,0xb2,0x32,0x33,0x43,0x13,0x43,0x94,0x5b,0x58,0xa5,0xbb,0xd6,0xdb,0xd6,0xbb,
    0xd6,0x78,0xad,0x54,0x4b,0x34,0x4b,0x33,0x4b,0x33,0x4b,0x37,0x9d,0xbb,0xd6,0xff,
    0xbb,0xd6,0xbb,0xd6,0xbb,0xd6,0xbb,0xd6,0x7a,0xce,0x78,0xa5,0x14,0x74,0xb2,0x32,
    0x71,0x1a,0x51,0x12,0x30,0x1a,0x51,0x1a,0xb2,0x2a,0xf3,0x32,0xf3,0x32,0xd3,0x32,
    0xf3,0x3a,0xf3,0x3a,0xf3,0x3a,0xf3,0x3a,0xf3,0x3a,0xf3,0x3a,0x13,0x3b,0x13,0x3b,
    0x13,0x3b,0x14,0x3b,0x13,0x3b,0x13,0x3b,0x14,0x3b,0x14,0x3b,0xf3,0x3a,0xf3,0x3a,
    0xf3,0x3a,0xf3,0x3a,0xf3,0x3a,0x12,0x53,0xaf,0x83,0x47,0x19,0x26,0x21,0x87,0x21,
    0xe9,0x29,0xac,0x42,0xcc,0x4a,0xcd,0x42,0xf2,0x6b,0x37,0x9d,0x17,0x95,0xb5,0x8c,
    0x70,0x5b,0x0b,0x6b,0x8c,0x7b,0xf0,0x7b,0x59,0xce,0xf2,0x73,0xf3,0x3a,0x14,0x43,
    0xf3,0x3a,0xb2,0x2a,0xd3,0x32,0xd3,0x32,0xd3,0x32,0xf3,0x3a,0xb9,0xb5,0xdb,0xde,
    0xdb,0xd6,0x9a,0xce,0x9b,0xd6,0xdb,0xde,0xdb,0xd6,0x19,0xbe,0xd9,0xb5,0x7a,0xce,
    0xdb,0xd6,0xdb,0xde,0xdb,0xde,0x9a,0xce,0x78,0xa5,0x94,0x5b,0xd3,0x32,0xd3,0x32,
    0xd3,0x32,0xd3,0x32,0xf3,0x32,0xf3,0x32,0xf3,0x32,0xf3,0x32,0xf3,0x32,0xf3,0x3a,
    0xf3,0x3a,0xf3,0x3a,0xf3,0x3a,0x14,0x3b,0x14,0x3b,0x14,0x3b,0x14,0x3b,0x14,0x3b,
    0x14,0x3b,0x14,0x3b,0x14,0x43,0x14,0x43,0x14,0x43,0x34,0x43,0x34,0x43,0x34,0x43,
    0x54,0x4b,0x54,0x4b,0x34,0x43,0x54,0x4b,0x95,0x53,0x95,0x53,0x75,0x53,0x34,0x43,
    0xf3,0x3a,0x8f,0x32,0xf0,0x73,0x8c,0x42,0x8d,0x01,0x8d,0x01,0x4d,0x32,0xb4,0x94,
    0xd7,0xb5,0xdb,0xde,0xdb,0xde,0xdb,0xde,0xdb,0xde,0xdb,0xde,0xdb,0xde,0xff,0xdb,
    0xde,0xdb,0xde,0xba,0xd6,0xba,0xd6,0xda,0xd6,0x59,0xce,0xf8,0xbd,0xdb,0xde,0xdb,
    0xde,0xdb,0xde,0xdb,0xde,0xdb,0xde,0xdb,0xde,0xdb,0xde,0xd7,0xb5,0x33,0x4b,0x55,
    0x4b,0xb5,0x63,0x17,0x9d,0x19,0xc6,0x9a,0xd6,0xda,0xde,0xd9,0xde,0xd9,0xde,0xd9,
    0xde,0xb9,0xde,0x99,0xd6,0xd6,0x94,0x74,0x53,0x74,0x53,0x74,0x53,0xf5,0x6b,0xf9,
    0xbd,0xdb,0xde,0xdb,0xde,0xbb,0xd6,0x37,0x9d,0xd5,0x63,0x95,0x5b,0x54,0x53,0xf3,
    0x32,0x54,0x4b,0xb5,0x63,0xd5,0x63,0xd9,0xb5,0xdb,0xde,0xdb,0xde,0xbb,0xd6,0x96,
    0x84,0x54,0x4b,0x95,0x5b,0xf5,0x6b,0x35,0x74,0xd7,0x8c,0x58,0xa5,0x76,0x84,0x33,
    0x4b,0x34,0x4b,0xf5,0x6b,0x94,0x5b,0x34,0x43,0x34,0x4b,0x74,0x53,0x95,0x5b,0xb5,
    0x63,0x95,0x5b,0x33,0x43,0xd3,0x32,0xd2,0x32,0xd2,0x3a,0x2d,0x63,0x69,0x4a,0x2c,
    0x63,0x4d,0x63,0xe9,0x29,0x2a,0x2a,0x9a,0xce,0xd9,0xb5,0x52,0x53,0x91,0x2a,0x91,
    0x2a,0x91,0x2a,0x91,0x2a,0xb1,0x2a,0xb2,0x32,0xd4,0x63,0xf9,0xbd,0x9a,0xce,0x7a,
    0xce,0x57,0xa5,0xb1,0x32,0x91,0x2a,0xb2,0x32,0xd2,0x32,0xd2,0x3a,0xf2,0x3a,0xf2,
    0x42,0x53,0x53,0x34,0x74,0x57,0xa5,0x3a,0xc6,0x9b,0xd6,0xbb,0xd6,0x5a,0xc6,0xd4,
    0x6b,0xd2,0x3a,0xd2,0x3a,0x13,0x43,0x98,0xad,0x9b,0xd6,0xbb,0xd6,0x7a,0xce,0x96,
    0x84,0xf3,0x3a,0xf3,0x3a,0xf3,0x3a,0xf3,0x3a,0xf3,0x42,0x94,0x5b,0xf9,0xbd,0xbb,
    0xd6,0xbb,0xd6,0xf9,0xbd,0x53,0x53,0x54,0x4b,0x54,0x53,0x53,0x53,0xff,0x54,0x53,
    0x33,0x4b,0xb4,0x5b,0xb4,0x63,0x33,0x4b,0x33,0x4b,0x54,0x4b,0x37,0x9d,0xbb,0xd6,
    0x9b,0xd6,0x9a,0xd6,0xf6,0x94,0xd2,0x3a,0x71,0x22,0x92,0x2a,0x13,0x43,0x96,0x84,
    0xbb,0xd6,0xdb,0xde,0x9b,0xd6,0x34,0x7c,0xd2,0x32,0xd2,0x3a,0xf3,0x3a,0xf3,0x3a,
    0xf2,0x3a,0x73,0x53,0xf1,0x42,0x13,0x43,0xd2,0x32,0xd2,0x32,0x34,0x4b,0x33,0x4b,
    0x13,0x43,0xd6,0x94,0xbb,0xd6,0xdb,0xd6,0xdb,0xd6,0x58,0xa5,0x54,0x4b,0x34,0x4b,
    0x54,0x4b,0x74,0x53,0xf7,0x94,0xbb,0xd6,0xdb,0xd6,0xbb,0xd6,0x98,0xad,0xb8,0xad,
    0x9b,0xd6,0xbb,0xd6,0xbb,0xd6,0x9b,0xd6,0x75,0x84,0x92,0x22,0x71,0x1a,0x71,0x12,
    0x72,0x1a,0xb2,0x2a,0xd3,0x32,0xd3,0x32,0xd3,0x32,0xd3,0x32,0xd3,0x32,0xd3,0x32,
    0xd2,0x32,0xd2,0x32,0xd3,0x32,0xd3,0x32,0xf3,0x32,0xf3,0x3a,0xf3,0x3a,0x13,0x3b,
    0x13,0x3b,0x14,0x3b,0x14,0x3b,0x13,0x3b,0xf3,0x3a,0xf3,0x3a,0xf3,0x3a,0xf3,0x3a,
    0x12,0x4b,0x6f,0x6b,0x68,0x21,0x26,0x21,0x67,0x21,0x0a,0x2a,0x53,0x7c,0x57,0xa5,
    0x77,0xa5,0x98,0xad,0x5a,0xc6,0xf9,0xbd,0x70,0x5b,0x8b,0x42,0x0a,0x73,0x4f,0x94,
    0xd7,0xbd,0xb1,0x6b,0x91,0x2a,0xf3,0x3a,0x14,0x3b,0x14,0x3b,0xd2,0x32,0xb3,0x32,
    0xd3,0x32,0xd3,0x32,0xd3,0x32,0x56,0x7c,0xbb,0xd6,0xdb,0xd6,0xdb,0xde,0xdb,0xde,
    0xdb,0xd6,0xb9,0xb5,0x94,0x5b,0xf3,0x3a,0x94,0x5b,0xb7,0x8c,0x19,0xbe,0xbb,0xd6,
    0xdb,0xde,0xdb,0xd6,0x58,0xa5,0xf3,0x3a,0xd3,0x32,0xd3,0x32,0xff,0xf3,0x32,0xf3,
    0x32,0xf3,0x32,0xf3,0x32,0xf3,0x32,0xf3,0x32,0xf3,0x3a,0xf3,0x3a,0xf3,0x3a,0x14,
    0x3b,0x14,0x3b,0x14,0x3b,0x14,0x3b,0x14,0x3b,0x14,0x3b,0x14,0x43,0x14,0x43,0x14,
    0x43,0x14,0x43,0x14,0x43,0x14,0x43,0x34,0x43,0x34,0x43,0x34,0x43,0x54,0x4b,0x34,
    0x43,0x14,0x43,0x34,0x43,0x54,0x4b,0x75,0x53,0x75,0x53,0xd0,0x3a,0x4d,0x32,0xcc,
    0x4a,0x8b,0x42,0x6d,0x01,0x8d,0x01,0x8d,0x01,0x8d,0x01,0x6e,0x3a,0xf1,0x7b,0xf8,
    0xbd,0xbb,0xd6,0xdb,0xde,0xdb,0xde,0xdb,0xde,0xdb,0xde,0xdb,0xde,0xdb,0xde,0xba,
    0xd6,0x79,0xce,0x9a,0xd6,0xba,0xd6,0xdb,0xde,0xdb,0xde,0xdb,0xde,0xdb,0xde,0xdb,
    0xde,0xdb,0xde,0x18,0xbe,0x92,0x63,0x73,0x5b,0x95,0x53,0x75,0x4b,0x55,0x4b,0x75,
    0x53,0xf5,0x6b,0x37,0xa5,0x59,0xce,0xba,0xde,0xb9,0xde,0x75,0xb5,0xb6,0x94,0xf6,
    0x6b,0xb5,0x63,0x74,0x53,0x95,0x5b,0xd9,0xb5,0xdb,0xde,0xdb,0xde,0xdb,0xde,0xdb,
    0xde,0x7a,0xce,0x98,0xad,0xb6,0x8c,0x54,0x4b,0x54,0x4b,0xd5,0x63,0xb5,0x63,0x58,
    0xa5,0x9b,0xd6,0xdb,0xde,0xbb,0xd6,0xd9,0xbd,0xb5,0x63,0xb6,0x8c,0x3a,0xc6,0x9a,
    0xd6,0xbb,0xd6,0xdb,0xd6,0xdb,0xd6,0x9a,0xd6,0x7a,0xce,0xf9,0xbd,0x76,0x84,0x74,
    0x53,0x34,0x4b,0x34,0x43,0x34,0x4b,0x34,0x4b,0x54,0x4b,0x74,0x53,0xb5,0x5b,0x74,
    0x5b,0x13,0x43,0xcf,0x83,0x66,0x29,0x46,0x21,0x87,0x29,0xe9,0x29,0xc8,0x29,0xe9,
    0x29,0x98,0xad,0x12,0x4b,0x91,0x2a,0x91,0x2a,0x91,0x2a,0xff,0x91,0x2a,0x91,0x2a,
    0x91,0x2a,0xf4,0x6b,0x19,0xbe,0x9b,0xd6,0x9b,0xd6,0xd8,0xb5,0xd4,0x63,0xb1,0x32,
    0x51,0x1a,0x71,0x22,0x32,0x4b,0xd4,0x6b,0x35,0x74,0x53,0x4b,0xf2,0x3a,0xf2,0x3a,
    0xf2,0x3a,0x73,0x5b,0x95,0x84,0x17,0x9d,0x75,0x84,0x33,0x4b,0xd2,0x32,0x33,0x4b,
    0xb8,0xad,0xbb,0xd6,0xbb,0xd6,0x7a,0xce,0x75,0x84,0xf3,0x3a,0xf3,0x3a,0xf3,0x3a,
    0xf3,0x3a,0xf3,0x3a,0xf3,0x3a,0x13,0x43,0x78,0xad,0xbb,0xd6,0xbb,0xd6,0x9b,0xd6,
    0x98,0xad,0xb8,0xb5,0x19,0xbe,0x5a,0xc6,0x7a,0xce,0x98,0xad,0x54,0x53,0x13,0x43,
    0xd2,0x3a,0xd2,0x32,0xf3,0x3a,0x58,0xa5,0xbb,0xd6,0xdb,0xde,0x9a,0xd6,0xf4,0x73,
    0xd2,0x3a,0xf3,0x3a,0x13,0x43,0x33,0x4b,0x94,0x5b,0x3a,0xc6,0xdb,0xde,0xdb,0xde,
    0xb9,0xb5,0x53,0x53,0x13,0x43,0xf2,0x42,0xf4,0x73,0xb8,0xb5,0x7a,0xce,0x5a,0xce,
    0xf4,0x6b,0x13,0x43,0x54,0x4b,0x33,0x4b,0x13,0x43,0x13,0x43,0xf5,0x6b,0x9a,0xd6,
    0xbb,0xd6,0xbb,0xd6,0x37,0x9d,0x33,0x43,0x34,0x43,0x54,0x53,0x37,0xa5,0xbb,0xd6,
    0xdb,0xde,0xbb,0xd6,0x78,0xa5,0x33,0x4b,0xf3,0x3a,0xd4,0x63,0x3a,0xc6,0xbb,0xd6,
    0xbb,0xd6,0x98,0xad,0xb2,0x2a,0x92,0x22,0x92,0x22,0xb2,0x22,0xb2,0x2a,0xd3,0x32,
    0xd3,0x32,0xb2,0x2a,0xb2,0x2a,0xb2,0x2a,0xb2,0x2a,0xb2,0x2a,0xb2,0x32,0xd3,0x32,
    0xd3,0x32,0xd3,0x32,0xd3,0x32,0xf3,0x3a,0xf3,0x3a,0xf3,0x3a,0x13,0x3b,0x13,0x3b,
    0x13,0x3b,0xf3,0x3a,0xf3,0x3a,0xf3,0x3a,0xf3,0x3a,0xff,0xf3,0x3a,0xb2,0x2a,0x2f,
    0x1a,0x8b,0x11,0x89,0x21,0x2b,0x32,0x50,0x53,0xf1,0x6b,0x94,0x84,0xf5,0x94,0x4f,
    0x5b,0x0e,0x4b,0xc9,0x29,0xe8,0x39,0x6b,0x83,0x13,0xa5,0x50,0x5b,0x51,0x1a,0xd3,
    0x32,0xf3,0x32,0xf3,0x32,0x14,0x3b,0xd3,0x32,0xb2,0x2a,0xd3,0x32,0xd3,0x32,0xf3,
    0x32,0x34,0x4b,0x5a,0xc6,0xdb,0xde,0xdb,0xde,0xdb,0xd6,0xd9,0xb5,0x94,0x5b,0xd3,
    0x32,0xd3,0x32,0xd3,0x32,0xd3,0x32,0x14,0x43,0xf5,0x6b,0xf7,0x94,0xf7,0x94,0xb4,
    0x63,0xd3,0x32,0xd3,0x32,0xd3,0x2a,0xb3,0x2a,0xb3,0x2a,0xd3,0x32,0xd3,0x32,0xd3,
    0x32,0xf3,0x32,0xf3,0x3a,0xf3,0x3a,0x13,0x3b,0x14,0x3b,0x14,0x3b,0x14,0x3b,0x14,
    0x3b,0x14,0x3b,0x14,0x43,0x14,0x43,0x14,0x43,0x14,0x43,0x14,0x43,0x14,0x43,0x34,
    0x43,0x34,0x43,0x34,0x43,0x34,0x43,0x55,0x4b,0x54,0x4b,0x14,0x43,0x34,0x43,0x34,
    0x43,0x14,0x3b,0xf2,0x42,0x2c,0x2a,0xea,0x29,0xa8,0x29,0xc8,0x31,0xee,0x52,0xac,
    0x11,0x6c,0x01,0x6c,0x01,0x6c,0x01,0x6c,0x01,0x6c,0x01,0x0f,0x5b,0xd4,0x94,0x18,
    0xc6,0xdb,0xde,0xdb,0xde,0xdb,0xde,0xdb,0xde,0xdb,0xde,0xdb,0xde,0xba,0xd6,0xdb,
    0xde,0xdb,0xde,0xdb,0xde,0xdb,0xde,0xdb,0xde,0xdb,0xde,0x18,0xbe,0x52,0x7c,0x52,
    0x7c,0xb7,0xb5,0x7a,0xce,0x98,0xad,0x76,0x84,0x55,0x4b,0x55,0x4b,0x54,0x4b,0x75,
    0x53,0x76,0x84,0x16,0xa5,0x35,0x7c,0xd5,0x63,0xd5,0x6b,0xf5,0x6b,0x16,0x74,0xd9,
    0xb5,0xdb,0xde,0xdb,0xde,0xdb,0xde,0x7a,0xce,0xff,0xdb,0xde,0xdb,0xde,0xdb,0xde,
    0xbb,0xd6,0x19,0xc6,0xd9,0xb5,0xb9,0xb5,0x19,0xbe,0xbb,0xd6,0xdb,0xde,0xbb,0xd6,
    0xb9,0xb5,0xb4,0x5b,0x54,0x4b,0x96,0x84,0x7a,0xce,0xdb,0xde,0x9a,0xce,0x3a,0xc6,
    0xd9,0xbd,0x9a,0xd6,0xdb,0xde,0xdb,0xde,0xdb,0xd6,0x5a,0xc6,0x37,0x9d,0x54,0x4b,
    0x34,0x43,0x34,0x4b,0x33,0x43,0x33,0x4b,0x34,0x4b,0x74,0x53,0x33,0x84,0x16,0xce,
    0xe4,0x18,0x25,0x21,0xe9,0x29,0x0f,0x4b,0xb5,0x8c,0xd5,0x94,0xd2,0x3a,0x91,0x2a,
    0x91,0x2a,0x91,0x2a,0x91,0x2a,0x91,0x2a,0xb1,0x32,0x34,0x74,0x39,0xc6,0x9b,0xd6,
    0x9a,0xd6,0xb8,0xb5,0x93,0x63,0x93,0x5b,0xf6,0x94,0xd9,0xb5,0x5a,0xc6,0x7a,0xce,
    0x7a,0xce,0x7a,0xce,0xd6,0x94,0xb2,0x32,0xd2,0x3a,0xf2,0x3a,0x13,0x43,0xf3,0x3a,
    0xd2,0x3a,0xb2,0x32,0xb2,0x32,0xb2,0x32,0xd6,0x94,0xbb,0xd6,0xbb,0xd6,0xbb,0xd6,
    0x5a,0xce,0xf6,0x94,0xb4,0x63,0x13,0x43,0xd3,0x3a,0xf3,0x3a,0xf3,0x3a,0x33,0x4b,
    0x37,0x9d,0x9b,0xd6,0xbb,0xd6,0xbb,0xd6,0xbb,0xd6,0xbb,0xd6,0xbb,0xd6,0xbb,0xd6,
    0x9a,0xce,0x7a,0xce,0x58,0xa5,0x54,0x53,0x54,0x4b,0x33,0x4b,0x13,0x43,0xf3,0x3a,
    0xd4,0x63,0x7a,0xce,0xbb,0xd6,0xbb,0xd6,0xf7,0x94,0x74,0x53,0x54,0x53,0x33,0x4b,
    0x33,0x4b,0x33,0x4b,0x57,0xa5,0xdb,0xd6,0xdb,0xde,0x9a,0xce,0xf5,0x6b,0x74,0x53,
    0x76,0x84,0x39,0xc6,0x9b,0xd6,0xbb,0xd6,0x3a,0xc6,0x15,0x74,0x34,0x4b,0x33,0x43,
    0x13,0x43,0x13,0x43,0x13,0x43,0x34,0x4b,0xff,0x19,0xbe,0xdb,0xd6,0xdb,0xde,0x7a,
    0xce,0xb9,0xb5,0xb8,0xb5,0x7a,0xce,0xdb,0xde,0xdb,0xde,0xdb,0xde,0x78,0xa5,0x74,
    0x53,0x54,0x4b,0x34,0x4b,0x33,0x4b,0x98,0xad,0xbb,0xd6,0xdb,0xd6,0x9a,0xce,0xb4,
    0x63,0xb2,0x2a,0xb2,0x2a,0xb2,0x2a,0xd3,0x32,0xb3,0x32,0xb2,0x2a,0xb2,0x2a,0xd2,
    0x32,0xf3,0x3a,0x13,0x43,0x34,0x43,0x34,0x4b,0x34,0x43,0x14,0x43,0x13,0x43,0xf3,
    0x3a,0xf3,0x3a,0xf3,0x3a,0xf3,0x3a,0x13,0x3b,0x13,0x3b,0xf3,0x3a,0x13,0x3b,0x13,
    0x3b,0xf3,0x3a,0xf3,0x3a,0xf3,0x3a,0xf3,0x3a,0xb2,0x2a,0x50,0x12,0xef,0x01,0xed,
    0x19,0xef,0x42,0x33,0x74,0x17,0x9d,0x74,0x84,0x90,0x6b,0x6b,0x3a,0x2b,0x32,0x29,
    0x42,0x4b,0x7b,0x6d,0x42,0x71,0x22,0x13,0x43,0x55,0x7c,0xd6,0x94,0x57,0xa5,0xf9,
    0xbd,0x3a,0xc6,0xd9,0xb5,0x15,0x74,0xf3,0x32,0xf3,0x32,0xf3,0x3a,0x37,0x9d,0xbb,
    0xd6,0xbb,0xd6,0x19,0xbe,0xd5,0x63,0xf3,0x32,0xd3,0x32,0xf3,0x32,0xf3,0x32,0xd3,
    0x32,0xd3,0x32,0xf3,0x32,0xd3,0x32,0xd3,0x32,0xb3,0x2a,0x72,0x1a,0x30,0x12,0x10,
    0x0a,0x30,0x12,0x30,0x1a,0x30,0x1a,0x51,0x1a,0x91,0x2a,0xb2,0x32,0xd3,0x32,0xf3,
    0x3a,0xf3,0x3a,0xf3,0x3a,0x14,0x3b,0x14,0x3b,0x14,0x3b,0x14,0x3b,0x14,0x3b,0x14,
    0x43,0x14,0x43,0x14,0x43,0x14,0x43,0x14,0x43,0x34,0x43,0x34,0x43,0x34,0x43,0x34,
    0x43,0x54,0x4b,0x55,0x4b,0x34,0x43,0x34,0x43,0x14,0x43,0x33,0x53,0xf0,0x83,0x08,
    0x3a,0x47,0x21,0x26,0x21,0xa7,0x29,0xff,0x4d,0x5b,0x92,0x8c,0x4e,0x5b,0xaa,0x19,
    0x6b,0x01,0x6b,0x01,0x6c,0x01,0x6c,0x01,0x8c,0x01,0xad,0x11,0x2f,0x5b,0x76,0xad,
    0x79,0xce,0xdb,0xde,0xdb,0xde,0xdb,0xde,0xdb,0xde,0xdb,0xde,0xdb,0xde,0xdb,0xde,
    0xdb,0xde,0xdb,0xde,0x38,0xc6,0x8f,0x63,0x4e,0x63,0xd3,0x94,0x9a,0xce,0x79,0xce,
    0xdb,0xde,0xba,0xde,0x77,0xad,0x75,0x53,0x54,0x4b,0x54,0x4b,0x54,0x4b,0x54,0x4b,
    0x54,0x53,0x75,0x53,0x95,0x5b,0xd5,0x63,0x98,0xad,0xdb,0xde,0xdb,0xde,0xdb,0xde,
    0x78,0xad,0xf5,0x6b,0xb7,0x8c,0x19,0xbe,0xbb,0xd6,0xbb,0xd6,0xdb,0xde,0xdb,0xde,
    0xdb,0xde,0xdb,0xde,0xdb,0xde,0xbb,0xd6,0x3a,0xc6,0xd5,0x6b,0x34,0x4b,0x34,0x4b,
    0x54,0x4b,0x94,0x5b,0xf5,0x6b,0x54,0x53,0xb2,0x32,0x13,0x43,0x15,0x74,0x58,0xa5,
    0x5a,0xc6,0xdb,0xd6,0xdb,0xde,0xbb,0xd6,0x35,0x7c,0x34,0x43,0x34,0x4b,0x33,0x43,
    0x33,0x4b,0x33,0x4b,0x54,0x4b,0x94,0x5b,0x72,0x63,0x6d,0x42,0x68,0x21,0x2a,0x2a,
    0x70,0x53,0xf6,0x94,0xd9,0xb5,0x91,0x2a,0x91,0x2a,0x91,0x2a,0x91,0x2a,0x91,0x2a,
    0xb1,0x2a,0x55,0x7c,0x39,0xc6,0x9a,0xd6,0x9a,0xd6,0x98,0xad,0x73,0x53,0xb2,0x32,
    0x96,0x84,0x9a,0xd6,0xbb,0xd6,0xbb,0xd6,0xbb,0xd6,0xbb,0xd6,0x7a,0xce,0x55,0x7c,
    0x71,0x22,0x91,0x2a,0xb2,0x32,0xd2,0x32,0xf2,0x3a,0x13,0x43,0x13,0x43,0xf3,0x3a,
    0xd2,0x32,0x12,0x43,0xb5,0x8c,0x19,0xbe,0x9b,0xd6,0xbb,0xd6,0xbb,0xd6,0x7a,0xce,
    0xf9,0xbd,0xb6,0x8c,0x33,0x4b,0xff,0x13,0x43,0xf6,0x94,0x9a,0xd6,0xbb,0xd6,0xbb,
    0xd6,0x5a,0xce,0xf9,0xbd,0x78,0xa5,0xd6,0x94,0x75,0x84,0xf5,0x6b,0x94,0x5b,0x13,
    0x43,0x13,0x43,0x13,0x43,0x13,0x43,0x13,0x43,0x33,0x4b,0x74,0x53,0x78,0xa5,0x7a,
    0xce,0x3a,0xc6,0x35,0x7c,0x13,0x43,0x34,0x4b,0x54,0x53,0x54,0x53,0x54,0x53,0x55,
    0x7c,0x9a,0xce,0xdb,0xde,0xbb,0xd6,0xb6,0x8c,0x96,0x8c,0x7a,0xce,0xdb,0xde,0xdb,
    0xde,0x3a,0xc6,0x15,0x74,0x13,0x43,0x13,0x43,0x13,0x43,0x13,0x43,0x13,0x43,0x13,
    0x43,0x13,0x43,0x96,0x8c,0x7a,0xce,0xbb,0xd6,0xdb,0xd6,0xdb,0xd6,0xdb,0xde,0xdb,
    0xd6,0xdb,0xde,0xdb,0xd6,0x58,0xa5,0x74,0x53,0x54,0x53,0x54,0x4b,0x34,0x4b,0x17,
    0x9d,0xbb,0xd6,0xdb,0xde,0xbb,0xd6,0xb8,0xb5,0x74,0x53,0xd3,0x32,0xd3,0x32,0xd3,
    0x32,0xd3,0x32,0xd3,0x32,0xd3,0x32,0x13,0x3b,0x33,0x43,0x34,0x4b,0x34,0x4b,0x34,
    0x4b,0x34,0x4b,0x34,0x4b,0x34,0x4b,0x34,0x4b,0x34,0x4b,0x13,0x43,0x13,0x43,0x13,
    0x43,0xf3,0x3a,0x13,0x3b,0x13,0x3b,0x13,0x3b,0x13,0x3b,0x13,0x3b,0x13,0x3b,0xf3,
    0x3a,0xf3,0x3a,0xf3,0x3a,0xb2,0x32,0x72,0x22,0x51,0x12,0x10,0x0a,0x2f,0x22,0xd0,
    0x42,0x50,0x53,0x2f,0x53,0xcd,0x42,0x0a,0x32,0xe8,0x39,0xed,0x31,0x92,0x22,0x13,
    0x43,0x78,0xad,0xbb,0xd6,0xdb,0xd6,0xdb,0xd6,0xdb,0xde,0xdb,0xde,0x9a,0xce,0xd6,
    0x8c,0xf3,0x3a,0xf3,0x32,0xf3,0x32,0x34,0x43,0xf5,0x6b,0xf5,0x6b,0x54,0x4b,0xf3,
    0x3a,0xf3,0x32,0xf3,0x32,0xff,0xf3,0x32,0xf3,0x32,0xf3,0x32,0xf3,0x32,0xd3,0x32,
    0xd3,0x32,0x92,0x22,0x51,0x1a,0x71,0x22,0xd2,0x32,0xd3,0x32,0xd3,0x32,0xf3,0x32,
    0xf4,0x3a,0x13,0x43,0x13,0x43,0xd2,0x3a,0x71,0x22,0xd2,0x32,0xf3,0x3a,0xf3,0x3a,
    0x14,0x3b,0x14,0x3b,0x14,0x3b,0x14,0x3b,0x14,0x43,0x14,0x43,0x14,0x43,0x14,0x43,
    0x34,0x43,0x34,0x43,0x34,0x43,0x34,0x43,0x34,0x43,0x34,0x43,0x34,0x4b,0x54,0x4b,
    0x34,0x4b,0x34,0x43,0x54,0x4b,0xf4,0x73,0xf4,0xa4,0xaa,0x5a,0x26,0x21,0xa8,0x29,
    0x8a,0x42,0xcb,0x4a,0xec,0x52,0x2d,0x53,0x2a,0x32,0xea,0x29,0x8a,0x11,0x6b,0x01,
    0x4b,0x01,0x6b,0x01,0x6c,0x01,0x6c,0x01,0x6c,0x01,0x6e,0x3a,0xb1,0x73,0x96,0xad,
    0xdb,0xde,0xdb,0xde,0xdb,0xde,0xdb,0xde,0xdb,0xde,0xdb,0xde,0x18,0xc6,0xed,0x52,
    0xe9,0x31,0xef,0x7b,0xf8,0xbd,0x18,0xbe,0x59,0xc6,0xba,0xd6,0x79,0xce,0xb6,0xb5,
    0xf6,0x94,0x54,0x4b,0x54,0x4b,0x54,0x4b,0x54,0x4b,0x54,0x4b,0x54,0x4b,0x54,0x4b,
    0x54,0x53,0xf7,0x94,0x5a,0xce,0x7a,0xce,0x58,0xa5,0x95,0x5b,0x74,0x53,0x54,0x4b,
    0x54,0x53,0x3a,0xc6,0xdb,0xde,0xdb,0xde,0xbb,0xd6,0xd9,0xb5,0x37,0x9d,0xb6,0x8c,
    0x35,0x74,0xb5,0x63,0x34,0x4b,0x34,0x4b,0x34,0x4b,0x34,0x4b,0x34,0x4b,0x34,0x4b,
    0xf3,0x32,0xf3,0x3a,0x94,0x5b,0xb5,0x5b,0x34,0x4b,0xb4,0x5b,0x5a,0xce,0xdb,0xde,
    0xdb,0xde,0xd9,0xb5,0x54,0x4b,0x34,0x43,0x33,0x4b,0x33,0x43,0x33,0x43,0x33,0x43,
    0x33,0x4b,0x13,0x43,0xff,0x91,0x2a,0x2f,0x22,0xed,0x19,0x71,0x5b,0xd6,0x8c,0x17,
    0x9d,0x91,0x2a,0x91,0x2a,0x91,0x2a,0x91,0x2a,0xb2,0x32,0x75,0x84,0x3a,0xc6,0x9a,
    0xd6,0x7a,0xce,0x77,0xa5,0x53,0x53,0xb2,0x2a,0xb2,0x32,0x12,0x43,0xf6,0x94,0x5a,
    0xce,0x9b,0xd6,0x9b,0xd6,0x3a,0xc6,0x55,0x7c,0x13,0x43,0x13,0x43,0xd2,0x32,0x91,
    0x2a,0x71,0x2a,0x91,0x2a,0xd2,0x32,0xf2,0x3a,0xf3,0x42,0x13,0x43,0x13,0x43,0xd2,
    0x3a,0xd2,0x32,0x14,0x74,0x77,0xa5,0x5a,0xc6,0xbb,0xd6,0xbb,0xd6,0xbb,0xd6,0x5a,
    0xce,0xd9,0xb5,0x9a,0xd6,0xbb,0xd6,0xbb,0xd6,0x78,0xa5,0x13,0x43,0xd3,0x3a,0xf3,
    0x3a,0xf3,0x3a,0x13,0x43,0x13,0x43,0xf3,0x3a,0xf3,0x3a,0xf3,0x3a,0x33,0x43,0x53,
    0x53,0xb4,0x63,0x35,0x7c,0x76,0x84,0x15,0x74,0xf5,0x6b,0x74,0x53,0xf3,0x3a,0xd3,
    0x32,0xd3,0x32,0xf3,0x3a,0x13,0x43,0x54,0x4b,0xb5,0x63,0x5a,0xc6,0xdb,0xde,0xbb,
    0xd6,0x3a,0xc6,0x5a,0xce,0xdb,0xd6,0xbb,0xd6,0xf9,0xbd,0xd5,0x6b,0x13,0x43,0x13,
    0x43,0x13,0x43,0x13,0x43,0x13,0x43,0x13,0x43,0x13,0x43,0x13,0x43,0x13,0x43,0x34,
    0x4b,0x96,0x84,0xb8,0xb5,0xd9,0xb5,0x78,0xad,0xf7,0x94,0x76,0x84,0xf5,0x6b,0x14,
    0x43,0x74,0x53,0xd5,0x6b,0x56,0x7c,0x58,0xa5,0xbb,0xd6,0xdb,0xde,0xdb,0xd6,0x98,
    0xad,0x54,0x53,0xf3,0x3a,0xf3,0x3a,0xf3,0x32,0xf3,0x3a,0xf3,0x3a,0xf3,0x3a,0x13,
    0x43,0x34,0x4b,0x34,0x4b,0x34,0x4b,0x54,0x4b,0x54,0x53,0x54,0x53,0x54,0x4b,0x34,
    0x4b,0x34,0x4b,0xff,0x34,0x4b,0x34,0x4b,0x13,0x43,0x13,0x43,0x13,0x43,0x13,0x43,
    0x13,0x3b,0x13,0x3b,0x13,0x3b,0x13,0x3b,0x13,0x3b,0x13,0x3b,0x13,0x3b,0xf3,0x3a,
    0xf3,0x3a,0xd2,0x32,0x92,0x2a,0x72,0x22,0x51,0x12,0x10,0x02,0x30,0x12,0x30,0x1a,
    0xee,0x21,0x6c,0x4a,0x6f,0x3a,0x51,0x12,0xf3,0x3a,0x78,0xa5,0xdb,0xd6,0xdb,0xd6,
    0xbb,0xd6,0xf9,0xbd,0x37,0x9d,0xb7,0x8c,0xd5,0x6b,0xf3,0x3a,0xf3,0x32,0xf3,0x32,
    0xf3,0x3a,0xf3,0x32,0xf3,0x32,0xf3,0x32,0xd3,0x32,0xd3,0x32,0xf3,0x32,0xf3,0x32,
    0xf3,0x32,0xf3,0x32,0xf3,0x32,0xf3,0x32,0xd3,0x32,0xb2,0x2a,0xb2,0x2a,0xf3,0x3a,
    0xf3,0x3a,0xf3,0x32,0x14,0x43,0x34,0x43,0x34,0x43,0x34,0x43,0x34,0x4b,0x54,0x4b,
    0x95,0x5b,0x54,0x53,0x91,0x2a,0xb2,0x2a,0xf3,0x3a,0xf3,0x3a,0x14,0x3b,0x14,0x43,
    0x14,0x43,0x14,0x43,0x14,0x43,0x14,0x43,0x14,0x43,0x34,0x43,0x34,0x43,0x34,0x43,
    0x34,0x43,0x34,0x43,0x34,0x43,0x34,0x43,0x54,0x4b,0x54,0x4b,0x34,0x43,0x34,0x43,
    0x54,0x53,0x33,0x4b,0xd2,0x42,0xec,0x21,0xca,0x21,0x91,0x5b,0xf5,0x94,0x76,0xa5,
    0xf0,0x73,0x49,0x3a,0xab,0x42,0xea,0x29,0x8a,0x19,0x6c,0x09,0x4b,0x01,0x4b,0x01,
    0x4b,0x01,0x6b,0x01,0x6c,0x01,0x6c,0x01,0x4c,0x01,0xec,0x21,0x90,0x63,0x76,0xad,
    0x59,0xce,0xdb,0xde,0x38,0xc6,0xcc,0x52,0xa7,0x31,0x6d,0x6b,0x34,0x9d,0x92,0x8c,
    0xd3,0x94,0x38,0xc6,0xba,0xd6,0xba,0xd6,0x76,0xad,0x55,0xad,0x74,0x94,0x54,0x53,
    0x34,0x4b,0xff,0x34,0x4b,0x54,0x4b,0x54,0x4b,0x34,0x4b,0x54,0x4b,0x54,0x4b,0x74,
    0x53,0x54,0x53,0x54,0x4b,0x34,0x4b,0x34,0x43,0xd3,0x32,0xf3,0x3a,0x78,0xad,0xdb,
    0xde,0xdb,0xde,0x9a,0xce,0xf5,0x6b,0x34,0x4b,0x34,0x4b,0x34,0x4b,0x34,0x4b,0x34,
    0x4b,0x34,0x4b,0x34,0x4b,0x34,0x4b,0x34,0x43,0xd3,0x32,0x13,0x43,0xb5,0x5b,0x74,
    0x53,0x54,0x4b,0x74,0x53,0xf5,0x6b,0xf9,0xbd,0xdb,0xd6,0xdb,0xde,0x9a,0xce,0xd4,
    0x63,0x33,0x43,0x54,0x4b,0xb4,0x63,0x35,0x74,0xb6,0x8c,0x17,0x95,0x55,0x7c,0x12,
    0x43,0x71,0x22,0x30,0x12,0xce,0x01,0x2e,0x2a,0x92,0x63,0xd1,0x3a,0x91,0x2a,0xb1,
    0x2a,0xd2,0x3a,0xb6,0x8c,0x5a,0xc6,0x9a,0xd6,0x7a,0xce,0x37,0x9d,0x32,0x4b,0xb2,
    0x2a,0xb2,0x2a,0xb2,0x32,0xd4,0x6b,0xf9,0xbd,0x9a,0xd6,0x9a,0xd6,0x19,0xbe,0xf4,
    0x6b,0xd2,0x32,0xd2,0x32,0xf3,0x3a,0x33,0x4b,0x33,0x4b,0xf2,0x42,0xb1,0x32,0x71,
    0x22,0x91,0x2a,0xb2,0x32,0xf2,0x3a,0xf3,0x3a,0x13,0x43,0x13,0x43,0x13,0x43,0xf2,
    0x3a,0x12,0x43,0x55,0x7c,0xf9,0xbd,0x9b,0xd6,0xbb,0xd6,0xbb,0xd6,0xbb,0xd6,0xbb,
    0xd6,0xf9,0xbd,0x93,0x5b,0x13,0x43,0xf3,0x3a,0xf3,0x3a,0xf3,0x3a,0x13,0x43,0x13,
    0x43,0xf3,0x3a,0x53,0x4b,0x78,0xad,0x3a,0xc6,0x7a,0xce,0x9a,0xce,0x9b,0xd6,0x9b,
    0xd6,0x7a,0xce,0x58,0xa5,0xf5,0x6b,0x54,0x53,0x34,0x4b,0x13,0x43,0xf3,0x3a,0xd2,
    0x32,0xd3,0x3a,0xf3,0x3a,0x37,0x9d,0xdb,0xd6,0xdb,0xde,0xdb,0xde,0xbb,0xd6,0xbb,
    0xd6,0xff,0xb8,0xb5,0xb4,0x63,0x13,0x43,0x13,0x43,0x13,0x43,0x33,0x4b,0x13,0x43,
    0x13,0x43,0x13,0x43,0x13,0x43,0x13,0x43,0x13,0x43,0x13,0x43,0x13,0x43,0x33,0x43,
    0x33,0x4b,0x14,0x43,0x13,0x43,0x13,0x43,0x14,0x43,0x55,0x7c,0x7a,0xce,0xbb,0xd6,
    0xbb,0xd6,0xbb,0xd6,0xdb,0xd6,0xbb,0xd6,0x98,0xad,0x54,0x4b,0x13,0x3b,0xf3,0x3a,
    0xf3,0x3a,0xf3,0x3a,0x13,0x3b,0x13,0x3b,0x34,0x43,0x34,0x4b,0x34,0x4b,0x34,0x4b,
    0x34,0x4b,0x34,0x4b,0x54,0x4b,0x34,0x4b,0x34,0x4b,0x34,0x4b,0x34,0x4b,0x34,0x4b,
    0x34,0x4b,0x34,0x4b,0x33,0x4b,0x34,0x43,0x14,0x43,0x14,0x3b,0x13,0x3b,0x13,0x3b,
    0x13,0x3b,0x13,0x3b,0x13,0x3b,0xf3,0x3a,0xf3,0x3a,0xf3,0x3a,0xd3,0x32,0xd2,0x32,
    0xb2,0x2a,0x92,0x22,0x51,0x0a,0x71,0x1a,0xb2,0x2a,0x71,0x1a,0x51,0x12,0x51,0x12,
    0xb2,0x2a,0x57,0xa5,0xbb,0xd6,0xdb,0xde,0xbb,0xd6,0xf7,0x9c,0x13,0x43,0xf3,0x3a,
    0x14,0x3b,0x14,0x3b,0x14,0x43,0xf3,0x3a,0xf3,0x32,0xd3,0x32,0xf3,0x32,0xf3,0x3a,
    0xb5,0x63,0xd7,0x8c,0xf7,0x94,0x94,0x53,0xf3,0x3a,0xf3,0x32,0xf3,0x3a,0x54,0x4b,
    0x74,0x53,0x33,0x43,0x13,0x43,0x34,0x4b,0x13,0x3b,0x34,0x43,0x34,0x43,0x34,0x43,
    0x34,0x43,0x34,0x4b,0x34,0x43,0x34,0x43,0x34,0x4b,0x54,0x4b,0xd5,0x63,0x74,0x5b,
    0x91,0x2a,0xd2,0x32,0xf3,0x3a,0x14,0x3b,0x14,0x3b,0x14,0x43,0x14,0x43,0x14,0x43,
    0x14,0x43,0x34,0x43,0x34,0x43,0x34,0x43,0x34,0x43,0x34,0x43,0x34,0x43,0x34,0x43,
    0xff,0x34,0x43,0x34,0x4b,0x54,0x4b,0x34,0x43,0x13,0x43,0x13,0x43,0x13,0x43,0xd2,
    0x3a,0x71,0x22,0xef,0x09,0xed,0x19,0x30,0x53,0x95,0x84,0x37,0x9d,0x74,0x84,0x32,
    0x74,0x8c,0x3a,0x87,0x29,0x2a,0x42,0x4b,0x01,0x4b,0x01,0x4b,0x01,0x4b,0x01,0x4b,
    0x01,0x6b,0x01,0x6c,0x01,0x6c,0x01,0x6c,0x01,0x8c,0x09,0x2d,0x32,0x4f,0x63,0xac,
    0x52,0x86,0x31,0xa9,0x52,0xb2,0x94,0xae,0x6b,0x6d,0x63,0xef,0x73,0x55,0xa5,0xba,
    0xd6,0xdb,0xde,0x7a,0xce,0x54,0xad,0x54,0x84,0xf3,0x3a,0xf3,0x3a,0x14,0x43,0x34,
    0x43,0x34,0x4b,0x54,0x4b,0x54,0x4b,0x54,0x4b,0x34,0x4b,0x54,0x4b,0x34,0x4b,0x34,
    0x4b,0xd3,0x32,0xf3,0x3a,0xb5,0x5b,0x56,0x7c,0x7a,0xce,0xdb,0xde,0xdb,0xd6,0x37,
    0xa5,0x54,0x4b,0x34,0x4b,0x34,0x4b,0x34,0x4b,0x34,0x4b,0x54,0x4b,0x54,0x4b,0x74,
    0x53,0x33,0x4b,0x94,0x5b,0xd7,0x8c,0x78,0xa5,0x98,0xad,0x19,0xc6,0x7a,0xce,0xbb,
    0xd6,0xbb,0xd6,0xdb,0xd6,0xbb,0xd6,0xf7,0x94,0x33,0x4b,0x76,0x84,0x5a,0xce,0x9b,
    0xd6,0x9b,0xd6,0xbb,0xd6,0xbb,0xd6,0x9b,0xd6,0x3a,0xc6,0xf6,0x94,0x52,0x53,0x91,
    0x2a,0x30,0x12,0xef,0x01,0xd8,0xb5,0xf6,0x94,0x16,0x9d,0xb8,0xb5,0x7a,0xce,0x9a,
    0xd6,0x7a,0xce,0x16,0x95,0x12,0x43,0xb2,0x2a,0xb2,0x2a,0xb2,0x32,0xf4,0x6b,0x19,
    0xbe,0x9b,0xd6,0x9a,0xd6,0xf9,0xbd,0xb4,0x63,0xb2,0x32,0xb2,0x32,0xd2,0x32,0xd2,
    0x32,0xd2,0x32,0xf2,0x3a,0x13,0x43,0x33,0x4b,0x33,0x4b,0xf2,0x3a,0x91,0x2a,0xff,
    0x71,0x22,0x91,0x2a,0xd2,0x32,0xf3,0x3a,0xf3,0x42,0x13,0x43,0x13,0x43,0xf3,0x3a,
    0xd2,0x3a,0xb4,0x63,0xf6,0x94,0x39,0xc6,0xbb,0xd6,0xbb,0xd6,0xbb,0xd6,0x7a,0xce,
    0xb8,0xb5,0x75,0x84,0x13,0x43,0xf3,0x3a,0x13,0x43,0x13,0x43,0x53,0x53,0xd9,0xb5,
    0xbb,0xd6,0xbb,0xd6,0xdb,0xd6,0x9b,0xd6,0x9b,0xd6,0xbb,0xd6,0xbb,0xd6,0xbb,0xd6,
    0x7a,0xce,0xf9,0xbd,0x17,0x9d,0x54,0x53,0x34,0x4b,0x33,0x4b,0x13,0x43,0xf3,0x3a,
    0xb4,0x63,0x7a,0xce,0xbb,0xd6,0xdb,0xd6,0xdb,0xd6,0xf9,0xbd,0xd5,0x6b,0xd2,0x3a,
    0xd2,0x32,0xf4,0x6b,0x78,0xad,0x19,0xbe,0x58,0xa5,0xb4,0x63,0x13,0x43,0x13,0x43,
    0x13,0x43,0x13,0x43,0x13,0x43,0x13,0x43,0x13,0x43,0x13,0x43,0x13,0x43,0x13,0x43,
    0x14,0x43,0x14,0x43,0xf7,0x9c,0x9a,0xd6,0xbb,0xd6,0x9a,0xce,0x39,0xc6,0xd9,0xb5,
    0xf7,0x94,0x94,0x5b,0x13,0x43,0x13,0x43,0x14,0x43,0x13,0x3b,0x13,0x3b,0x14,0x43,
    0x34,0x4b,0x34,0x4b,0x34,0x4b,0x34,0x4b,0x34,0x4b,0x34,0x4b,0x13,0x43,0x13,0x43,
    0xf3,0x3a,0x14,0x43,0x34,0x43,0x34,0x4b,0x34,0x4b,0x34,0x4b,0x54,0x4b,0x54,0x4b,
    0x34,0x4b,0x13,0x43,0x14,0x43,0x14,0x3b,0x14,0x3b,0x13,0x3b,0x13,0x3b,0x13,0x3b,
    0x13,0x3b,0x13,0x3b,0xf3,0x3a,0xf3,0x3a,0xd3,0x32,0xd3,0x32,0xb2,0x2a,0x92,0x22,
    0x72,0x1a,0xd3,0x32,0xb2,0x2a,0x72,0x1a,0x72,0x1a,0xb4,0x63,0x9b,0xd6,0xdb,0xd6,
    0xdb,0xd6,0xb8,0xb5,0x14,0x43,0xf3,0x3a,0x14,0x3b,0x14,0x3b,0x14,0x3b,0xff,0x14,
    0x3b,0x14,0x3b,0xf3,0x3a,0xf3,0x3a,0xf3,0x3a,0x13,0x43,0xb8,0xb5,0xdb,0xde,0xdb,
    0xd6,0x98,0xad,0x13,0x3b,0xf3,0x3a,0xf5,0x6b,0x5a,0xc6,0x9b,0xd6,0x39,0xc6,0x37,
    0xa5,0xd5,0x63,0x34,0x43,0x34,0x43,0x34,0x43,0x34,0x43,0x34,0x4b,0x34,0x4b,0x34,
    0x4b,0x34,0x4b,0x34,0x4b,0x34,0x43,0x74,0x53,0xd5,0x6b,0x13,0x43,0xb2,0x2a,0xf3,
    0x3a,0x13,0x3b,0x14,0x3b,0x14,0x43,0x14,0x43,0x14,0x43,0x14,0x43,0x14,0x43,0x34,
    0x43,0x34,0x43,0x34,0x43,0x34,0x43,0x34,0x43,0x34,0x43,0x34,0x43,0x34,0x43,0x54,
    0x4b,0x54,0x4b,0x13,0x43,0x13,0x43,0x13,0x43,0x13,0x43,0xd2,0x3a,0x71,0x22,0x10,
    0x12,0xce,0x01,0xee,0x19,0x6e,0x32,0xeb,0x21,0x2b,0x32,0xa7,0x31,0xab,0x52,0x6a,
    0x21,0x0a,0x01,0x4b,0x01,0x8c,0x01,0x4b,0x01,0x4b,0x01,0x4b,0x01,0x6b,0x01,0x6b,
    0x01,0x6c,0x01,0x6c,0x01,0x6c,0x01,0x6b,0x01,0x47,0x21,0x48,0x4a,0x70,0x94,0xcd,
    0x7b,0x2b,0x63,0x0c,0x5b,0x8d,0x63,0x55,0xa5,0xba,0xd6,0x7a,0xce,0x7a,0xce,0x52,
    0x5b,0xd3,0x3a,0xd3,0x32,0xd3,0x32,0xf3,0x3a,0x13,0x3b,0x34,0x43,0x17,0x9d,0x98,
    0xad,0x78,0xa5,0x15,0x6c,0x34,0x4b,0x34,0x43,0xd3,0x32,0xf3,0x3a,0xb5,0x5b,0xb5,
    0x5b,0x54,0x53,0x58,0xa5,0xbb,0xd6,0xdb,0xde,0x98,0xad,0x34,0x4b,0x94,0x5b,0x35,
    0x74,0x96,0x84,0x17,0x9d,0x98,0xad,0xf9,0xbd,0x19,0xbe,0x5a,0xc6,0xbb,0xd6,0xdb,
    0xde,0xdb,0xde,0xdb,0xde,0xdb,0xd6,0xdb,0xde,0xdb,0xd6,0x9a,0xd6,0xff,0x5a,0xce,
    0x17,0x9d,0x54,0x4b,0x33,0x4b,0xf7,0x94,0x7a,0xce,0xbb,0xd6,0x7a,0xce,0x5a,0xc6,
    0x39,0xc6,0xbb,0xd6,0xbb,0xd6,0xbb,0xd6,0x7a,0xce,0xd8,0xb5,0x55,0x7c,0x71,0x22,
    0x9a,0xd6,0x9a,0xd6,0x9a,0xd6,0x9b,0xd6,0x9b,0xd6,0x5a,0xce,0x57,0xa5,0x12,0x43,
    0xb2,0x2a,0xb2,0x2a,0xd2,0x32,0x14,0x74,0x19,0xbe,0x9b,0xd6,0x9a,0xce,0xd8,0xb5,
    0x93,0x5b,0xb2,0x32,0xb2,0x32,0xb2,0x32,0xd2,0x32,0xb2,0x32,0xd2,0x32,0xd2,0x32,
    0xd2,0x32,0xd2,0x3a,0x13,0x43,0x33,0x4b,0x53,0x4b,0x33,0x4b,0x12,0x4b,0xb1,0x32,
    0x91,0x2a,0xb2,0x32,0xd2,0x32,0xf3,0x3a,0x13,0x43,0x13,0x43,0x13,0x43,0xf3,0x3a,
    0xd2,0x3a,0x35,0x7c,0xb8,0xad,0x5a,0xce,0xbb,0xd6,0xbb,0xd6,0x5a,0xc6,0xb4,0x63,
    0xf3,0x3a,0xf3,0x3a,0xb4,0x63,0x19,0xbe,0xbb,0xd6,0xbb,0xd6,0x5a,0xc6,0xf6,0x94,
    0xd4,0x63,0x93,0x5b,0x75,0x7c,0xb8,0xad,0x7a,0xce,0xdb,0xd6,0xbb,0xd6,0x9a,0xce,
    0x15,0x74,0x13,0x43,0x13,0x43,0x34,0x4b,0x54,0x4b,0x74,0x5b,0xf9,0xbd,0xbb,0xd6,
    0x9b,0xd6,0xf9,0xbd,0xd4,0x63,0x54,0x4b,0x54,0x53,0x54,0x53,0x58,0xa5,0xbb,0xd6,
    0xbb,0xd6,0xbb,0xd6,0x9a,0xce,0xb8,0xad,0x76,0x7c,0x74,0x5b,0x13,0x43,0x13,0x43,
    0x13,0x43,0x13,0x43,0x14,0x43,0x13,0x43,0x13,0x43,0x14,0x43,0x14,0x43,0x34,0x4b,
    0xb4,0x63,0x94,0x5b,0x34,0x43,0x14,0x43,0x14,0x43,0x14,0x43,0x14,0x43,0x13,0x43,
    0x13,0x43,0x14,0x43,0x13,0x43,0x13,0x43,0x34,0x43,0x54,0x4b,0xff,0x54,0x53,0x54,
    0x53,0x54,0x4b,0x34,0x4b,0x34,0x4b,0x34,0x4b,0x34,0x43,0x33,0x43,0x34,0x4b,0x34,
    0x4b,0x34,0x4b,0x34,0x4b,0x54,0x4b,0x74,0x53,0x54,0x4b,0x34,0x4b,0x34,0x43,0x14,
    0x3b,0x13,0x3b,0x14,0x3b,0x13,0x3b,0x14,0x3b,0x14,0x3b,0x13,0x3b,0x13,0x3b,0x13,
    0x3b,0xf3,0x3a,0xf3,0x3a,0xf3,0x32,0xd3,0x32,0x72,0x1a,0xb2,0x2a,0xd3,0x32,0xd3,
    0x32,0xb2,0x2a,0xb2,0x22,0x13,0x3b,0x19,0xbe,0xdb,0xd6,0xdb,0xde,0x19,0xbe,0x54,
    0x4b,0xf3,0x3a,0x14,0x3b,0xf3,0x3a,0x14,0x3b,0xf3,0x3a,0x14,0x3b,0x14,0x3b,0xf3,
    0x3a,0xf4,0x3a,0x14,0x43,0x37,0x9d,0xdb,0xd6,0xdb,0xd6,0x9a,0xce,0xb4,0x63,0xb4,
    0x5b,0x3a,0xc6,0x9b,0xd6,0x9b,0xd6,0xdb,0xd6,0xdb,0xde,0x9a,0xd6,0xb8,0xb5,0x96,
    0x84,0x94,0x5b,0x34,0x43,0x14,0x43,0x14,0x43,0x14,0x43,0x34,0x43,0x34,0x43,0x34,
    0x43,0x34,0x4b,0x95,0x5b,0x54,0x4b,0xf3,0x3a,0x14,0x43,0xf3,0x3a,0xf3,0x3a,0xf3,
    0x3a,0x14,0x3b,0x14,0x43,0x14,0x43,0x34,0x43,0x34,0x43,0x34,0x43,0x34,0x43,0x34,
    0x43,0x34,0x43,0x34,0x43,0x34,0x43,0x34,0x43,0x34,0x4b,0x54,0x4b,0x34,0x43,0x14,
    0x43,0x14,0x43,0x13,0x43,0xf3,0x42,0xd2,0x32,0x71,0x22,0x0f,0x0a,0xce,0x01,0xae,
    0x01,0xae,0x01,0x8d,0x01,0xcc,0x21,0x6f,0x3a,0x6d,0x01,0xee,0x21,0xf3,0x6b,0x72,
    0x5b,0x8c,0x11,0x2b,0x01,0x4a,0x09,0x68,0x19,0xea,0x29,0x2b,0x32,0x2c,0x32,0x6b,
    0x01,0x4b,0x01,0x66,0x29,0xea,0x6a,0xe9,0x6a,0x2a,0x73,0xff,0xcd,0x83,0x0a,0x63,
    0xb2,0x94,0xdb,0xde,0x38,0xc6,0x59,0xce,0x72,0x63,0x34,0x4b,0x54,0x53,0x54,0x4b,
    0x13,0x43,0xf3,0x3a,0x13,0x3b,0xf7,0x94,0xbb,0xd6,0xdb,0xde,0xdb,0xd6,0x9b,0xd6,
    0xd9,0xb5,0x55,0x7c,0x74,0x53,0xb5,0x5b,0x95,0x5b,0x54,0x4b,0x34,0x4b,0x54,0x4b,
    0x35,0x74,0x76,0x84,0x74,0x53,0xd5,0x6b,0x5a,0xce,0xbb,0xd6,0xdb,0xde,0xdb,0xde,
    0xdb,0xd6,0xbb,0xd6,0x9b,0xd6,0xbb,0xd6,0x9a,0xd6,0x5a,0xce,0x39,0xc6,0xd9,0xb5,
    0x37,0x9d,0x76,0x84,0xd5,0x6b,0x54,0x53,0x54,0x4b,0x33,0x43,0x33,0x4b,0x34,0x4b,
    0x33,0x4b,0x74,0x53,0xd4,0x6b,0x74,0x53,0x33,0x43,0x13,0x43,0xd4,0x63,0x37,0xa5,
    0x3a,0xc6,0x9b,0xd6,0x9b,0xd6,0x39,0xc6,0x53,0x53,0x78,0xad,0x19,0xbe,0x57,0xa5,
    0x95,0x8c,0x55,0x7c,0x93,0x63,0xf2,0x3a,0xb2,0x32,0xb2,0x32,0xb1,0x32,0x35,0x7c,
    0x19,0xc6,0x7a,0xce,0x7a,0xce,0x98,0xad,0x53,0x53,0xb2,0x2a,0xb2,0x32,0xb2,0x32,
    0xb2,0x32,0xb2,0x32,0xd2,0x32,0xd2,0x3a,0xf2,0x3a,0xf2,0x3a,0x33,0x4b,0xd4,0x6b,
    0x96,0x84,0x57,0xa5,0xf9,0xbd,0x7a,0xce,0x39,0xc6,0x19,0xbe,0x98,0xad,0x78,0xad,
    0x37,0xa5,0xd6,0x94,0x94,0x5b,0x13,0x43,0x13,0x43,0x13,0x4b,0x13,0x43,0xf3,0x3a,
    0x53,0x53,0x75,0x84,0xf6,0x94,0xf4,0x6b,0x13,0x43,0xf3,0x3a,0x94,0x5b,0x39,0xc6,
    0xbb,0xd6,0xbb,0xd6,0x3a,0xc6,0xf4,0x6b,0x13,0x43,0x13,0x43,0xf3,0x3a,0xf3,0x3a,
    0x33,0x4b,0x35,0x7c,0x9a,0xce,0xbb,0xd6,0xbb,0xd6,0xff,0x37,0x9d,0x13,0x43,0x13,
    0x43,0x33,0x4b,0x33,0x4b,0x54,0x4b,0xd5,0x6b,0xd7,0x94,0x35,0x7c,0x74,0x53,0xd3,
    0x32,0xd3,0x3a,0xf3,0x3a,0x33,0x4b,0x96,0x84,0xdb,0xd6,0xdb,0xde,0xbb,0xd6,0xbb,
    0xd6,0xbb,0xd6,0x9b,0xd6,0x5a,0xc6,0x78,0xa5,0xf5,0x6b,0x33,0x4b,0x13,0x43,0x14,
    0x43,0x13,0x43,0x13,0x43,0x13,0x43,0x14,0x43,0x14,0x43,0x14,0x43,0x14,0x43,0x14,
    0x43,0x14,0x43,0x14,0x43,0x14,0x43,0x14,0x43,0x14,0x43,0x13,0x43,0x14,0x43,0x14,
    0x43,0x14,0x43,0x34,0x43,0x54,0x4b,0x54,0x53,0x74,0x53,0x74,0x53,0x54,0x4b,0x34,
    0x4b,0x34,0x4b,0x34,0x4b,0x34,0x4b,0x34,0x4b,0x34,0x4b,0x54,0x4b,0x74,0x53,0x74,
    0x53,0x74,0x53,0x54,0x4b,0x34,0x43,0x14,0x43,0x14,0x3b,0x14,0x3b,0x14,0x3b,0x14,
    0x3b,0x14,0x3b,0x14,0x3b,0x14,0x43,0x14,0x3b,0x13,0x3b,0xf3,0x3a,0xf3,0x32,0xb2,
    0x2a,0x71,0x1a,0xb2,0x2a,0xf3,0x32,0xf3,0x3a,0xf3,0x3a,0xd3,0x32,0xd3,0x32,0xd3,
    0x32,0x17,0x9d,0xdb,0xd6,0xdb,0xde,0xbb,0xd6,0x3a,0xc6,0xd7,0x94,0x54,0x4b,0x14,
    0x3b,0x14,0x3b,0x14,0x3b,0xf3,0x3a,0xf3,0x3a,0xf3,0x3a,0xf3,0x3a,0x14,0x3b,0xb6,
    0x8c,0xbb,0xd6,0xdb,0xde,0xbb,0xd6,0xb8,0xad,0x19,0xbe,0xbb,0xd6,0xbb,0xd6,0x7a,
    0xce,0x19,0xbe,0xdb,0xd6,0xdb,0xde,0x9b,0xd6,0xbb,0xd6,0x7a,0xce,0xb9,0xb5,0x35,
    0x74,0x14,0x3b,0x14,0x3b,0x34,0x43,0x34,0x43,0x34,0x43,0x13,0x3b,0x34,0x4b,0xf3,
    0x3a,0xf3,0x3a,0x54,0x4b,0x54,0x4b,0x34,0x43,0xff,0x13,0x3b,0xf3,0x32,0xf3,0x3a,
    0x14,0x3b,0x14,0x43,0x34,0x43,0x34,0x43,0x34,0x43,0x34,0x43,0x34,0x43,0x34,0x43,
    0x34,0x43,0x34,0x43,0x34,0x4b,0x54,0x4b,0x34,0x4b,0x14,0x43,0x14,0x43,0x34,0x43,
    0x13,0x43,0xf3,0x3a,0x92,0x2a,0x30,0x12,0x0f,0x02,0xee,0x01,0xce,0x01,0xce,0x01,
    0xae,0x01,0xce,0x01,0xae,0x01,0x8d,0x01,0x2f,0x22,0x4f,0x32,0x4c,0x01,0x2a,0x11,
    0x68,0x21,0x09,0x32,0x2d,0x5b,0x8e,0x63,0x10,0x74,0x10,0x74,0xac,0x42,0x2a,0x3a,
    0xcc,0x5a,0x4c,0x73,0x6c,0x6b,0xca,0x5a,0xf3,0xa4,0xba,0xd6,0xba,0xd6,0x7a,0xd6,
    0x92,0x63,0x13,0x43,0x74,0x53,0x74,0x53,0x74,0x53,0x74,0x53,0x54,0x53,0xf7,0x94,
    0xbb,0xd6,0xbb,0xd6,0xbb,0xd6,0xbb,0xd6,0xbb,0xd6,0xbb,0xd6,0x9a,0xd6,0x7a,0xce,
    0xd9,0xb5,0x76,0x84,0x74,0x53,0x34,0x4b,0x34,0x4b,0x34,0x4b,0x34,0x4b,0x34,0x4b,
    0x94,0x5b,0xf9,0xbd,0xbb,0xd6,0xdb,0xd6,0xdb,0xd6,0xbb,0xd6,0x7a,0xce,0x3a,0xc6,
    0x17,0x95,0xf5,0x6b,0x94,0x5b,0x74,0x53,0x54,0x4b,0x33,0x43,0x13,0x43,0x33,0x43,
    0x33,0x4b,0x34,0x4b,0x33,0x43,0x33,0x43,0x34,0x4b,0x33,0x4b,0x13,0x43,0x13,0x43,
    0x13,0x43,0x13,0x43,0x13,0x43,0x13,0x43,0x13,0x43,0xf4,0x6b,0x5a,0xce,0x9b,0xd6,
    0x9a,0xd6,0xf6,0x94,0x91,0x22,0xb1,0x32,0x91,0x22,0x91,0x2a,0x91,0x2a,0xd2,0x32,
    0xb5,0x8c,0x77,0xa5,0x77,0xad,0xf6,0x94,0x19,0xbe,0x5a,0xce,0x5a,0xc6,0x57,0xa5,
    0xf2,0x42,0x71,0x22,0x91,0x2a,0x91,0x2a,0xff,0xb2,0x32,0xb2,0x32,0xb2,0x32,0x14,
    0x74,0xb8,0xb5,0xf9,0xbd,0x3a,0xc6,0x7a,0xce,0x9a,0xd6,0xbb,0xd6,0xbb,0xd6,0xbb,
    0xd6,0xbb,0xd6,0xbb,0xd6,0xbb,0xd6,0xdb,0xde,0xdb,0xd6,0xbb,0xd6,0x9b,0xd6,0xf9,
    0xbd,0x33,0x4b,0xd2,0x3a,0xf3,0x3a,0x13,0x43,0x13,0x43,0x13,0x43,0xf3,0x3a,0xd2,
    0x32,0xb2,0x32,0xb2,0x32,0x94,0x5b,0x39,0xc6,0xbb,0xd6,0xbb,0xd6,0x19,0xc6,0xb4,
    0x63,0xf3,0x3a,0xf3,0x3a,0x13,0x43,0xf3,0x42,0xf3,0x3a,0xf3,0x3a,0x74,0x5b,0x3a,
    0xc6,0xbb,0xd6,0xbb,0xd6,0x5a,0xce,0x78,0xa5,0xb8,0xb5,0x19,0xbe,0x5a,0xce,0x39,
    0xc6,0xb6,0x8c,0x13,0x43,0x33,0x4b,0x54,0x4b,0x33,0x4b,0x13,0x43,0xf3,0x3a,0xd3,
    0x32,0x13,0x43,0x19,0xbe,0xdb,0xde,0xdb,0xde,0x7a,0xce,0x3a,0xc6,0xbb,0xd6,0xbb,
    0xd6,0xbb,0xd6,0x9b,0xd6,0xf9,0xbd,0xf7,0x94,0xb4,0x63,0x13,0x43,0x13,0x43,0x13,
    0x43,0x94,0x5b,0x54,0x53,0x13,0x43,0x13,0x43,0x14,0x43,0x14,0x43,0x14,0x43,0x14,
    0x43,0x14,0x43,0x14,0x43,0x14,0x43,0x14,0x43,0x14,0x43,0x14,0x43,0x14,0x43,0x34,
    0x43,0x54,0x4b,0x74,0x53,0x74,0x53,0x74,0x53,0x74,0x53,0x74,0x53,0x74,0x53,0x74,
    0x53,0x74,0x53,0x74,0x53,0x74,0x53,0x74,0x53,0x74,0x53,0x54,0x4b,0x34,0x4b,0x14,
    0x43,0x14,0x43,0x14,0x3b,0x14,0x3b,0x14,0x43,0x14,0x43,0x14,0x43,0x14,0x3b,0x13,
    0x3b,0xf3,0x3a,0xd3,0x32,0x92,0x22,0x51,0x1a,0x10,0x02,0x71,0x1a,0xb2,0x2a,0xb2,
    0x32,0xd3,0x32,0xf3,0x3a,0xd2,0x32,0xff,0xd3,0x32,0xf3,0x32,0xb4,0x5b,0x78,0xa5,
    0x5a,0xce,0xdb,0xde,0xdb,0xde,0xdb,0xde,0x9a,0xce,0xb8,0xb5,0x96,0x84,0x34,0x4b,
    0xf3,0x3a,0xf3,0x3a,0xf3,0x3a,0xf3,0x3a,0xf5,0x6b,0x19,0xbe,0xdb,0xde,0xdb,0xde,
    0xbb,0xd6,0xdb,0xde,0xdb,0xde,0xdb,0xde,0x7a,0xce,0x15,0x6c,0x34,0x43,0x36,0x7c,
    0x78,0xa5,0x3a,0xc6,0x9b,0xd6,0xbb,0xd6,0xdb,0xde,0x9b,0xd6,0x15,0x6c,0x34,0x43,
    0x14,0x43,0xf3,0x3a,0xb2,0x2a,0xf3,0x3a,0x13,0x3b,0xd3,0x32,0x34,0x43,0x34,0x43,
    0x34,0x43,0x54,0x4b,0x54,0x4b,0x54,0x4b,0x34,0x43,0x14,0x43,0xf3,0x3a,0xf3,0x3a,
    0x14,0x43,0x14,0x43,0x34,0x43,0x34,0x43,0x34,0x43,0x34,0x43,0x34,0x43,0x34,0x43,
    0x34,0x4b,0x54,0x4b,0x34,0x43,0x14,0x43,0x13,0x43,0x13,0x43,0xf3,0x3a,0xb2,0x2a,
    0x71,0x1a,0x30,0x0a,0x10,0x02,0xef,0x01,0xef,0x01,0xee,0x01,0xce,0x01,0xce,0x01,
    0xce,0x01,0xad,0x01,0xae,0x01,0x8d,0x01,0x8c,0x52,0xc6,0x39,0x29,0x3a,0x6d,0x63,
    0xaf,0x6b,0xec,0x52,0x09,0x2a,0x32,0x7c,0xb5,0x8c,0x90,0x5b,0xcb,0x52,0x28,0x42,
    0x07,0x4a,0x73,0xb5,0x37,0xc6,0x7a,0xce,0xd3,0x6b,0xd3,0x32,0x74,0x53,0x95,0x5b,
    0x95,0x5b,0x74,0x53,0x54,0x53,0xf7,0x94,0xbb,0xd6,0xbb,0xd6,0xdb,0xd6,0x98,0xad,
    0x56,0x7c,0xd6,0x94,0xd9,0xb5,0xbb,0xd6,0xdb,0xde,0xdb,0xde,0xdb,0xd6,0x3a,0xc6,
    0xd5,0x6b,0x34,0x4b,0x34,0x4b,0x34,0x4b,0x34,0x4b,0x34,0x4b,0x94,0x5b,0x76,0x84,
    0x57,0xa5,0xf9,0xbd,0x7a,0xce,0xff,0xdb,0xde,0xdb,0xde,0xbb,0xd6,0xf9,0xbd,0xf7,
    0x94,0xf5,0x6b,0x54,0x4b,0x34,0x4b,0x13,0x43,0x13,0x43,0x13,0x43,0x34,0x43,0x33,
    0x43,0x33,0x43,0x33,0x4b,0x33,0x4b,0x13,0x43,0x13,0x43,0x13,0x43,0x13,0x43,0x13,
    0x43,0xf3,0x3a,0x13,0x43,0xf4,0x6b,0x5a,0xc6,0xbb,0xd6,0x9b,0xd6,0x19,0xbe,0x91,
    0x2a,0xb1,0x2a,0xb1,0x2a,0x91,0x2a,0x91,0x2a,0xb2,0x32,0x98,0xad,0x5a,0xc6,0x5a,
    0xc6,0x5a,0xc6,0x5a,0xc6,0x5a,0xce,0x77,0xad,0x12,0x4b,0x91,0x2a,0x71,0x22,0x71,
    0x22,0x71,0x22,0x91,0x2a,0xb2,0x2a,0x14,0x74,0x5a,0xce,0x9b,0xd6,0x9b,0xd6,0x9b,
    0xd6,0xbb,0xd6,0x9b,0xd6,0x5a,0xce,0xb8,0xb5,0x17,0x9d,0xf6,0x94,0x95,0x84,0x17,
    0x9d,0x17,0x9d,0x78,0xad,0xf9,0xb5,0xb8,0xad,0x96,0x84,0xd2,0x3a,0x91,0x2a,0x91,
    0x2a,0xd2,0x32,0xf2,0x3a,0x13,0x43,0x13,0x43,0x33,0x4b,0x13,0x43,0x33,0x43,0xb8,
    0xad,0x9b,0xd6,0xbb,0xd6,0xbb,0xd6,0x5a,0xc6,0xd6,0x8c,0x94,0x5b,0x13,0x43,0x13,
    0x43,0x13,0x43,0xf3,0x3a,0x74,0x5b,0xb8,0xad,0xbb,0xd6,0xdb,0xd6,0xbb,0xd6,0xbb,
    0xd6,0xbb,0xd6,0xbb,0xd6,0xbb,0xd6,0x9a,0xd6,0x7a,0xce,0xd6,0x94,0x13,0x43,0x13,
    0x43,0x13,0x43,0x13,0x43,0x34,0x4b,0x54,0x4b,0x54,0x4b,0x33,0x4b,0x15,0x74,0x98,
    0xad,0x78,0xa5,0x94,0x5b,0xb4,0x5b,0xb6,0x8c,0xf9,0xbd,0x7a,0xce,0xbb,0xd6,0xbb,
    0xd6,0xbb,0xd6,0x7a,0xce,0xb8,0xb5,0x35,0x7c,0x98,0xad,0x9b,0xd6,0x9a,0xce,0xf7,
    0x94,0x13,0x43,0x14,0x43,0xff,0x14,0x43,0x14,0x43,0x14,0x43,0x14,0x43,0x14,0x43,
    0x14,0x43,0x14,0x43,0x14,0x43,0x14,0x43,0x14,0x43,0x14,0x43,0x34,0x43,0x34,0x4b,
    0x54,0x4b,0x74,0x53,0x74,0x53,0x74,0x53,0x74,0x53,0x74,0x53,0x74,0x53,0x74,0x53,
    0x74,0x53,0x54,0x53,0x34,0x4b,0x34,0x43,0x14,0x43,0x14,0x43,0x14,0x3b,0x14,0x3b,
    0x14,0x3b,0x14,0x3b,0x14,0x3b,0x13,0x3b,0xf3,0x3a,0xb2,0x2a,0x51,0x1a,0x0f,0x0a,
    0x30,0x1a,0x91,0x2a,0x13,0x43,0x34,0x4b,0x33,0x43,0x13,0x43,0x13,0x43,0xf3,0x42,
    0xd2,0x3a,0x91,0x2a,0xb2,0x32,0xf3,0x32,0x13,0x3b,0x34,0x43,0x76,0x84,0xf9,0xbd,
    0x9a,0xce,0xdb,0xd6,0xdb,0xde,0xdb,0xd6,0x9a,0xce,0x37,0xa5,0xf5,0x6b,0x15,0x6c,
    0xf7,0x94,0x3a,0xc6,0xdb,0xd6,0xdb,0xd6,0xbb,0xd6,0xbb,0xd6,0xdb,0xde,0xdb,0xde,
    0x7a,0xce,0xf5,0x6b,0x34,0x43,0x34,0x43,0x54,0x4b,0x75,0x53,0x95,0x5b,0x56,0x7c,
    0x9a,0xd6,0x9b,0xd6,0x9a,0xce,0xd6,0x8c,0x91,0x2a,0x71,0x22,0xd2,0x3a,0x94,0x5b,
    0x94,0x5b,0x34,0x4b,0x14,0x43,0x14,0x43,0x14,0x43,0x14,0x43,0x14,0x43,0x34,0x43,
    0x54,0x4b,0x74,0x53,0x75,0x53,0x54,0x4b,0x14,0x43,0xf3,0x3a,0xf3,0x3a,0x13,0x3b,
    0x14,0x43,0x34,0x43,0x34,0x43,0x34,0x43,0x34,0x43,0x34,0x4b,0x54,0x4b,0x34,0x4b,
    0x14,0x43,0x13,0x43,0x13,0x43,0xf3,0x3a,0xd3,0x32,0x92,0x22,0x71,0x1a,0x51,0x12,
    0x30,0x0a,0x30,0x0a,0x0f,0x0a,0x0f,0x0a,0xef,0x01,0xce,0x01,0xce,0x01,0xce,0x01,
    0xce,0x01,0xce,0x01,0xff,0xed,0x29,0x89,0x21,0x46,0x21,0x6b,0x3a,0x4e,0x5b,0xac,
    0x4a,0x09,0x32,0x8c,0x3a,0x88,0x21,0x25,0x21,0x04,0x21,0x48,0x52,0xed,0x93,0xf7,
    0xbd,0xb2,0x6b,0xd2,0x32,0x34,0x43,0x54,0x4b,0x54,0x53,0x74,0x53,0x74,0x53,0xd7,
    0x8c,0xbb,0xd6,0xdb,0xde,0xdb,0xd6,0xd9,0xb5,0x74,0x53,0xf3,0x3a,0xd3,0x32,0xb5,
    0x63,0x96,0x8c,0xb8,0xb5,0xbb,0xd6,0xdb,0xd6,0xdb,0xd6,0x57,0xa5,0x54,0x4b,0x34,
    0x4b,0x34,0x4b,0x34,0x4b,0x34,0x4b,0x34,0x4b,0x34,0x4b,0xf3,0x3a,0xf2,0x3a,0x96,
    0x84,0xf9,0xbd,0x7a,0xce,0xbb,0xd6,0xdb,0xd6,0xbb,0xd6,0x9a,0xce,0xb8,0xb5,0xf5,
    0x6b,0x33,0x43,0x13,0x43,0x13,0x43,0x33,0x43,0x33,0x43,0x13,0x43,0x33,0x4b,0x74,
    0x53,0x94,0x5b,0xb4,0x63,0x15,0x74,0x96,0x84,0x37,0xa5,0xd9,0xbd,0x5a,0xc6,0x9b,
    0xd6,0xbb,0xd6,0xbb,0xd6,0x7a,0xce,0xd6,0x94,0x91,0x2a,0x91,0x2a,0x91,0x2a,0x91,
    0x2a,0x91,0x2a,0x71,0x22,0xf2,0x42,0x14,0x74,0x98,0xad,0x7a,0xce,0x9b,0xce,0x9b,
    0xd6,0x7a,0xce,0x98,0xad,0x33,0x4b,0xd2,0x3a,0xb1,0x32,0x91,0x2a,0x91,0x2a,0x34,
    0x74,0x39,0xc6,0x9b,0xd6,0x9b,0xd6,0x5a,0xc6,0x9b,0xd6,0x9b,0xd6,0x9b,0xd6,0x9a,
    0xce,0x19,0xbe,0xf6,0x94,0x93,0x5b,0xd2,0x32,0xd2,0x32,0xd2,0x32,0xd2,0x32,0xd2,
    0x3a,0xf3,0x3a,0x33,0x4b,0x54,0x53,0x53,0x53,0x13,0x43,0xb1,0x32,0x71,0x2a,0x91,
    0x2a,0xd2,0x32,0xf3,0x3a,0x33,0x43,0x33,0x4b,0xf4,0x6b,0x37,0x9d,0x3a,0xc6,0x9b,
    0xd6,0x9b,0xd6,0xff,0x9b,0xd6,0x7a,0xce,0xd9,0xbd,0x96,0x8c,0x33,0x4b,0x53,0x53,
    0x57,0xa5,0xbb,0xd6,0xbb,0xd6,0xbb,0xd6,0x5a,0xce,0xd9,0xbd,0x78,0xad,0xf7,0x94,
    0x75,0x84,0x15,0x74,0x94,0x5b,0x13,0x43,0x13,0x43,0x13,0x43,0x74,0x53,0x55,0x7c,
    0xb6,0x8c,0x58,0xa5,0x19,0xbe,0x19,0xbe,0x58,0xa5,0xd4,0x63,0xf3,0x3a,0xf3,0x3a,
    0xf3,0x3a,0x13,0x43,0x54,0x53,0x15,0x74,0x17,0x9d,0x19,0xc6,0x9b,0xd6,0xbb,0xd6,
    0xbb,0xd6,0xbb,0xd6,0xbb,0xd6,0xdb,0xd6,0xbb,0xd6,0x57,0xa5,0x13,0x43,0x13,0x43,
    0x13,0x43,0x14,0x43,0x14,0x43,0x13,0x43,0x14,0x43,0x14,0x43,0x14,0x43,0x14,0x43,
    0x14,0x43,0x14,0x43,0x14,0x43,0x14,0x43,0x14,0x43,0x34,0x43,0x34,0x4b,0x34,0x4b,
    0x34,0x4b,0x54,0x4b,0x54,0x4b,0x54,0x4b,0x34,0x4b,0x34,0x4b,0x34,0x43,0x14,0x43,
    0x14,0x43,0x14,0x43,0x14,0x43,0x14,0x43,0x14,0x43,0x14,0x43,0x14,0x43,0x14,0x3b,
    0xf3,0x3a,0xb2,0x2a,0x51,0x1a,0x91,0x2a,0x33,0x4b,0x34,0x4b,0x74,0x53,0x54,0x53,
    0x54,0x4b,0x54,0x4b,0x54,0x4b,0x34,0x4b,0x54,0x4b,0x34,0x4b,0x13,0x43,0xf3,0x3a,
    0xd2,0x32,0xb2,0x2a,0xd2,0x32,0xf3,0x3a,0x13,0x3b,0xd5,0x63,0xd7,0x8c,0x39,0xc6,
    0xdb,0xd6,0xdb,0xde,0xdb,0xde,0xbb,0xd6,0xbb,0xd6,0xdb,0xd6,0xdb,0xde,0xdb,0xd6,
    0xbb,0xd6,0xbb,0xd6,0xdb,0xde,0xdb,0xde,0x7a,0xce,0xf5,0x6b,0x14,0x3b,0x34,0x43,
    0x34,0x43,0x54,0x4b,0x54,0x4b,0x54,0x4b,0xf5,0x6b,0x7a,0xce,0xdb,0xde,0xdb,0xd6,
    0x19,0xbe,0xff,0x74,0x53,0x54,0x4b,0x98,0xad,0x5a,0xc6,0x5a,0xce,0xd9,0xb5,0x55,
    0x7c,0x13,0x43,0xf3,0x3a,0xf3,0x3a,0x14,0x43,0x14,0x43,0x14,0x43,0x34,0x43,0x34,
    0x4b,0x54,0x4b,0x74,0x53,0x75,0x53,0x54,0x4b,0x13,0x43,0xf3,0x3a,0xf3,0x3a,0x13,
    0x3b,0x34,0x43,0x34,0x43,0x34,0x4b,0x54,0x4b,0x54,0x4b,0x14,0x43,0x14,0x43,0x14,
    0x43,0xf3,0x3a,0xd3,0x32,0xb2,0x2a,0x92,0x22,0x92,0x22,0x71,0x1a,0x71,0x1a,0x51,
    0x1a,0x50,0x12,0x30,0x0a,0x0f,0x0a,0xef,0x01,0xce,0x01,0xee,0x01,0xef,0x09,0xef,
    0x01,0x0f,0x12,0x6c,0x09,0xaa,0x19,0x2f,0x53,0xb5,0x8c,0x36,0x9d,0x12,0x7c,0xed,
    0x5a,0x8b,0x4a,0x2a,0x3a,0x89,0x52,0x8c,0x7b,0x70,0x63,0xd2,0x32,0x13,0x43,0x14,
    0x43,0x14,0x43,0x13,0x43,0x34,0x4b,0xb6,0x8c,0xbb,0xd6,0xdb,0xd6,0xdb,0xde,0x19,
    0xbe,0xb5,0x63,0x13,0x3b,0xd2,0x32,0x74,0x53,0xb5,0x63,0x54,0x4b,0x54,0x4b,0xd9,
    0xb5,0xdb,0xd6,0xdb,0xde,0x5a,0xc6,0xb5,0x63,0x34,0x4b,0x34,0x4b,0x34,0x4b,0x34,
    0x4b,0x34,0x43,0xf3,0x3a,0xb2,0x2a,0x74,0x53,0xb5,0x63,0x74,0x53,0xd5,0x63,0xb6,
    0x8c,0xb9,0xb5,0x7a,0xce,0xbb,0xd6,0xdb,0xd6,0x78,0xad,0x34,0x4b,0x33,0x4b,0x94,
    0x5b,0x15,0x6c,0xb6,0x8c,0x57,0xa5,0xd9,0xb5,0x39,0xc6,0x7a,0xce,0x7a,0xce,0x9b,
    0xd6,0xbb,0xd6,0xbb,0xd6,0xbb,0xd6,0xbb,0xd6,0x9b,0xd6,0x9b,0xd6,0x3a,0xc6,0xf6,
    0x94,0x13,0x43,0xb6,0x8c,0xf1,0x4a,0x10,0x53,0x70,0x2a,0x91,0x22,0x71,0x22,0x71,
    0x22,0xff,0xb1,0x32,0x33,0x4b,0x55,0x7c,0x78,0xad,0x19,0xbe,0x5a,0xce,0xf6,0x94,
    0xf2,0x3a,0xd2,0x3a,0xf2,0x3a,0xd2,0x32,0x55,0x7c,0x5a,0xc6,0x9a,0xce,0x9a,0xce,
    0x78,0xad,0x33,0x4b,0xb4,0x63,0x37,0x9d,0x39,0xc6,0x9b,0xd6,0xbb,0xd6,0xbb,0xd6,
    0x7a,0xce,0xb6,0x8c,0xf2,0x3a,0xd2,0x3a,0xd2,0x3a,0xd2,0x3a,0xd2,0x3a,0xf2,0x3a,
    0xf2,0x3a,0x13,0x43,0x54,0x53,0x74,0x53,0x33,0x4b,0xd2,0x3a,0xf2,0x42,0x75,0x84,
    0xf9,0xbd,0xd9,0xb5,0xf5,0x6b,0x13,0x43,0x53,0x53,0x76,0x84,0xb9,0xb5,0x5a,0xce,
    0x9b,0xd6,0xbb,0xd6,0xbb,0xd6,0x7a,0xce,0xf9,0xbd,0x9b,0xd6,0xbb,0xd6,0x9b,0xd6,
    0x37,0x9d,0x33,0x4b,0xf3,0x3a,0xf3,0x3a,0xf3,0x3a,0xf3,0x3a,0x13,0x43,0x13,0x43,
    0x13,0x43,0x13,0x43,0x75,0x7c,0x5a,0xc6,0xdb,0xd6,0xbb,0xd6,0xdb,0xd6,0xdb,0xd6,
    0xbb,0xd6,0xbb,0xd6,0x7a,0xce,0x98,0xad,0x96,0x84,0xb4,0x63,0xf3,0x3a,0xf3,0x3a,
    0xf3,0x3a,0x13,0x43,0x74,0x53,0x76,0x84,0xb8,0xad,0xbb,0xd6,0xbb,0xd6,0xbb,0xd6,
    0xbb,0xd6,0xd9,0xb5,0xb4,0x63,0x13,0x43,0x13,0x43,0x14,0x43,0x13,0x43,0x14,0x43,
    0x14,0x43,0x14,0x43,0x14,0x43,0x14,0x43,0x14,0x43,0x14,0x43,0x14,0x43,0x14,0x43,
    0x14,0x43,0x14,0x43,0x14,0x43,0x14,0x43,0x13,0x43,0x14,0x43,0x34,0x43,0x14,0x43,
    0x14,0x43,0x14,0x43,0x14,0x43,0x13,0x43,0x13,0x43,0x14,0x43,0x14,0x43,0x14,0x43,
    0x14,0x43,0x14,0x43,0x14,0x43,0x14,0x43,0x13,0x3b,0xd3,0x32,0xb2,0x32,0xf3,0x42,
    0xff,0x54,0x53,0x54,0x4b,0x54,0x53,0x34,0x4b,0x34,0x4b,0x34,0x4b,0x54,0x4b,0x34,
    0x4b,0x54,0x4b,0x54,0x53,0x95,0x5b,0x54,0x53,0x54,0x4b,0x54,0x4b,0x34,0x4b,0xf3,
    0x3a,0xb2,0x32,0xb2,0x32,0xd3,0x32,0xf3,0x3a,0xf3,0x3a,0x15,0x6c,0x78,0xad,0x5a,
    0xce,0xbb,0xd6,0x9a,0xce,0x5a,0xc6,0x19,0xbe,0xf9,0xbd,0xbb,0xd6,0xdb,0xde,0xdb,
    0xde,0xdb,0xde,0x5a,0xc6,0x17,0x9d,0x35,0x74,0x54,0x4b,0xf4,0x3a,0x14,0x43,0x34,
    0x43,0xd5,0x63,0xd9,0xb5,0xdb,0xde,0xdb,0xde,0xbb,0xd6,0xb9,0xb5,0xb5,0x63,0xb9,
    0xad,0xdb,0xde,0xdb,0xde,0xdb,0xde,0xdb,0xde,0xdb,0xde,0x5a,0xc6,0x17,0x9d,0xf5,
    0x6b,0x13,0x3b,0xf3,0x3a,0x14,0x3b,0x14,0x43,0x34,0x43,0x34,0x43,0x34,0x43,0x54,
    0x4b,0x75,0x53,0x75,0x53,0x75,0x53,0x34,0x4b,0x13,0x3b,0xf3,0x3a,0xf3,0x3a,0x14,
    0x43,0x34,0x4b,0x54,0x4b,0x34,0x4b,0x14,0x43,0x13,0x43,0x13,0x3b,0xf3,0x3a,0xd3,
    0x32,0xd3,0x32,0xb2,0x2a,0xb2,0x2a,0xb2,0x2a,0x92,0x22,0x91,0x22,0x71,0x1a,0x51,
    0x1a,0x30,0x12,0x0f,0x0a,0x0f,0x0a,0x0f,0x12,0x0f,0x0a,0xef,0x01,0xef,0x01,0xce,
    0x01,0x8d,0x01,0x4e,0x32,0x71,0x5b,0x0f,0x4b,0xb1,0x63,0x2f,0x53,0x2a,0x3a,0x29,
    0x42,0x4e,0x32,0xd2,0x32,0x34,0x43,0x54,0x4b,0x54,0x4b,0x54,0x4b,0x54,0x4b,0x96,
    0x84,0x9a,0xd6,0xdb,0xde,0xdb,0xde,0x9b,0xd6,0x76,0x84,0x34,0x4b,0xd3,0x32,0x74,
    0x53,0xb5,0x63,0x54,0x53,0x34,0x4b,0x94,0x5b,0xd9,0xb5,0xdb,0xd6,0xdb,0xde,0xff,
    0xbb,0xd6,0x76,0x7c,0x34,0x4b,0xd5,0x6b,0x56,0x7c,0xb6,0x8c,0x17,0x9d,0x57,0xa5,
    0xb8,0xad,0xd7,0x94,0xb4,0x63,0x13,0x43,0x34,0x43,0x34,0x43,0x34,0x4b,0xd5,0x6b,
    0x76,0x84,0xb6,0x8c,0x74,0x5b,0xd5,0x63,0xf9,0xbd,0x9b,0xd6,0xbb,0xd6,0xdb,0xd6,
    0xdb,0xd6,0xbb,0xd6,0xbb,0xd6,0xbb,0xd6,0x9a,0xce,0x3a,0xc6,0x19,0xbe,0xb8,0xb5,
    0x57,0xa5,0xd6,0x8c,0x35,0x74,0x94,0x5b,0x33,0x4b,0xd2,0x3a,0xd2,0x3a,0x39,0xc6,
    0x94,0xbd,0xb7,0xde,0xb4,0xbd,0xaf,0x73,0x11,0x53,0xb1,0x32,0xd2,0x32,0xd2,0x32,
    0xd2,0x3a,0x12,0x43,0x33,0x4b,0x73,0x53,0x12,0x43,0xf2,0x3a,0xf2,0x3a,0xd2,0x3a,
    0xf2,0x3a,0xf6,0x94,0x7a,0xce,0x9a,0xce,0x7a,0xce,0xf4,0x6b,0xd2,0x32,0xd2,0x32,
    0xd2,0x3a,0x12,0x43,0x14,0x74,0x19,0xc6,0x9b,0xd6,0xbb,0xd6,0x98,0xad,0xf2,0x3a,
    0xd2,0x3a,0xd2,0x3a,0xd2,0x3a,0xd2,0x3a,0xd2,0x3a,0xf2,0x3a,0xd2,0x3a,0xf2,0x3a,
    0xf3,0x3a,0x33,0x4b,0xb4,0x63,0x98,0xad,0x9a,0xce,0x9a,0xd6,0x5a,0xc6,0x14,0x74,
    0xd2,0x32,0xf3,0x3a,0x13,0x43,0x54,0x53,0xb4,0x63,0xb6,0x8c,0x19,0xbe,0x7a,0xce,
    0x9b,0xd6,0xbb,0xd6,0xbb,0xd6,0xbb,0xd6,0xb8,0xb5,0x94,0x5b,0x33,0x4b,0xf3,0x3a,
    0xf3,0x3a,0xf3,0x3a,0x13,0x43,0x13,0x43,0x13,0x43,0x13,0x43,0x15,0x74,0x5a,0xc6,
    0xbb,0xd6,0xbb,0xd6,0x7a,0xce,0xf9,0xbd,0x98,0xad,0x3a,0xc6,0x9b,0xd6,0xbb,0xd6,
    0xbb,0xd6,0xbb,0xd6,0x7a,0xce,0x35,0x74,0x34,0x4b,0xf3,0x3a,0xf3,0x3a,0xff,0xf3,
    0x3a,0xf3,0x3a,0x37,0xa5,0xdb,0xde,0xdb,0xde,0xbb,0xd6,0x17,0x9d,0x53,0x53,0xd2,
    0x32,0xf3,0x3a,0x13,0x43,0x14,0x43,0x13,0x43,0x14,0x43,0x13,0x43,0x14,0x43,0x14,
    0x43,0x14,0x43,0x14,0x43,0x14,0x43,0x14,0x43,0x14,0x43,0x14,0x43,0x14,0x43,0x13,
    0x43,0x14,0x43,0x13,0x43,0x14,0x43,0x13,0x43,0x13,0x43,0x14,0x43,0x14,0x43,0x14,
    0x43,0x14,0x43,0x14,0x43,0x14,0x43,0x14,0x43,0x14,0x43,0x14,0x43,0x14,0x43,0x14,
    0x43,0x14,0x43,0xf3,0x3a,0xf3,0x3a,0x13,0x43,0x54,0x53,0x54,0x53,0x54,0x4b,0x34,
    0x4b,0x54,0x4b,0x54,0x53,0x74,0x53,0x74,0x53,0x54,0x4b,0x34,0x4b,0x34,0x4b,0x74,
    0x53,0x74,0x53,0x33,0x4b,0x34,0x4b,0x54,0x4b,0x74,0x53,0x74,0x53,0x34,0x43,0xd2,
    0x3a,0xb2,0x2a,0xb2,0x32,0xf3,0x3a,0x14,0x3b,0x54,0x4b,0xd5,0x63,0x74,0x53,0x54,
    0x4b,0xd5,0x63,0x5a,0xc6,0xdb,0xde,0xdb,0xd6,0xbb,0xd6,0xbb,0xd6,0xdb,0xde,0xdb,
    0xd6,0xbb,0xd6,0x5a,0xc6,0x17,0x9d,0xd5,0x63,0x96,0x84,0x19,0xbe,0xdb,0xd6,0xdb,
    0xde,0xbb,0xd6,0x78,0xa5,0xb5,0x5b,0x98,0xad,0xdb,0xd6,0xdb,0xde,0xbb,0xd6,0x19,
    0xbe,0x9a,0xce,0xdb,0xd6,0xdb,0xde,0xdb,0xde,0xbb,0xd6,0x39,0xc6,0x96,0x8c,0x54,
    0x53,0x13,0x3b,0x13,0x3b,0x14,0x43,0x34,0x43,0x34,0x43,0x34,0x43,0x34,0x4b,0x54,
    0x4b,0x74,0x53,0x95,0x5b,0x74,0x53,0x34,0x43,0xf3,0x3a,0x13,0x3b,0x34,0x4b,0x34,
    0x4b,0x14,0x43,0x14,0x43,0x14,0x43,0x13,0x3b,0xf3,0x3a,0xf3,0x32,0xff,0xd3,0x32,
    0xd3,0x32,0xd2,0x32,0xb2,0x2a,0xb2,0x2a,0xb2,0x2a,0x92,0x22,0x71,0x22,0x51,0x1a,
    0x30,0x12,0x50,0x12,0x50,0x12,0x10,0x02,0x0f,0x02,0xef,0x01,0xef,0x01,0xef,0x01,
    0xef,0x01,0xef,0x09,0xee,0x19,0x4c,0x42,0xab,0x5a,0x4f,0x32,0xf3,0x3a,0x74,0x53,
    0x74,0x53,0x54,0x53,0x54,0x53,0x74,0x53,0x76,0x84,0x9a,0xd6,0xdb,0xde,0xdb,0xde,
    0xdb,0xde,0xdb,0xde,0xbb,0xd6,0xd9,0xbd,0xb6,0x8c,0xd5,0x6b,0x74,0x53,0x54,0x4b,
    0xb5,0x63,0x98,0xad,0xbb,0xd6,0xdb,0xd6,0xbb,0xd6,0x58,0xa5,0x54,0x4b,0xb6,0x8c,
    0x7a,0xce,0xbb,0xd6,0xbb,0xd6,0x9a,0xd6,0xbb,0xd6,0xdb,0xde,0xbb,0xd6,0x39,0xc6,
    0x37,0x9d,0xf5,0x6b,0x54,0x4b,0x34,0x43,0x34,0x43,0x34,0x43,0x13,0x43,0x33,0x43,
    0xb4,0x63,0x3a,0xc6,0x9b,0xd6,0xbb,0xd6,0xbb,0xd6,0xbb,0xd6,0x9b,0xd6,0xd9,0xb5,
    0x75,0x84,0xd4,0x63,0x53,0x53,0x33,0x4b,0x33,0x4b,0x13,0x43,0x13,0x43,0x13,0x43,
    0xf3,0x3a,0xf3,0x3a,0xf2,0x3a,0xf2,0x3a,0xd4,0xc5,0xb6,0xde,0xd7,0xde,0xd7,0xde,
    0xd7,0xde,0x56,0xce,0x73,0xb5,0x90,0x6b,0xb1,0x32,0xd2,0x32,0xd2,0x32,0xd2,0x32,
    0xd2,0x32,0xd2,0x3a,0xd2,0x3a,0xf2,0x3a,0xd2,0x3a,0xf2,0x3a,0xf4,0x6b,0x7a,0xce,
    0x9b,0xd6,0x9b,0xd6,0x17,0x9d,0x33,0x4b,0xb2,0x32,0xd2,0x32,0xd2,0x32,0xd2,0x32,
    0x57,0x9d,0xbb,0xd6,0xbb,0xd6,0x5a,0xce,0x93,0x5b,0xd2,0x32,0xd2,0x3a,0xd2,0x3a,
    0xd2,0x3a,0xd2,0x3a,0xd2,0x3a,0xd2,0x3a,0xd2,0x3a,0xf2,0x3a,0xff,0x53,0x53,0x57,
    0xa5,0x9b,0xd6,0xdb,0xd6,0xbb,0xd6,0x57,0xa5,0x33,0x4b,0x91,0x2a,0x91,0x2a,0xb2,
    0x32,0xf3,0x3a,0x33,0x43,0x13,0x43,0x33,0x4b,0x35,0x7c,0x78,0xad,0x5a,0xce,0x9b,
    0xd6,0x9b,0xd6,0xbb,0xd6,0x7a,0xce,0xd9,0xb5,0x55,0x7c,0xf3,0x42,0xf3,0x3a,0x13,
    0x43,0x13,0x43,0x13,0x43,0x35,0x7c,0x5a,0xc6,0xbb,0xd6,0xbb,0xd6,0x3a,0xc6,0xd4,
    0x63,0xf3,0x3a,0xf3,0x3a,0x53,0x53,0x55,0x7c,0x98,0xad,0xbb,0xd6,0xbb,0xd6,0xdb,
    0xd6,0x78,0xa5,0x34,0x4b,0x54,0x4b,0x54,0x4b,0x13,0x43,0xf3,0x3a,0x15,0x74,0xf9,
    0xbd,0xf9,0xbd,0xb6,0x8c,0x94,0x5b,0x74,0x53,0x34,0x4b,0xf3,0x3a,0xd2,0x32,0xd2,
    0x32,0xf3,0x3a,0x13,0x43,0x13,0x43,0x14,0x43,0x14,0x43,0x14,0x43,0x14,0x43,0x13,
    0x43,0x14,0x43,0x14,0x43,0x14,0x43,0x14,0x43,0x13,0x43,0x13,0x43,0x14,0x43,0x14,
    0x43,0x13,0x43,0x13,0x43,0x13,0x43,0x13,0x43,0x14,0x43,0x14,0x43,0x13,0x43,0x14,
    0x43,0x14,0x43,0x13,0x43,0x14,0x43,0x14,0x43,0x13,0x43,0x14,0x43,0x14,0x43,0x34,
    0x4b,0x54,0x53,0x54,0x4b,0x54,0x4b,0x34,0x4b,0x34,0x4b,0x34,0x4b,0x54,0x4b,0x34,
    0x4b,0x34,0x4b,0x34,0x4b,0x34,0x4b,0x54,0x4b,0x54,0x4b,0x54,0x53,0x54,0x53,0x54,
    0x4b,0x54,0x4b,0x54,0x4b,0x54,0x4b,0x34,0x43,0x34,0x43,0x14,0x43,0x13,0x43,0xf3,
    0x3a,0xd2,0x32,0xd2,0x32,0xf3,0x3a,0x13,0x3b,0xd5,0x63,0x3a,0xc6,0xdb,0xde,0xdb,
    0xde,0x7a,0xce,0x56,0x7c,0xb6,0x8c,0xf9,0xbd,0xdb,0xd6,0xff,0xdb,0xde,0xdb,0xde,
    0xdb,0xde,0xdb,0xd6,0xdb,0xde,0xdb,0xde,0xdb,0xde,0xdb,0xde,0x98,0xad,0xb5,0x5b,
    0xb9,0xb5,0xbb,0xd6,0xdb,0xde,0xbb,0xd6,0x37,0x9d,0x34,0x4b,0x54,0x4b,0x76,0x84,
    0xb8,0xad,0x9a,0xd6,0xdb,0xde,0xdb,0xde,0xdb,0xde,0x7a,0xce,0xb8,0xb5,0x15,0x6c,
    0xf3,0x32,0xf3,0x3a,0x14,0x3b,0x34,0x43,0x34,0x43,0x34,0x43,0x34,0x43,0x34,0x4b,
    0x54,0x53,0x75,0x53,0x54,0x4b,0x14,0x43,0x14,0x43,0x34,0x4b,0x14,0x43,0x14,0x43,
    0x14,0x43,0x14,0x3b,0x13,0x3b,0xf3,0x3a,0xf3,0x3a,0xf3,0x3a,0xf3,0x32,0xd3,0x32,
    0xd3,0x32,0xd2,0x32,0xb2,0x2a,0xb2,0x2a,0x92,0x22,0x71,0x1a,0x71,0x1a,0x91,0x22,
    0x51,0x1a,0x30,0x0a,0x10,0x02,0x10,0x02,0x10,0x02,0x51,0x12,0x92,0x22,0x92,0x22,
    0x92,0x22,0xb2,0x2a,0xf3,0x3a,0x34,0x4b,0x95,0x5b,0xb5,0x63,0xd5,0x6b,0xd5,0x6b,
    0xb7,0x8c,0x9a,0xd6,0xdb,0xde,0xdb,0xde,0x7a,0xce,0xf9,0xbd,0x9a,0xd6,0xbb,0xd6,
    0xdb,0xde,0xdb,0xde,0x7a,0xce,0xd9,0xb5,0xf9,0xbd,0x7a,0xce,0xbb,0xd6,0xdb,0xde,
    0xbb,0xd6,0x58,0xa5,0x34,0x4b,0x34,0x43,0x96,0x84,0x7a,0xce,0x5a,0xce,0x19,0xbe,
    0xd9,0xb5,0x19,0xbe,0x5a,0xce,0xbb,0xd6,0xdb,0xd6,0xbb,0xd6,0xbb,0xd6,0xd9,0xb5,
    0x74,0x5b,0x34,0x43,0x13,0x43,0x13,0x43,0x13,0x43,0x33,0x4b,0xd4,0x6b,0x96,0x84,
    0x78,0xa5,0x3a,0xc6,0xbb,0xd6,0xbb,0xd6,0x9b,0xd6,0x5a,0xce,0xb8,0xb5,0xb6,0x8c,
    0x73,0x53,0x13,0x43,0x13,0x43,0x13,0x43,0xf3,0x3a,0xff,0xf2,0x3a,0xf2,0x3a,0xf2,
    0x3a,0xd2,0x32,0xb6,0xde,0xd7,0xde,0xd7,0xde,0xd7,0xde,0xd7,0xde,0xd7,0xde,0xd7,
    0xde,0xd7,0xde,0xf5,0xc5,0x51,0x8c,0x31,0x5b,0x91,0x2a,0x91,0x2a,0xb1,0x32,0xd2,
    0x32,0xd2,0x3a,0xd2,0x3a,0xf2,0x3a,0x32,0x4b,0xf9,0xbd,0x9b,0xd6,0xbb,0xd6,0x9b,
    0xd6,0x7a,0xce,0x57,0xa5,0xf4,0x6b,0xf4,0x6b,0xb6,0x8c,0xf9,0xbd,0x9b,0xd6,0xbb,
    0xd6,0x3a,0xc6,0xb4,0x63,0xd2,0x32,0xd2,0x3a,0xd2,0x3a,0xd2,0x3a,0xd2,0x3a,0xd2,
    0x3a,0xd2,0x3a,0xf2,0x3a,0x73,0x53,0x78,0xa5,0x9b,0xd6,0xbb,0xd6,0x7a,0xce,0xf6,
    0x94,0x33,0x4b,0x54,0x53,0x74,0x53,0x33,0x4b,0xd2,0x3a,0x91,0x2a,0xb2,0x32,0xf4,
    0x6b,0xb6,0x8c,0x75,0x84,0x74,0x5b,0x94,0x5b,0x96,0x84,0xd9,0xb5,0x7a,0xce,0x9b,
    0xd6,0xbb,0xd6,0xf9,0xbd,0x53,0x53,0xf3,0x3a,0xf3,0x3a,0x13,0x43,0x55,0x7c,0x5a,
    0xce,0xbb,0xd6,0xbb,0xd6,0x19,0xc6,0x94,0x5b,0x13,0x43,0x13,0x43,0x13,0x43,0x13,
    0x43,0x13,0x43,0x13,0x43,0xd9,0xb5,0xdb,0xd6,0xbb,0xd6,0x39,0xc6,0xd4,0x63,0xd5,
    0x6b,0x55,0x7c,0xd7,0x94,0xb6,0x8c,0xf5,0x6b,0x13,0x43,0xf3,0x3a,0xf3,0x3a,0xf3,
    0x3a,0x34,0x43,0x54,0x53,0x74,0x53,0x74,0x53,0x13,0x43,0xd2,0x3a,0xb2,0x32,0xd3,
    0x3a,0xf3,0x3a,0x14,0x43,0x14,0x43,0x14,0x43,0x14,0x43,0x13,0x43,0x13,0x43,0x13,
    0x43,0x13,0x43,0x34,0x4b,0x54,0x53,0xb4,0x63,0x15,0x6c,0x15,0x74,0x74,0x53,0x13,
    0x43,0x13,0x43,0x14,0x43,0x13,0x43,0x13,0x43,0xff,0x14,0x43,0x14,0x43,0x13,0x43,
    0x14,0x43,0x14,0x43,0x14,0x43,0x14,0x43,0x14,0x43,0x34,0x4b,0x54,0x53,0x13,0x43,
    0x13,0x43,0x34,0x4b,0x34,0x4b,0x34,0x43,0x14,0x43,0x13,0x3b,0x13,0x43,0x34,0x43,
    0x34,0x4b,0x54,0x4b,0x34,0x43,0x34,0x4b,0x54,0x53,0x54,0x4b,0x54,0x4b,0x34,0x4b,
    0x14,0x43,0x14,0x43,0x14,0x43,0x34,0x43,0x14,0x3b,0x14,0x3b,0x14,0x43,0xf3,0x3a,
    0xb2,0x32,0xd2,0x32,0xd6,0x8c,0x9a,0xd6,0xbb,0xd6,0x5a,0xce,0xf5,0x6b,0x14,0x3b,
    0x14,0x3b,0x34,0x43,0xd9,0xb5,0xdb,0xde,0xdb,0xde,0xdb,0xde,0x9b,0xd6,0x7a,0xce,
    0x3a,0xc6,0xf9,0xbd,0xf7,0x94,0x74,0x53,0x98,0xad,0xdb,0xde,0xdb,0xde,0xdb,0xde,
    0xbb,0xd6,0x39,0xc6,0x78,0xad,0x98,0xad,0x37,0xa5,0x55,0x7c,0xb5,0x63,0x17,0x95,
    0x39,0xc6,0xbb,0xd6,0xdb,0xde,0xdb,0xde,0x19,0xbe,0x74,0x5b,0x34,0x43,0xf3,0x3a,
    0xf3,0x3a,0xf3,0x3a,0x14,0x43,0x34,0x43,0x34,0x43,0x34,0x43,0x34,0x4b,0x54,0x53,
    0x34,0x4b,0x14,0x43,0x34,0x4b,0x34,0x4b,0x14,0x43,0x14,0x43,0x14,0x43,0x14,0x3b,
    0x13,0x3b,0xf3,0x3a,0xf3,0x3a,0xf3,0x3a,0xf3,0x3a,0xf3,0x3a,0xf3,0x32,0xd3,0x32,
    0xd3,0x32,0xd2,0x32,0xb2,0x2a,0x92,0x22,0xb2,0x2a,0x92,0x22,0x71,0x1a,0x51,0x12,
    0x51,0x0a,0x51,0x0a,0x71,0x1a,0xb2,0x2a,0xd2,0x32,0xd3,0x32,0xf3,0x32,0xf3,0x3a,
    0x34,0x43,0x74,0x53,0x95,0x5b,0xb5,0x63,0x36,0x74,0x9a,0xce,0xdb,0xde,0xdb,0xde,
    0x7a,0xce,0x56,0x7c,0x54,0x53,0x13,0x43,0xff,0xb8,0xb5,0xdb,0xde,0xdb,0xde,0xdb,
    0xd6,0xdb,0xd6,0xdb,0xde,0xbb,0xd6,0xbb,0xd6,0x9a,0xce,0xb8,0xb5,0x54,0x4b,0x34,
    0x43,0x34,0x43,0x34,0x4b,0x33,0x43,0xd2,0x32,0x33,0x4b,0xb5,0x63,0x74,0x53,0x94,
    0x5b,0x96,0x8c,0xf9,0xbd,0xbb,0xd6,0xdb,0xd6,0xbb,0xd6,0x96,0x84,0x13,0x43,0x13,
    0x43,0x13,0x43,0x13,0x43,0x33,0x43,0x33,0x4b,0x13,0x43,0x13,0x43,0x94,0x5b,0xb6,
    0x8c,0xb8,0xb5,0x7a,0xce,0xbb,0xd6,0xbb,0xd6,0xbb,0xd6,0x39,0xc6,0x17,0x9d,0x73,
    0x53,0xf3,0x42,0xf3,0x3a,0xf2,0x3a,0xf2,0x3a,0xd2,0x3a,0x71,0x22,0xd7,0xde,0xd7,
    0xde,0xd7,0xde,0xd7,0xde,0xd7,0xde,0xd7,0xde,0xd7,0xde,0xd7,0xde,0xd7,0xde,0xd7,
    0xde,0x96,0xd6,0xb4,0xbd,0x90,0x73,0xd1,0x42,0xd2,0x3a,0xf2,0x3a,0xf2,0x3a,0xf2,
    0x3a,0xf2,0x3a,0x73,0x5b,0x75,0x84,0xd8,0xb5,0x9a,0xce,0x9b,0xd6,0x9b,0xd6,0x9a,
    0xce,0x9a,0xce,0x19,0xc6,0x9a,0xd6,0x9b,0xd6,0x39,0xc6,0xb4,0x63,0xd2,0x3a,0xd2,
    0x3a,0xd2,0x3a,0xd2,0x3a,0xd2,0x3a,0xd2,0x3a,0xd2,0x3a,0xd2,0x3a,0x73,0x5b,0x98,
    0xad,0x9b,0xd6,0xbb,0xd6,0x5a,0xce,0xb6,0x8c,0x13,0x43,0xf2,0x3a,0xf3,0x3a,0xf3,
    0x42,0x33,0x4b,0x74,0x53,0x74,0x53,0x57,0xa5,0x7a,0xce,0x7a,0xce,0x5a,0xc6,0x15,
    0x74,0x13,0x43,0x33,0x4b,0x33,0x4b,0xd4,0x63,0xd6,0x8c,0x58,0xa5,0xd4,0x6b,0xd2,
    0x3a,0xd2,0x3a,0xf3,0x3a,0xb6,0x8c,0x7a,0xce,0xbb,0xd6,0xbb,0xd6,0x5a,0xce,0xb4,
    0x63,0x13,0x43,0x13,0x43,0x13,0x43,0xff,0x13,0x43,0xf3,0x42,0x13,0x43,0x15,0x74,
    0x5a,0xc6,0xdb,0xd6,0xbb,0xd6,0xbb,0xd6,0x7a,0xce,0x9a,0xce,0xbb,0xd6,0xbb,0xd6,
    0xbb,0xd6,0x3a,0xc6,0xb4,0x5b,0x54,0x4b,0x34,0x4b,0x13,0x3b,0xf3,0x3a,0xf3,0x3a,
    0x13,0x43,0x34,0x4b,0x74,0x53,0x74,0x53,0x54,0x53,0x13,0x43,0xd2,0x32,0xb2,0x32,
    0xf3,0x3a,0x13,0x43,0x14,0x43,0x14,0x43,0x14,0x43,0x15,0x74,0x98,0xad,0x19,0xbe,
    0x5a,0xc6,0x9a,0xce,0xbb,0xd6,0xbb,0xd6,0x5a,0xc6,0x37,0x9d,0x94,0x5b,0x13,0x43,
    0x13,0x43,0x13,0x43,0x13,0x43,0x13,0x43,0x14,0x43,0x14,0x43,0x14,0x43,0x14,0x43,
    0x14,0x43,0x34,0x43,0x54,0x4b,0x34,0x4b,0x74,0x53,0xd2,0x3a,0x13,0x43,0x34,0x4b,
    0x34,0x4b,0x34,0x4b,0x34,0x4b,0x34,0x4b,0x54,0x4b,0x34,0x4b,0xf3,0x3a,0xd2,0x32,
    0x74,0x53,0x33,0x4b,0x54,0x4b,0x34,0x4b,0x14,0x43,0x14,0x43,0x14,0x3b,0x14,0x3b,
    0x14,0x3b,0x14,0x43,0x14,0x43,0x34,0x43,0x14,0x43,0xf4,0x3a,0x13,0x43,0x13,0x43,
    0x73,0x5b,0xd4,0x6b,0x74,0x5b,0xf3,0x3a,0x14,0x3b,0x34,0x43,0x14,0x43,0xb6,0x8c,
    0xdb,0xd6,0xdb,0xde,0xbb,0xd6,0xd7,0x94,0x74,0x53,0x34,0x43,0x14,0x3b,0x14,0x3b,
    0x54,0x4b,0xf9,0xbd,0xdb,0xd6,0xdb,0xde,0xdb,0xde,0xdb,0xde,0xdb,0xde,0xdb,0xde,
    0xdb,0xde,0xdb,0xde,0x9a,0xd6,0x3a,0xc6,0x96,0x8c,0x34,0x4b,0xd5,0x6b,0xd7,0x94,
    0x96,0x84,0xf5,0x6b,0x54,0x4b,0x94,0x53,0x95,0x5b,0x94,0x5b,0xd4,0x63,0x33,0x4b,
    0x34,0x4b,0x34,0x43,0x34,0x43,0xff,0x34,0x43,0x54,0x4b,0x54,0x4b,0x34,0x43,0x34,
    0x43,0x34,0x4b,0x14,0x43,0x14,0x43,0x14,0x43,0x14,0x43,0x14,0x43,0x14,0x3b,0x14,
    0x3b,0x14,0x3b,0x13,0x3b,0x13,0x3b,0x13,0x3b,0xf3,0x3a,0xf3,0x3a,0xf3,0x32,0xd3,
    0x32,0xd2,0x32,0xd2,0x32,0xd2,0x32,0x92,0x2a,0x92,0x1a,0x72,0x1a,0x72,0x1a,0x92,
    0x22,0xb2,0x2a,0xd3,0x32,0xf3,0x32,0xf3,0x3a,0x13,0x3b,0x14,0x43,0x34,0x43,0x34,
    0x4b,0x54,0x4b,0x74,0x5b,0x78,0xad,0x5a,0xce,0xf9,0xbd,0x15,0x74,0x13,0x43,0xb2,
    0x2a,0x54,0x4b,0x76,0x84,0x9a,0xce,0xdb,0xde,0xdb,0xd6,0x7a,0xce,0x37,0x9d,0x96,
    0x84,0x15,0x74,0xd5,0x63,0x54,0x4b,0x34,0x43,0x34,0x43,0x34,0x43,0x13,0x43,0xb2,
    0x2a,0x13,0x43,0xb5,0x63,0x74,0x53,0x34,0x43,0x34,0x43,0x33,0x43,0x94,0x5b,0x39,
    0xc6,0xdb,0xd6,0xdb,0xd6,0x19,0xbe,0x34,0x4b,0x13,0x43,0x13,0x43,0x13,0x43,0x33,
    0x43,0x33,0x4b,0x33,0x4b,0x13,0x43,0x13,0x43,0x13,0x43,0x53,0x4b,0xd4,0x63,0xd6,
    0x94,0xf9,0xbd,0x9a,0xd6,0xbb,0xd6,0x7a,0xce,0x55,0x7c,0xf3,0x3a,0xf3,0x42,0xf2,
    0x3a,0xd2,0x3a,0x71,0x22,0xb1,0x32,0xd7,0xde,0xd7,0xde,0xd7,0xde,0xd7,0xde,0xd7,
    0xde,0xd7,0xde,0xd7,0xde,0xd7,0xde,0xd7,0xde,0xd7,0xde,0xd7,0xde,0xd7,0xde,0xd7,
    0xde,0x15,0xce,0xf3,0xa4,0x50,0x63,0xd2,0x3a,0xf2,0x42,0xf2,0x3a,0xf2,0x3a,0xd2,
    0x32,0xd2,0x32,0xd4,0x63,0x37,0x9d,0x19,0xc6,0x7a,0xce,0x96,0xad,0xeb,0x52,0x8e,
    0x6b,0xd3,0x94,0x92,0x63,0xff,0xd2,0x32,0xd2,0x32,0xd2,0x3a,0xd2,0x32,0xd2,0x3a,
    0xd2,0x3a,0xd2,0x32,0xd2,0x32,0x94,0x5b,0x98,0xad,0x9b,0xd6,0xbb,0xd6,0x5a,0xc6,
    0x96,0x84,0xf2,0x3a,0xf2,0x3a,0xf2,0x3a,0xf2,0x3a,0xf3,0x3a,0xf2,0x3a,0x13,0x43,
    0x57,0xa5,0xdb,0xd6,0xdb,0xde,0xba,0xd6,0x17,0x9d,0xd2,0x3a,0x91,0x2a,0xb2,0x32,
    0xd2,0x3a,0x53,0x53,0xb4,0x63,0x54,0x4b,0x54,0x53,0x13,0x43,0xd2,0x3a,0xd2,0x32,
    0xd6,0x94,0x7a,0xce,0xbb,0xd6,0xbb,0xd6,0xbb,0xd6,0x7a,0xce,0x78,0xad,0x55,0x7c,
    0x33,0x43,0xf3,0x3a,0xf3,0x3a,0x35,0x74,0x7a,0xce,0xbb,0xd6,0xbb,0xd6,0xbb,0xd6,
    0xdb,0xd6,0xbb,0xd6,0x9a,0xd6,0x5a,0xc6,0x19,0xbe,0x98,0xad,0x35,0x74,0x13,0x43,
    0x33,0x43,0x34,0x4b,0x54,0x4b,0x34,0x4b,0x13,0x43,0xf3,0x3a,0xf3,0x3a,0xf3,0x3a,
    0x13,0x43,0x54,0x4b,0x74,0x53,0x74,0x53,0x34,0x4b,0xf3,0x3a,0xb2,0x32,0xd2,0x32,
    0xf3,0x3a,0x15,0x6c,0x5a,0xce,0xdb,0xde,0xdb,0xde,0xdb,0xd6,0xbb,0xd6,0xbb,0xd6,
    0xbb,0xd6,0xdb,0xde,0xdb,0xde,0x9a,0xce,0xd5,0x6b,0x13,0x43,0x13,0x3b,0x13,0x3b,
    0x13,0x43,0x13,0x43,0x13,0x43,0x13,0x43,0x14,0x43,0x13,0x43,0x14,0x43,0x34,0x4b,
    0x54,0x4b,0x34,0x43,0x54,0x4b,0x13,0x43,0xd2,0x32,0xd2,0x3a,0xf3,0x3a,0x13,0x43,
    0xf3,0x3a,0xd2,0x32,0x92,0x2a,0xd2,0x3a,0x34,0x4b,0x34,0x4b,0x54,0x53,0x54,0x4b,
    0x34,0x43,0x14,0x43,0x14,0x43,0x14,0x3b,0x14,0x3b,0x14,0x3b,0x14,0x3b,0x14,0x3b,
    0x14,0x3b,0x14,0x43,0xff,0x34,0x43,0x14,0x43,0x14,0x43,0x14,0x43,0x13,0x3b,0xd3,
    0x3a,0xb2,0x32,0xb6,0x8c,0xdb,0xd6,0xf9,0xbd,0x37,0x9d,0x7a,0xce,0xdb,0xde,0xdb,
    0xde,0xd9,0xb5,0x34,0x43,0x14,0x3b,0x14,0x43,0x74,0x53,0xb5,0x63,0x34,0x43,0x76,
    0x84,0xd7,0x8c,0xf7,0x94,0xf7,0x94,0x58,0xa5,0x58,0xa5,0x19,0xbe,0xba,0xd6,0xdb,
    0xde,0xdb,0xde,0x7a,0xce,0x94,0x5b,0xd3,0x32,0xf3,0x3a,0x14,0x43,0x95,0x5b,0x37,
    0x9d,0xd9,0xb5,0x19,0xc6,0x9a,0xce,0xdb,0xde,0x9a,0xd6,0xd9,0xb5,0x96,0x84,0x94,
    0x53,0x34,0x43,0x34,0x4b,0x54,0x4b,0x34,0x4b,0x14,0x43,0x34,0x4b,0x34,0x43,0x14,
    0x43,0x14,0x43,0x14,0x43,0x14,0x43,0x14,0x43,0x14,0x43,0x13,0x43,0x14,0x43,0x14,
    0x43,0x13,0x3b,0x13,0x3b,0xf3,0x3a,0xf3,0x3a,0xf3,0x3a,0xf3,0x32,0xd3,0x32,0xf3,
    0x32,0xd3,0x32,0xb2,0x2a,0xb2,0x2a,0xb2,0x2a,0xb2,0x2a,0xd3,0x32,0xf3,0x32,0xf3,
    0x3a,0x14,0x3b,0x14,0x43,0x14,0x43,0x34,0x43,0x34,0x43,0x34,0x43,0x34,0x4b,0x34,
    0x43,0x34,0x4b,0x34,0x43,0x13,0x3b,0xb2,0x2a,0x34,0x4b,0xb5,0x5b,0x94,0x5b,0x98,
    0xb5,0xdb,0xd6,0xdb,0xd6,0x5a,0xce,0x94,0x5b,0x34,0x43,0x34,0x43,0x34,0x43,0x34,
    0x43,0x34,0x43,0x34,0x43,0x13,0x43,0xb2,0x2a,0xf3,0x3a,0xb4,0x5b,0x74,0x53,0x14,
    0x43,0x13,0x43,0x34,0x4b,0x94,0x5b,0x55,0x7c,0x5a,0xc6,0xdb,0xd6,0xdb,0xd6,0x7a,
    0xce,0xf5,0x6b,0x13,0x43,0x94,0x5b,0x35,0x74,0x96,0x8c,0x78,0xa5,0xd9,0xb5,0x57,
    0xa5,0x94,0x5b,0xff,0x13,0x43,0x13,0x43,0x13,0x43,0x13,0x43,0x33,0x4b,0x15,0x74,
    0xb6,0x8c,0x75,0x84,0x33,0x4b,0xf3,0x42,0xf3,0x42,0xf2,0x3a,0x71,0x22,0xb1,0x32,
    0x73,0x53,0xd7,0xde,0xd7,0xde,0xd7,0xde,0xd7,0xde,0xd7,0xde,0xd7,0xde,0xd7,0xde,
    0xd7,0xde,0xd7,0xde,0xd7,0xde,0xd7,0xde,0xd7,0xde,0xd7,0xde,0xd7,0xde,0xd8,0xde,
    0xb7,0xde,0x93,0xbd,0x8f,0x73,0xf1,0x4a,0xd2,0x3a,0xd2,0x32,0xb2,0x32,0xb2,0x32,
    0xd2,0x32,0xf2,0x42,0x30,0x53,0x0c,0x5b,0xaa,0x4a,0xaa,0x4a,0xaa,0x4a,0x4d,0x5b,
    0x4e,0x5b,0xcf,0x42,0xd2,0x3a,0xd2,0x32,0xd2,0x32,0xd2,0x32,0xd2,0x3a,0xb4,0x63,
    0xb8,0xad,0x9b,0xd6,0x9b,0xd6,0x3a,0xc6,0x75,0x84,0xf2,0x3a,0xf2,0x3a,0xf2,0x3a,
    0xf2,0x3a,0xf2,0x3a,0xf2,0x3a,0x13,0x43,0x57,0xa5,0xbb,0xd6,0xbb,0xd6,0xbb,0xd6,
    0x57,0xa5,0x94,0x5b,0x55,0x7c,0xf6,0x94,0x57,0xa5,0xf9,0xbd,0x5a,0xc6,0x7a,0xce,
    0xd9,0xb5,0x94,0x5b,0x34,0x4b,0x33,0x4b,0x13,0x43,0x33,0x43,0x94,0x5b,0xb6,0x8c,
    0x19,0xbe,0x9a,0xd6,0xbb,0xd6,0xbb,0xd6,0xbb,0xd6,0x5a,0xc6,0xf7,0x94,0x35,0x7c,
    0x3a,0xc6,0xbb,0xd6,0xbb,0xd6,0x7a,0xce,0x98,0xad,0xb6,0x8c,0xf5,0x6b,0x74,0x53,
    0x33,0x4b,0x33,0x4b,0x13,0x43,0x13,0x43,0x13,0x43,0x13,0x43,0x13,0x43,0x13,0x43,
    0x13,0x43,0x54,0x4b,0x54,0x4b,0x34,0x4b,0x13,0x43,0xf3,0x3a,0xf3,0x3a,0xf3,0x3a,
    0x34,0x43,0x74,0x53,0x74,0x53,0x74,0x53,0x13,0x43,0xd4,0x6b,0x19,0xbe,0xbb,0xd6,
    0xbb,0xd6,0xff,0x5a,0xce,0x57,0xa5,0xf5,0x6b,0xf5,0x6b,0xb9,0xb5,0xdb,0xd6,0xdb,
    0xd6,0xbb,0xd6,0x37,0x9d,0xf7,0x94,0xb8,0xb5,0x78,0xad,0xf5,0x6b,0x54,0x4b,0x14,
    0x43,0x14,0x43,0x14,0x43,0x14,0x43,0x14,0x43,0x14,0x43,0x34,0x4b,0x54,0x53,0x34,
    0x4b,0x34,0x4b,0x54,0x53,0x33,0x4b,0xd2,0x3a,0xb2,0x32,0xd2,0x3a,0x33,0x4b,0x54,
    0x53,0x34,0x4b,0x34,0x43,0x74,0x53,0x54,0x4b,0x34,0x43,0x14,0x43,0x14,0x43,0x14,
    0x43,0x14,0x3b,0x14,0x3b,0x14,0x3b,0x14,0x3b,0x14,0x3b,0x14,0x3b,0x14,0x3b,0x14,
    0x3b,0x14,0x3b,0x14,0x43,0x34,0x43,0x14,0x43,0x14,0x43,0x96,0x84,0xbb,0xd6,0xdb,
    0xde,0xdb,0xde,0xdb,0xde,0xdb,0xde,0xdb,0xde,0xdb,0xde,0x7a,0xce,0x94,0x5b,0x14,
    0x43,0xb6,0x8c,0x7a,0xce,0xbb,0xd6,0xd9,0xb5,0x54,0x4b,0x14,0x43,0x14,0x43,0x14,
    0x43,0x14,0x43,0x14,0x43,0x34,0x43,0x76,0x84,0xbb,0xd6,0xdb,0xde,0xdb,0xde,0x58,
    0xa5,0x74,0x53,0x13,0x43,0x33,0x4b,0x98,0xad,0xbb,0xd6,0xdb,0xde,0xdb,0xd6,0xbb,
    0xd6,0xbb,0xd6,0xdb,0xde,0xdb,0xd6,0xdb,0xd6,0x7a,0xce,0x78,0xad,0x56,0x7c,0x74,
    0x53,0x54,0x4b,0x14,0x43,0x34,0x43,0x34,0x4b,0x14,0x43,0x14,0x43,0x34,0x43,0x14,
    0x43,0x14,0x43,0x14,0x43,0x14,0x43,0x14,0x43,0x14,0x43,0x14,0x43,0x14,0x43,0x13,
    0x43,0x13,0x3b,0x13,0x3b,0xf3,0x3a,0xf3,0x3a,0xf3,0x3a,0xf3,0x3a,0xd3,0x32,0xd2,
    0x32,0xd3,0x32,0xd3,0x32,0xf3,0x32,0xf3,0x3a,0x13,0x3b,0x14,0x43,0x14,0x43,0x14,
    0x43,0xff,0x34,0x43,0x34,0x43,0x34,0x43,0x34,0x43,0x34,0x4b,0x34,0x4b,0x13,0x43,
    0xb2,0x2a,0x33,0x4b,0xb5,0x5b,0x74,0x53,0x34,0x4b,0x35,0x7c,0x9a,0xce,0xdb,0xd6,
    0xbb,0xd6,0xf7,0x94,0x34,0x4b,0x34,0x43,0x34,0x43,0x34,0x43,0x34,0x43,0x13,0x43,
    0xf2,0x3a,0x53,0x53,0x35,0x74,0x55,0x7c,0xb6,0x8c,0x58,0xa5,0x19,0xbe,0x7a,0xce,
    0x9b,0xd6,0xbb,0xd6,0xbb,0xd6,0xbb,0xd6,0x7a,0xce,0x76,0x84,0x33,0x43,0x17,0x9d,
    0x7a,0xce,0xbb,0xd6,0xbb,0xd6,0xbb,0xd6,0xbb,0xd6,0xbb,0xd6,0xd6,0x8c,0x13,0x43,
    0x13,0x43,0x13,0x43,0x13,0x43,0x13,0x43,0x13,0x43,0x13,0x43,0x12,0x43,0xf2,0x3a,
    0xf3,0x42,0xf2,0x3a,0x71,0x22,0x91,0x2a,0x73,0x53,0x74,0x5b,0xd7,0xde,0xd7,0xde,
    0xd7,0xde,0xd7,0xde,0xd7,0xde,0xd7,0xde,0xd7,0xde,0xd7,0xde,0xd7,0xde,0xd7,0xde,
    0xd7,0xde,0xd7,0xde,0xd7,0xde,0xd7,0xde,0xd8,0xde,0xd8,0xde,0xd7,0xde,0xb7,0xde,
    0x10,0x84,0x73,0x53,0xb2,0x32,0xb2,0x32,0xb2,0x32,0xb2,0x32,0xef,0x4a,0xeb,0x52,
    0xaa,0x4a,0xaa,0x42,0xaa,0x42,0xaa,0x42,0xaa,0x42,0xaa,0x4a,0xeb,0x52,0x2d,0x5b,
    0x4f,0x5b,0xcf,0x3a,0xb2,0x32,0x93,0x63,0xd8,0xb5,0x7a,0xce,0x7a,0xce,0x19,0xbe,
    0x14,0x74,0xb2,0x32,0xd2,0x32,0xd2,0x32,0xf2,0x3a,0xf2,0x3a,0xf2,0x3a,0x13,0x43,
    0x78,0xad,0x9b,0xd6,0xbb,0xd6,0x9a,0xd6,0xf7,0x94,0x33,0x4b,0x73,0x5b,0x3a,0xc6,
    0xdb,0xde,0xdb,0xde,0xbb,0xd6,0x9a,0xd6,0x9b,0xd6,0x39,0xc6,0x73,0x5b,0xf3,0x3a,
    0xff,0xf3,0x42,0x13,0x43,0x33,0x4b,0x33,0x4b,0x13,0x43,0x33,0x4b,0xf4,0x6b,0x17,
    0x9d,0x3a,0xc6,0xbb,0xd6,0xbb,0xd6,0xbb,0xd6,0xbb,0xd6,0xbb,0xd6,0xbb,0xd6,0x19,
    0xbe,0x15,0x74,0x13,0x43,0xf3,0x42,0x13,0x43,0x13,0x43,0x13,0x43,0x13,0x43,0x13,
    0x43,0x13,0x43,0x13,0x43,0x13,0x43,0x13,0x43,0x13,0x43,0x13,0x43,0x13,0x43,0x13,
    0x43,0x34,0x4b,0x54,0x4b,0x54,0x4b,0x33,0x4b,0xf3,0x3a,0xf3,0x3a,0xf3,0x3a,0x13,
    0x43,0x34,0x4b,0x96,0x84,0x7a,0xce,0xdb,0xd6,0xbb,0xd6,0x3a,0xc6,0x35,0x7c,0x13,
    0x43,0x13,0x43,0x13,0x43,0x35,0x7c,0x9b,0xd6,0xdb,0xd6,0xdb,0xd6,0xdb,0xde,0xdb,
    0xde,0xdb,0xd6,0xdb,0xd6,0xbb,0xd6,0x39,0xc6,0x96,0x8c,0x14,0x43,0x13,0x43,0x13,
    0x43,0x13,0x43,0x14,0x43,0x34,0x43,0x34,0x43,0x54,0x4b,0x54,0x4b,0x54,0x4b,0x54,
    0x4b,0x34,0x4b,0x54,0x4b,0x54,0x4b,0x74,0x53,0x54,0x4b,0x34,0x4b,0x54,0x4b,0x34,
    0x4b,0x34,0x43,0x14,0x43,0x14,0x43,0x14,0x43,0x14,0x43,0x14,0x43,0x14,0x43,0x14,
    0x3b,0x14,0x3b,0x14,0x3b,0x14,0x3b,0x14,0x3b,0x14,0x3b,0x14,0x3b,0x14,0x3b,0x14,
    0x3b,0x14,0x43,0x54,0x4b,0x35,0xa5,0x9a,0xce,0xdb,0xde,0xdb,0xde,0xdb,0xde,0xdb,
    0xde,0xdb,0xde,0xdb,0xde,0xba,0xd6,0x98,0xad,0xd5,0x6b,0xd7,0x8c,0xdb,0xde,0xdb,
    0xde,0xbb,0xd6,0x76,0x84,0x14,0x43,0x14,0x43,0x14,0x43,0x14,0x43,0x14,0x43,0x14,
    0x43,0xd5,0x63,0x9b,0xd6,0xdb,0xde,0xdb,0xde,0x5a,0xc6,0xd5,0x63,0xd5,0x6b,0xff,
    0xd9,0xb5,0xbb,0xd6,0xdb,0xd6,0xbb,0xd6,0x57,0xa5,0x76,0x7c,0x56,0x7c,0x37,0x9d,
    0x5a,0xc6,0xdb,0xd6,0xdb,0xde,0xdb,0xde,0x9b,0xd6,0xd6,0x8c,0x54,0x4b,0x34,0x4b,
    0x14,0x43,0x34,0x4b,0x34,0x43,0x14,0x43,0x34,0x43,0x34,0x43,0x14,0x43,0x14,0x43,
    0x14,0x43,0x14,0x43,0x14,0x43,0x14,0x43,0x14,0x43,0x14,0x43,0x14,0x43,0x13,0x43,
    0x14,0x3b,0x13,0x3b,0x13,0x3b,0xf3,0x3a,0xf3,0x3a,0xf3,0x32,0xf3,0x32,0xf3,0x3a,
    0x13,0x3b,0x13,0x3b,0x14,0x43,0x14,0x43,0x14,0x43,0x34,0x43,0x34,0x43,0x34,0x43,
    0x34,0x43,0x34,0x43,0x34,0x43,0x13,0x43,0xb2,0x2a,0x33,0x43,0x95,0x5b,0x74,0x53,
    0x34,0x4b,0x34,0x43,0x54,0x4b,0x98,0xad,0xdb,0xde,0xbb,0xd6,0x58,0xa5,0x34,0x4b,
    0x74,0x53,0x56,0x7c,0xf7,0x94,0x78,0xa5,0xb8,0xb5,0x19,0xbe,0x7a,0xce,0xbb,0xd6,
    0xbb,0xd6,0xdb,0xd6,0xdb,0xde,0xdb,0xd6,0xbb,0xd6,0xdb,0xd6,0xbb,0xd6,0x9a,0xce,
    0x19,0xc6,0x96,0x84,0x33,0x4b,0x13,0x43,0xf7,0x94,0x9b,0xd6,0xbb,0xd6,0xbb,0xd6,
    0xbb,0xd6,0xbb,0xd6,0xd9,0xb5,0xf4,0x6b,0x13,0x43,0x13,0x43,0x13,0x43,0x13,0x43,
    0x13,0x43,0x13,0x43,0x13,0x43,0x13,0x43,0xf2,0x3a,0xf2,0x3a,0x91,0x2a,0x91,0x2a,
    0x53,0x53,0x94,0x5b,0x12,0x43,0xd7,0xde,0xd7,0xde,0xd7,0xde,0xd7,0xde,0xd7,0xde,
    0xd7,0xde,0xd7,0xde,0xd7,0xde,0xd7,0xde,0xd7,0xde,0xd7,0xde,0xd7,0xde,0xd7,0xde,
    0xd7,0xde,0xd7,0xde,0xd7,0xde,0x96,0xde,0x14,0xa5,0x19,0xc6,0x5a,0xce,0xff,0xd8,
    0xb5,0x73,0x5b,0xb2,0x32,0x0f,0x4b,0x0b,0x53,0x8a,0x42,0xaa,0x42,0xaa,0x42,0xaa,
    0x42,0xaa,0x42,0xaa,0x42,0xaa,0x42,0xaa,0x42,0xaa,0x42,0xaa,0x4a,0x4d,0x5b,0x2d,
    0x5b,0xb1,0x6b,0xd8,0xb5,0x5a,0xc6,0x7a,0xce,0xb5,0x8c,0x71,0x22,0x91,0x2a,0x91,
    0x2a,0xb2,0x2a,0xb2,0x32,0xd2,0x32,0x33,0x4b,0x98,0xad,0xbb,0xd6,0xbb,0xd6,0x7a,
    0xce,0xd6,0x8c,0x13,0x43,0x13,0x43,0xf2,0x3a,0x55,0x7c,0x19,0xc6,0xbb,0xd6,0xdb,
    0xde,0xbb,0xd6,0x19,0xbe,0x35,0x74,0xf2,0x3a,0xb2,0x2a,0xb1,0x2a,0xb2,0x32,0xf3,
    0x3a,0x13,0x43,0x33,0x43,0x33,0x4b,0x33,0x4b,0x13,0x43,0x33,0x4b,0x76,0x84,0xb8,
    0xb5,0x7a,0xce,0xbb,0xd6,0xbb,0xd6,0xbb,0xd6,0x7a,0xce,0x37,0x9d,0x15,0x74,0x33,
    0x4b,0x13,0x43,0x13,0x43,0x13,0x43,0x13,0x43,0x13,0x43,0x13,0x43,0x13,0x43,0x13,
    0x43,0x13,0x43,0x13,0x43,0x13,0x43,0x13,0x43,0x13,0x43,0x13,0x43,0x13,0x43,0x34,
    0x43,0x34,0x4b,0x54,0x4b,0x34,0x4b,0x13,0x43,0xf3,0x3a,0xf3,0x3a,0xd6,0x94,0xbb,
    0xd6,0xdb,0xde,0xdb,0xde,0x58,0xa5,0x33,0x4b,0xf3,0x3a,0xb2,0x32,0x74,0x53,0xf9,
    0xbd,0xbb,0xd6,0xdb,0xd6,0xdb,0xd6,0x5a,0xc6,0x19,0xbe,0x19,0xbe,0x9b,0xd6,0xdb,
    0xd6,0xdb,0xd6,0x19,0xbe,0x54,0x4b,0x13,0x43,0x13,0x43,0x13,0x43,0x14,0x43,0x14,
    0x43,0x13,0x43,0x34,0x43,0x34,0x43,0x34,0x4b,0x54,0x4b,0x54,0x4b,0x74,0x53,0x74,
    0x53,0x75,0x5b,0x74,0x53,0x14,0x43,0xf3,0x3a,0xf3,0x32,0xf3,0x3a,0xff,0x13,0x3b,
    0x14,0x3b,0x14,0x43,0x14,0x43,0x14,0x3b,0x14,0x43,0x14,0x3b,0x14,0x3b,0x14,0x3b,
    0x14,0x3b,0x14,0x3b,0x14,0x3b,0x14,0x3b,0x14,0x3b,0x14,0x3b,0x54,0x4b,0xf9,0xbd,
    0xba,0xd6,0x96,0xb5,0x96,0xad,0x18,0xc6,0x9a,0xd6,0xdb,0xde,0xdb,0xde,0xdb,0xde,
    0xdb,0xde,0xdb,0xde,0xdb,0xde,0x5a,0xc6,0xbb,0xd6,0xdb,0xde,0xdb,0xde,0x19,0xbe,
    0x76,0x7c,0x74,0x53,0x14,0x3b,0x14,0x3b,0x14,0x3b,0x94,0x5b,0x19,0xc6,0xdb,0xde,
    0xdb,0xde,0x9a,0xce,0x56,0x7c,0x54,0x4b,0x78,0xa5,0xdb,0xd6,0xdb,0xde,0xdb,0xde,
    0x98,0xad,0x34,0x4b,0xf3,0x3a,0xb2,0x2a,0xf3,0x3a,0x34,0x43,0x56,0x7c,0x5a,0xce,
    0xdb,0xde,0xdb,0xde,0xf9,0xbd,0x54,0x53,0x34,0x4b,0x34,0x4b,0x34,0x4b,0x34,0x43,
    0x13,0x43,0x14,0x43,0x34,0x43,0x34,0x43,0x34,0x43,0x34,0x43,0x34,0x43,0x34,0x43,
    0x14,0x43,0x14,0x43,0x14,0x43,0x14,0x43,0x13,0x43,0x14,0x43,0x14,0x43,0x14,0x43,
    0x14,0x43,0xf3,0x3a,0xf3,0x3a,0xf3,0x3a,0x13,0x3b,0x14,0x3b,0x14,0x43,0x14,0x43,
    0x14,0x43,0x14,0x43,0x14,0x43,0x34,0x43,0x34,0x43,0x34,0x43,0x34,0x43,0x13,0x43,
    0xb2,0x2a,0x13,0x43,0x95,0x5b,0x74,0x53,0x34,0x4b,0x34,0x43,0x34,0x43,0x34,0x43,
    0x54,0x4b,0x35,0x7c,0xf5,0x6b,0x54,0x53,0x15,0x74,0x5a,0xce,0xdb,0xd6,0xdb,0xd6,
    0xbb,0xd6,0xbb,0xd6,0xdb,0xde,0xdb,0xde,0x9b,0xd6,0x7a,0xce,0x39,0xc6,0xd9,0xb5,
    0x78,0xad,0xf7,0x94,0x35,0x7c,0xb4,0x5b,0x33,0x4b,0x13,0x43,0xff,0x13,0x43,0x13,
    0x43,0x13,0x43,0x33,0x4b,0x37,0x9d,0x9a,0xd6,0xbb,0xd6,0x9b,0xd6,0x98,0xad,0x94,
    0x5b,0x13,0x43,0xf3,0x42,0xf3,0x42,0x13,0x43,0x13,0x43,0x13,0x43,0x13,0x43,0x13,
    0x43,0x13,0x43,0xf2,0x3a,0x91,0x2a,0x71,0x2a,0x53,0x53,0x94,0x5b,0x12,0x43,0xf2,
    0x3a,0xd7,0xde,0xd7,0xde,0xd7,0xde,0xd7,0xde,0xd7,0xde,0xd7,0xde,0xd7,0xde,0xd7,
    0xde,0xd7,0xde,0xd7,0xde,0xd7,0xde,0xd7,0xde,0xd7,0xde,0xd7,0xde,0xd7,0xde,0x97,
    0xde,0x11,0x84,0x75,0x84,0x7a,0xce,0x9a,0xd6,0x3a,0xc6,0xb3,0x63,0x0f,0x53,0xeb,
    0x52,0x8a,0x42,0xaa,0x42,0xaa,0x42,0xaa,0x42,0xaa,0x42,0xaa,0x42,0xaa,0x42,0xaa,
    0x42,0xaa,0x42,0xaa,0x42,0xaa,0x42,0xaa,0x42,0xaa,0x4a,0xcb,0x4a,0x6e,0x63,0x30,
    0x7c,0x76,0xad,0x98,0xad,0x93,0x63,0xd1,0x3a,0xb1,0x2a,0xb1,0x2a,0xb2,0x2a,0x12,
    0x43,0xb8,0xad,0x9b,0xd6,0xbb,0xd6,0x7a,0xce,0x96,0x8c,0x13,0x43,0xf2,0x3a,0x13,
    0x43,0x13,0x43,0x95,0x84,0x5a,0xce,0xbb,0xd6,0xbb,0xd6,0xb8,0xad,0x94,0x5b,0x33,
    0x4b,0x74,0x53,0x74,0x53,0x33,0x4b,0xb1,0x32,0x71,0x2a,0x12,0x43,0xd6,0x8c,0x78,
    0xad,0x35,0x7c,0x54,0x53,0x54,0x4b,0x33,0x4b,0x33,0x4b,0xd4,0x6b,0x17,0x9d,0x3a,
    0xc6,0x9b,0xd6,0xbb,0xd6,0xbb,0xd6,0x9b,0xd6,0xd9,0xb5,0x53,0x53,0x13,0x43,0x13,
    0x43,0x13,0x43,0x13,0x43,0xf3,0x42,0x13,0x43,0x13,0x43,0x13,0x43,0x13,0x43,0x13,
    0x43,0x13,0x43,0x13,0x43,0x13,0x43,0x13,0x43,0x13,0x43,0xff,0x13,0x43,0x13,0x43,
    0x33,0x43,0x34,0x4b,0x54,0x4b,0x34,0x4b,0xb4,0x5b,0x3a,0xc6,0xbb,0xd6,0xbb,0xd6,
    0x98,0xad,0x74,0x53,0x74,0x53,0x54,0x53,0x55,0x7c,0x9a,0xce,0xbb,0xd6,0xbb,0xd6,
    0xd9,0xb5,0x94,0x5b,0x54,0x4b,0x54,0x4b,0x37,0x9d,0xdb,0xd6,0xdb,0xd6,0x9a,0xce,
    0x15,0x74,0x13,0x43,0x13,0x43,0x13,0x43,0x14,0x43,0x14,0x43,0x13,0x43,0x14,0x43,
    0x14,0x43,0x14,0x43,0x14,0x43,0x14,0x43,0x14,0x43,0x34,0x43,0x34,0x4b,0x54,0x4b,
    0x54,0x53,0x74,0x53,0x34,0x4b,0xf3,0x3a,0xf3,0x32,0xf3,0x3a,0xf3,0x3a,0x13,0x3b,
    0x14,0x43,0x14,0x3b,0x14,0x43,0x14,0x43,0x14,0x43,0x14,0x3b,0x14,0x43,0x14,0x43,
    0x14,0x3b,0x14,0x3b,0x54,0x4b,0x19,0xbe,0xdb,0xde,0xdb,0xde,0xdb,0xde,0xdb,0xde,
    0x9a,0xd6,0xb6,0xb5,0xd3,0x9c,0x79,0xce,0xdb,0xde,0xdb,0xde,0xdb,0xde,0xdb,0xde,
    0xdb,0xde,0xdb,0xde,0x7a,0xce,0x9a,0xd6,0xdb,0xde,0xdb,0xd6,0x7a,0xce,0x58,0xa5,
    0xb6,0x8c,0x78,0xa5,0x5a,0xc6,0xdb,0xde,0xdb,0xde,0x9a,0xd6,0x56,0x7c,0x54,0x4b,
    0x78,0xa5,0xbb,0xd6,0xdb,0xde,0xdb,0xde,0x98,0xad,0x95,0x5b,0xb5,0x63,0xd5,0x63,
    0x74,0x53,0x13,0x43,0xf3,0x3a,0xf3,0x3a,0x78,0xa5,0xdb,0xd6,0xdb,0xde,0xbb,0xd6,
    0x35,0x74,0x34,0x4b,0x54,0x4b,0x56,0x7c,0x98,0xad,0x98,0xad,0xb6,0x8c,0x74,0x5b,
    0x34,0x4b,0x34,0x43,0x34,0x43,0x34,0x43,0x14,0x43,0x14,0x43,0x14,0x43,0x14,0x43,
    0x14,0x43,0x34,0x43,0x14,0x43,0x14,0x43,0x14,0x43,0xff,0x14,0x43,0x13,0x43,0x13,
    0x3b,0x14,0x3b,0x13,0x43,0x13,0x43,0x13,0x43,0x14,0x43,0x14,0x43,0x14,0x43,0x34,
    0x43,0x34,0x43,0x34,0x43,0x34,0x43,0x13,0x43,0xb2,0x2a,0xf3,0x42,0x95,0x5b,0x74,
    0x53,0x34,0x4b,0x34,0x43,0x34,0x43,0x34,0x43,0x34,0x43,0x34,0x43,0x34,0x43,0x34,
    0x43,0x34,0x43,0xb4,0x63,0x19,0xbe,0xbb,0xd6,0x9a,0xd6,0x9b,0xd6,0xdb,0xde,0xdb,
    0xde,0xd8,0xb5,0x15,0x74,0x94,0x5b,0x54,0x53,0x34,0x4b,0x13,0x43,0x13,0x43,0x13,
    0x43,0x13,0x43,0x13,0x43,0x13,0x43,0x13,0x43,0x13,0x43,0x13,0x43,0xd6,0x8c,0x7a,
    0xce,0xbb,0xd6,0xbb,0xd6,0xb8,0xb5,0xb4,0x63,0x13,0x43,0x33,0x43,0x13,0x43,0xf2,
    0x3a,0xf3,0x42,0x13,0x43,0x13,0x43,0x12,0x43,0x12,0x43,0x13,0x43,0xb1,0x32,0x70,
    0x22,0x33,0x4b,0x94,0x5b,0x13,0x43,0xf2,0x3a,0xf2,0x3a,0x15,0xce,0xb7,0xde,0xd7,
    0xde,0xd7,0xde,0xd7,0xde,0xd7,0xde,0xd7,0xde,0xd7,0xde,0xd7,0xde,0xd7,0xde,0xd7,
    0xde,0xd7,0xde,0xd7,0xde,0xd7,0xde,0x76,0xd6,0x11,0x84,0x34,0x7c,0x19,0xc6,0x9b,
    0xd6,0x39,0xc6,0xd3,0x6b,0x0f,0x53,0xeb,0x52,0x8a,0x42,0x8a,0x42,0x8a,0x42,0x8a,
    0x42,0x8a,0x42,0xaa,0x42,0xaa,0x42,0xaa,0x42,0xaa,0x42,0xaa,0x42,0xaa,0x42,0xaa,
    0x42,0xaa,0x42,0xaa,0x42,0xaa,0x42,0xaa,0x42,0xaa,0x4a,0x0c,0x53,0xae,0x6b,0xb3,
    0x8c,0xd5,0x94,0xb6,0x8c,0xd4,0x6b,0x55,0x7c,0xb8,0xb5,0x9b,0xd6,0x9b,0xd6,0x7a,
    0xce,0x76,0x84,0xf2,0x3a,0xf2,0x3a,0xf2,0x3a,0xa0,0x33,0x4b,0xf6,0x94,0x3a,0xc6,
    0xbb,0xd6,0x9b,0xd6,0xb8,0xad,0xb4,0x63,0xf2,0x3a,0xd2,0x3a,0xf3,0x3a,0x33,0x4b,
    0x54,0x53,0x74,0x5b,0x54,0x4b,0xb6,0x8c,0x9a,0xd6,0x9b,0xd6,0x9b,0xd6,0x39,0xc6,
    0x57,0xa5,0x15,0x74,0x33,0x4b,0x33,0x4b,0x13,0x43,0x33,0x4b,0x15,0x74,0x57,0xa5,
    0x5a,0xc6,0xbb,0xd6,0x19,0xbe,0x74,0x53,0x13,0x43,0x13,0x13,0x43,0xff,0x34,0x4b,
    0x54,0x4b,0x58,0xa5,0xbb,0xd6,0xbb,0xd6,0x19,0xbe,0x33,0x4b,0x13,0x43,0x34,0x4b,
    0x94,0x5b,0x96,0x84,0x37,0x9d,0x96,0x84,0xf3,0x42,0xd2,0x32,0xf3,0x3a,0x13,0x43,
    0xf7,0x94,0xbb,0xd6,0xdb,0xd6,0xdb,0xd6,0x37,0xa5,0x13,0x43,0x13,0x43,0x13,0x43,
    0x13,0x43,0x13,0x43,0x13,0x43,0x13,0x43,0x14,0x43,0x13,0x43,0x13,0x43,0x13,0x43,
    0x14,0x43,0x14,0x43,0x14,0x43,0x14,0x43,0x14,0x43,0x34,0x43,0x54,0x4b,0x74,0x53,
    0x54,0x4b,0x34,0x43,0xf3,0x3a,0xd3,0x32,0xf3,0x32,0xf3,0x3a,0x14,0x3b,0x14,0x3b,
    0x14,0x3b,0x14,0x43,0x14,0x43,0x14,0x43,0x14,0x3b,0x54,0x4b,0xf9,0xbd,0xdb,0xde,
    0xdb,0xde,0xdb,0xde,0xdb,0xde,0xdb,0xde,0x59,0xce,0xba,0xd6,0xba,0xd6,0x18,0xc6,
    0xb6,0xb5,0x96,0xad,0x79,0xce,0xfb,0xde,0xdb,0xde,0x39,0xc6,0xb2,0x6b,0xb8,0xb5,
    0x7a,0xce,0xdb,0xd6,0xdb,0xde,0xdb,0xde,0xdb,0xde,0xdb,0xde,0xdb,0xde,0xdb,0xde,
    0x9a,0xd6,0x76,0x84,0x34,0x4b,0x58,0xa5,0xbb,0xd6,0xdb,0xde,0xdb,0xd6,0x78,0xad,
    0x34,0x4b,0x14,0x43,0x14,0x3b,0x14,0x43,0x95,0x5b,0xb5,0x63,0xb5,0x63,0xf7,0x94,
    0x7a,0xce,0xbb,0xd6,0xbb,0xd6,0x19,0xc6,0x15,0x74,0x54,0x53,0x56,0x7c,0x7a,0xce,
    0xdb,0xde,0xdb,0xde,0xbb,0xd6,0x39,0xc6,0x58,0xa5,0x15,0x74,0x54,0x4b,0x14,0x43,
    0x14,0x43,0x34,0x43,0x34,0x43,0x14,0x43,0x14,0x43,0x14,0x43,0x14,0x43,0x14,0x43,
    0x34,0x43,0x34,0x43,0x14,0x43,0x13,0x43,0x13,0x43,0x14,0x43,0xff,0x14,0x43,0x14,
    0x43,0x14,0x43,0x13,0x43,0x14,0x43,0x14,0x43,0x34,0x43,0x34,0x43,0x13,0x43,0xb2,
    0x2a,0xf3,0x3a,0x94,0x5b,0x74,0x5b,0x34,0x4b,0x34,0x43,0x34,0x43,0x34,0x43,0x34,
    0x43,0x34,0x43,0x34,0x43,0x34,0x43,0x34,0x43,0x13,0x43,0x13,0x43,0x13,0x43,0xb4,
    0x63,0xf7,0x94,0x5a,0xc6,0xdb,0xde,0xdb,0xd6,0xdb,0xd6,0x9a,0xd6,0xf9,0xb5,0xd6,
    0x94,0x94,0x5b,0x13,0x43,0x13,0x43,0x13,0x43,0x13,0x43,0x13,0x43,0x13,0x43,0x13,
    0x43,0x13,0x43,0x96,0x8c,0x5a,0xce,0xbb,0xd6,0xbb,0xd6,0xd8,0xb5,0xd4,0x63,0x13,
    0x43,0x13,0x43,0x33,0x43,0x13,0x43,0xf2,0x3a,0xf3,0x3a,0xf3,0x42,0xf2,0x42,0xf2,
    0x42,0xf2,0x42,0xb2,0x32,0x91,0x2a,0x33,0x4b,0x74,0x5b,0x13,0x4b,0xf2,0x3a,0xf2,
    0x3a,0xf2,0x3a,0xd1,0x3a,0xf1,0x83,0xb4,0xbd,0x76,0xd6,0xd7,0xde,0xd7,0xde,0xd7,
    0xde,0xd7,0xde,0xd7,0xde,0xd7,0xde,0xd7,0xde,0xd7,0xde,0xd7,0xde,0x76,0xd6,0xb1,
    0x73,0x55,0x7c,0x3a,0xc6,0x9a,0xd6,0x19,0xbe,0x93,0x5b,0x4f,0x53,0xeb,0x4a,0x8a,
    0x42,0x8a,0x42,0x8a,0x42,0x8a,0x42,0x8a,0x42,0x8a,0x42,0x8a,0x42,0xaa,0x42,0xaa,
    0x42,0xaa,0x42,0xaa,0x42,0xaa,0x42,0xaa,0x42,0xaa,0x42,0xaa,0x42,0xaa,0x42,0xaa,
    0x42,0xaa,0x42,0xaa,0x42,0xaa,0x4a,0xaa,0x4a,0x6d,0x63,0xcf,0x73,0x76,0xad,0x39,
    0xc6,0x9a,0xce,0x9b,0xd6,0x5a,0xce,0x95,0x84,0xf3,0x3a,0xf2,0x3a,0xf2,0x3a,0x13,
    0x43,0xd6,0x94,0x7a,0xce,0x9b,0xd6,0x9a,0xce,0x78,0xad,0x9c,0x73,0x5b,0x13,0x43,
    0xf3,0x3a,0xd2,0x3a,0xf3,0x3a,0xf3,0x3a,0x13,0x43,0x13,0x43,0x33,0x4b,0xb4,0x63,
    0x78,0xad,0x5a,0xce,0x9b,0xd6,0x9b,0xd6,0x9b,0xd6,0x9a,0xd6,0xf9,0xbd,0x96,0x84,
    0xb4,0x63,0x54,0x4b,0x33,0x43,0x13,0x43,0x13,0x43,0xd4,0x6b,0x53,0x53,0xf3,0x3a,
    0xf3,0x3a,0x13,0x43,0x12,0x13,0x43,0xff,0x34,0x4b,0x54,0x4b,0xb4,0x63,0x58,0xa5,
    0x58,0xa5,0x56,0x7c,0x13,0x43,0xf3,0x3a,0xf3,0x3a,0xf3,0x3a,0x13,0x43,0x54,0x4b,
    0x74,0x53,0x74,0x53,0x13,0x43,0xf2,0x42,0x14,0x74,0x5a,0xce,0xdb,0xd6,0xbb,0xd6,
    0x19,0xbe,0x94,0x5b,0x13,0x43,0x13,0x43,0x13,0x43,0x13,0x43,0x13,0x43,0x13,0x43,
    0x13,0x43,0x34,0x4b,0x54,0x4b,0x34,0x43,0x14,0x43,0x13,0x43,0x14,0x43,0x14,0x43,
    0x14,0x43,0x14,0x43,0x14,0x43,0x14,0x43,0x14,0x43,0x34,0x4b,0x54,0x4b,0x54,0x53,
    0x34,0x4b,0x13,0x43,0xf3,0x3a,0xd3,0x32,0xf3,0x3a,0x14,0x3b,0x14,0x3b,0x14,0x43,
    0x14,0x3b,0x54,0x4b,0xd9,0xb5,0xdb,0xde,0xdb,0xde,0xdb,0xde,0xdb,0xde,0xba,0xd6,
    0x9a,0xd6,0xba,0xd6,0xba,0xd6,0xba,0xd6,0xdb,0xde,0xdb,0xde,0xdb,0xde,0xd7,0xb5,
    0x34,0xa5,0xd8,0xbd,0xf3,0x6b,0x73,0x5b,0xd8,0xb5,0xd8,0xb5,0xb8,0xb5,0xf9,0xbd,
    0x7a,0xce,0x7a,0xce,0x39,0xc6,0xb8,0xb5,0x58,0xa5,0x56,0x7c,0x34,0x4b,0x78,0xad,
    0xbb,0xd6,0xdb,0xde,0xdb,0xde,0xb8,0xad,0x54,0x4b,0x14,0x43,0x14,0x3b,0xf3,0x32,
    0x34,0x43,0x54,0x53,0x54,0x4b,0xd7,0x8c,0xbb,0xd6,0xdb,0xde,0xdb,0xde,0xf9,0xbd,
    0xd4,0x63,0xf3,0x3a,0x15,0x74,0x5a,0xc6,0xdb,0xde,0xdb,0xde,0xbb,0xd6,0xbb,0xd6,
    0xdb,0xd6,0xdb,0xde,0xbb,0xd6,0xf9,0xbd,0xd7,0x94,0x15,0x74,0x54,0x4b,0x34,0x43,
    0x34,0x43,0x14,0x43,0x14,0x43,0x14,0x43,0x14,0x43,0x34,0x43,0x34,0x43,0x34,0x43,
    0x13,0x43,0x13,0x43,0x14,0x43,0xff,0x14,0x43,0x14,0x43,0x14,0x43,0x14,0x43,0x34,
    0x43,0x34,0x43,0x34,0x43,0x14,0x43,0xb2,0x2a,0xf3,0x3a,0x94,0x5b,0x74,0x53,0x34,
    0x4b,0x34,0x43,0x34,0x43,0x34,0x43,0x34,0x43,0x34,0x43,0x34,0x43,0x13,0x43,0x13,
    0x43,0x13,0x43,0xf3,0x3a,0xf3,0x32,0x91,0x22,0x71,0x1a,0xf3,0x42,0x53,0x4b,0x14,
    0x74,0xb8,0xad,0x7a,0xce,0xbb,0xd6,0xbb,0xd6,0xbb,0xd6,0x9a,0xd6,0x78,0xad,0xb4,
    0x63,0x13,0x43,0x13,0x43,0x13,0x43,0x13,0x43,0x33,0x43,0x75,0x84,0x5a,0xc6,0xbb,
    0xd6,0xbb,0xd6,0xf9,0xbd,0xf4,0x6b,0x13,0x43,0x13,0x43,0x13,0x43,0x13,0x43,0x13,
    0x43,0xf2,0x42,0xf2,0x3a,0xf2,0x42,0xf2,0x42,0xf2,0x3a,0xb2,0x32,0x71,0x22,0x33,
    0x4b,0xb4,0x63,0x33,0x4b,0xf2,0x3a,0xf2,0x3a,0xf2,0x3a,0xf2,0x3a,0x91,0x2a,0x91,
    0x2a,0xb1,0x32,0x51,0x5b,0x92,0x94,0x14,0xce,0xb7,0xde,0xd7,0xde,0xd7,0xde,0xd7,
    0xde,0xd7,0xde,0xd7,0xde,0x56,0xce,0xb1,0x73,0x75,0x84,0x5a,0xc6,0x9a,0xd6,0xf9,
    0xbd,0x73,0x5b,0x4f,0x5b,0xcb,0x4a,0x8a,0x42,0x8a,0x42,0x8a,0x42,0x8a,0x42,0x8a,
    0x42,0x8a,0x42,0x8a,0x42,0x8a,0x42,0x8a,0x42,0x8a,0x42,0xaa,0x42,0xaa,0x42,0xaa,
    0x42,0xaa,0x42,0xaa,0x42,0xaa,0x42,0xaa,0x42,0xaa,0x42,0xaa,0x42,0xaa,0x42,0xaa,
    0x42,0xaa,0x42,0xaa,0x42,0xaa,0x4a,0xeb,0x52,0xae,0x6b,0x72,0x8c,0x35,0xa5,0x14,
    0x74,0x13,0x43,0xf2,0x3a,0xf2,0x3a,0x13,0x43,0xf6,0x94,0x5a,0xc6,0xbb,0xd6,0x9b,
    0xd6,0x78,0xa5,0x73,0x53,0xff,0xd3,0x3a,0xd2,0x3a,0xd2,0x3a,0xd2,0x3a,0xf2,0x3a,
    0xf3,0x3a,0x13,0x43,0x13,0x43,0xf2,0x3a,0xf3,0x3a,0x13,0x43,0x94,0x5b,0x76,0x7c,
    0xb9,0xb5,0x9a,0xce,0xbb,0xd6,0xbb,0xd6,0x9b,0xd6,0x5a,0xce,0xb8,0xb5,0x35,0x7c,
    0x54,0x53,0x34,0x4b,0x33,0x43,0xf3,0x3a,0xd3,0x32,0xd2,0x32,0xf3,0x3a,0xf3,0x3a,
    0x13,0x43,0x13,0x43,0xf3,0x42,0x13,0x43,0x13,0x43,0x13,0x43,0x13,0x43,0x13,0x43,
    0x13,0x43,0x13,0x43,0x13,0x43,0x13,0x43,0x13,0x43,0x94,0x5b,0x55,0x7c,0x17,0x9d,
    0x98,0xad,0x19,0xbe,0x3a,0xc6,0xb8,0xb5,0x35,0x74,0xb4,0x63,0x34,0x4b,0x54,0x4b,
    0x54,0x4b,0x34,0x4b,0x13,0x43,0xf3,0x3a,0xf3,0x3a,0x54,0x53,0x35,0x74,0x17,0x9d,
    0xf9,0xbd,0x9a,0xd6,0xbb,0xd6,0xbb,0xd6,0xf9,0xbd,0x74,0x53,0x13,0x3b,0x14,0x43,
    0x13,0x43,0x13,0x43,0x13,0x43,0x13,0x43,0x13,0x43,0x56,0x7c,0xf9,0xbd,0x19,0xc6,
    0xf7,0x94,0x14,0x43,0x14,0x43,0x14,0x43,0x13,0x43,0x14,0x43,0x13,0x43,0x13,0x43,
    0x14,0x43,0x14,0x43,0x14,0x43,0x14,0x43,0x34,0x43,0x34,0x4b,0x54,0x4b,0x54,0x4b,
    0x34,0x4b,0xf3,0x3a,0xd3,0x32,0xf3,0x32,0xf3,0x3a,0x34,0x4b,0xf9,0xbd,0xdb,0xde,
    0xdb,0xde,0xdb,0xde,0xdb,0xde,0xdb,0xde,0x9a,0xd6,0xba,0xd6,0x9a,0xd6,0x9a,0xd6,
    0xba,0xd6,0xdb,0xde,0xdb,0xde,0xdb,0xde,0xdb,0xde,0x79,0xce,0xd3,0x6b,0xf2,0x3a,
    0x51,0x5b,0x19,0xbe,0xd8,0xb5,0x18,0xc6,0x76,0xb5,0xd3,0x6b,0x33,0x4b,0xf3,0x3a,
    0xf3,0x3a,0x14,0x43,0xff,0x94,0x5b,0xd5,0x63,0x19,0xbe,0xdb,0xde,0xdb,0xde,0x5a,
    0xc6,0x94,0x5b,0x14,0x43,0x14,0x3b,0xf3,0x3a,0x34,0x43,0x54,0x4b,0x54,0x4b,0x96,
    0x8c,0x7a,0xce,0xdb,0xde,0xdb,0xd6,0x19,0xc6,0x96,0x8c,0xb5,0x63,0x76,0x7c,0x39,
    0xc6,0xbb,0xd6,0xbb,0xd6,0x5a,0xce,0xb6,0x8c,0x56,0x7c,0x98,0xad,0x9b,0xd6,0xbb,
    0xd6,0xdb,0xde,0xbb,0xd6,0x9a,0xd6,0x58,0xa5,0x54,0x4b,0x34,0x43,0x34,0x43,0x34,
    0x43,0x34,0x43,0x14,0x43,0x14,0x43,0x34,0x43,0x34,0x4b,0x14,0x43,0x13,0x43,0x14,
    0x43,0x14,0x43,0x14,0x43,0x34,0x43,0x14,0x43,0x14,0x43,0x34,0x43,0x13,0x43,0xb2,
    0x2a,0xf3,0x3a,0x74,0x53,0x74,0x53,0x34,0x4b,0x34,0x43,0x34,0x43,0x34,0x43,0x34,
    0x43,0x34,0x43,0x34,0x43,0x14,0x43,0x13,0x3b,0xf3,0x3a,0x92,0x2a,0x51,0x1a,0x30,
    0x0a,0x71,0x1a,0xd2,0x32,0x91,0x2a,0x50,0x22,0x0f,0x12,0x70,0x22,0x33,0x4b,0x55,
    0x7c,0xd8,0xb5,0x9b,0xd6,0xbb,0xd6,0xbb,0xd6,0xb6,0x8c,0x13,0x43,0x33,0x4b,0x33,
    0x4b,0x13,0x43,0x35,0x7c,0x3a,0xc6,0xbb,0xd6,0xbb,0xd6,0x19,0xbe,0x15,0x74,0x13,
    0x43,0x13,0x43,0x13,0x43,0x13,0x43,0x13,0x43,0x13,0x43,0x13,0x43,0xf2,0x3a,0xf2,
    0x3a,0xf2,0x3a,0xb1,0x32,0x50,0x22,0x12,0x43,0xb4,0x63,0x53,0x53,0xf2,0x3a,0xf2,
    0x3a,0xf2,0x3a,0xf2,0x3a,0xf2,0x3a,0x91,0x2a,0x91,0x2a,0x71,0x22,0x71,0x22,0x50,
    0x1a,0x70,0x32,0xd0,0x7b,0x73,0xb5,0x56,0xd6,0xd7,0xde,0xd7,0xde,0x56,0xce,0x70,
    0x6b,0x75,0x84,0xff,0x5a,0xc6,0x9a,0xd6,0xd9,0xb5,0x72,0x53,0x4e,0x5b,0xcb,0x4a,
    0x8a,0x42,0x8a,0x42,0x8a,0x42,0x8a,0x42,0x8a,0x42,0x8a,0x42,0x8a,0x42,0x8a,0x42,
    0x8a,0x42,0x8a,0x42,0x8a,0x42,0x8a,0x42,0x8a,0x42,0xaa,0x42,0xaa,0x42,0xaa,0x42,
    0xaa,0x42,0xaa,0x42,0xaa,0x42,0xaa,0x42,0xaa,0x42,0xaa,0x42,0xaa,0x42,0xaa,0x42,
    0xaa,0x42,0xaa,0x42,0xaa,0x42,0xaa,0x4a,0x2c,0x5b,0x2d,0x5b,0x50,0x53,0xb3,0x63,
    0x75,0x7c,0x17,0x9d,0x5a,0xce,0x9b,0xd6,0x9b,0xd6,0x78,0xa5,0x73,0x53,0xd2,0x32,
    0xb2,0x2a,0xb2,0x32,0xf3,0x3a,0xf3,0x3a,0xf3,0x3a,0xf3,0x3a,0xf3,0x3a,0x13,0x43,
    0xf3,0x42,0xf3,0x3a,0xf3,0x3a,0xf3,0x3a,0xf3,0x3a,0x13,0x43,0xb4,0x63,0x37,0x9d,
    0x19,0xbe,0x9b,0xd6,0x9b,0xd6,0x9b,0xd6,0x9b,0xd6,0xb8,0xb5,0x54,0x53,0x33,0x4b,
    0x34,0x4b,0x33,0x4b,0x13,0x43,0xf3,0x3a,0xd3,0x32,0xd3,0x3a,0xf3,0x3a,0xf3,0x3a,
    0x13,0x43,0x13,0x43,0x13,0x43,0x13,0x43,0x13,0x43,0x13,0x43,0x13,0x43,0x13,0x43,
    0x13,0x43,0x76,0x84,0x7a,0xce,0xdb,0xd6,0xdb,0xd6,0xdb,0xde,0xdb,0xd6,0xdb,0xde,
    0xdb,0xd6,0xbb,0xd6,0x9b,0xd6,0x55,0x7c,0x13,0x43,0x33,0x43,0x34,0x4b,0x54,0x4b,
    0x54,0x4b,0x96,0x8c,0x5a,0xc6,0xbb,0xd6,0xdb,0xd6,0xdb,0xde,0xdb,0xde,0xdb,0xde,
    0x3a,0xc6,0xb4,0x63,0xf3,0x3a,0xb2,0x32,0xd2,0x32,0xf3,0x3a,0x13,0x3b,0x13,0x43,
    0x13,0x43,0x13,0x43,0x98,0xad,0xbb,0xd6,0xdb,0xde,0x3a,0xc6,0x74,0x53,0x14,0x43,
    0x14,0x43,0xff,0x14,0x43,0x13,0x43,0x13,0x43,0x13,0x43,0x14,0x43,0x14,0x43,0x14,
    0x43,0x14,0x43,0x14,0x43,0x14,0x43,0x14,0x43,0x34,0x43,0x54,0x4b,0x74,0x53,0x54,
    0x4b,0x14,0x43,0xf3,0x3a,0xb8,0xb5,0xdb,0xde,0xdb,0xde,0xdb,0xde,0xdb,0xde,0xdb,
    0xde,0x9a,0xd6,0x7a,0xce,0x9a,0xd6,0x7a,0xce,0x9a,0xd6,0xdb,0xde,0xdb,0xde,0xdb,
    0xde,0xdb,0xde,0x9a,0xce,0x34,0x74,0xd2,0x3a,0xcf,0x42,0x4e,0x63,0x55,0xa5,0x76,
    0xa5,0x17,0xc6,0xd5,0xc5,0x75,0x8c,0x54,0x53,0xf3,0x3a,0xb2,0x2a,0x94,0x63,0x7a,
    0xce,0xdb,0xde,0x7a,0xce,0xdb,0xde,0xdb,0xde,0xbb,0xd6,0x37,0x9d,0x94,0x5b,0xd3,
    0x32,0x14,0x43,0x54,0x4b,0x54,0x4b,0x96,0x84,0x7a,0xce,0xdb,0xde,0xdb,0xd6,0x19,
    0xbe,0x35,0x74,0x54,0x53,0x36,0x74,0x5a,0xce,0xdb,0xde,0xdb,0xde,0x7a,0xce,0x96,
    0x84,0xd3,0x3a,0xd3,0x3a,0xf3,0x3a,0x94,0x5b,0xf7,0x94,0x3a,0xc6,0xbb,0xd6,0xdb,
    0xd6,0x9a,0xce,0xf5,0x6b,0x34,0x43,0x34,0x43,0x34,0x43,0x34,0x43,0x34,0x43,0x14,
    0x43,0x34,0x43,0x34,0x4b,0x34,0x43,0x13,0x43,0x14,0x43,0x13,0x43,0x14,0x43,0x14,
    0x43,0x34,0x43,0x14,0x43,0x13,0x43,0xb2,0x2a,0xd2,0x32,0x74,0x5b,0x74,0x53,0x34,
    0x4b,0x34,0x43,0x34,0x43,0x34,0x43,0x34,0x43,0x13,0x43,0x13,0x43,0x13,0x43,0xf3,
    0x3a,0xb2,0x32,0x71,0x1a,0x30,0x12,0x91,0x2a,0x12,0x43,0x54,0x53,0xd5,0x63,0x16,
    0x74,0xf5,0x6b,0x74,0x5b,0xf1,0x42,0x50,0x22,0x70,0x22,0xb2,0x2a,0x94,0x5b,0xb6,
    0x8c,0xff,0x35,0x7c,0x13,0x43,0xb4,0x63,0x19,0xbe,0x7a,0xce,0xf9,0xbd,0x5a,0xce,
    0xbb,0xd6,0xbb,0xd6,0x19,0xc6,0x35,0x74,0x13,0x43,0x13,0x43,0x13,0x43,0x13,0x43,
    0x13,0x43,0x13,0x43,0x13,0x43,0x13,0x43,0xf2,0x42,0xf2,0x3a,0xb2,0x32,0x70,0x22,
    0xf2,0x42,0x94,0x5b,0x53,0x53,0x12,0x43,0xf2,0x42,0xd2,0x3a,0xf2,0x3a,0xf2,0x3a,
    0xd2,0x3a,0x0f,0x12,0x0f,0x12,0x2f,0x12,0x30,0x1a,0x70,0x22,0xb1,0x32,0xd2,0x32,
    0xf2,0x3a,0x32,0x53,0x72,0x94,0xd5,0xbd,0x53,0x84,0xd6,0x94,0x5a,0xc6,0x7a,0xce,
    0x98,0xad,0x12,0x4b,0x6e,0x5b,0xaa,0x4a,0x8a,0x42,0x8a,0x42,0x8a,0x42,0x8a,0x42,
    0x8a,0x42,0x8a,0x42,0x8a,0x42,0x8a,0x42,0x8a,0x42,0x8a,0x42,0x8a,0x42,0x8a,0x42,
    0x8a,0x42,0x8a,0x42,0x8a,0x42,0x8a,0x42,0x8a,0x42,0xaa,0x42,0xaa,0x42,0xaa,0x42,
    0xaa,0x42,0xaa,0x42,0xaa,0x42,0xaa,0x42,0xaa,0x42,0xaa,0x42,0xaa,0x42,0xaa,0x42,
    0xaa,0x42,0xaa,0x42,0xaa,0x4a,0xaa,0x4a,0x6e,0x63,0x10,0x7c,0x96,0xad,0x7a,0xce,
    0x9b,0xd6,0x78,0xad,0x53,0x53,0xd2,0x3a,0xb2,0x32,0xd2,0x32,0xf3,0x42,0x13,0x43,
    0x13,0x43,0xf3,0x3a,0xd3,0x3a,0xd2,0x32,0xf3,0x3a,0x13,0x43,0x13,0x43,0x13,0x43,
    0x13,0x43,0x33,0x4b,0x73,0x53,0xd4,0x63,0x75,0x84,0x37,0xa5,0x7a,0xce,0xdb,0xde,
    0xbb,0xd6,0x9a,0xd6,0x78,0xad,0xd2,0x32,0xd3,0x3a,0xf3,0x42,0x13,0x43,0x33,0x4b,
    0x34,0x4b,0x33,0x4b,0xf3,0x42,0xd3,0x32,0xd3,0x32,0xf3,0x3a,0xf3,0x3a,0x13,0x43,
    0xff,0x13,0x43,0x13,0x43,0x13,0x43,0x13,0x43,0x13,0x43,0x55,0x7c,0x5a,0xce,0xbb,
    0xd6,0xbb,0xd6,0x9a,0xce,0xf9,0xbd,0x57,0xa5,0xf9,0xbd,0xbb,0xd6,0xbb,0xd6,0xbb,
    0xd6,0xb8,0xb5,0x94,0x5b,0x15,0x74,0xf5,0x6b,0x94,0x5b,0x33,0x4b,0x96,0x8c,0x7a,
    0xce,0x9a,0xce,0x5a,0xc6,0xd9,0xb5,0x78,0xad,0xd6,0x8c,0x74,0x5b,0x54,0x53,0x74,
    0x53,0x74,0x53,0x33,0x4b,0xd2,0x3a,0xb2,0x32,0xd3,0x32,0xf3,0x3a,0x34,0x43,0xd9,
    0xb5,0xdb,0xd6,0xdb,0xd6,0xf9,0xbd,0x54,0x4b,0x14,0x43,0x14,0x43,0x14,0x43,0x14,
    0x43,0x14,0x43,0x14,0x43,0x13,0x43,0x14,0x43,0x14,0x43,0x14,0x43,0x14,0x43,0x14,
    0x43,0x14,0x43,0x14,0x43,0x14,0x43,0x14,0x43,0x34,0x43,0x15,0x74,0xf9,0xb5,0xdb,
    0xde,0xdb,0xde,0xdb,0xde,0xdb,0xde,0xdb,0xde,0xdb,0xde,0x9a,0xd6,0xba,0xd6,0x39,
    0xc6,0xba,0xd6,0xdb,0xde,0xdb,0xde,0xdb,0xde,0xdb,0xde,0x9a,0xd6,0x34,0x7c,0xd2,
    0x3a,0xcf,0x42,0x0d,0x5b,0xec,0x5a,0xd0,0x6b,0xf8,0xb5,0x75,0xb5,0x54,0x84,0x34,
    0x4b,0x74,0x53,0xb5,0x63,0xf5,0x6b,0x7a,0xce,0xdb,0xde,0xdb,0xde,0xdb,0xde,0xdb,
    0xde,0xdb,0xde,0xdb,0xde,0xdb,0xd6,0x9a,0xd6,0xd9,0xb5,0x76,0x7c,0x15,0x74,0xf7,
    0x94,0x7a,0xce,0xdb,0xde,0xdb,0xd6,0x39,0xc6,0x35,0x7c,0x54,0x53,0x15,0x74,0x3a,
    0xc6,0xdb,0xd6,0xdb,0xde,0x9a,0xce,0x17,0x9d,0xd5,0x6b,0xb5,0x5b,0x34,0x4b,0xf3,
    0x3a,0xd2,0x32,0xf3,0x3a,0x15,0x74,0x9a,0xd6,0xdb,0xd6,0xdb,0xd6,0x37,0xa5,0xe1,
    0x34,0x4b,0x34,0x43,0x34,0x43,0x14,0x43,0x34,0x43,0x34,0x4b,0x34,0x4b,0x54,0x4b,
    0x34,0x4b,0x13,0x43,0x13,0x43,0x14,0x43,0x14,0x43,0x14,0x43,0x34,0x43,0x13,0x43,
    0xb2,0x2a,0xd2,0x32,0x74,0x53,0x74,0x53,0x34,0x4b,0x13,0x43,0x13,0x43,0x13,0x43,
    0x13,0x43,0x34,0x43,0x13,0x43,0x13,0x43,0x13,0x43,0xd2,0x32,0x71,0x22,0x91,0x22,
    0x33,0x4b,0xb5,0x63,0xb5,0x63,0x74,0x5b,0x74,0x53,0x74,0x53,0x94,0x5b,0xd5,0x6b,
    0xf5,0x6b,0xd5,0x6b,0xf2,0x42,0x50,0x22,0xd2,0x32,0xf3,0x3a,0x13,0x43,0x13,0x43,
    0x73,0x53,0x19,0xbe,0xbb,0xd6,0xbb,0xd6,0xbb,0xd6,0xbb,0xd6,0x9b,0xd6,0x98,0xad,
    0x73,0x53,0x13,0x43,0x13,0x43,0x13,0x43,0xf3,0x42,0x13,0x43,0xf2,0x42,0x12,0x43,
    0x13,0x43,0x12,0x43,0xb2,0x32,0x50,0x1a,0xf2,0x3a,0x94,0x5b,0x53,0x53,0xf2,0x3a,
    0x12,0x43,0xf2,0x42,0xd2,0x3a,0xd2,0x3a,0xd2,0x3a,0xd2,0x3a,0x91,0x2a,0xb1,0x32,
    0xd1,0x32,0xd2,0x32,0xd2,0x32,0xb1,0x32,0xb1,0x32,0xb1,0x32,0xb2,0x32,0xb1,0x2a,
    0xd2,0x3a,0xd6,0x94,0x7a,0xce,0xbb,0xd6,0xd8,0xb5,0x52,0x53,0x4e,0x5b,0xaa,0x4a,
    0x8a,0x42,0x14,0x8a,0x42,0xff,0xaa,0x42,0xaa,0x42,0xaa,0x42,0xaa,0x42,0xaa,0x42,
    0xaa,0x42,0xaa,0x42,0xaa,0x42,0xaa,0x42,0xaa,0x42,0xaa,0x42,0xaa,0x42,0xaa,0x42,
    0xaa,0x4a,0xeb,0x52,0xcf,0x73,0xd3,0x94,0x36,0xa5,0x14,0x74,0xb2,0x2a,0xb2,0x32,
    0x13,0x43,0x33,0x4b,0x13,0x43,0xf2,0x3a,0xd2,0x32,0xb2,0x32,0x33,0x4b,0xf4,0x6b,
    0x96,0x84,0x17,0x9d,0x98,0xad,0xf9,0xbd,0x3a,0xc6,0x7a,0xce,0x9a,0xd6,0xbb,0xd6,
    0xbb,0xd6,0xbb,0xd6,0xbb,0xd6,0xdb,0xde,0xf9,0xbd,0x94,0x5b,0x13,0x43,0xb2,0x32,
    0x91,0x2a,0xb2,0x32,0xf3,0x3a,0x13,0x43,0x33,0x4b,0x33,0x4b,0x34,0x4b,0x13,0x43,
    0xf3,0x3a,0xd3,0x32,0xd3,0x3a,0xf3,0x3a,0xf3,0x3a,0x13,0x43,0x13,0x43,0xb6,0x8c,
    0x5a,0xce,0xbb,0xd6,0xbb,0xd6,0x19,0xbe,0x15,0x74,0x13,0x43,0xf3,0x3a,0x13,0x43,
    0xb8,0xad,0xbb,0xd6,0xdb,0xd6,0x9b,0xd6,0x9a,0xce,0xbb,0xd6,0xbb,0xd6,0x5a,0xc6,
    0x78,0xa5,0x35,0x7c,0x54,0x53,0x94,0x5b,0x74,0x53,0x34,0x4b,0x13,0x43,0xf3,0x3a,
    0xf3,0x3a,0xf3,0x3a,0x13,0x3b,0x34,0x4b,0x54,0x53,0x74,0x53,0x54,0x4b,0x13,0x43,
    0xd2,0x32,0xf2,0x3a,0x19,0xc6,0xdb,0xd6,0xdb,0xd6,0x98,0xad,0x34,0x43,0x13,0x43,
    0x13,0x43,0x34,0x4b,0xb4,0x63,0x76,0x7c,0x17,0x95,0x78,0xa5,0xb6,0x8c,0x54,0x4b,
    0x14,0x3b,0x14,0x43,0x14,0x43,0x14,0x43,0x14,0x43,0x14,0x43,0x14,0x43,0x76,0x7c,
    0xba,0xd6,0xdb,0xde,0xdb,0xde,0xdb,0xde,0xdb,0xde,0xdb,0xde,0x79,0xce,0x9a,0xd6,
    0xba,0xd6,0x9a,0xd6,0xff,0xdb,0xde,0xdb,0xde,0xdb,0xde,0xdb,0xde,0xdb,0xde,0x9a,
    0xd6,0x33,0x7c,0xb1,0x3a,0xcf,0x42,0x6e,0x6b,0x8d,0x6b,0x2d,0x5b,0x76,0xad,0x15,
    0xa5,0x52,0x5b,0x34,0x4b,0x34,0x43,0x34,0x43,0x34,0x43,0x16,0x9d,0x96,0xb5,0x79,
    0xce,0xdb,0xde,0xdb,0xde,0xdb,0xde,0xdb,0xde,0xdb,0xde,0xdb,0xde,0xdb,0xde,0xdb,
    0xde,0xdb,0xde,0xdb,0xde,0xdb,0xde,0xdb,0xde,0xdb,0xde,0x7a,0xce,0x76,0x84,0x54,
    0x53,0x15,0x6c,0x5a,0xc6,0xdb,0xde,0xdb,0xde,0xbb,0xd6,0x98,0xad,0x74,0x53,0x34,
    0x4b,0x74,0x53,0xb5,0x63,0xd5,0x63,0x94,0x5b,0x13,0x43,0x55,0x7c,0x9a,0xd6,0xbb,
    0xd6,0xdb,0xd6,0xd9,0xb5,0x54,0x4b,0x54,0x4b,0xd5,0x6b,0x96,0x84,0x37,0x9d,0xd9,
    0xb5,0xb8,0xb5,0x17,0x9d,0xb4,0x63,0x34,0x43,0x13,0x43,0x13,0x43,0xf3,0x3a,0xd2,
    0x32,0x92,0x2a,0x71,0x22,0xb2,0x32,0x74,0x53,0x74,0x5b,0x34,0x4b,0x13,0x43,0x13,
    0x43,0x13,0x43,0x13,0x43,0x13,0x43,0x13,0x43,0x13,0x43,0x13,0x43,0xf3,0x3a,0xd2,
    0x32,0xd2,0x32,0x33,0x4b,0x94,0x5b,0x74,0x53,0x33,0x4b,0x33,0x4b,0x54,0x53,0x54,
    0x53,0x54,0x4b,0x33,0x4b,0x54,0x53,0xb4,0x63,0xd5,0x6b,0x12,0x43,0x70,0x22,0xf2,
    0x3a,0xf3,0x3a,0x13,0x43,0x13,0x43,0x73,0x53,0x55,0x7c,0x98,0xad,0x7a,0xce,0xbb,
    0xd6,0xbb,0xd6,0x9b,0xd6,0xd9,0xb5,0x53,0x53,0x13,0x43,0x13,0x43,0xf3,0x42,0xf3,
    0x42,0xf2,0x3a,0xf2,0x42,0x13,0x43,0xf2,0x3a,0x50,0x1a,0xd1,0x32,0x94,0x5b,0x53,
    0x53,0xf2,0x3a,0x98,0xf2,0x3a,0xf2,0x3a,0x12,0x43,0xf2,0x3a,0xd2,0x3a,0xd2,0x3a,
    0xd2,0x3a,0x52,0x53,0x91,0x2a,0x91,0x2a,0x91,0x2a,0x91,0x2a,0x91,0x2a,0x91,0x2a,
    0x91,0x2a,0x91,0x2a,0xf2,0x3a,0xf6,0x94,0x7a,0xce,0x9a,0xce,0x77,0xad,0x31,0x4b,
    0x4e,0x5b,0x8a,0x42,0x19,0x8a,0x42,0xff,0xaa,0x42,0xaa,0x42,0xaa,0x42,0xaa,0x42,
    0xaa,0x42,0xaa,0x42,0xaa,0x42,0xaa,0x42,0x4d,0x5b,0xcf,0x73,0x6d,0x63,0xaa,0x42,
    0xaa,0x42,0xaa,0x4a,0x4d,0x5b,0x6e,0x63,0x10,0x4b,0xf2,0x42,0x33,0x4b,0x33,0x43,
    0xf4,0x6b,0x78,0xad,0xb8,0xad,0xf9,0xbd,0x7a,0xce,0xbb,0xd6,0xbb,0xd6,0xbb,0xd6,
    0xbb,0xd6,0xbb,0xd6,0x9b,0xd6,0x9b,0xce,0x5a,0xce,0x19,0xc6,0xd9,0xb5,0x78,0xad,
    0x17,0x9d,0x75,0x84,0x33,0x4b,0x54,0x4b,0x74,0x53,0x33,0x4b,0xf3,0x42,0xd2,0x32,
    0x91,0x2a,0xb2,0x2a,0xd2,0x32,0xf3,0x3a,0x13,0x43,0x33,0x4b,0x54,0x4b,0x34,0x4b,
    0x13,0x43,0xf3,0x3a,0xd3,0x32,0xf3,0x3a,0x74,0x53,0x5a,0xc6,0xdb,0xd6,0xbb,0xd6,
    0x5a,0xc6,0x15,0x74,0x13,0x43,0x13,0x43,0x13,0x43,0x15,0x74,0x5a,0xce,0xdb,0xd6,
    0xbb,0xd6,0xbb,0xd6,0xbb,0xd6,0x9a,0xce,0xbb,0xd6,0xdb,0xd6,0xbb,0xd6,0x9a,0xce,
    0xf5,0x6b,0x13,0x43,0x13,0x43,0x33,0x43,0x34,0x4b,0x54,0x4b,0x54,0x4b,0x13,0x43,
    0xf3,0x3a,0xf3,0x3a,0xf3,0x3a,0x13,0x43,0x54,0x4b,0x74,0x53,0x74,0x53,0x35,0x74,
    0x9b,0xd6,0xbb,0xd6,0xbb,0xd6,0x58,0xa5,0x13,0x43,0x15,0x74,0xf9,0xbd,0x7a,0xce,
    0xbb,0xd6,0xdb,0xd6,0xdb,0xd6,0xdb,0xd6,0xdb,0xd6,0x7a,0xce,0x58,0xa5,0x74,0x53,
    0x14,0x43,0x14,0x43,0x14,0x43,0x14,0x43,0x55,0x7c,0xbb,0xd6,0xdb,0xde,0xdb,0xde,
    0xdb,0xde,0xdb,0xde,0xdb,0xde,0xdb,0xde,0xdb,0xde,0x9a,0xce,0x59,0xce,0x9a,0xd6,
    0xdb,0xde,0xdb,0xde,0xdb,0xde,0xff,0xdb,0xde,0x9a,0xd6,0x54,0x7c,0xd1,0x3a,0xaf,
    0x42,0xec,0x52,0xef,0x7b,0x50,0x84,0x75,0xb5,0x14,0xa5,0x90,0x3a,0x13,0x3b,0x34,
    0x43,0x34,0x43,0x14,0x43,0x17,0x9d,0xdb,0xde,0xba,0xd6,0xb6,0xb5,0x76,0xad,0x38,
    0xc6,0x9a,0xd6,0xdb,0xde,0xdb,0xde,0xdb,0xde,0xdb,0xde,0xdb,0xde,0xdb,0xde,0xdb,
    0xde,0xdb,0xde,0x5a,0xc6,0x98,0xad,0x76,0x84,0x74,0x53,0xf5,0x6b,0x19,0xbe,0xdb,
    0xde,0xdb,0xde,0xdb,0xd6,0xdb,0xde,0xbb,0xd6,0x5a,0xce,0x58,0xa5,0x56,0x7c,0x74,
    0x53,0x54,0x53,0xb5,0x63,0xd7,0x94,0xbb,0xd6,0xbb,0xde,0xbb,0xd6,0xf9,0xbd,0x53,
    0x53,0x33,0x4b,0xd9,0xb5,0xbb,0xd6,0xbb,0xd6,0xbb,0xd6,0xbb,0xd6,0x9a,0xd6,0x34,
    0xa5,0x10,0x7c,0x33,0x7c,0x72,0x5b,0x32,0x4b,0xd2,0x3a,0xd2,0x3a,0x13,0x43,0x74,
    0x53,0xb5,0x5b,0x94,0x5b,0x34,0x4b,0x13,0x43,0x13,0x43,0x13,0x43,0x13,0x43,0x13,
    0x43,0x13,0x43,0x13,0x43,0x13,0x43,0x13,0x43,0x13,0x43,0x13,0x43,0x33,0x4b,0x74,
    0x53,0x54,0x53,0x33,0x4b,0x34,0x4b,0x74,0x53,0x74,0x5b,0x94,0x5b,0x74,0x53,0x54,
    0x4b,0x33,0x4b,0x33,0x4b,0xb4,0x5b,0x94,0x5b,0xf2,0x3a,0xd2,0x3a,0x13,0x43,0x13,
    0x43,0x13,0x43,0x13,0x43,0x13,0x43,0xf3,0x42,0x53,0x53,0xd6,0x94,0xf9,0xbd,0xf9,
    0xbd,0x17,0x9d,0x13,0x43,0x13,0x43,0xf3,0x42,0xf2,0x42,0xf2,0x3a,0xf2,0x3a,0xf2,
    0x3a,0xf2,0x3a,0x91,0x2a,0xd1,0x32,0x53,0x53,0x53,0x53,0xf2,0x42,0xf2,0x3a,0xf2,
    0x3a,0xf2,0x3a,0xf2,0x42,0x98,0xf2,0x42,0xd2,0x3a,0xd2,0x3a,0x73,0x53,0x5a,0xc6,
    0xb1,0x32,0x91,0x2a,0x91,0x2a,0x91,0x2a,0x91,0x2a,0x91,0x2a,0x91,0x2a,0xf2,0x42,
    0x16,0x9d,0x7a,0xce,0x7a,0xce,0x37,0x9d,0x11,0x4b,0x4d,0x5b,0x8a,0x42,0x8a,0x42,
    0x6a,0x42,0x6a,0x42,0x8a,0x42,0x19,0x8a,0x42,0xff,0xaa,0x42,0xaa,0x42,0xaa,0x42,
    0xcb,0x4a,0xf0,0x73,0x0c,0x5b,0x8a,0x52,0x4d,0x6b,0xb2,0x94,0x2c,0x5b,0xaa,0x42,
    0xaa,0x42,0xaa,0x4a,0xcb,0x4a,0x6e,0x63,0x8f,0x63,0x92,0x63,0x5a,0xce,0x9a,0xce,
    0x9b,0xd6,0xbb,0xd6,0xbb,0xd6,0x7a,0xce,0x5a,0xc6,0xf9,0xbd,0x57,0xa5,0xb6,0x8c,
    0x35,0x74,0xb4,0x63,0x73,0x53,0x33,0x4b,0x13,0x43,0xf3,0x3a,0xf3,0x3a,0xf3,0x3a,
    0xf3,0x3a,0xf3,0x3a,0xd3,0x3a,0x13,0x43,0x13,0x43,0x13,0x43,0xf3,0x42,0xf3,0x3a,
    0xb2,0x32,0x92,0x2a,0xb2,0x32,0xf3,0x3a,0x13,0x43,0x33,0x43,0x34,0x4b,0x54,0x4b,
    0x33,0x4b,0xf3,0x42,0xf3,0x3a,0x98,0xad,0xbb,0xd6,0xbb,0xd6,0x5a,0xce,0x74,0x53,
    0x13,0x43,0x13,0x43,0x33,0x4b,0xb8,0xb5,0xbb,0xd6,0xbb,0xd6,0xbb,0xd6,0x98,0xad,
    0xd4,0x63,0x94,0x5b,0xb6,0x8c,0x9b,0xd6,0xbb,0xd6,0xbb,0xd6,0x17,0x9d,0x13,0x43,
    0x13,0x43,0x13,0x43,0x13,0x43,0x13,0x43,0x34,0x43,0x54,0x4b,0x54,0x4b,0x34,0x4b,
    0x13,0x43,0xf3,0x3a,0xd3,0x32,0xf3,0x3a,0x14,0x43,0x94,0x5b,0x7a,0xce,0xdb,0xde,
    0xdb,0xd6,0xd8,0xb5,0x93,0x5b,0xf9,0xbd,0xbb,0xd6,0xdb,0xd6,0xbb,0xd6,0x9a,0xd6,
    0x9a,0xce,0x9a,0xce,0xdb,0xd6,0xdb,0xde,0xbb,0xd6,0xd7,0x8c,0x14,0x43,0x14,0x43,
    0x14,0x43,0x34,0x43,0xb2,0x6b,0x76,0xad,0xba,0xd6,0xdb,0xde,0xdb,0xde,0xdb,0xde,
    0xdb,0xde,0xdb,0xde,0xdb,0xde,0xdb,0xde,0xdb,0xde,0xdb,0xde,0xdb,0xde,0xdb,0xde,
    0xdb,0xde,0xba,0xd6,0x54,0x7c,0xd1,0x3a,0xff,0xf0,0x52,0xcd,0x52,0xe9,0x31,0x2c,
    0x63,0xf2,0xa4,0xb2,0x9c,0x6f,0x32,0xd2,0x32,0x14,0x43,0x34,0x43,0x34,0x4b,0x57,
    0xa5,0xdb,0xde,0xdb,0xde,0xdb,0xde,0xdb,0xde,0xba,0xd6,0x79,0xce,0xb6,0xb5,0x34,
    0xa5,0x59,0xce,0xdb,0xde,0xdb,0xde,0xdb,0xde,0xdb,0xde,0xdb,0xde,0xba,0xd6,0x55,
    0x7c,0x14,0x43,0x54,0x4b,0xd5,0x63,0x19,0xbe,0xdb,0xd6,0xdb,0xde,0xbb,0xd6,0xf9,
    0xbd,0x5a,0xce,0xbb,0xd6,0xdb,0xd6,0xdb,0xd6,0xbb,0xd6,0x5a,0xc6,0xf9,0xbd,0x3a,
    0xc6,0x9b,0xd6,0xdb,0xd6,0xdb,0xde,0x7a,0xce,0x15,0x74,0x33,0x4b,0x33,0x4b,0x78,
    0xad,0x5a,0xce,0x39,0xc6,0xd8,0xb5,0x77,0xa5,0xf4,0x9c,0xeb,0x52,0xaa,0x4a,0xcb,
    0x4a,0x0c,0x53,0xf0,0x73,0xb4,0x8c,0xd4,0x63,0x94,0x5b,0x54,0x53,0x34,0x4b,0x34,
    0x43,0x13,0x43,0x13,0x43,0x13,0x43,0x13,0x43,0x13,0x43,0x13,0x43,0x13,0x43,0x13,
    0x43,0x13,0x43,0x13,0x43,0x33,0x43,0x74,0x53,0x54,0x53,0x33,0x4b,0x33,0x4b,0x33,
    0x4b,0x33,0x4b,0x33,0x4b,0x33,0x4b,0x13,0x43,0x33,0x43,0x33,0x4b,0x33,0x4b,0x33,
    0x4b,0x33,0x4b,0x54,0x53,0x53,0x53,0xf2,0x42,0x13,0x43,0x13,0x43,0x13,0x43,0x13,
    0x43,0x13,0x43,0x13,0x43,0x13,0x43,0x13,0x43,0x33,0x4b,0x33,0x4b,0x13,0x43,0xf3,
    0x42,0x13,0x43,0xf2,0x42,0xf2,0x3a,0xf2,0x3a,0xf2,0x3a,0xf2,0x3a,0x70,0x22,0xd1,
    0x3a,0x94,0x5b,0x53,0x53,0xf2,0x3a,0xf2,0x3a,0xf2,0x3a,0xd2,0x3a,0xf2,0x3a,0xf2,
    0x3a,0xf2,0x42,0xd2,0x3a,0xf2,0x42,0x97,0x5a,0xc6,0xdf,0xff,0x16,0x95,0x91,0x2a,
    0x91,0x2a,0x91,0x2a,0x91,0x2a,0x91,0x2a,0x12,0x43,0x37,0xa5,0x7a,0xce,0x7a,0xce,
    0x16,0x9d,0x10,0x4b,0x2d,0x5b,0x8a,0x42,0x8a,0x42,0x8a,0x42,0x6a,0x42,0x6a,0x42,
    0x8a,0x42,0x6a,0x42,0x8a,0x42,0x19,0x8a,0x42,0xff,0xaa,0x42,0xd0,0x6b,0x25,0x21,
    0x04,0x21,0x04,0x21,0x04,0x21,0x65,0x29,0x31,0x84,0x8a,0x42,0xaa,0x42,0xaa,0x42,
    0xaa,0x42,0x8a,0x42,0x28,0x3a,0x2d,0x63,0xbb,0xd6,0x9b,0xd6,0xf9,0xbd,0xf6,0x94,
    0x35,0x74,0x94,0x5b,0x13,0x4b,0xf2,0x3a,0xd2,0x3a,0xf3,0x3a,0xf3,0x3a,0xf3,0x3a,
    0xf3,0x3a,0xf3,0x3a,0xf3,0x3a,0xf3,0x3a,0xf3,0x3a,0xf3,0x3a,0xf3,0x3a,0xd3,0x3a,
    0xd2,0x32,0xd3,0x3a,0xd2,0x32,0xd2,0x32,0xd2,0x32,0xd2,0x32,0xd3,0x3a,0xd3,0x3a,
    0xd2,0x32,0xb2,0x2a,0xb2,0x2a,0xd2,0x32,0xf3,0x3a,0x13,0x43,0x33,0x4b,0x34,0x4b,
    0x54,0x4b,0x96,0x84,0xbb,0xd6,0xbb,0xd6,0x9a,0xd6,0x55,0x7c,0xf3,0x3a,0x13,0x43,
    0x13,0x43,0xd6,0x94,0x5a,0xc6,0x19,0xbe,0x37,0xa5,0x33,0x43,0x13,0x43,0x13,0x43,
    0x54,0x4b,0x19,0xbe,0xbb,0xd6,0xbb,0xd6,0x19,0xbe,0x54,0x53,0x13,0x43,0x13,0x43,
    0x13,0x43,0x13,0x43,0x13,0x43,0x13,0x43,0x13,0x43,0x34,0x4b,0x54,0x4b,0x54,0x4b,
    0x33,0x43,0x13,0x3b,0xf3,0x3a,0xf3,0x3a,0x37,0xa5,0xbb,0xd6,0xdb,0xde,0xbb,0xd6,
    0x3a,0xc6,0xbb,0xd6,0xbb,0xd6,0x5a,0xce,0xf7,0x94,0xb4,0x63,0x54,0x53,0x15,0x74,
    0x5a,0xce,0xdb,0xde,0xdb,0xd6,0xd9,0xb5,0x34,0x4b,0x14,0x43,0x14,0x3b,0x34,0x43,
    0x4f,0x2a,0xed,0x19,0xce,0x4a,0xb4,0x94,0xd7,0xbd,0xbb,0xd6,0xdb,0xde,0xdb,0xde,
    0xdb,0xde,0xdb,0xde,0xdb,0xde,0xdb,0xde,0xdb,0xde,0xdb,0xde,0x9a,0xd6,0x54,0x84,
    0xd2,0x3a,0xd2,0x7b,0xd1,0xac,0x30,0x8c,0xff,0x4b,0x3a,0x4c,0x63,0x10,0x84,0x0e,
    0x2a,0xb2,0x32,0x13,0x43,0x34,0x43,0x14,0x43,0x17,0x9d,0xdb,0xde,0xdb,0xde,0xdb,
    0xde,0xdb,0xde,0xdb,0xde,0xba,0xd6,0x79,0xce,0xdb,0xde,0xba,0xd6,0xf7,0xbd,0x96,
    0xb5,0x96,0xb5,0x79,0xce,0xdb,0xde,0xba,0xd6,0xd4,0x94,0x74,0x84,0x75,0x84,0x74,
    0x53,0x38,0xa5,0xbb,0xd6,0xdb,0xde,0x9a,0xd6,0x17,0x9d,0x54,0x4b,0x94,0x5b,0xf7,
    0x94,0xbb,0xd6,0xdb,0xd6,0xdb,0xd6,0xdb,0xd6,0xdb,0xde,0xdb,0xde,0xbb,0xd6,0xbb,
    0xd6,0x19,0xbe,0xd5,0x63,0x74,0x53,0xb5,0x63,0xd5,0x63,0x94,0x5b,0xd5,0x6b,0xd5,
    0x63,0xb5,0x63,0xf2,0x73,0xeb,0x52,0xaa,0x4a,0xaa,0x4a,0xaa,0x4a,0xaa,0x42,0xaa,
    0x42,0xaa,0x4a,0xae,0x6b,0xf1,0x73,0x13,0x74,0x94,0x5b,0x13,0x43,0x13,0x43,0x13,
    0x43,0x13,0x43,0x13,0x43,0x13,0x43,0x13,0x43,0x13,0x43,0x13,0x43,0x13,0x43,0x13,
    0x43,0x13,0x43,0x13,0x43,0x54,0x53,0x33,0x4b,0x13,0x43,0x33,0x4b,0x33,0x4b,0x13,
    0x43,0xf3,0x3a,0xd3,0x3a,0xf3,0x3a,0x13,0x43,0x33,0x4b,0x13,0x43,0xf2,0x3a,0x53,
    0x53,0xb4,0x63,0x53,0x53,0x13,0x43,0x13,0x43,0x13,0x43,0x13,0x43,0x13,0x43,0x13,
    0x43,0x13,0x43,0x13,0x43,0x13,0x43,0xf3,0x42,0xf2,0x3a,0xf2,0x42,0xf2,0x3a,0xf2,
    0x3a,0xf2,0x3a,0xf2,0x3a,0xf2,0x3a,0x70,0x22,0xb1,0x32,0x73,0x5b,0x94,0x5b,0x12,
    0x43,0xd2,0x3a,0xd2,0x3a,0xf2,0x3a,0xd2,0x3a,0xd2,0x3a,0xf2,0x3a,0xf2,0x42,0xf2,
    0x3a,0x17,0x9d,0xdf,0xff,0xff,0xff,0x96,0xbe,0xf7,0xf6,0x94,0x12,0x4b,0x91,0x2a,
    0x91,0x2a,0x12,0x4b,0x57,0xa5,0x7a,0xce,0x7a,0xce,0xf6,0x94,0xf0,0x42,0x4d,0x5b,
    0x8a,0x42,0x8a,0x42,0x8a,0x42,0x6a,0x42,0x8a,0x42,0x8a,0x42,0x8a,0x42,0x6a,0x42,
    0x6a,0x42,0x8a,0x42,0x18,0x8a,0x42,0xff,0xaa,0x4a,0x51,0x84,0x45,0x29,0x04,0x21,
    0x24,0x21,0x66,0x29,0xa7,0x31,0x8f,0x6b,0x8a,0x42,0xaa,0x42,0xaa,0x42,0x8a,0x42,
    0x48,0x42,0x46,0x21,0xac,0x52,0x3a,0xc6,0xd9,0xb5,0x74,0x53,0xf3,0x3a,0xf3,0x3a,
    0xf3,0x3a,0xf3,0x3a,0xf3,0x3a,0xf3,0x3a,0xf3,0x3a,0xf3,0x3a,0xf3,0x3a,0xf3,0x3a,
    0xf3,0x3a,0xf3,0x3a,0xf3,0x3a,0xd2,0x3a,0xd2,0x32,0x92,0x2a,0x50,0x1a,0x50,0x12,
    0x50,0x1a,0x50,0x1a,0x70,0x22,0x71,0x22,0x71,0x2a,0x91,0x2a,0x91,0x2a,0xb2,0x32,
    0xd2,0x3a,0xf3,0x3a,0xb2,0x32,0x92,0x2a,0xb2,0x32,0xd2,0x3a,0xf3,0x3a,0x13,0x43,
    0x74,0x53,0x98,0xad,0x7a,0xce,0xf9,0xbd,0xd4,0x6b,0xd3,0x32,0xd3,0x3a,0xf3,0x3a,
    0x13,0x43,0x33,0x4b,0x13,0x43,0x13,0x43,0x13,0x43,0x13,0x43,0x13,0x43,0x76,0x84,
    0x9a,0xce,0xdb,0xd6,0xbb,0xd6,0xf9,0xbd,0x54,0x4b,0x13,0x43,0x13,0x43,0x13,0x43,
    0x13,0x43,0x13,0x43,0x13,0x43,0x13,0x43,0x13,0x43,0x13,0x43,0x34,0x43,0x34,0x4b,
    0x54,0x4b,0x34,0x4b,0x13,0x43,0xf5,0x6b,0x9a,0xce,0xbb,0xd6,0xbb,0xd6,0xdb,0xde,
    0xdb,0xde,0x9a,0xd6,0xd6,0x94,0xf3,0x3a,0xb2,0x32,0xd3,0x32,0x34,0x4b,0xf9,0xbd,
    0xdb,0xde,0xdb,0xd6,0xbb,0xd6,0x15,0x74,0x14,0x43,0x13,0x3b,0x33,0x43,0x8e,0x3a,
    0xee,0x4a,0xb0,0x63,0xf1,0x73,0xd1,0x6b,0xd1,0x6b,0x55,0xa5,0x7a,0xce,0xba,0xd6,
    0xdb,0xde,0xdb,0xde,0xdb,0xde,0xdb,0xde,0x9a,0xd6,0x13,0x7c,0xd2,0x3a,0xd1,0x3a,
    0x11,0x4b,0x31,0x8c,0x8d,0x73,0xff,0x48,0x52,0x49,0x4a,0x2e,0x2a,0xd2,0x32,0x13,
    0x43,0x13,0x43,0x34,0x4b,0xf7,0x94,0xdb,0xde,0xdb,0xde,0xdb,0xde,0xdb,0xde,0xdb,
    0xde,0xda,0xd6,0x79,0xce,0xdb,0xde,0xba,0xd6,0x9a,0xd6,0xdb,0xde,0xdb,0xde,0xba,
    0xd6,0xb7,0xb5,0x14,0xa5,0xd5,0x94,0x53,0x53,0xd5,0x94,0x15,0x9d,0x76,0xa5,0xd6,
    0x94,0x39,0xc6,0x5a,0xc6,0xd7,0x94,0x54,0x53,0x34,0x43,0x34,0x43,0x54,0x4b,0xd9,
    0xb5,0xdb,0xde,0xdb,0xd6,0xbb,0xd6,0x19,0xbe,0x57,0xa5,0x76,0x84,0xf5,0x73,0x74,
    0x53,0x13,0x43,0x13,0x43,0x34,0x43,0x34,0x4b,0x74,0x53,0x54,0x53,0x54,0x4b,0xd2,
    0x6b,0xeb,0x52,0xaa,0x42,0xaa,0x42,0xaa,0x42,0xaa,0x42,0xaa,0x42,0xaa,0x42,0xaa,
    0x42,0xaa,0x42,0xaa,0x4a,0xab,0x4a,0xcf,0x6b,0x53,0x84,0x93,0x5b,0x53,0x53,0x13,
    0x43,0x13,0x43,0x13,0x43,0x13,0x43,0x13,0x43,0x13,0x43,0x13,0x43,0xf3,0x3a,0xb2,
    0x2a,0x33,0x4b,0x53,0x4b,0xf2,0x3a,0xf2,0x3a,0xf2,0x42,0x33,0x43,0x33,0x4b,0x33,
    0x4b,0x33,0x4b,0x33,0x4b,0x33,0x4b,0x13,0x43,0xb1,0x32,0xd2,0x3a,0x94,0x5b,0x94,
    0x5b,0x74,0x5b,0x13,0x43,0xf2,0x42,0x13,0x43,0x13,0x43,0xf3,0x42,0xf3,0x42,0x13,
    0x43,0x13,0x43,0xf3,0x42,0xf3,0x42,0xf2,0x3a,0xf2,0x3a,0xf2,0x3a,0xf2,0x3a,0xf2,
    0x3a,0xf2,0x3a,0x70,0x22,0x91,0x2a,0x53,0x53,0x94,0x5b,0x13,0x4b,0xf2,0x42,0xd2,
    0x3a,0xd2,0x3a,0xf2,0x3a,0xd2,0x3a,0xd2,0x3a,0xd2,0x3a,0xf2,0x3a,0x75,0x84,0xbe,
    0xf7,0xff,0xff,0xff,0xff,0x95,0xff,0xff,0x9e,0xf7,0xb7,0xb5,0x94,0x84,0x95,0x84,
    0x98,0xad,0x7a,0xce,0x7a,0xce,0xb5,0x8c,0xf0,0x4a,0x2c,0x5b,0x8a,0x42,0x69,0x3a,
    0x69,0x42,0x69,0x42,0x69,0x42,0x6a,0x42,0x6a,0x42,0x8a,0x42,0x6a,0x42,0x8a,0x42,
    0x1a,0x8a,0x42,0xff,0x6e,0x6b,0x30,0x8c,0xcb,0x5a,0xc7,0x39,0xcc,0x52,0x8c,0x42,
    0xab,0x4a,0xaa,0x42,0xaa,0x42,0x69,0x42,0x28,0x42,0x46,0x21,0xc5,0x10,0x89,0x21,
    0x53,0x53,0x53,0x4b,0xf3,0x3a,0xf2,0x3a,0xf3,0x3a,0xf3,0x3a,0xf3,0x3a,0xf3,0x3a,
    0xf3,0x3a,0xf3,0x3a,0xd2,0x32,0xb2,0x32,0x91,0x2a,0x71,0x22,0x50,0x1a,0x50,0x1a,
    0x50,0x1a,0x50,0x1a,0x30,0x12,0x71,0x2a,0xf2,0x42,0x33,0x4b,0x53,0x4b,0x53,0x4b,
    0x54,0x53,0x54,0x53,0x54,0x53,0x33,0x4b,0xb1,0x32,0xb1,0x2a,0xd2,0x32,0xf3,0x3a,
    0x13,0x43,0x33,0x4b,0x53,0x53,0x14,0x74,0xd6,0x94,0x96,0x84,0x74,0x53,0x74,0x53,
    0x74,0x53,0x54,0x4b,0x33,0x4b,0xf3,0x3a,0xd3,0x32,0xd3,0x32,0xf3,0x3a,0xf3,0x3a,
    0x13,0x43,0x13,0x43,0xb4,0x63,0xd7,0x94,0x9a,0xce,0xbb,0xd6,0xbb,0xd6,0xf9,0xbd,
    0x74,0x53,0x13,0x43,0x13,0x43,0x13,0x43,0x13,0x43,0x13,0x43,0x13,0x43,0x13,0x43,
    0x13,0x43,0x13,0x43,0x13,0x43,0x13,0x43,0x13,0x43,0x13,0x43,0x34,0x43,0x34,0x4b,
    0x74,0x53,0x3a,0xc6,0xbb,0xd6,0xbb,0xd6,0xbb,0xd6,0x7a,0xce,0xd7,0x94,0x94,0x53,
    0x75,0x53,0x74,0x53,0x54,0x4b,0xb6,0x8c,0x7a,0xce,0xbb,0xd6,0xbb,0xd6,0x19,0xc6,
    0x94,0x5b,0xf3,0x3a,0x53,0x4b,0x13,0x74,0x0e,0x53,0x8e,0x63,0x71,0x84,0xf3,0x94,
    0xf3,0x94,0x32,0x7c,0x90,0x63,0x4f,0x5b,0x32,0x7c,0x76,0xad,0xba,0xd6,0xdb,0xde,
    0x7a,0xce,0x14,0x7c,0xf2,0x3a,0xd2,0x3a,0x12,0x4b,0xf3,0x73,0xaf,0x42,0x50,0x22,
    0x70,0x32,0xff,0xb1,0x3a,0xd2,0x3a,0x13,0x43,0x13,0x43,0x13,0x43,0xf7,0x94,0xdb,
    0xde,0xdb,0xde,0xdb,0xde,0xdb,0xde,0xdb,0xde,0xba,0xd6,0x79,0xce,0xba,0xd6,0x9a,
    0xd6,0xba,0xd6,0xdb,0xde,0xdb,0xde,0xdb,0xde,0xdb,0xde,0xdb,0xde,0x35,0xa5,0xf2,
    0x42,0x31,0x53,0x35,0xa5,0xd7,0xb5,0x56,0xa5,0x34,0xa5,0x51,0x63,0x12,0x43,0xd3,
    0x32,0x13,0x3b,0x14,0x43,0x34,0x43,0x14,0x43,0xb6,0x8c,0xbb,0xd6,0xdb,0xd6,0xbb,
    0xd6,0x76,0x84,0x34,0x4b,0x34,0x4b,0x13,0x43,0x13,0x43,0x13,0x43,0x13,0x43,0x13,
    0x43,0x13,0x43,0x13,0x43,0x74,0x53,0x12,0x74,0x0c,0x53,0xaa,0x42,0xaa,0x42,0xaa,
    0x42,0xaa,0x42,0xaa,0x42,0xaa,0x42,0xaa,0x42,0xaa,0x42,0xaa,0x42,0xaa,0x42,0xaa,
    0x42,0xaa,0x42,0xaa,0x42,0x2c,0x5b,0xaf,0x6b,0x94,0x84,0x55,0x7c,0x13,0x43,0x13,
    0x43,0x13,0x43,0x13,0x43,0xf3,0x3a,0x91,0x22,0x13,0x43,0xd5,0x6b,0xf5,0x6b,0xb5,
    0x63,0xb4,0x63,0x13,0x4b,0xb1,0x32,0xb1,0x32,0xb2,0x32,0xb2,0x32,0xb1,0x32,0x70,
    0x22,0x70,0x22,0x33,0x4b,0x94,0x5b,0x94,0x5b,0x94,0x5b,0x74,0x53,0x13,0x43,0xf2,
    0x3a,0xf3,0x3a,0xf3,0x42,0x13,0x43,0xf3,0x3a,0xf3,0x42,0xf3,0x42,0xf3,0x42,0xf3,
    0x42,0xf2,0x3a,0xf2,0x3a,0xf2,0x3a,0xf2,0x3a,0xf2,0x3a,0x71,0x22,0x91,0x2a,0x53,
    0x53,0x94,0x5b,0x12,0x43,0xf2,0x3a,0xf2,0x42,0xd2,0x3a,0xd1,0x3a,0xd2,0x3a,0xd2,
    0x3a,0xd2,0x3a,0xd2,0x3a,0x93,0x5b,0x3d,0xe7,0xff,0xff,0xff,0xff,0xff,0xff,0xff,
    0xff,0x96,0xff,0xff,0xbe,0xf7,0xba,0xd6,0x18,0xbe,0x18,0xbe,0x19,0xc6,0xd5,0x8c,
    0xcf,0x42,0x0c,0x53,0x69,0x3a,0x69,0x3a,0x69,0x3a,0x69,0x3a,0x69,0x3a,0x69,0x3a,
    0x6a,0x42,0x69,0x42,0x6a,0x42,0x8a,0x42,0x8a,0x42,0x69,0x3a,0x8a,0x42,0x19,0x8a,
    0x42,0xff,0xab,0x4a,0x8e,0x6b,0x4d,0x63,0xab,0x4a,0x89,0x42,0xaa,0x42,0xaa,0x42,
    0x69,0x42,0x28,0x3a,0x26,0x21,0xe6,0x10,0xe6,0x10,0x69,0x19,0x12,0x43,0xf3,0x3a,
    0xd2,0x32,0xd2,0x32,0xb2,0x32,0x91,0x2a,0x91,0x2a,0x71,0x22,0x71,0x22,0x71,0x22,
    0x91,0x2a,0xb1,0x32,0xd2,0x3a,0x13,0x43,0x33,0x4b,0x54,0x53,0x54,0x53,0x33,0x4b,
    0x33,0x4b,0x94,0x5b,0x94,0x5b,0x74,0x53,0x54,0x53,0x53,0x4b,0x54,0x53,0x54,0x53,
    0x74,0x53,0x94,0x5b,0x94,0x5b,0x13,0x43,0xb1,0x32,0x95,0x8c,0xf9,0xbd,0x7a,0xce,
    0x9a,0xce,0xbb,0xd6,0xbb,0xd6,0xbb,0xd6,0x5a,0xce,0x57,0xa5,0x35,0x7c,0x53,0x4b,
    0x33,0x43,0x54,0x4b,0x34,0x4b,0x13,0x43,0x13,0x43,0x55,0x7c,0xb8,0xb5,0x5a,0xc6,
    0x9b,0xd6,0xbb,0xd6,0xbb,0xd6,0xbb,0xd6,0xf9,0xbd,0x74,0x53,0x13,0x43,0x13,0x43,
    0x13,0x43,0x13,0x43,0x13,0x43,0x13,0x43,0x13,0x43,0x74,0x5b,0xf5,0x6b,0x76,0x84,
    0xd6,0x94,0x57,0xa5,0x37,0x9d,0x55,0x7c,0x74,0x53,0x33,0x4b,0x13,0x43,0x38,0xa5,
    0xdb,0xde,0xdb,0xde,0xbb,0xd6,0x9b,0xd6,0x98,0xad,0x55,0x7c,0xf5,0x6b,0x76,0x7c,
    0xb8,0xb5,0xbb,0xd6,0xdb,0xde,0xbb,0xd6,0xd9,0xb5,0x73,0x53,0xd3,0x32,0xd4,0x6b,
    0xb4,0x8c,0xd0,0x6b,0xc8,0x31,0x45,0x21,0x66,0x21,0xaa,0x4a,0xcf,0x6b,0x31,0x7c,
    0x30,0x7c,0x4e,0x5b,0x6c,0x3a,0x4c,0x32,0xad,0x4a,0xd4,0x94,0x54,0x7c,0xf2,0x42,
    0xd2,0x3a,0xf2,0x42,0xf6,0x94,0x19,0xc6,0xd9,0xb5,0x12,0x43,0xd2,0x3a,0xf3,0x3a,
    0xff,0xf3,0x3a,0xf3,0x3a,0xf3,0x3a,0xb6,0x8c,0xdb,0xd6,0xdb,0xde,0xdb,0xde,0xdb,
    0xde,0xdb,0xde,0xdb,0xde,0x9a,0xd6,0x9a,0xd6,0x7a,0xce,0x59,0xc6,0xdb,0xde,0xdb,
    0xde,0xdb,0xde,0xdb,0xde,0xdb,0xde,0x96,0xad,0xf2,0x42,0xb0,0x3a,0xed,0x4a,0x14,
    0x9d,0x19,0xbe,0x39,0xc6,0x77,0xd6,0x95,0xbd,0xf5,0x73,0x34,0x4b,0xd3,0x3a,0xb2,
    0x32,0xf3,0x3a,0x13,0x3b,0x94,0x5b,0x3a,0xc6,0xdb,0xd6,0xdb,0xd6,0xd9,0xb5,0x34,
    0x4b,0x34,0x4b,0x33,0x4b,0x96,0x84,0xb6,0x8c,0xb4,0x63,0x13,0x43,0x13,0x43,0x13,
    0x43,0xf3,0x73,0x2c,0x5b,0xaa,0x42,0xaa,0x42,0xaa,0x42,0xaa,0x42,0xaa,0x42,0xaa,
    0x42,0xaa,0x42,0xaa,0x42,0xaa,0x42,0xaa,0x42,0xaa,0x42,0xaa,0x42,0xaa,0x42,0xaa,
    0x42,0xaa,0x42,0x8a,0x42,0x8a,0x42,0x6d,0x63,0x11,0x74,0xd3,0x6b,0x94,0x5b,0xf3,
    0x3a,0x91,0x22,0xf3,0x3a,0x94,0x5b,0x74,0x5b,0x74,0x53,0xd5,0x63,0xf5,0x6b,0x15,
    0x74,0xf5,0x6b,0xb4,0x63,0x73,0x53,0x53,0x53,0x53,0x53,0x94,0x5b,0xd5,0x63,0xb4,
    0x63,0x94,0x5b,0x74,0x5b,0x53,0x4b,0x53,0x4b,0x33,0x4b,0xf2,0x3a,0xf2,0x3a,0xf3,
    0x42,0xf3,0x42,0xf3,0x3a,0xf2,0x42,0xf2,0x3a,0xf2,0x3a,0xf2,0x3a,0xf2,0x3a,0xf2,
    0x3a,0xf2,0x3a,0xf2,0x3a,0x91,0x2a,0x70,0x22,0x33,0x4b,0x94,0x5b,0x12,0x43,0xf2,
    0x3a,0xf2,0x3a,0xf2,0x42,0xf2,0x42,0xd1,0x3a,0xd1,0x3a,0xd2,0x3a,0xd2,0x3a,0x52,
    0x53,0xdc,0xd6,0xff,0xff,0xff,0xff,0xff,0xff,0xff,0xff,0xff,0xff,0xff,0xff,0x92,
    0xff,0xff,0x9e,0xf7,0xdb,0xde,0xdb,0xde,0x9a,0xce,0x76,0xad,0x92,0x8c,0x0c,0x53,
    0x8a,0x42,0x69,0x3a,0x69,0x3a,0x69,0x3a,0x69,0x3a,0x69,0x3a,0x69,0x3a,0x69,0x3a,
    0x69,0x3a,0x8a,0x42,0x22,0x8a,0x42,0xff,0x69,0x42,0x49,0x42,0x26,0x21,0xe6,0x18,
    0x06,0x19,0x27,0x19,0x89,0x19,0x50,0x22,0x50,0x1a,0x50,0x1a,0x50,0x22,0x91,0x2a,
    0xd2,0x3a,0x13,0x43,0x33,0x4b,0x53,0x53,0x54,0x53,0x54,0x53,0x54,0x4b,0x54,0x4b,
    0x33,0x4b,0x13,0x43,0xd3,0x3a,0x92,0x2a,0xb2,0x2a,0x33,0x4b,0x54,0x53,0x33,0x4b,
    0x33,0x43,0x33,0x43,0x33,0x4b,0x33,0x4b,0x33,0x4b,0x33,0x43,0x33,0x4b,0x74,0x53,
    0x94,0x5b,0x96,0x8c,0x3a,0xc6,0x9b,0xd6,0xbb,0xd6,0xbb,0xd6,0xbb,0xd6,0x9a,0xd6,
    0xbb,0xd6,0xbb,0xd6,0xbb,0xd6,0x9a,0xce,0x3a,0xc6,0xd6,0x8c,0x33,0x4b,0x33,0x43,
    0x34,0x4b,0xb4,0x63,0x3a,0xc6,0xbb,0xd6,0x9b,0xd6,0x9a,0xce,0x7a,0xce,0x5a,0xce,
    0xb8,0xb5,0x54,0x53,0x13,0x43,0x13,0x43,0x13,0x43,0x13,0x43,0x13,0x43,0x13,0x43,
    0x13,0x43,0x96,0x84,0x7a,0xce,0xbb,0xd6,0xbb,0xd6,0xbb,0xd6,0xdb,0xd6,0xbb,0xd6,
    0xbb,0xd6,0x7a,0xce,0xb9,0xb5,0x54,0x4b,0x34,0x4b,0x76,0x84,0xf9,0xbd,0xba,0xd6,
    0xdb,0xde,0xdb,0xde,0xbb,0xd6,0x9a,0xd6,0x9b,0xd6,0xbb,0xd6,0xbb,0xd6,0xdb,0xde,
    0x5a,0xc6,0xd5,0x6b,0x34,0x43,0x12,0x4b,0x32,0x7c,0x8f,0x63,0xb2,0x8c,0x8a,0x52,
    0x66,0x29,0x29,0x32,0xcb,0x4a,0x8b,0x3a,0xcc,0x42,0xcc,0x4a,0xec,0x52,0x6a,0x3a,
    0x29,0x32,0x88,0x21,0x2c,0x2a,0xf2,0x42,0xd1,0x42,0x50,0x53,0x93,0x84,0x30,0x53,
    0x35,0x7c,0x53,0x53,0xf2,0x3a,0xf3,0x3a,0xf3,0x3a,0xf3,0x3a,0x54,0x53,0x17,0x9d,
    0xdb,0xde,0xdb,0xde,0xdb,0xde,0xff,0xdb,0xde,0xdb,0xde,0xdb,0xde,0xdb,0xde,0x9a,
    0xce,0x9a,0xd6,0x79,0xce,0xdb,0xde,0xdb,0xde,0xdb,0xde,0xdb,0xde,0xdb,0xde,0x96,
    0xb5,0xf1,0x42,0x6f,0x32,0x2b,0x32,0xab,0x4a,0xae,0x73,0x76,0xa5,0x59,0xce,0x13,
    0xad,0x74,0x5b,0x54,0x4b,0x95,0x5b,0xd5,0x63,0x95,0x5b,0x13,0x43,0xd2,0x32,0xb2,
    0x32,0xd6,0x8c,0x9b,0xd6,0xbb,0xd6,0x5a,0xc6,0x94,0x5b,0x34,0x4b,0xd7,0x94,0xbb,
    0xd6,0xbb,0xd6,0x3a,0xc6,0xb4,0x63,0x13,0x43,0xd2,0x6b,0x2c,0x5b,0xaa,0x42,0xaa,
    0x42,0xaa,0x42,0xaa,0x42,0xaa,0x42,0xaa,0x42,0xaa,0x42,0xaa,0x42,0xaa,0x42,0xaa,
    0x42,0xaa,0x42,0xaa,0x42,0xaa,0x42,0x8a,0x42,0x8a,0x42,0x8a,0x42,0x8a,0x42,0x8a,
    0x42,0x8a,0x42,0x8a,0x42,0xcb,0x4a,0x4d,0x5b,0x52,0x7c,0xb3,0x63,0xb4,0x63,0x74,
    0x53,0x13,0x43,0x13,0x43,0x54,0x53,0x74,0x5b,0x74,0x53,0x94,0x5b,0xd5,0x6b,0xf5,
    0x6b,0xd5,0x6b,0xd5,0x6b,0xd5,0x63,0xb4,0x63,0x74,0x5b,0x53,0x53,0x33,0x4b,0x13,
    0x43,0x13,0x43,0x33,0x4b,0xf2,0x42,0xf2,0x3a,0xf2,0x3a,0xf3,0x42,0xf2,0x3a,0xf2,
    0x3a,0xf2,0x3a,0xf2,0x3a,0xf2,0x3a,0xf2,0x3a,0xf2,0x3a,0xf2,0x3a,0x91,0x2a,0x70,
    0x22,0x33,0x4b,0x94,0x5b,0x12,0x43,0xf2,0x3a,0xf2,0x3a,0xf2,0x3a,0xf2,0x42,0xf2,
    0x42,0xd2,0x3a,0xd1,0x3a,0xd2,0x3a,0x12,0x43,0x9b,0xce,0xff,0xff,0xff,0xff,0xff,
    0xff,0xff,0xff,0xff,0xff,0xff,0xff,0xff,0xff,0xff,0xff,0xff,0xff,0x9e,0xf7,0xdb,
    0xde,0xdb,0xde,0xdb,0xde,0x8f,0x9a,0xd6,0xd8,0xb5,0xd0,0x6b,0xec,0x52,0x69,0x3a,
    0x69,0x3a,0x69,0x3a,0x69,0x3a,0x69,0x3a,0x69,0x3a,0x69,0x3a,0x69,0x3a,0x69,0x3a,
    0x69,0x42,0x8a,0x42,0x1e,0x8a,0x42,0xff,0x49,0x3a,0x28,0x3a,0x26,0x21,0xe6,0x18,
    0x06,0x19,0x47,0x21,0xc8,0x29,0x0a,0x2a,0x12,0x43,0x33,0x4b,0x53,0x4b,0x54,0x53,
    0x53,0x53,0x33,0x4b,0x33,0x4b,0x13,0x43,0x13,0x43,0xf3,0x42,0xf3,0x3a,0xf3,0x3a,
    0xf3,0x3a,0xf3,0x3a,0xf3,0x3a,0xd3,0x32,0xf3,0x3a,0xf3,0x42,0x33,0x4b,0x33,0x4b,
    0x13,0x43,0x33,0x43,0x33,0x4b,0x54,0x53,0x54,0x53,0x53,0x4b,0x33,0x4b,0x13,0x43,
    0x33,0x4b,0x17,0x9d,0x7a,0xce,0x9b,0xd6,0x9b,0xd6,0xf9,0xbd,0xb6,0x8c,0xb4,0x63,
    0xb4,0x63,0x55,0x7c,0x98,0xad,0x9a,0xd6,0xdb,0xde,0xbb,0xd6,0x9a,0xd6,0xd4,0x6b,
    0x92,0x2a,0xb2,0x2a,0xd2,0x32,0x94,0x5b,0x96,0x84,0x76,0x84,0x15,0x74,0x94,0x5b,
    0x33,0x4b,0xd3,0x32,0xf3,0x3a,0xf3,0x3a,0x13,0x3b,0x13,0x43,0x13,0x43,0x13,0x43,
    0x13,0x43,0xb6,0x8c,0x9b,0xd6,0xdb,0xd6,0xbb,0xd6,0x9b,0xd6,0x39,0xc6,0xd9,0xb5,
    0x9a,0xce,0xbb,0xd6,0xbb,0xd6,0xbb,0xd6,0x76,0x84,0x13,0x43,0x74,0x53,0x33,0x4b,
    0xf5,0x6b,0x17,0x95,0x39,0xc6,0xdb,0xde,0xdb,0xde,0x9b,0xd6,0x3a,0xc6,0xd9,0xb5,
    0x37,0x9d,0xb4,0x63,0x13,0x43,0x33,0x4b,0x33,0x84,0x0e,0x53,0xe9,0x31,0xcf,0x7b,
    0xcf,0x73,0xe8,0x31,0x08,0x2a,0x8a,0x42,0x2d,0x53,0x6e,0x5b,0xb1,0x63,0x74,0x84,
    0xd1,0x6b,0x2a,0x3a,0x46,0x21,0x0b,0x32,0xf0,0x42,0x32,0x7c,0x35,0x9d,0xf4,0x94,
    0xb1,0x73,0xb1,0x32,0xf3,0x3a,0xf3,0x3a,0xf3,0x3a,0xf3,0x3a,0x33,0x4b,0x19,0xbe,
    0xdb,0xde,0xdb,0xde,0xdb,0xde,0xff,0xdb,0xde,0xdb,0xde,0xdb,0xde,0x38,0xc6,0x9a,
    0xd6,0x9a,0xce,0xda,0xde,0xdb,0xde,0xdb,0xde,0xdb,0xde,0xdb,0xde,0xdb,0xde,0xb6,
    0xbd,0x11,0x4b,0xaf,0x42,0x6c,0x42,0x28,0x3a,0x08,0x32,0x10,0x7c,0xb6,0xb5,0xd0,
    0x7b,0x33,0x53,0x34,0x43,0x13,0x43,0x13,0x43,0x33,0x43,0x74,0x5b,0xb5,0x63,0xd5,
    0x63,0x74,0x53,0x13,0x43,0xd4,0x6b,0x55,0x7c,0xb4,0x63,0x13,0x43,0x34,0x43,0x35,
    0x74,0x9a,0xce,0xbb,0xd6,0xbb,0xd6,0x17,0x9d,0xb2,0x63,0x4d,0x5b,0xaa,0x42,0xaa,
    0x42,0xaa,0x42,0xaa,0x42,0xaa,0x42,0xaa,0x42,0x8a,0x42,0xaa,0x42,0xaa,0x42,0x8a,
    0x42,0x8a,0x42,0x8a,0x42,0x8a,0x42,0x8a,0x42,0x8a,0x42,0x8a,0x42,0x8a,0x42,0x8a,
    0x42,0x8a,0x42,0x8a,0x42,0x8a,0x42,0x8a,0x42,0x8a,0x42,0x8a,0x42,0x2c,0x5b,0xaf,
    0x6b,0x12,0x74,0xf4,0x6b,0x13,0x43,0x13,0x43,0x53,0x4b,0x33,0x43,0x13,0x43,0x33,
    0x4b,0x53,0x4b,0x54,0x53,0x53,0x4b,0x33,0x4b,0x33,0x4b,0x13,0x43,0x13,0x43,0xf3,
    0x42,0xf3,0x42,0x13,0x43,0x33,0x4b,0x13,0x43,0xf2,0x3a,0xf2,0x3a,0xf2,0x3a,0xf2,
    0x3a,0xf2,0x3a,0xf2,0x3a,0xf2,0x3a,0xf2,0x3a,0xf2,0x3a,0xf2,0x3a,0x91,0x2a,0x50,
    0x22,0x12,0x4b,0x94,0x5b,0x13,0x4b,0xf2,0x3a,0xd2,0x3a,0xd2,0x3a,0xd2,0x3a,0xf2,
    0x3a,0xf2,0x42,0xf2,0x3a,0xd1,0x3a,0x12,0x43,0x9b,0xce,0xff,0xff,0xff,0xff,0xff,
    0xff,0xff,0xff,0xff,0xff,0xff,0xff,0xff,0xff,0xff,0xff,0xff,0xff,0xff,0xff,0xff,
    0xff,0x9e,0xf7,0xdb,0xde,0x9b,0xdb,0xde,0x18,0xc6,0x2f,0x53,0x0f,0x4b,0x91,0x63,
    0xec,0x4a,0x69,0x3a,0x69,0x3a,0x69,0x3a,0x69,0x3a,0x69,0x3a,0x69,0x3a,0x69,0x3a,
    0x69,0x3a,0x69,0x3a,0x69,0x42,0x6a,0x42,0x8a,0x42,0x8a,0x42,0x8a,0x42,0x8a,0x42,
    0x8a,0x42,0x8a,0x42,0x8a,0x42,0x8a,0x42,0x6a,0x42,0x8a,0x42,0x12,0x8a,0x42,0xff,
    0x49,0x3a,0x48,0x42,0x05,0x19,0xe6,0x10,0x06,0x19,0x47,0x21,0xc8,0x29,0x29,0x32,
    0x0a,0x2a,0x12,0x43,0x12,0x43,0xf2,0x3a,0xf2,0x3a,0xf2,0x3a,0xf4,0x6b,0xf4,0x6b,
    0x33,0x4b,0xf3,0x3a,0xf3,0x3a,0xf2,0x3a,0xf3,0x3a,0xf3,0x3a,0xf3,0x3a,0xf3,0x3a,
    0xf3,0x42,0x33,0x4b,0x33,0x4b,0x13,0x43,0x13,0x43,0x13,0x43,0x13,0x43,0x13,0x43,
    0x13,0x43,0x13,0x43,0x13,0x43,0x13,0x43,0x33,0x4b,0xb6,0x8c,0x7a,0xce,0xbb,0xd6,
    0xbb,0xd6,0xb8,0xb5,0x94,0x5b,0xd2,0x32,0xb2,0x2a,0xb2,0x32,0xb2,0x32,0xb2,0x2a,
    0xf4,0x6b,0x7a,0xce,0xdb,0xde,0xdb,0xd6,0x37,0xa5,0xf2,0x3a,0xd2,0x3a,0x13,0x43,
    0x74,0x53,0xb4,0x63,0x13,0x43,0xf3,0x3a,0x13,0x43,0x13,0x43,0x13,0x43,0xf3,0x3a,
    0xd3,0x32,0xd3,0x32,0xf3,0x3a,0xf3,0x3a,0x13,0x43,0xb6,0x8c,0x9b,0xd6,0xbb,0xd6,
    0xbb,0xd6,0xd9,0xb5,0xb4,0x5b,0x13,0x43,0x13,0x43,0xb4,0x63,0x7a,0xce,0xbb,0xd6,
    0xdb,0xd6,0x3a,0xc6,0x5a,0xc6,0xbb,0xd6,0x5a,0xce,0x57,0xa5,0x15,0x74,0x54,0x53,
    0x15,0x74,0x55,0x7c,0xb4,0x63,0x54,0x4b,0x54,0x4b,0x13,0x43,0xd3,0x3a,0x91,0x2a,
    0x10,0x5b,0xce,0x8b,0x87,0x21,0x66,0x21,0x66,0x29,0xa7,0x29,0x08,0x32,0x6a,0x3a,
    0x8b,0x3a,0x4a,0x32,0x6a,0x3a,0x4a,0x32,0xac,0x42,0x74,0x84,0xb5,0x8c,0xb4,0x8c,
    0xcd,0x52,0x52,0x84,0x54,0xa5,0xd3,0x8c,0x18,0xc6,0x52,0xb5,0x91,0x73,0x13,0x43,
    0xf3,0x3a,0xf3,0x3a,0xf3,0x3a,0xd8,0xb5,0xdb,0xde,0xdb,0xde,0xdb,0xde,0xb3,0xdb,
    0xde,0xdb,0xde,0xdb,0xde,0xdb,0xde,0xdb,0xde,0x79,0xce,0x18,0xc6,0xdb,0xde,0xdb,
    0xde,0xdb,0xde,0xdb,0xde,0xdb,0xde,0xd7,0xbd,0x11,0x4b,0xf0,0x52,0xac,0x42,0x28,
    0x3a,0x69,0x42,0xea,0x5a,0x33,0xad,0x6e,0x73,0xb1,0x32,0x14,0x43,0x34,0x43,0x13,
    0x43,0x53,0x4b,0x33,0x4b,0x53,0x4b,0x53,0x4b,0x54,0x53,0x95,0x5b,0xd5,0x63,0xb5,
    0x63,0x33,0x4b,0xd2,0x3a,0xb2,0x2a,0xf2,0x3a,0x34,0x4b,0xd9,0xb5,0xbb,0xd6,0xbb,
    0xd6,0xd8,0xbd,0x6d,0x63,0xaa,0x42,0xaa,0x42,0xaa,0x42,0xaa,0x42,0xaa,0x42,0xaa,
    0x42,0xaa,0x42,0x8a,0x42,0x14,0x8a,0x42,0xcd,0x0c,0x5b,0x31,0x7c,0xd2,0x6b,0x93,
    0x5b,0x33,0x4b,0xf3,0x42,0xf2,0x3a,0x13,0x43,0x13,0x43,0x13,0x43,0x13,0x43,0x13,
    0x43,0x13,0x43,0xf3,0x42,0xf3,0x3a,0xf3,0x42,0xf3,0x42,0x13,0x43,0x33,0x4b,0xf2,
    0x3a,0xf2,0x3a,0xf2,0x3a,0xf2,0x3a,0xf2,0x3a,0xf2,0x3a,0xf2,0x3a,0xf2,0x3a,0xf2,
    0x3a,0xb1,0x32,0x50,0x22,0x12,0x43,0x94,0x5b,0x33,0x4b,0xd2,0x3a,0xd2,0x3a,0xd2,
    0x3a,0xd2,0x3a,0xd2,0x3a,0xd2,0x3a,0xf2,0x3a,0xf2,0x42,0x32,0x53,0x9b,0xce,0xff,
    0xff,0xff,0xff,0xff,0xff,0xff,0xff,0xff,0xff,0xff,0xff,0xff,0xff,0xff,0xff,0xff,
    0xff,0xff,0xff,0xff,0xff,0xff,0xff,0xff,0xff,0x9e,0xf7,0x18,0xbe,0x8d,0x3a,0x4c,
    0x2a,0xae,0x3a,0x0f,0x4b,0x2e,0x53,0x69,0x3a,0x69,0x3a,0x69,0x3a,0x69,0x3a,0x69,
    0x3a,0x69,0x3a,0x69,0x3a,0x69,0x3a,0x69,0x3a,0x69,0x3a,0x69,0x3a,0x69,0x3a,0x69,
    0x3a,0x8a,0x42,0x18,0x8a,0x42,0xff,0x49,0x3a,0x49,0x42,0x05,0x19,0xe5,0x10,0xe6,
    0x18,0x27,0x21,0xa8,0x29,0x29,0x32,0xe9,0x29,0xa9,0x21,0xd1,0x3a,0xf2,0x3a,0xf2,
    0x3a,0xf2,0x3a,0x95,0x84,0x3a,0xc6,0x7a,0xce,0x75,0x84,0xd3,0x3a,0xf3,0x3a,0xf3,
    0x3a,0xf3,0x3a,0xf3,0x3a,0xf3,0x3a,0xf3,0x3a,0x33,0x43,0x74,0x53,0x74,0x53,0xf2,
    0x3a,0xf2,0x3a,0x13,0x43,0x13,0x43,0xf3,0x3a,0xd2,0x3a,0xd3,0x3a,0xf3,0x3a,0x13,
    0x43,0x17,0x9d,0x7a,0xce,0x7a,0xce,0xbb,0xd6,0xb8,0xad,0xd4,0x6b,0x33,0x4b,0x33,
    0x43,0x13,0x43,0x13,0x43,0x13,0x43,0x33,0x4b,0x94,0x5b,0x5a,0xc6,0xdb,0xde,0xdb,
    0xde,0x9a,0xce,0xb8,0xb5,0x39,0xc6,0x5a,0xc6,0x5a,0xce,0x5a,0xce,0x37,0x9d,0x34,
    0x4b,0x13,0x43,0xf3,0x3a,0xf3,0x3a,0x13,0x43,0x13,0x43,0xf3,0x3a,0xd3,0x32,0xd3,
    0x32,0x35,0x7c,0x9a,0xd6,0xbb,0xd6,0xbb,0xd6,0xd9,0xb5,0x74,0x53,0x13,0x43,0x13,
    0x43,0x13,0x43,0x15,0x74,0x9a,0xce,0xbb,0xd6,0xbb,0xd6,0xbb,0xd6,0xbb,0xd6,0xbb,
    0xd6,0xdb,0xd6,0xbb,0xd6,0x9b,0xd6,0xd9,0xb5,0x54,0x53,0x13,0x43,0x13,0x43,0x13,
    0x43,0x13,0x43,0x34,0x4b,0x54,0x4b,0xb4,0x6b,0xf4,0xa4,0x90,0x9c,0x46,0x21,0x45,
    0x21,0x66,0x21,0xa7,0x21,0x8c,0x3a,0x4f,0x5b,0xed,0x4a,0x4f,0x5b,0xd5,0x94,0x98,
    0xad,0xd4,0x8c,0x94,0x84,0x37,0x9d,0x78,0xa5,0x12,0x74,0x13,0xad,0xd7,0xb5,0xd7,
    0xb5,0xf8,0xbd,0x92,0x73,0x13,0x43,0x13,0x43,0x13,0x3b,0x13,0x3b,0xd2,0x3a,0x12,
    0x7c,0xb7,0xb5,0xdb,0xde,0xae,0xdb,0xde,0xdb,0xde,0xdb,0xde,0xdb,0xde,0xdb,0xde,
    0xdb,0xde,0xdb,0xde,0xdb,0xde,0xdb,0xde,0xdb,0xde,0xdb,0xde,0xdb,0xde,0xf7,0xc5,
    0x32,0x53,0x50,0x6b,0x6d,0x7b,0x09,0x32,0x09,0x32,0xa9,0x5a,0x8b,0x83,0xcc,0x62,
    0x50,0x2a,0xf3,0x3a,0x33,0x43,0x34,0x4b,0x34,0x74,0x15,0x9d,0xf4,0x94,0x15,0x9d,
    0xf5,0x94,0xf5,0x94,0x54,0x7c,0x54,0x53,0x54,0x53,0xb5,0x63,0xd5,0x6b,0x94,0x5b,
    0x13,0x43,0xb2,0x32,0x14,0x74,0x39,0xc6,0xf8,0xbd,0x8e,0x6b,0xaa,0x42,0xaa,0x42,
    0x8a,0x42,0x1c,0x8a,0x42,0xff,0xcb,0x4a,0x8b,0x4a,0xd0,0x42,0x13,0x43,0xf2,0x3a,
    0xf2,0x3a,0xf3,0x42,0xf3,0x42,0xf3,0x42,0xf2,0x3a,0xf2,0x3a,0xf3,0x42,0xf2,0x3a,
    0xf2,0x3a,0xf2,0x3a,0x12,0x43,0x13,0x4b,0x12,0x43,0xf2,0x3a,0xf2,0x3a,0xf2,0x3a,
    0xf2,0x3a,0xf2,0x3a,0xf2,0x3a,0xd2,0x3a,0x91,0x2a,0x50,0x1a,0xf2,0x42,0x74,0x5b,
    0x33,0x4b,0xf2,0x3a,0xd2,0x3a,0xd2,0x3a,0xd2,0x3a,0xd2,0x3a,0xd2,0x3a,0xd2,0x3a,
    0xd2,0x3a,0x93,0x63,0xdc,0xd6,0xff,0xff,0xff,0xff,0xff,0xff,0xff,0xff,0xff,0xff,
    0xff,0xff,0xff,0xff,0xff,0xff,0xff,0xff,0xff,0xff,0xff,0xff,0xff,0xff,0xff,0xff,
    0xff,0xff,0xff,0xff,0x1c,0xe7,0x12,0x7c,0x0d,0x1a,0x4d,0x2a,0x8e,0x3a,0xad,0x42,
    0xc7,0x31,0x08,0x32,0x49,0x3a,0x69,0x3a,0x69,0x3a,0x69,0x3a,0x69,0x3a,0x69,0x3a,
    0x69,0x3a,0x69,0x3a,0x69,0x42,0x69,0x3a,0x69,0x3a,0x69,0x3a,0x69,0x3a,0x6a,0x42,
    0x8a,0x42,0x8a,0x42,0x8a,0x42,0x8a,0x42,0x8a,0x42,0x6a,0x42,0x6a,0x42,0x6a,0x42,
    0x6a,0x42,0x8a,0x42,0x8a,0x42,0x8a,0x42,0x8a,0x42,0x8a,0x42,0x8a,0x42,0x8a,0x42,
    0x8a,0x42,0x8a,0x42,0x8a,0x42,0x8a,0x42,0x8a,0x42,0x49,0x3a,0x28,0x3a,0xe5,0x18,
    0xe5,0x10,0xe6,0x18,0x47,0x21,0xc8,0x29,0x09,0x32,0xe8,0x29,0xa7,0x21,0xcc,0x52,
    0x97,0xad,0xf6,0x94,0x32,0x43,0x96,0x84,0x5a,0xc6,0x9b,0xd6,0x17,0x9d,0xf3,0x3a,
    0xf3,0x3a,0xf3,0x3a,0xf3,0x3a,0xf3,0x3a,0xf3,0x3a,0xf3,0x3a,0xf3,0x3a,0x13,0x43,
    0x74,0x53,0x94,0x5b,0xff,0x53,0x53,0xf2,0x3a,0xd2,0x3a,0xf3,0x42,0x33,0x4b,0x53,
    0x53,0xf3,0x3a,0x13,0x43,0x74,0x5b,0x39,0xc6,0x7a,0xce,0x9a,0xce,0xbb,0xd6,0xf9,
    0xbd,0xb6,0x8c,0xb4,0x63,0x74,0x53,0x74,0x53,0x74,0x53,0x54,0x53,0x94,0x5b,0xd9,
    0xb5,0xbb,0xd6,0xbb,0xd6,0xbb,0xd6,0xbb,0xd6,0xdb,0xd6,0xdb,0xde,0xdb,0xde,0xdb,
    0xde,0x9a,0xd6,0x78,0xa5,0xf2,0x3a,0xd2,0x3a,0x13,0x43,0x13,0x43,0xf3,0x3a,0xf3,
    0x3a,0xf3,0x3a,0x13,0x43,0x13,0x43,0xd4,0x6b,0x7a,0xce,0xbb,0xd6,0xbb,0xd6,0x78,
    0xa5,0xf3,0x3a,0x13,0x43,0x13,0x43,0xb4,0x63,0x3a,0xc6,0xbb,0xd6,0xbb,0xd6,0xbb,
    0xd6,0xd9,0xb5,0xf7,0x94,0xb6,0x8c,0xd9,0xbd,0xbb,0xd6,0xbb,0xd6,0x9a,0xd6,0x15,
    0x74,0x13,0x43,0x13,0x43,0x13,0x43,0x13,0x43,0x13,0x43,0x13,0x43,0x54,0x53,0x53,
    0x53,0xb1,0x3a,0xcc,0x21,0x88,0x21,0x87,0x21,0xc8,0x21,0xee,0x4a,0x54,0x7c,0xd5,
    0x8c,0x57,0xa5,0xf8,0xb5,0xb9,0xad,0x58,0xa5,0x37,0x9d,0x13,0x74,0x95,0x84,0x4f,
    0x5b,0xb1,0x9c,0x59,0xce,0xf8,0xbd,0x6e,0x3a,0xf3,0x42,0x34,0x43,0x34,0x43,0x14,
    0x43,0x13,0x3b,0xd2,0x3a,0xad,0x01,0x0c,0x22,0x70,0x63,0x15,0x9d,0x18,0xc6,0xdb,
    0xde,0xdb,0xde,0xdb,0xde,0xdb,0xde,0xdb,0xde,0xdb,0xde,0xdb,0xde,0xdb,0xde,0xdb,
    0xde,0x37,0xce,0x52,0x5b,0xd2,0x73,0xb4,0xc5,0x72,0xb5,0x4b,0x32,0x2a,0x32,0x07,
    0x4a,0x09,0x42,0x2f,0x22,0xd3,0x3a,0x13,0x43,0x74,0x5b,0xf6,0x94,0x96,0xad,0x96,
    0xad,0xd7,0xb5,0x8f,0xd8,0xb5,0xd7,0xb5,0xb8,0xad,0xd8,0xb5,0xd8,0xb5,0x37,0x9d,
    0x15,0x74,0x54,0x53,0x74,0x53,0xd5,0x63,0xd5,0x63,0x74,0x53,0x92,0x63,0x6e,0x63,
    0x8a,0x42,0x1f,0x8a,0x42,0xff,0x08,0x32,0x45,0x21,0xcb,0x29,0x13,0x43,0xf2,0x3a,
    0xf2,0x3a,0xf3,0x42,0xf3,0x3a,0xf3,0x3a,0xf3,0x3a,0xf3,0x42,0xf3,0x42,0xf3,0x42,
    0xf2,0x3a,0xf2,0x3a,0xf2,0x3a,0x12,0x43,0xf2,0x3a,0xb1,0x32,0x91,0x2a,0x70,0x22,
    0x50,0x22,0x2f,0x1a,0x2f,0x1a,0x50,0x22,0x90,0x32,0x32,0x4b,0x94,0x5b,0x33,0x4b,
    0xd2,0x3a,0xd2,0x3a,0xd2,0x3a,0xd2,0x3a,0xd2,0x3a,0xd2,0x3a,0xd2,0x3a,0xd2,0x3a,
    0x75,0x84,0x1d,0xe7,0xff,0xff,0xff,0xff,0xff,0xff,0xff,0xff,0xff,0xff,0xff,0xff,
    0xff,0xff,0xff,0xff,0xff,0xff,0xff,0xff,0xff,0xff,0xff,0xff,0xff,0xff,0xff,0xff,
    0xff,0xff,0xff,0xff,0xff,0xff,0x9e,0xf7,0xd5,0x94,0x4e,0x2a,0x2e,0x22,0x2d,0x2a,
    0xe5,0x10,0x25,0x21,0x66,0x21,0xc7,0x29,0x49,0x3a,0x49,0x3a,0x69,0x3a,0x69,0x3a,
    0x69,0x3a,0x69,0x3a,0x69,0x3a,0x69,0x3a,0x69,0x3a,0x69,0x3a,0x69,0x3a,0x69,0x42,
    0x69,0x3a,0x69,0x3a,0x8a,0x42,0x8a,0x42,0x8a,0x42,0x8a,0x42,0x8a,0x42,0x8a,0x42,
    0x8a,0x42,0x8a,0x42,0x6a,0x42,0x6a,0x42,0x8a,0x42,0x8a,0x42,0x8a,0x42,0x8a,0x42,
    0x8a,0x42,0x8a,0x42,0x8a,0x42,0x8a,0x42,0x49,0x3a,0x48,0x42,0x06,0x19,0xe6,0x18,
    0xe6,0x18,0x26,0x19,0xa8,0x29,0x09,0x32,0xc8,0x29,0x87,0x21,0xe8,0x29,0x8e,0x6b,
    0x39,0xc6,0xb8,0xb5,0xb6,0x8c,0x5a,0xc6,0x9a,0xce,0xf7,0x94,0xf3,0x3a,0xf3,0x3a,
    0xf3,0x3a,0xf3,0x3a,0xf3,0x3a,0xf3,0x3a,0xf3,0x3a,0xf3,0x3a,0xf3,0x3a,0x13,0x43,
    0x33,0x4b,0x94,0x5b,0xff,0xb4,0x5b,0x74,0x53,0xf3,0x42,0xf2,0x3a,0x97,0xad,0xbb,
    0xd6,0xb8,0xad,0x73,0x5b,0xb1,0x3a,0x14,0x74,0x19,0xbe,0x7a,0xce,0xbb,0xd6,0xdb,
    0xde,0xdb,0xd6,0x7a,0xce,0x37,0xa5,0xd5,0x6b,0x33,0x4b,0x54,0x4b,0x98,0xad,0xbb,
    0xd6,0xbb,0xd6,0xbb,0xd6,0x7a,0xce,0x39,0xc6,0xd9,0xb5,0x58,0xa5,0x96,0x8c,0x15,
    0x74,0xb4,0x63,0x94,0x5b,0x74,0x5b,0x34,0x4b,0xd2,0x3a,0xb2,0x32,0xf3,0x3a,0x33,
    0x43,0x13,0x43,0xf3,0x3a,0xf3,0x3a,0x33,0x4b,0xd9,0xb5,0xbb,0xd6,0xbb,0xd6,0xf9,
    0xbd,0x53,0x4b,0xf3,0x3a,0xf3,0x3a,0x94,0x5b,0x19,0xc6,0x9b,0xd6,0x7a,0xce,0x78,
    0xad,0x53,0x4b,0x13,0x43,0x13,0x3b,0xf5,0x6b,0x9a,0xce,0xbb,0xd6,0xbb,0xd6,0x57,
    0xa5,0x13,0x3b,0x13,0x43,0x13,0x43,0x13,0x43,0x13,0x43,0x13,0x43,0xf3,0x42,0x13,
    0x43,0xd2,0x32,0x30,0x1a,0xce,0x09,0xac,0x11,0xeb,0x21,0xad,0x3a,0x70,0x5b,0x90,
    0x63,0x12,0x74,0x78,0xa5,0xd5,0x94,0x70,0x5b,0xee,0x4a,0x0a,0x2a,0xad,0x3a,0x4a,
    0x3a,0x13,0xa5,0xd7,0xbd,0x4d,0x3a,0xb2,0x2a,0xf3,0x3a,0xf3,0x3a,0x34,0x43,0x34,
    0x4b,0x54,0x4b,0x31,0x4b,0x8d,0x3a,0x2f,0x53,0x90,0x63,0xb0,0x63,0x8f,0x6b,0xf0,
    0x73,0x96,0xb5,0x9a,0xd6,0xdb,0xde,0xdb,0xde,0xdb,0xde,0xdb,0xde,0xdb,0xde,0xf7,
    0xbd,0x31,0x53,0xb1,0x32,0xd0,0x3a,0xb1,0x73,0xaf,0x7b,0x2b,0x3a,0x48,0x52,0xe9,
    0x39,0x2f,0x22,0xd2,0x3a,0x13,0x43,0x93,0x5b,0xb7,0xb5,0x18,0xbe,0xb7,0xad,0x76,
    0xa5,0x56,0xa5,0x8e,0x55,0xa5,0x76,0xad,0x97,0xad,0xd7,0xb5,0x19,0xbe,0x5a,0xce,
    0x39,0xc6,0x77,0xad,0xb5,0x8c,0xb4,0x63,0x74,0x53,0xd3,0x6b,0x8e,0x6b,0x8a,0x42,
    0x1f,0x8a,0x42,0xa8,0x08,0x32,0x66,0x29,0x84,0x00,0x07,0x11,0x13,0x4b,0xf2,0x42,
    0xf2,0x3a,0xf2,0x3a,0xf3,0x42,0xf2,0x3a,0xf2,0x3a,0xf2,0x3a,0xd2,0x3a,0xb1,0x32,
    0x91,0x2a,0x50,0x22,0x30,0x1a,0x2f,0x1a,0x50,0x22,0x70,0x2a,0xb1,0x3a,0xf2,0x42,
    0x53,0x53,0x94,0x5b,0xb4,0x63,0xd4,0x63,0xd4,0x63,0xb4,0x63,0x33,0x4b,0xf2,0x3a,
    0xd2,0x3a,0xd2,0x3a,0xd2,0x3a,0xd2,0x3a,0xd2,0x3a,0xd2,0x3a,0x12,0x43,0x17,0x9d,
    0xbe,0xf7,0xff,0xff,0x12,0xff,0xff,0xff,0xdf,0xff,0x39,0xc6,0xd0,0x42,0xed,0x19,
    0xc5,0x08,0xa4,0x08,0xa4,0x10,0x04,0x19,0x45,0x21,0xa7,0x29,0xe7,0x31,0x49,0x3a,
    0x69,0x3a,0x69,0x3a,0x69,0x3a,0x69,0x3a,0x69,0x3a,0x69,0x3a,0x69,0x3a,0x69,0x3a,
    0x69,0x3a,0x69,0x3a,0x69,0x3a,0x69,0x3a,0x8a,0x42,0x8a,0x42,0x6a,0x42,0x8a,0x42,
    0x8a,0x42,0x8a,0x42,0x8a,0x42,0x8a,0x42,0x8a,0x42,0x6a,0x42,0x6a,0x42,0x6a,0x42,
    0x8a,0x42,0x8a,0x42,0x8a,0x42,0x28,0x3a,0x08,0x3a,0xa7,0x29,0x87,0x21,0x26,0x19,
    0x06,0x19,0x67,0x21,0xc8,0x29,0xa7,0x29,0x67,0x21,0xc8,0x29,0x6e,0x63,0x97,0xad,
    0xb8,0xb5,0x57,0xa5,0x5a,0xc6,0x7a,0xce,0xb6,0x8c,0xf2,0x3a,0xd3,0x3a,0xf3,0x3a,
    0xf3,0x3a,0xf3,0x3a,0xf3,0x3a,0xf3,0x3a,0xf3,0x3a,0xf3,0x3a,0xf3,0x3a,0xf3,0x3a,
    0x13,0x43,0x13,0x43,0x33,0x4b,0x54,0x53,0x94,0x5b,0xb8,0xb5,0xdb,0xde,0xdb,0xde,
    0xdb,0xde,0xbb,0xde,0x59,0xc6,0x57,0xa5,0xb4,0x63,0x35,0x74,0x78,0xa5,0x9a,0xce,
    0xdb,0xde,0xbb,0xd6,0xdb,0xd6,0x9a,0xce,0x19,0xbe,0xf9,0xbd,0xbb,0xd6,0xbb,0xd6,
    0x7a,0xce,0x75,0x84,0x53,0x53,0xd2,0x3a,0xb2,0x32,0xb2,0x2a,0xb2,0x2a,0xb2,0x2a,
    0xb2,0x32,0xf3,0x3a,0x13,0x43,0x54,0x53,0x94,0x5b,0x74,0x53,0x13,0x43,0xd2,0x32,
    0xd2,0x32,0xf3,0x42,0x33,0x43,0x13,0x3b,0x15,0x74,0x5a,0xc6,0xbb,0xd6,0xf9,0xbd,
    0x53,0x53,0xd3,0x32,0xd3,0x32,0xf3,0x3a,0x94,0x5b,0x15,0x74,0xb4,0x63,0x33,0x43,
    0x13,0x43,0x13,0x43,0x13,0x43,0xff,0xb6,0x8c,0x9b,0xd6,0xbb,0xd6,0xbb,0xd6,0xd9,
    0xbd,0x13,0x43,0x13,0x43,0x13,0x43,0x13,0x43,0x13,0x43,0x13,0x43,0xf3,0x3a,0xf3,
    0x3a,0xf3,0x3a,0xd2,0x32,0x71,0x22,0x0f,0x12,0xce,0x01,0xed,0x19,0xcf,0x42,0x13,
    0x74,0xd5,0x8c,0xf6,0x94,0xf2,0x73,0x0e,0x53,0x0a,0x32,0xc9,0x29,0x4b,0x32,0xaa,
    0x52,0xf3,0x9c,0x2d,0x3a,0x30,0x1a,0xd3,0x32,0xf3,0x32,0xf3,0x32,0xf3,0x3a,0x13,
    0x3b,0x92,0x63,0x6f,0x63,0x8c,0x42,0x4d,0x5b,0x6e,0x63,0x8e,0x63,0x10,0x74,0x51,
    0x7c,0x71,0x84,0xb2,0x8c,0x35,0xa5,0xd7,0xbd,0xbb,0xd6,0xdb,0xde,0xf7,0xc5,0x72,
    0x63,0xb1,0x32,0xf1,0x42,0x34,0x7c,0xd2,0x6b,0xd0,0x42,0x0e,0x1a,0x70,0x32,0x90,
    0x32,0xd3,0x3a,0xf3,0x42,0x93,0x5b,0x76,0xa5,0x39,0xc6,0x96,0xad,0x76,0xa5,0x55,
    0x9d,0x34,0x9d,0x35,0x9d,0x35,0x9d,0x14,0x9d,0x55,0xa5,0x96,0xad,0xd7,0xb5,0xf8,
    0xbd,0x18,0xbe,0xf8,0xb5,0xd8,0xb5,0x76,0xa5,0x8e,0x63,0x8a,0x42,0x8a,0x42,0x8a,
    0x42,0x69,0x42,0xe7,0x31,0xab,0x4a,0x48,0x3a,0x49,0x3a,0xaa,0x42,0x8a,0x42,0x8a,
    0x42,0x8a,0x42,0x8a,0x42,0x8a,0x42,0x8a,0x42,0x8a,0x42,0x8a,0x42,0x8a,0x42,0x8a,
    0x42,0x8a,0x42,0x69,0x42,0xe8,0x31,0x49,0x3a,0xaa,0x42,0x8a,0x42,0x8a,0x42,0x8a,
    0x42,0x8a,0x42,0x8a,0x42,0x8a,0x42,0x8a,0x42,0x8a,0x42,0x08,0x32,0x65,0x21,0x84,
    0x00,0x85,0x00,0x64,0x00,0xd1,0x3a,0xf2,0x3a,0xb2,0x32,0x91,0x2a,0x50,0x22,0x2f,
    0x1a,0x2f,0x1a,0x30,0x1a,0xa4,0x70,0x22,0xb1,0x32,0xf2,0x42,0x53,0x53,0x93,0x5b,
    0xb4,0x63,0xd4,0x6b,0xd4,0x6b,0x94,0x5b,0x73,0x5b,0x53,0x53,0x33,0x4b,0x12,0x43,
    0xf2,0x42,0xf2,0x3a,0xd2,0x3a,0xd2,0x3a,0xd2,0x3a,0xd2,0x3a,0xd2,0x3a,0xd2,0x3a,
    0xd2,0x3a,0xd2,0x3a,0x73,0x53,0x5a,0xc6,0xdf,0xff,0xff,0xff,0xff,0xff,0xff,0xff,
    0xff,0xff,0xff,0xff,0xff,0xff,0xff,0xff,0xff,0xff,0xff,0xff,0xff,0xff,

};

const lv_image_dsc_t st_300x300_rle_rgb565 = {
  .header.magic = LV_IMAGE_HEADER_MAGIC,
  .header.cf = LV_COLOR_FORMAT_RGB565,
  .header.flags = 0 | LV_IMAGE_FLAGS_COMPRESSED,
  .header.w = 300,
  .header.h = 300,
  .header.stride = 600,
  .header.reserved_2 = 0,
  .data_size = sizeof(st_300x300_rle_rgb565_map),
  .data = st_300x300_rle_rgb565_map,
  .reserved = NULL,
};

